[08Mar2025 17:21:32.363] [main/INFO] [cpw.mods.modlauncher.Launcher/MODLAUNCHER]: ModLauncher running: args [--launchTarget, forgeclientuserdev, --version, 21.1.92, --assetIndex, 17, --assetsDir, C:\\Users\\tucke\\.mcreator\\gradle\\caches\\neoformruntime\\assets, --gameDir, ., --fml.neoForgeVersion, 21.1.92, --fml.fmlVersion, 4.0.34, --fml.mcVersion, 1.21.1, --fml.neoFormVersion, 20240808.144430]
[08Mar2025 17:21:32.366] [main/INFO] [cpw.mods.modlauncher.Launcher/MODLAUNCHER]: JVM identified as Eclipse Adoptium OpenJDK 64-Bit Server VM 21.0.5+11-LTS
[08Mar2025 17:21:32.367] [main/INFO] [cpw.mods.modlauncher.Launcher/MODLAUNCHER]: ModLauncher 11.0.4+main.d2e20e43 starting: java version 21.0.5 by Eclipse Adoptium; OS Windows 11 arch amd64 version 10.0
[08Mar2025 17:21:32.407] [main/DEBUG] [cpw.mods.modlauncher.LaunchServiceHandler/MODLAUNCHER]: Found launch services [minecraft,forgeclient,forgedatauserdev,testharness,forgeserverdev,forgeserveruserdev,forgejunitdev,forgeclientdev,forgeclientuserdev,forgeserver,forgejunituserdev,forgedatadev]
[08Mar2025 17:21:32.457] [main/DEBUG] [cpw.mods.modlauncher.LaunchPluginHandler/MODLAUNCHER]: Found launch plugins: [mixin,slf4jfixer,runtime_enum_extender,accesstransformer,runtimedistcleaner]
[08Mar2025 17:21:32.473] [main/DEBUG] [cpw.mods.modlauncher.TransformationServicesHandler/MODLAUNCHER]: Discovering transformation services
[08Mar2025 17:21:32.480] [main/DEBUG] [net.neoforged.fml.loading.FMLPaths/CORE]: Path GAMEDIR is C:\Users\tucke\MCreatorWorkspaces\TheLegendofSteve\run
[08Mar2025 17:21:32.481] [main/DEBUG] [net.neoforged.fml.loading.FMLPaths/CORE]: Path MODSDIR is C:\Users\tucke\MCreatorWorkspaces\TheLegendofSteve\run\mods
[08Mar2025 17:21:32.481] [main/DEBUG] [net.neoforged.fml.loading.FMLPaths/CORE]: Path CONFIGDIR is C:\Users\tucke\MCreatorWorkspaces\TheLegendofSteve\run\config
[08Mar2025 17:21:32.481] [main/DEBUG] [net.neoforged.fml.loading.FMLPaths/CORE]: Path FMLCONFIG is C:\Users\tucke\MCreatorWorkspaces\TheLegendofSteve\run\config\fml.toml
[08Mar2025 17:21:32.531] [main/DEBUG] [net.neoforged.fml.loading.targets.CommonLaunchHandler/CORE]: Got mod coordinates mcreator%%C:\Users\tucke\MCreatorWorkspaces\TheLegendofSteve\build\classes\java\main;mcreator%%C:\Users\tucke\MCreatorWorkspaces\TheLegendofSteve\build\resources\main from env
[08Mar2025 17:21:32.533] [main/DEBUG] [net.neoforged.fml.loading.targets.CommonLaunchHandler/CORE]: Found supplied mod coordinates [{mcreator=[C:\Users\tucke\MCreatorWorkspaces\TheLegendofSteve\build\classes\java\main, C:\Users\tucke\MCreatorWorkspaces\TheLegendofSteve\build\resources\main]}]
[08Mar2025 17:21:32.537] [main/DEBUG] [cpw.mods.modlauncher.TransformationServicesHandler/MODLAUNCHER]: Found additional transformation services from discovery services: 
[08Mar2025 17:21:32.546] [main/INFO] [net.neoforged.fml.loading.ImmediateWindowHandler/]: Loading ImmediateWindowProvider fmlearlywindow
[08Mar2025 17:21:32.626] [main/INFO] [EARLYDISPLAY/]: Trying GL version 4.6
[08Mar2025 17:21:32.742] [main/INFO] [EARLYDISPLAY/]: Requested GL version 4.6 got version 4.6
[08Mar2025 17:21:32.806] [main/DEBUG] [cpw.mods.modlauncher.TransformationServicesHandler/MODLAUNCHER]: Found transformer services : [mixin,fml]
[08Mar2025 17:21:32.807] [main/DEBUG] [cpw.mods.modlauncher.TransformationServicesHandler/MODLAUNCHER]: Transformation services loading
[08Mar2025 17:21:32.808] [main/DEBUG] [cpw.mods.modlauncher.TransformationServiceDecorator/MODLAUNCHER]: Loading service mixin
[08Mar2025 17:21:32.808] [main/DEBUG] [cpw.mods.modlauncher.TransformationServiceDecorator/MODLAUNCHER]: Loaded service mixin
[08Mar2025 17:21:32.808] [main/DEBUG] [cpw.mods.modlauncher.TransformationServiceDecorator/MODLAUNCHER]: Loading service fml
[08Mar2025 17:21:32.809] [main/DEBUG] [net.neoforged.fml.loading.FMLLoader/CORE]: FML 4.0.34 loading
[08Mar2025 17:21:32.809] [main/DEBUG] [net.neoforged.fml.loading.FMLLoader/CORE]: FML found ModLauncher version : 11.0.4+main.d2e20e43
[08Mar2025 17:21:32.809] [main/DEBUG] [net.neoforged.fml.loading.FMLLoader/CORE]: FML found AccessTransformer version : 10.0.1+139da711
[08Mar2025 17:21:32.810] [main/DEBUG] [net.neoforged.fml.loading.FMLLoader/CORE]: FML found EventBus version : null
[08Mar2025 17:21:32.811] [main/DEBUG] [net.neoforged.fml.loading.FMLLoader/CORE]: Found Runtime Dist Cleaner
[08Mar2025 17:21:32.811] [main/DEBUG] [cpw.mods.modlauncher.TransformationServiceDecorator/MODLAUNCHER]: Loaded service fml
[08Mar2025 17:21:32.812] [main/DEBUG] [cpw.mods.modlauncher.TransformationServicesHandler/MODLAUNCHER]: Configuring option handling for services
[08Mar2025 17:21:32.827] [main/DEBUG] [net.neoforged.fml.loading.FMLServiceProvider/CORE]: Received command line version data  : VersionInfo[neoForgeVersion=21.1.92, fmlVersion=4.0.34, mcVersion=1.21.1, neoFormVersion=20240808.144430]
[08Mar2025 17:21:32.828] [main/DEBUG] [cpw.mods.modlauncher.TransformationServicesHandler/MODLAUNCHER]: Transformation services initializing
[08Mar2025 17:21:32.828] [main/DEBUG] [cpw.mods.modlauncher.TransformationServiceDecorator/MODLAUNCHER]: Initializing transformation service mixin
[08Mar2025 17:21:32.837] [main/DEBUG] [mixin/]: MixinService [ModLauncher] was successfully booted in cpw.mods.cl.ModuleClassLoader@45c7e403
[08Mar2025 17:21:32.846] [main/INFO] [mixin/]: SpongePowered MIXIN Subsystem Version=0.8.7 Source=union:/C:/Users/tucke/.mcreator/gradle/caches/modules-2/files-2.1/net.fabricmc/sponge-mixin/0.15.2+mixin.0.8.7/2af2f021d8e02a0220dc27a7a72b4666d66d44ca/sponge-mixin-0.15.2+mixin.0.8.7.jar%23131!/ Service=ModLauncher Env=CLIENT
[08Mar2025 17:21:32.848] [main/DEBUG] [mixin/]: Initialising Mixin Platform Manager
[08Mar2025 17:21:32.848] [main/DEBUG] [mixin/]: Adding mixin platform agents for container ModLauncher Root Container(ModLauncher:4f56a0a2)
[08Mar2025 17:21:32.848] [main/DEBUG] [mixin/]: Instancing new MixinPlatformAgentMinecraftForge for ModLauncher Root Container(ModLauncher:4f56a0a2)
[08Mar2025 17:21:32.850] [main/DEBUG] [mixin/]: MixinPlatformAgentMinecraftForge rejected container ModLauncher Root Container(ModLauncher:4f56a0a2)
[08Mar2025 17:21:32.850] [main/DEBUG] [mixin/]: Instancing new MixinPlatformAgentDefault for ModLauncher Root Container(ModLauncher:4f56a0a2)
[08Mar2025 17:21:32.851] [main/DEBUG] [mixin/]: MixinPlatformAgentDefault accepted container ModLauncher Root Container(ModLauncher:4f56a0a2)
[08Mar2025 17:21:32.852] [main/DEBUG] [cpw.mods.modlauncher.TransformationServiceDecorator/MODLAUNCHER]: Initialized transformation service mixin
[08Mar2025 17:21:32.852] [main/DEBUG] [cpw.mods.modlauncher.TransformationServiceDecorator/MODLAUNCHER]: Initializing transformation service fml
[08Mar2025 17:21:32.852] [main/DEBUG] [net.neoforged.fml.loading.FMLServiceProvider/CORE]: Setting up basic FML game directories
[08Mar2025 17:21:32.852] [main/DEBUG] [net.neoforged.fml.loading.FMLPaths/CORE]: Path GAMEDIR is C:\Users\tucke\MCreatorWorkspaces\TheLegendofSteve\run
[08Mar2025 17:21:32.853] [main/DEBUG] [net.neoforged.fml.loading.FMLPaths/CORE]: Path MODSDIR is C:\Users\tucke\MCreatorWorkspaces\TheLegendofSteve\run\mods
[08Mar2025 17:21:32.853] [main/DEBUG] [net.neoforged.fml.loading.FMLPaths/CORE]: Path CONFIGDIR is C:\Users\tucke\MCreatorWorkspaces\TheLegendofSteve\run\config
[08Mar2025 17:21:32.853] [main/DEBUG] [net.neoforged.fml.loading.FMLPaths/CORE]: Path FMLCONFIG is C:\Users\tucke\MCreatorWorkspaces\TheLegendofSteve\run\config\fml.toml
[08Mar2025 17:21:32.853] [main/DEBUG] [net.neoforged.fml.loading.FMLServiceProvider/CORE]: Loading configuration
[08Mar2025 17:21:32.857] [main/DEBUG] [net.neoforged.fml.loading.FMLServiceProvider/CORE]: Preparing launch handler
[08Mar2025 17:21:32.857] [main/DEBUG] [net.neoforged.fml.loading.FMLLoader/CORE]: Using forgeclientuserdev as launch service
[08Mar2025 17:21:32.859] [main/DEBUG] [cpw.mods.modlauncher.TransformationServiceDecorator/MODLAUNCHER]: Initialized transformation service fml
[08Mar2025 17:21:32.859] [main/DEBUG] [cpw.mods.modlauncher.TransformationServicesHandler/MODLAUNCHER]: Transformation services begin scanning
[08Mar2025 17:21:32.859] [main/DEBUG] [cpw.mods.modlauncher.TransformationServiceDecorator/MODLAUNCHER]: Beginning scan trigger - transformation service mixin
[08Mar2025 17:21:32.860] [main/DEBUG] [cpw.mods.modlauncher.TransformationServiceDecorator/MODLAUNCHER]: End scan trigger - transformation service mixin
[08Mar2025 17:21:32.860] [main/DEBUG] [cpw.mods.modlauncher.TransformationServiceDecorator/MODLAUNCHER]: Beginning scan trigger - transformation service fml
[08Mar2025 17:21:32.860] [main/DEBUG] [net.neoforged.fml.loading.FMLServiceProvider/CORE]: Initiating mod scan
[08Mar2025 17:21:32.862] [main/DEBUG] [net.neoforged.fml.loading.targets.CommonLaunchHandler/CORE]: Got mod coordinates mcreator%%C:\Users\tucke\MCreatorWorkspaces\TheLegendofSteve\build\classes\java\main;mcreator%%C:\Users\tucke\MCreatorWorkspaces\TheLegendofSteve\build\resources\main from env
[08Mar2025 17:21:32.863] [main/DEBUG] [net.neoforged.fml.loading.targets.CommonLaunchHandler/CORE]: Found supplied mod coordinates [{mcreator=[C:\Users\tucke\MCreatorWorkspaces\TheLegendofSteve\build\classes\java\main, C:\Users\tucke\MCreatorWorkspaces\TheLegendofSteve\build\resources\main]}]
[08Mar2025 17:21:32.874] [main/DEBUG] [net.neoforged.fml.util.ServiceLoaderUtil/CORE]: Found 4 implementations of IModFileCandidateLocator:
[08Mar2025 17:21:32.874] [main/DEBUG] [net.neoforged.fml.util.ServiceLoaderUtil/CORE]: 	       0 - [built-in] net.neoforged.fml.loading.moddiscovery.locators.NeoForgeDevProvider from loader-4.0.34.jar
[08Mar2025 17:21:32.875] [main/DEBUG] [net.neoforged.fml.util.ServiceLoaderUtil/CORE]: 	       0 - net.neoforged.fml.loading.moddiscovery.locators.ModsFolderLocator from loader-4.0.34.jar
[08Mar2025 17:21:32.875] [main/DEBUG] [net.neoforged.fml.util.ServiceLoaderUtil/CORE]: 	       0 - net.neoforged.fml.loading.moddiscovery.locators.MavenDirectoryLocator from loader-4.0.34.jar
[08Mar2025 17:21:32.875] [main/DEBUG] [net.neoforged.fml.util.ServiceLoaderUtil/CORE]: 	   -1000 - [built-in] net.neoforged.fml.loading.moddiscovery.locators.UserdevLocator from loader-4.0.34.jar
[08Mar2025 17:21:32.877] [main/DEBUG] [net.neoforged.fml.util.ServiceLoaderUtil/CORE]: Found 2 implementations of IModFileReader:
[08Mar2025 17:21:32.877] [main/DEBUG] [net.neoforged.fml.util.ServiceLoaderUtil/CORE]: 	       0 - net.neoforged.fml.loading.moddiscovery.readers.JarModsDotTomlModFileReader from loader-4.0.34.jar
[08Mar2025 17:21:32.877] [main/DEBUG] [net.neoforged.fml.util.ServiceLoaderUtil/CORE]: 	   -1000 - net.neoforged.fml.loading.moddiscovery.readers.NestedLibraryModReader from loader-4.0.34.jar
[08Mar2025 17:21:32.880] [main/DEBUG] [net.neoforged.fml.util.ServiceLoaderUtil/CORE]: Found 1 implementations of IDependencyLocator:
[08Mar2025 17:21:32.880] [main/DEBUG] [net.neoforged.fml.util.ServiceLoaderUtil/CORE]: 	       0 - net.neoforged.fml.loading.moddiscovery.locators.JarInJarDependencyLocator from loader-4.0.34.jar
[08Mar2025 17:21:32.973] [main/DEBUG] [net.neoforged.fml.loading.moddiscovery.ModFileInfo/LOADING]: Found valid mod file neoforge-21.1.92.jar with {minecraft} mods - versions {1.21.1}
[08Mar2025 17:21:32.982] [main/DEBUG] [net.neoforged.fml.loading.moddiscovery.ModFileParser/LOADING]: Considering mod file candidate C:\Users\tucke\MCreatorWorkspaces\TheLegendofSteve\build\moddev\artifacts\neoforge-21.1.92.jar
[08Mar2025 17:21:33.018] [main/DEBUG] [net.neoforged.fml.loading.moddiscovery.ModFileInfo/LOADING]: Found valid mod file neoforge-21.1.92.jar with {neoforge} mods - versions {21.1.92}
[08Mar2025 17:21:33.021] [main/DEBUG] [net.neoforged.fml.loading.moddiscovery.ModListHandler/CORE]: Found mod coordinates from lists: []
[08Mar2025 17:21:33.023] [main/DEBUG] [net.neoforged.fml.loading.moddiscovery.ModFileParser/LOADING]: Considering mod file candidate C:\Users\tucke\MCreatorWorkspaces\TheLegendofSteve\build\classes\java\main
[08Mar2025 17:21:33.029] [main/DEBUG] [net.neoforged.fml.loading.moddiscovery.ModFileInfo/LOADING]: Found valid mod file main with {tloa} mods - versions {0.1.2}
[08Mar2025 17:21:33.031] [pool-2-thread-1/INFO] [EARLYDISPLAY/]: GL info: AMD Radeon Graphics GL version 4.6.0 Core Profile Context 24.10.21.03.240627, ATI Technologies Inc.
[08Mar2025 17:21:33.038] [main/DEBUG] [net.neoforged.fml.loading.moddiscovery.ModFileParser/LOADING]: Considering mod file candidate C:\Users\tucke\MCreatorWorkspaces\TheLegendofSteve\build\moddev\artifacts\neoforge-21.1.92.jar
[08Mar2025 17:21:33.039] [main/DEBUG] [net.neoforged.fml.loading.moddiscovery.ModFileInfo/LOADING]: Found valid mod file neoforge-21.1.92.jar with {neoforge} mods - versions {21.1.92}
[08Mar2025 17:21:33.062] [main/DEBUG] [net.neoforged.fml.loading.moddiscovery.ModDiscoverer/]: Skipping C:\Users\tucke\.mcreator\gradle\caches\modules-2\files-2.1\net.neoforged.fancymodloader\earlydisplay\4.0.34\82cbf8b7ca6a85aa66dfb205cb9bdd9fc03b3fc4\earlydisplay-4.0.34.jar because it was already located earlier
[08Mar2025 17:21:33.062] [main/DEBUG] [net.neoforged.fml.loading.moddiscovery.ModDiscoverer/]: Skipping C:\Users\tucke\.mcreator\gradle\caches\modules-2\files-2.1\net.neoforged.fancymodloader\loader\4.0.34\800457e0f3078baa747c50590009e63df41836ec\loader-4.0.34.jar because it was already located earlier
[08Mar2025 17:21:33.062] [main/DEBUG] [net.neoforged.fml.loading.moddiscovery.ModDiscoverer/]: Skipping C:\Users\tucke\.mcreator\gradle\caches\modules-2\files-2.1\net.neoforged\coremods\7.0.3\9147e6f638b4272b3bd5fc8f92ad37802512c6c\coremods-7.0.3.jar because it was already located earlier
[08Mar2025 17:21:33.062] [main/DEBUG] [net.neoforged.fml.loading.moddiscovery.ModDiscoverer/]: Skipping C:\Users\tucke\.mcreator\gradle\caches\modules-2\files-2.1\cpw.mods\modlauncher\11.0.4\6619d4812a3c092310d521ebc4c9503727563df7\modlauncher-11.0.4.jar because it was already located earlier
[08Mar2025 17:21:33.062] [main/DEBUG] [net.neoforged.fml.loading.moddiscovery.ModDiscoverer/]: Skipping C:\Users\tucke\.mcreator\gradle\caches\modules-2\files-2.1\net.neoforged.accesstransformers\at-modlauncher\10.0.1\5aba50202aceead086bc09fbc2751c9f05cb4890\at-modlauncher-10.0.1.jar because it was already located earlier
[08Mar2025 17:21:33.063] [main/DEBUG] [net.neoforged.fml.loading.moddiscovery.ModDiscoverer/]: Skipping C:\Users\tucke\.mcreator\gradle\caches\modules-2\files-2.1\net.neoforged\accesstransformers\10.0.1\fd83b5725f76eae9115e9355fa1c456a6a441400\accesstransformers-10.0.1.jar because it was already located earlier
[08Mar2025 17:21:33.063] [main/DEBUG] [net.neoforged.fml.loading.moddiscovery.ModDiscoverer/]: Skipping C:\Users\tucke\.mcreator\gradle\caches\modules-2\files-2.1\org.openjdk.nashorn\nashorn-core\15.4\f67f5ffaa5f5130cf6fb9b133da00c7df3b532a5\nashorn-core-15.4.jar because it was already located earlier
[08Mar2025 17:21:33.063] [main/DEBUG] [net.neoforged.fml.loading.moddiscovery.ModDiscoverer/]: Skipping C:\Users\tucke\.mcreator\gradle\caches\modules-2\files-2.1\net.neoforged\mergetool\2.0.3\1275202cbbb248f49345cf6787ce299afd9a02fb\mergetool-2.0.3-api.jar because it was already located earlier
[08Mar2025 17:21:33.063] [main/DEBUG] [net.neoforged.fml.loading.moddiscovery.ModDiscoverer/]: Skipping C:\Users\tucke\.mcreator\gradle\caches\modules-2\files-2.1\net.neoforged\bus\8.0.2\163c9ef7c4bcca6d850c34e95261b606af91fe06\bus-8.0.2.jar because it was already located earlier
[08Mar2025 17:21:33.063] [main/DEBUG] [net.neoforged.fml.loading.moddiscovery.ModDiscoverer/]: Skipping C:\Users\tucke\.mcreator\gradle\caches\modules-2\files-2.1\com.electronwill.night-config\toml\3.8.0\861dbcf2757dd6701c98b3949198549ccb5f62ff\toml-3.8.0.jar because it was already located earlier
[08Mar2025 17:21:33.064] [main/DEBUG] [net.neoforged.fml.loading.moddiscovery.ModDiscoverer/]: Skipping C:\Users\tucke\.mcreator\gradle\caches\modules-2\files-2.1\com.electronwill.night-config\core\3.8.0\2498dd2b3120dd49e963e2feab8fa5d0c5f80e0a\core-3.8.0.jar because it was already located earlier
[08Mar2025 17:21:33.064] [main/DEBUG] [net.neoforged.fml.loading.moddiscovery.ModDiscoverer/]: Skipping C:\Users\tucke\.mcreator\gradle\caches\modules-2\files-2.1\net.neoforged\JarJarSelector\0.4.1\fb3cc7a58af22ad2880adb98af6d518128c47dae\JarJarSelector-0.4.1.jar because it was already located earlier
[08Mar2025 17:21:33.064] [main/DEBUG] [net.neoforged.fml.loading.moddiscovery.ModDiscoverer/]: Skipping C:\Users\tucke\.mcreator\gradle\caches\modules-2\files-2.1\net.neoforged\JarJarMetadata\0.4.1\f8da03683dc81694556dc3e177c5e3bb77ae6fcb\JarJarMetadata-0.4.1.jar because it was already located earlier
[08Mar2025 17:21:33.064] [main/DEBUG] [net.neoforged.fml.loading.moddiscovery.ModDiscoverer/]: Skipping C:\Users\tucke\.mcreator\gradle\caches\modules-2\files-2.1\org.apache.maven\maven-artifact\3.8.5\4433f50c07debefaed0553bd0068f4f48d449313\maven-artifact-3.8.5.jar because it was already located earlier
[08Mar2025 17:21:33.064] [main/DEBUG] [net.neoforged.fml.loading.moddiscovery.ModDiscoverer/]: Skipping C:\Users\tucke\.mcreator\gradle\caches\modules-2\files-2.1\net.jodah\typetools\0.6.3\a01aaa6ddaea9ec07ec4f209487b7a46a526283a\typetools-0.6.3.jar because it was already located earlier
[08Mar2025 17:21:33.064] [main/DEBUG] [net.neoforged.fml.loading.moddiscovery.ModDiscoverer/]: Skipping C:\Users\tucke\.mcreator\gradle\caches\modules-2\files-2.1\net.minecrell\terminalconsoleappender\1.3.0\b562e9bb61235c9520e26282cdee71f8f802d1fc\terminalconsoleappender-1.3.0.jar because it was already located earlier
[08Mar2025 17:21:33.064] [main/DEBUG] [net.neoforged.fml.loading.moddiscovery.ModDiscoverer/]: Skipping C:\Users\tucke\.mcreator\gradle\caches\modules-2\files-2.1\net.fabricmc\sponge-mixin\0.15.2+mixin.0.8.7\2af2f021d8e02a0220dc27a7a72b4666d66d44ca\sponge-mixin-0.15.2+mixin.0.8.7.jar because it was already located earlier
[08Mar2025 17:21:33.064] [main/DEBUG] [net.neoforged.fml.loading.moddiscovery.ModDiscoverer/]: Skipping C:\Users\tucke\.mcreator\gradle\caches\modules-2\files-2.1\org.apache.commons\commons-lang3\3.14.0\1ed471194b02f2c6cb734a0cd6f6f107c673afae\commons-lang3-3.14.0.jar because it was already located earlier
[08Mar2025 17:21:33.064] [main/DEBUG] [net.neoforged.fml.loading.moddiscovery.ModDiscoverer/]: Skipping C:\Users\tucke\.mcreator\gradle\caches\modules-2\files-2.1\com.mojang\logging\1.2.7\24cb95ffb0e3433fd6e844c04e68009e504ca1c0\logging-1.2.7.jar because it was already located earlier
[08Mar2025 17:21:33.064] [main/DEBUG] [net.neoforged.fml.loading.moddiscovery.ModDiscoverer/]: Skipping C:\Users\tucke\.mcreator\gradle\caches\modules-2\files-2.1\org.apache.logging.log4j\log4j-slf4j2-impl\2.22.1\d7e6693c2606cb7e7335047d7bb96dec52db5665\log4j-slf4j2-impl-2.22.1.jar because it was already located earlier
[08Mar2025 17:21:33.064] [main/DEBUG] [net.neoforged.fml.loading.moddiscovery.ModDiscoverer/]: Skipping C:\Users\tucke\.mcreator\gradle\caches\modules-2\files-2.1\org.apache.logging.log4j\log4j-core\2.22.1\7183a25510a02ad00cc6a95d3b3d2a7d3c5a8dc4\log4j-core-2.22.1.jar because it was already located earlier
[08Mar2025 17:21:33.065] [main/DEBUG] [net.neoforged.fml.loading.moddiscovery.ModDiscoverer/]: Skipping C:\Users\tucke\.mcreator\gradle\caches\modules-2\files-2.1\org.apache.logging.log4j\log4j-api\2.22.1\bea6fede6328fabafd7e68363161a7ea6605abd1\log4j-api-2.22.1.jar because it was already located earlier
[08Mar2025 17:21:33.065] [main/DEBUG] [net.neoforged.fml.loading.moddiscovery.ModDiscoverer/]: Skipping C:\Users\tucke\.mcreator\gradle\caches\modules-2\files-2.1\net.sf.jopt-simple\jopt-simple\5.0.4\4fdac2fbe92dfad86aa6e9301736f6b4342a3f5c\jopt-simple-5.0.4.jar because it was already located earlier
[08Mar2025 17:21:33.065] [main/DEBUG] [net.neoforged.fml.loading.moddiscovery.ModDiscoverer/]: Skipping C:\Users\tucke\.mcreator\gradle\caches\modules-2\files-2.1\commons-io\commons-io\2.15.1\f11560da189ab563a5c8e351941415430e9304ea\commons-io-2.15.1.jar because it was already located earlier
[08Mar2025 17:21:33.065] [main/DEBUG] [net.neoforged.fml.loading.moddiscovery.ModDiscoverer/]: Skipping C:\Users\tucke\.mcreator\gradle\caches\modules-2\files-2.1\com.google.guava\guava\32.1.2-jre\5e64ec7e056456bef3a4bc4c6fdaef71e8ab6318\guava-32.1.2-jre.jar because it was already located earlier
[08Mar2025 17:21:33.065] [main/DEBUG] [net.neoforged.fml.loading.moddiscovery.ModDiscoverer/]: Skipping C:\Users\tucke\.mcreator\gradle\caches\modules-2\files-2.1\com.google.code.gson\gson\2.10.1\b3add478d4382b78ea20b1671390a858002feb6c\gson-2.10.1.jar because it was already located earlier
[08Mar2025 17:21:33.065] [main/DEBUG] [net.neoforged.fml.loading.moddiscovery.ModDiscoverer/]: Skipping C:\Users\tucke\.mcreator\gradle\caches\modules-2\files-2.1\org.slf4j\slf4j-api\2.0.9\7cf2726fdcfbc8610f9a71fb3ed639871f315340\slf4j-api-2.0.9.jar because it was already located earlier
[08Mar2025 17:21:33.065] [main/DEBUG] [net.neoforged.fml.loading.moddiscovery.ModDiscoverer/]: Skipping C:\Users\tucke\.mcreator\gradle\caches\modules-2\files-2.1\org.antlr\antlr4-runtime\4.13.1\17125bae1d965624e265ef49552f6465a2bfa307\antlr4-runtime-4.13.1.jar because it was already located earlier
[08Mar2025 17:21:33.065] [main/DEBUG] [net.neoforged.fml.loading.moddiscovery.ModDiscoverer/]: Skipping C:\Users\tucke\.mcreator\gradle\caches\modules-2\files-2.1\net.minecraftforge\srgutils\0.4.15\ca408b131759478f164e010fae0d73997e125fb5\srgutils-0.4.15.jar because it was already located earlier
[08Mar2025 17:21:33.065] [main/DEBUG] [net.neoforged.fml.loading.moddiscovery.ModDiscoverer/]: Skipping C:\Users\tucke\.mcreator\gradle\caches\modules-2\files-2.1\org.codehaus.plexus\plexus-utils\3.3.0\cf43b5391de623b36fe066a21127baef82c64022\plexus-utils-3.3.0.jar because it was already located earlier
[08Mar2025 17:21:33.065] [main/DEBUG] [net.neoforged.fml.loading.moddiscovery.ModDiscoverer/]: Skipping C:\Users\tucke\.mcreator\gradle\caches\modules-2\files-2.1\org.jline\jline-reader\3.20.0\8f15415b022a25b473e8e16c28ae913186ffb9c4\jline-reader-3.20.0.jar because it was already located earlier
[08Mar2025 17:21:33.065] [main/DEBUG] [net.neoforged.fml.loading.moddiscovery.ModDiscoverer/]: Skipping C:\Users\tucke\.mcreator\gradle\caches\modules-2\files-2.1\com.machinezoo.noexception\noexception\1.7.1\b65330c98e38a1f915fa54a6e5eca496505e3f0a\noexception-1.7.1.jar because it was already located earlier
[08Mar2025 17:21:33.065] [main/DEBUG] [net.neoforged.fml.loading.moddiscovery.ModDiscoverer/]: Skipping C:\Users\tucke\.mcreator\gradle\caches\modules-2\files-2.1\com.github.oshi\oshi-core\6.4.10\b1d8ab82d11d92fd639b56d639f8f46f739dd5fa\oshi-core-6.4.10.jar because it was already located earlier
[08Mar2025 17:21:33.065] [main/DEBUG] [net.neoforged.fml.loading.moddiscovery.ModDiscoverer/]: Skipping C:\Users\tucke\.mcreator\gradle\caches\modules-2\files-2.1\com.google.guava\failureaccess\1.0.1\1dcf1de382a0bf95a3d8b0849546c88bac1292c9\failureaccess-1.0.1.jar because it was already located earlier
[08Mar2025 17:21:33.065] [main/DEBUG] [net.neoforged.fml.loading.moddiscovery.ModDiscoverer/]: Skipping C:\Users\tucke\.mcreator\gradle\caches\modules-2\files-2.1\com.ibm.icu\icu4j\73.2\61ad4ef7f9131fcf6d25c34b817f90d6da06c9e9\icu4j-73.2.jar because it was already located earlier
[08Mar2025 17:21:33.065] [main/DEBUG] [net.neoforged.fml.loading.moddiscovery.ModDiscoverer/]: Skipping C:\Users\tucke\.mcreator\gradle\caches\modules-2\files-2.1\com.mojang\authlib\6.0.54\de8bc95660e1b2fe8793fd427a7a10dcec5b3ea7\authlib-6.0.54.jar because it was already located earlier
[08Mar2025 17:21:33.065] [main/DEBUG] [net.neoforged.fml.loading.moddiscovery.ModDiscoverer/]: Skipping C:\Users\tucke\.mcreator\gradle\caches\modules-2\files-2.1\com.mojang\blocklist\1.0.10\5c685c5ffa94c4cd39496c7184c1d122e515ecef\blocklist-1.0.10.jar because it was already located earlier
[08Mar2025 17:21:33.065] [main/DEBUG] [net.neoforged.fml.loading.moddiscovery.ModDiscoverer/]: Skipping C:\Users\tucke\.mcreator\gradle\caches\modules-2\files-2.1\com.mojang\brigadier\1.3.10\d15b53a14cf20fdcaa98f731af5dda654452c010\brigadier-1.3.10.jar because it was already located earlier
[08Mar2025 17:21:33.066] [main/DEBUG] [net.neoforged.fml.loading.moddiscovery.ModDiscoverer/]: Skipping C:\Users\tucke\.mcreator\gradle\caches\modules-2\files-2.1\com.mojang\datafixerupper\8.0.16\67d4de6d7f95d89bcf5862995fb854ebaec02a34\datafixerupper-8.0.16.jar because it was already located earlier
[08Mar2025 17:21:33.066] [main/DEBUG] [net.neoforged.fml.loading.moddiscovery.ModDiscoverer/]: Skipping C:\Users\tucke\.mcreator\gradle\caches\modules-2\files-2.1\com.mojang\patchy\2.2.10\da05971b07cbb379d002cf7eaec6a2048211fefc\patchy-2.2.10.jar because it was already located earlier
[08Mar2025 17:21:33.066] [main/DEBUG] [net.neoforged.fml.loading.moddiscovery.ModDiscoverer/]: Skipping C:\Users\tucke\.mcreator\gradle\caches\modules-2\files-2.1\com.mojang\text2speech\1.17.9\3cad216e3a7f0c19b4b394388bc9ffc446f13b14\text2speech-1.17.9.jar because it was already located earlier
[08Mar2025 17:21:33.066] [main/DEBUG] [net.neoforged.fml.loading.moddiscovery.ModDiscoverer/]: Skipping C:\Users\tucke\.mcreator\gradle\caches\modules-2\files-2.1\commons-codec\commons-codec\1.16.0\4e3eb3d79888d76b54e28b350915b5dc3919c9de\commons-codec-1.16.0.jar because it was already located earlier
[08Mar2025 17:21:33.066] [main/DEBUG] [net.neoforged.fml.loading.moddiscovery.ModDiscoverer/]: Skipping C:\Users\tucke\.mcreator\gradle\caches\modules-2\files-2.1\commons-logging\commons-logging\1.2\4bfc12adfe4842bf07b657f0369c4cb522955686\commons-logging-1.2.jar because it was already located earlier
[08Mar2025 17:21:33.066] [main/DEBUG] [net.neoforged.fml.loading.moddiscovery.ModDiscoverer/]: Skipping C:\Users\tucke\.mcreator\gradle\caches\modules-2\files-2.1\io.netty\netty-buffer\4.1.97.Final\f8f3d8644afa5e6e1a40a3a6aeb9d9aa970ecb4f\netty-buffer-4.1.97.Final.jar because it was already located earlier
[08Mar2025 17:21:33.066] [main/DEBUG] [net.neoforged.fml.loading.moddiscovery.ModDiscoverer/]: Skipping C:\Users\tucke\.mcreator\gradle\caches\modules-2\files-2.1\io.netty\netty-codec\4.1.97.Final\384ba4d75670befbedb45c4d3b497a93639c206d\netty-codec-4.1.97.Final.jar because it was already located earlier
[08Mar2025 17:21:33.066] [main/DEBUG] [net.neoforged.fml.loading.moddiscovery.ModDiscoverer/]: Skipping C:\Users\tucke\.mcreator\gradle\caches\modules-2\files-2.1\io.netty\netty-common\4.1.97.Final\7cceacaf11df8dc63f23d0fb58e9d4640fc88404\netty-common-4.1.97.Final.jar because it was already located earlier
[08Mar2025 17:21:33.066] [main/DEBUG] [net.neoforged.fml.loading.moddiscovery.ModDiscoverer/]: Skipping C:\Users\tucke\.mcreator\gradle\caches\modules-2\files-2.1\io.netty\netty-handler\4.1.97.Final\abb86c6906bf512bf2b797a41cd7d2e8d3cd7c36\netty-handler-4.1.97.Final.jar because it was already located earlier
[08Mar2025 17:21:33.066] [main/DEBUG] [net.neoforged.fml.loading.moddiscovery.ModDiscoverer/]: Skipping C:\Users\tucke\.mcreator\gradle\caches\modules-2\files-2.1\io.netty\netty-resolver\4.1.97.Final\cec8348108dc76c47cf87c669d514be52c922144\netty-resolver-4.1.97.Final.jar because it was already located earlier
[08Mar2025 17:21:33.067] [main/DEBUG] [net.neoforged.fml.loading.moddiscovery.ModDiscoverer/]: Skipping C:\Users\tucke\.mcreator\gradle\caches\modules-2\files-2.1\io.netty\netty-transport-classes-epoll\4.1.97.Final\795da37ded759e862457a82d9d92c4d39ce8ecee\netty-transport-classes-epoll-4.1.97.Final.jar because it was already located earlier
[08Mar2025 17:21:33.067] [main/DEBUG] [net.neoforged.fml.loading.moddiscovery.ModDiscoverer/]: Skipping C:\Users\tucke\.mcreator\gradle\caches\modules-2\files-2.1\io.netty\netty-transport-native-unix-common\4.1.97.Final\d469d84265ab70095b01b40886cabdd433b6e664\netty-transport-native-unix-common-4.1.97.Final.jar because it was already located earlier
[08Mar2025 17:21:33.067] [main/DEBUG] [net.neoforged.fml.loading.moddiscovery.ModDiscoverer/]: Skipping C:\Users\tucke\.mcreator\gradle\caches\modules-2\files-2.1\io.netty\netty-transport\4.1.97.Final\f37380d23c9bb079bc702910833b2fd532c9abd0\netty-transport-4.1.97.Final.jar because it was already located earlier
[08Mar2025 17:21:33.067] [main/DEBUG] [net.neoforged.fml.loading.moddiscovery.ModDiscoverer/]: Skipping C:\Users\tucke\.mcreator\gradle\caches\modules-2\files-2.1\it.unimi.dsi\fastutil\8.5.12\c24946d46824bd528054bface3231d2ecb7e95e8\fastutil-8.5.12.jar because it was already located earlier
[08Mar2025 17:21:33.067] [main/DEBUG] [net.neoforged.fml.loading.moddiscovery.ModDiscoverer/]: Skipping C:\Users\tucke\.mcreator\gradle\caches\modules-2\files-2.1\net.java.dev.jna\jna-platform\5.14.0\28934d48aed814f11e4c584da55c49fa7032b31b\jna-platform-5.14.0.jar because it was already located earlier
[08Mar2025 17:21:33.067] [main/DEBUG] [net.neoforged.fml.loading.moddiscovery.ModDiscoverer/]: Skipping C:\Users\tucke\.mcreator\gradle\caches\modules-2\files-2.1\net.java.dev.jna\jna\5.14.0\67bf3eaea4f0718cb376a181a629e5f88fa1c9dd\jna-5.14.0.jar because it was already located earlier
[08Mar2025 17:21:33.067] [main/DEBUG] [net.neoforged.fml.loading.moddiscovery.ModDiscoverer/]: Skipping C:\Users\tucke\.mcreator\gradle\caches\modules-2\files-2.1\org.apache.commons\commons-compress\1.26.0\659feffdd12280201c8aacb8f7be94f9a883c824\commons-compress-1.26.0.jar because it was already located earlier
[08Mar2025 17:21:33.067] [main/DEBUG] [net.neoforged.fml.loading.moddiscovery.ModDiscoverer/]: Skipping C:\Users\tucke\.mcreator\gradle\caches\modules-2\files-2.1\org.apache.httpcomponents\httpclient\4.5.13\e5f6cae5ca7ecaac1ec2827a9e2d65ae2869cada\httpclient-4.5.13.jar because it was already located earlier
[08Mar2025 17:21:33.067] [main/DEBUG] [net.neoforged.fml.loading.moddiscovery.ModDiscoverer/]: Skipping C:\Users\tucke\.mcreator\gradle\caches\modules-2\files-2.1\org.apache.httpcomponents\httpcore\4.4.16\51cf043c87253c9f58b539c9f7e44c8894223850\httpcore-4.4.16.jar because it was already located earlier
[08Mar2025 17:21:33.067] [main/DEBUG] [net.neoforged.fml.loading.moddiscovery.ModDiscoverer/]: Skipping C:\Users\tucke\.mcreator\gradle\caches\modules-2\files-2.1\org.jcraft\jorbis\0.0.17\8872d22b293e8f5d7d56ff92be966e6dc28ebdc6\jorbis-0.0.17.jar because it was already located earlier
[08Mar2025 17:21:33.067] [main/DEBUG] [net.neoforged.fml.loading.moddiscovery.ModDiscoverer/]: Skipping C:\Users\tucke\.mcreator\gradle\caches\modules-2\files-2.1\org.joml\joml\1.10.5\22566d58af70ad3d72308bab63b8339906deb649\joml-1.10.5.jar because it was already located earlier
[08Mar2025 17:21:33.067] [main/DEBUG] [net.neoforged.fml.loading.moddiscovery.ModDiscoverer/]: Skipping C:\Users\tucke\.mcreator\gradle\caches\modules-2\files-2.1\org.lwjgl\lwjgl-freetype\3.3.3\a0db6c84a8becc8ca05f9dbfa985edc348a824c7\lwjgl-freetype-3.3.3.jar because it was already located earlier
[08Mar2025 17:21:33.073] [main/DEBUG] [net.neoforged.fml.loading.moddiscovery.ModDiscoverer/]: Skipping C:\Users\tucke\.mcreator\gradle\caches\modules-2\files-2.1\org.lwjgl\lwjgl-freetype\3.3.3\15a8c1de7f51d07a92eae7ce1222557073a0c0c3\lwjgl-freetype-3.3.3-natives-windows-x86.jar because it was already located earlier
[08Mar2025 17:21:33.074] [main/DEBUG] [net.neoforged.fml.loading.moddiscovery.ModDiscoverer/]: Skipping C:\Users\tucke\.mcreator\gradle\caches\modules-2\files-2.1\org.lwjgl\lwjgl-glfw\3.3.3\efa1eb78c5ccd840e9f329717109b5e892d72f8e\lwjgl-glfw-3.3.3.jar because it was already located earlier
[08Mar2025 17:21:33.079] [main/DEBUG] [net.neoforged.fml.loading.moddiscovery.ModDiscoverer/]: Skipping C:\Users\tucke\.mcreator\gradle\caches\modules-2\files-2.1\org.lwjgl\lwjgl-glfw\3.3.3\32334f3fd5270a59bad9939a93115acb6de36dcf\lwjgl-glfw-3.3.3-natives-windows-x86.jar because it was already located earlier
[08Mar2025 17:21:33.079] [main/DEBUG] [net.neoforged.fml.loading.moddiscovery.ModDiscoverer/]: Skipping C:\Users\tucke\.mcreator\gradle\caches\modules-2\files-2.1\org.lwjgl\lwjgl-jemalloc\3.3.3\b543467b7ff3c6920539a88ee602d34098628be5\lwjgl-jemalloc-3.3.3.jar because it was already located earlier
[08Mar2025 17:21:33.079] [main/DEBUG] [net.neoforged.fml.loading.moddiscovery.ModDiscoverer/]: Skipping C:\Users\tucke\.mcreator\gradle\caches\modules-2\files-2.1\org.lwjgl\lwjgl-jemalloc\3.3.3\426222fc027602a5f21b9c0fe79cde6a4c7a011f\lwjgl-jemalloc-3.3.3-natives-windows.jar because it was already located earlier
[08Mar2025 17:21:33.084] [main/DEBUG] [net.neoforged.fml.loading.moddiscovery.ModDiscoverer/]: Skipping C:\Users\tucke\.mcreator\gradle\caches\modules-2\files-2.1\org.lwjgl\lwjgl-openal\3.3.3\daada81ceb5fc0c291fbfdd4433cb8d9423577f2\lwjgl-openal-3.3.3.jar because it was already located earlier
[08Mar2025 17:21:33.088] [main/DEBUG] [net.neoforged.fml.loading.moddiscovery.ModDiscoverer/]: Skipping C:\Users\tucke\.mcreator\gradle\caches\modules-2\files-2.1\org.lwjgl\lwjgl-openal\3.3.3\87b8d5050e3adb46bb58fe1cb2669a4a48fce10d\lwjgl-openal-3.3.3-natives-windows-x86.jar because it was already located earlier
[08Mar2025 17:21:33.089] [main/DEBUG] [net.neoforged.fml.loading.moddiscovery.ModDiscoverer/]: Skipping C:\Users\tucke\.mcreator\gradle\caches\modules-2\files-2.1\org.lwjgl\lwjgl-opengl\3.3.3\2f6b0147078396a58979125a4c947664e98293a\lwjgl-opengl-3.3.3.jar because it was already located earlier
[08Mar2025 17:21:33.091] [main/DEBUG] [net.neoforged.fml.loading.moddiscovery.ModDiscoverer/]: Skipping C:\Users\tucke\.mcreator\gradle\caches\modules-2\files-2.1\org.lwjgl\lwjgl-opengl\3.3.3\65e956d3735a1abdc82eff4baec1b61174697d4b\lwjgl-opengl-3.3.3-natives-windows-arm64.jar because it was already located earlier
[08Mar2025 17:21:33.094] [main/DEBUG] [net.neoforged.fml.loading.moddiscovery.ModDiscoverer/]: Skipping C:\Users\tucke\.mcreator\gradle\caches\modules-2\files-2.1\org.lwjgl\lwjgl-stb\3.3.3\25dd6161988d7e65f71d5065c99902402ee32746\lwjgl-stb-3.3.3.jar because it was already located earlier
[08Mar2025 17:21:33.094] [main/DEBUG] [net.neoforged.fml.loading.moddiscovery.ModDiscoverer/]: Skipping C:\Users\tucke\.mcreator\gradle\caches\modules-2\files-2.1\org.lwjgl\lwjgl-stb\3.3.3\1d9facdf6541de114b0f963be33505b7679c78cb\lwjgl-stb-3.3.3-natives-windows.jar because it was already located earlier
[08Mar2025 17:21:33.100] [main/DEBUG] [net.neoforged.fml.loading.moddiscovery.ModDiscoverer/]: Skipping C:\Users\tucke\.mcreator\gradle\caches\modules-2\files-2.1\org.lwjgl\lwjgl-tinyfd\3.3.3\82d755ca94b102e9ca77283b9e2dc46d1b15fbe5\lwjgl-tinyfd-3.3.3.jar because it was already located earlier
[08Mar2025 17:21:33.100] [main/DEBUG] [net.neoforged.fml.loading.moddiscovery.ModDiscoverer/]: Skipping C:\Users\tucke\.mcreator\gradle\caches\modules-2\files-2.1\org.lwjgl\lwjgl-tinyfd\3.3.3\a6697981b0449a5087c1d546fc08b4f73e8f98c9\lwjgl-tinyfd-3.3.3-natives-windows.jar because it was already located earlier
[08Mar2025 17:21:33.107] [main/DEBUG] [net.neoforged.fml.loading.moddiscovery.ModDiscoverer/]: Skipping C:\Users\tucke\.mcreator\gradle\caches\modules-2\files-2.1\org.lwjgl\lwjgl\3.3.3\29589b5f87ed335a6c7e7ee6a5775f81f97ecb84\lwjgl-3.3.3.jar because it was already located earlier
[08Mar2025 17:21:33.113] [main/DEBUG] [net.neoforged.fml.loading.moddiscovery.ModDiscoverer/]: Skipping C:\Users\tucke\.mcreator\gradle\caches\modules-2\files-2.1\org.lwjgl\lwjgl\3.3.3\9e670718e050aeaeea0c2d5b907cffb142f2e58f\lwjgl-3.3.3-natives-windows-x86.jar because it was already located earlier
[08Mar2025 17:21:33.113] [main/DEBUG] [net.neoforged.fml.loading.moddiscovery.ModDiscoverer/]: Skipping C:\Users\tucke\.mcreator\gradle\caches\modules-2\files-2.1\org.lz4\lz4-java\1.8.0\4b986a99445e49ea5fbf5d149c4b63f6ed6c6780\lz4-java-1.8.0.jar because it was already located earlier
[08Mar2025 17:21:33.113] [main/DEBUG] [net.neoforged.fml.loading.moddiscovery.ModDiscoverer/]: Skipping C:\Users\tucke\.mcreator\gradle\caches\modules-2\files-2.1\org.jline\jline-terminal\3.20.0\d0ddcc708ddf527a3454c941b7b9225cc83a15ff\jline-terminal-3.20.0.jar because it was already located earlier
[08Mar2025 17:21:33.114] [main/DEBUG] [net.neoforged.fml.loading.moddiscovery.ModDiscoverer/]: Skipping C:\Users\tucke\.mcreator\gradle\caches\modules-2\files-2.1\com.google.guava\listenablefuture\9999.0-empty-to-avoid-conflict-with-guava\b421526c5f297295adef1c886e5246c39d4ac629\listenablefuture-9999.0-empty-to-avoid-conflict-with-guava.jar because it was already located earlier
[08Mar2025 17:21:33.114] [main/DEBUG] [net.neoforged.fml.loading.moddiscovery.ModDiscoverer/]: Skipping C:\Users\tucke\.mcreator\gradle\caches\modules-2\files-2.1\com.google.code.findbugs\jsr305\3.0.2\25ea2e8b0c338a877313bd4672d3fe056ea78f0d\jsr305-3.0.2.jar because it was already located earlier
[08Mar2025 17:21:33.114] [main/DEBUG] [net.neoforged.fml.loading.moddiscovery.ModDiscoverer/]: Skipping C:\Users\tucke\.mcreator\gradle\caches\modules-2\files-2.1\org.checkerframework\checker-qual\3.33.0\de2b60b62da487644fc11f734e73c8b0b431238f\checker-qual-3.33.0.jar because it was already located earlier
[08Mar2025 17:21:33.114] [main/DEBUG] [net.neoforged.fml.loading.moddiscovery.ModDiscoverer/]: Skipping C:\Users\tucke\.mcreator\gradle\caches\modules-2\files-2.1\com.google.errorprone\error_prone_annotations\2.18.0\89b684257096f548fa39a7df9fdaa409d4d4df91\error_prone_annotations-2.18.0.jar because it was already located earlier
[08Mar2025 17:21:33.114] [main/DEBUG] [net.neoforged.fml.loading.moddiscovery.ModDiscoverer/]: Skipping C:\Users\tucke\.mcreator\gradle\caches\modules-2\files-2.1\com.google.j2objc\j2objc-annotations\2.8\c85270e307e7b822f1086b93689124b89768e273\j2objc-annotations-2.8.jar because it was already located earlier
[08Mar2025 17:21:33.115] [main/DEBUG] [net.neoforged.fml.loading.UniqueModListBuilder/]: Found 2 mods for first modid neoforge, selecting most recent based on version data
[08Mar2025 17:21:33.116] [main/DEBUG] [net.neoforged.fml.loading.UniqueModListBuilder/]: Selected file neoforge-21.1.92.jar for modid neoforge with version 21.1.92
[08Mar2025 17:21:33.243] [main/INFO] [net.neoforged.fml.loading.moddiscovery.locators.JarInJarDependencyLocator/]: Found 2 dependencies adding them to mods collection
[08Mar2025 17:21:33.245] [main/INFO] [net.neoforged.fml.loading.moddiscovery.ModDiscoverer/]: 
     Mod List:
		Name Version (Mod Id)

		Minecraft 1.21.1 (minecraft)
		NeoForge 21.1.92 (neoforge)
		The Legend of Alex 0.1.2 (tloa)
[08Mar2025 17:21:33.246] [main/DEBUG] [net.neoforged.fml.loading.moddiscovery.ModFileInfo/LOADING]: Found valid mod file neoforge-21.1.92.jar with {minecraft} mods - versions {1.21.1}
[08Mar2025 17:21:33.248] [main/DEBUG] [net.neoforged.fml.loading.moddiscovery.ModFile/LOADING]: Loading mod file C:\Users\tucke\MCreatorWorkspaces\TheLegendofSteve\build\moddev\artifacts\neoforge-21.1.92.jar with languages [LanguageSpec[languageName=minecraft, acceptedVersions=1]]
[08Mar2025 17:21:33.249] [main/DEBUG] [net.neoforged.fml.loading.moddiscovery.ModFileParser/LOADING]: Considering mod file candidate C:\Users\tucke\MCreatorWorkspaces\TheLegendofSteve\build\classes\java\main
[08Mar2025 17:21:33.252] [main/DEBUG] [net.neoforged.fml.loading.moddiscovery.ModFileInfo/LOADING]: Found valid mod file main with {tloa} mods - versions {0.1.2}
[08Mar2025 17:21:33.252] [main/DEBUG] [net.neoforged.fml.loading.moddiscovery.ModFile/LOADING]: Loading mod file C:\Users\tucke\MCreatorWorkspaces\TheLegendofSteve\build\classes\java\main with languages [LanguageSpec[languageName=javafml, acceptedVersions=[4,)]]
[08Mar2025 17:21:33.252] [main/DEBUG] [net.neoforged.fml.loading.moddiscovery.ModFileParser/LOADING]: Considering mod file candidate C:\Users\tucke\MCreatorWorkspaces\TheLegendofSteve\build\moddev\artifacts\neoforge-21.1.92.jar
[08Mar2025 17:21:33.253] [main/DEBUG] [net.neoforged.fml.loading.moddiscovery.ModFileInfo/LOADING]: Found valid mod file neoforge-21.1.92.jar with {neoforge} mods - versions {21.1.92}
[08Mar2025 17:21:33.253] [main/DEBUG] [net.neoforged.fml.loading.moddiscovery.ModFile/LOADING]: Loading mod file C:\Users\tucke\MCreatorWorkspaces\TheLegendofSteve\build\moddev\artifacts\neoforge-21.1.92.jar with languages [LanguageSpec[languageName=javafml, acceptedVersions=[3,]]]
[08Mar2025 17:21:33.254] [main/DEBUG] [net.neoforged.fml.loading.moddiscovery.ModFile/LOADING]: Found mixin config neoforge.mixins.json
[08Mar2025 17:21:33.254] [main/DEBUG] [net.neoforged.fml.loading.moddiscovery.ModFile/LOADING]: Loading mod file  with languages []
[08Mar2025 17:21:33.256] [main/DEBUG] [cpw.mods.modlauncher.TransformationServiceDecorator/MODLAUNCHER]: End scan trigger - transformation service fml
[08Mar2025 17:21:33.268] [main/DEBUG] [net.neoforged.fml.util.ServiceLoaderUtil/CORE]: Found 3 implementations of IModLanguageLoader:
[08Mar2025 17:21:33.268] [main/DEBUG] [net.neoforged.fml.util.ServiceLoaderUtil/CORE]: 	net.neoforged.fml.javafmlmod.FMLJavaModLanguageProvider from loader-4.0.34.jar
[08Mar2025 17:21:33.268] [main/DEBUG] [net.neoforged.fml.util.ServiceLoaderUtil/CORE]: 	net.neoforged.fml.lowcodemod.LowCodeModLanguageProvider from loader-4.0.34.jar
[08Mar2025 17:21:33.269] [main/DEBUG] [net.neoforged.fml.util.ServiceLoaderUtil/CORE]: 	net.neoforged.fml.mclanguageprovider.MinecraftModLanguageProvider from loader-4.0.34.jar
[08Mar2025 17:21:33.269] [main/DEBUG] [net.neoforged.fml.loading.LanguageProviderLoader/CORE]: Found language provider javafml, version 4.0.34
[08Mar2025 17:21:33.270] [main/DEBUG] [net.neoforged.fml.loading.LanguageProviderLoader/CORE]: Found language provider lowcodefml, version 4.0.34
[08Mar2025 17:21:33.270] [main/DEBUG] [net.neoforged.fml.loading.LanguageProviderLoader/CORE]: Found language provider minecraft, version 4.0.34
[08Mar2025 17:21:33.276] [main/DEBUG] [net.neoforged.fml.loading.ModSorter/]: Configured system mods: [minecraft, neoforge]
[08Mar2025 17:21:33.277] [main/DEBUG] [net.neoforged.fml.loading.ModSorter/]: Found system mod: minecraft
[08Mar2025 17:21:33.277] [main/DEBUG] [net.neoforged.fml.loading.ModSorter/]: Found system mod: neoforge
[08Mar2025 17:21:33.281] [main/DEBUG] [net.neoforged.fml.loading.ModSorter/LOADING]: Found 2 mod requirements (2 mandatory, 0 optional)
[08Mar2025 17:21:33.282] [main/DEBUG] [net.neoforged.fml.loading.ModSorter/LOADING]: Found 0 mod requirements missing (0 mandatory, 0 optional)
[08Mar2025 17:21:33.424] [main/DEBUG] [mixin/]: Adding mixin platform agents for container net.neoforged.fml.loading.mixin.FMLMixinContainerHandle@8d7b252
[08Mar2025 17:21:33.424] [main/DEBUG] [mixin/]: Instancing new MixinPlatformAgentMinecraftForge for net.neoforged.fml.loading.mixin.FMLMixinContainerHandle@8d7b252
[08Mar2025 17:21:33.424] [main/DEBUG] [mixin/]: MixinPlatformAgentMinecraftForge rejected container net.neoforged.fml.loading.mixin.FMLMixinContainerHandle@8d7b252
[08Mar2025 17:21:33.424] [main/DEBUG] [mixin/]: Instancing new MixinPlatformAgentDefault for net.neoforged.fml.loading.mixin.FMLMixinContainerHandle@8d7b252
[08Mar2025 17:21:33.424] [main/DEBUG] [mixin/]: MixinPlatformAgentDefault accepted container net.neoforged.fml.loading.mixin.FMLMixinContainerHandle@8d7b252
[08Mar2025 17:21:33.425] [main/DEBUG] [mixin/]: Instancing new FMLMixinPlatformAgent for net.neoforged.fml.loading.mixin.FMLMixinContainerHandle@8d7b252
[08Mar2025 17:21:33.425] [main/DEBUG] [mixin/]: FMLMixinPlatformAgent accepted container net.neoforged.fml.loading.mixin.FMLMixinContainerHandle@8d7b252
[08Mar2025 17:21:33.439] [main/DEBUG] [cpw.mods.modlauncher.TransformationServicesHandler/MODLAUNCHER]: Transformation services loading transformers
[08Mar2025 17:21:33.440] [main/DEBUG] [cpw.mods.modlauncher.TransformationServiceDecorator/MODLAUNCHER]: Initializing transformers for transformation service mixin
[08Mar2025 17:21:33.441] [main/DEBUG] [cpw.mods.modlauncher.TransformationServiceDecorator/MODLAUNCHER]: Initialized transformers for transformation service mixin
[08Mar2025 17:21:33.441] [main/DEBUG] [cpw.mods.modlauncher.TransformationServiceDecorator/MODLAUNCHER]: Initializing transformers for transformation service fml
[08Mar2025 17:21:33.441] [main/DEBUG] [net.neoforged.fml.loading.FMLServiceProvider/LOADING]: Loading coremod transformers
[08Mar2025 17:21:33.442] [main/DEBUG] [net.neoforged.fml.loading.FMLServiceProvider/CORE]: Not loading coremod script-engine since no mod requested it
[08Mar2025 17:21:33.444] [main/DEBUG] [net.neoforged.fml.util.ServiceLoaderUtil/CORE]: Found 1 implementations of ICoreMod:
[08Mar2025 17:21:33.445] [main/DEBUG] [net.neoforged.fml.util.ServiceLoaderUtil/CORE]: 	net.neoforged.neoforge.coremods.NeoForgeCoreMod from neoforge-21.1.92.jar > neoforge-coremods-21.1.92.jar
[08Mar2025 17:21:33.461] [main/DEBUG] [net.neoforged.fml.loading.FMLServiceProvider/CORE]: Adding [Target[className=net.minecraft.world.level.biome.Biome, elementName=, elementDescriptor=, targetType=cpw.mods.modlauncher.api.TargetType@75390459]] transformer from core-mod net.neoforged.neoforge.coremods.NeoForgeCoreMod@58e92c23 in neoforge-21.1.92.jar > neoforge-coremods-21.1.92.jar
[08Mar2025 17:21:33.461] [main/DEBUG] [net.neoforged.fml.loading.FMLServiceProvider/CORE]: Adding [Target[className=net.minecraft.world.level.levelgen.structure.Structure, elementName=, elementDescriptor=, targetType=cpw.mods.modlauncher.api.TargetType@75390459]] transformer from core-mod net.neoforged.neoforge.coremods.NeoForgeCoreMod@58e92c23 in neoforge-21.1.92.jar > neoforge-coremods-21.1.92.jar
[08Mar2025 17:21:33.461] [main/DEBUG] [net.neoforged.fml.loading.FMLServiceProvider/CORE]: Adding [Target[className=net.minecraft.world.level.block.FlowerPotBlock, elementName=, elementDescriptor=, targetType=cpw.mods.modlauncher.api.TargetType@75390459]] transformer from core-mod net.neoforged.neoforge.coremods.NeoForgeCoreMod@58e92c23 in neoforge-21.1.92.jar > neoforge-coremods-21.1.92.jar
[08Mar2025 17:21:33.461] [main/DEBUG] [net.neoforged.fml.loading.FMLServiceProvider/CORE]: Adding [Target[className=net/minecraft/world/level/NaturalSpawner, elementName=, elementDescriptor=, targetType=cpw.mods.modlauncher.api.TargetType@75390459], Target[className=net/minecraft/server/commands/SummonCommand, elementName=, elementDescriptor=, targetType=cpw.mods.modlauncher.api.TargetType@75390459], Target[className=net/minecraft/world/level/levelgen/structure/structures/WoodlandMansionPieces$WoodlandMansionPiece, elementName=, elementDescriptor=, targetType=cpw.mods.modlauncher.api.TargetType@75390459], Target[className=net/minecraft/world/entity/npc/CatSpawner, elementName=, elementDescriptor=, targetType=cpw.mods.modlauncher.api.TargetType@75390459], Target[className=net/minecraft/server/commands/RaidCommand, elementName=, elementDescriptor=, targetType=cpw.mods.modlauncher.api.TargetType@75390459], Target[className=net/minecraft/world/level/levelgen/PatrolSpawner, elementName=, elementDescriptor=, targetType=cpw.mods.modlauncher.api.TargetType@75390459], Target[className=net/minecraft/world/entity/ai/village/VillageSiege, elementName=, elementDescriptor=, targetType=cpw.mods.modlauncher.api.TargetType@75390459], Target[className=net/minecraft/world/entity/monster/Evoker$EvokerSummonSpellGoal, elementName=, elementDescriptor=, targetType=cpw.mods.modlauncher.api.TargetType@75390459], Target[className=net/minecraft/world/entity/EntityType, elementName=, elementDescriptor=, targetType=cpw.mods.modlauncher.api.TargetType@75390459], Target[className=net/minecraft/world/entity/monster/Strider, elementName=, elementDescriptor=, targetType=cpw.mods.modlauncher.api.TargetType@75390459], Target[className=net/minecraft/world/entity/raid/Raid, elementName=, elementDescriptor=, targetType=cpw.mods.modlauncher.api.TargetType@75390459], Target[className=net/minecraft/world/level/levelgen/structure/templatesystem/StructureTemplate, elementName=, elementDescriptor=, targetType=cpw.mods.modlauncher.api.TargetType@75390459], Target[className=net/minecraft/world/entity/animal/horse/SkeletonTrapGoal, elementName=, elementDescriptor=, targetType=cpw.mods.modlauncher.api.TargetType@75390459], Target[className=net/minecraft/world/level/levelgen/structure/structures/OceanRuinPieces$OceanRuinPiece, elementName=, elementDescriptor=, targetType=cpw.mods.modlauncher.api.TargetType@75390459], Target[className=net/minecraft/world/entity/monster/Spider, elementName=, elementDescriptor=, targetType=cpw.mods.modlauncher.api.TargetType@75390459], Target[className=net/minecraft/world/level/levelgen/structure/structures/SwampHutPiece, elementName=, elementDescriptor=, targetType=cpw.mods.modlauncher.api.TargetType@75390459], Target[className=net/minecraft/world/entity/monster/Zombie, elementName=, elementDescriptor=, targetType=cpw.mods.modlauncher.api.TargetType@75390459], Target[className=net/minecraft/world/entity/npc/Villager, elementName=, elementDescriptor=, targetType=cpw.mods.modlauncher.api.TargetType@75390459], Target[className=net/minecraft/world/level/levelgen/PhantomSpawner, elementName=, elementDescriptor=, targetType=cpw.mods.modlauncher.api.TargetType@75390459], Target[className=net/minecraft/world/level/levelgen/structure/structures/OceanMonumentPieces$OceanMonumentPiece, elementName=, elementDescriptor=, targetType=cpw.mods.modlauncher.api.TargetType@75390459], Target[className=net/minecraft/world/entity/animal/frog/Tadpole, elementName=, elementDescriptor=, targetType=cpw.mods.modlauncher.api.TargetType@75390459], Target[className=net/minecraft/world/entity/monster/ZombieVillager, elementName=, elementDescriptor=, targetType=cpw.mods.modlauncher.api.TargetType@75390459]] transformer from core-mod net.neoforged.neoforge.coremods.NeoForgeCoreMod@58e92c23 in neoforge-21.1.92.jar > neoforge-coremods-21.1.92.jar
[08Mar2025 17:21:33.467] [main/DEBUG] [cpw.mods.modlauncher.TransformStore/MODLAUNCHER]: Adding transformer net.neoforged.neoforge.coremods.ReplaceFieldWithGetterAccess@30501e60 to Target : cpw.mods.modlauncher.api.TargetType@75390459 {Lnet/minecraft/world/level/biome/Biome;} {} {V}
[08Mar2025 17:21:33.469] [main/DEBUG] [cpw.mods.modlauncher.TransformStore/MODLAUNCHER]: Adding transformer net.neoforged.neoforge.coremods.ReplaceFieldWithGetterAccess@74abbb to Target : cpw.mods.modlauncher.api.TargetType@75390459 {Lnet/minecraft/world/level/levelgen/structure/Structure;} {} {V}
[08Mar2025 17:21:33.470] [main/DEBUG] [cpw.mods.modlauncher.TransformStore/MODLAUNCHER]: Adding transformer net.neoforged.neoforge.coremods.ReplaceFieldWithGetterAccess@64a4dd8d to Target : cpw.mods.modlauncher.api.TargetType@75390459 {Lnet/minecraft/world/level/block/FlowerPotBlock;} {} {V}
[08Mar2025 17:21:33.470] [main/DEBUG] [cpw.mods.modlauncher.TransformStore/MODLAUNCHER]: Adding transformer net.neoforged.neoforge.coremods.MethodRedirector@2dddc1b9 to Target : cpw.mods.modlauncher.api.TargetType@75390459 {Lnet/minecraft/world/level/NaturalSpawner;} {} {V}
[08Mar2025 17:21:33.470] [main/DEBUG] [cpw.mods.modlauncher.TransformStore/MODLAUNCHER]: Adding transformer net.neoforged.neoforge.coremods.MethodRedirector@2dddc1b9 to Target : cpw.mods.modlauncher.api.TargetType@75390459 {Lnet/minecraft/server/commands/SummonCommand;} {} {V}
[08Mar2025 17:21:33.470] [main/DEBUG] [cpw.mods.modlauncher.TransformStore/MODLAUNCHER]: Adding transformer net.neoforged.neoforge.coremods.MethodRedirector@2dddc1b9 to Target : cpw.mods.modlauncher.api.TargetType@75390459 {Lnet/minecraft/world/level/levelgen/structure/structures/WoodlandMansionPieces$WoodlandMansionPiece;} {} {V}
[08Mar2025 17:21:33.470] [main/DEBUG] [cpw.mods.modlauncher.TransformStore/MODLAUNCHER]: Adding transformer net.neoforged.neoforge.coremods.MethodRedirector@2dddc1b9 to Target : cpw.mods.modlauncher.api.TargetType@75390459 {Lnet/minecraft/world/entity/npc/CatSpawner;} {} {V}
[08Mar2025 17:21:33.470] [main/DEBUG] [cpw.mods.modlauncher.TransformStore/MODLAUNCHER]: Adding transformer net.neoforged.neoforge.coremods.MethodRedirector@2dddc1b9 to Target : cpw.mods.modlauncher.api.TargetType@75390459 {Lnet/minecraft/server/commands/RaidCommand;} {} {V}
[08Mar2025 17:21:33.470] [main/DEBUG] [cpw.mods.modlauncher.TransformStore/MODLAUNCHER]: Adding transformer net.neoforged.neoforge.coremods.MethodRedirector@2dddc1b9 to Target : cpw.mods.modlauncher.api.TargetType@75390459 {Lnet/minecraft/world/level/levelgen/PatrolSpawner;} {} {V}
[08Mar2025 17:21:33.470] [main/DEBUG] [cpw.mods.modlauncher.TransformStore/MODLAUNCHER]: Adding transformer net.neoforged.neoforge.coremods.MethodRedirector@2dddc1b9 to Target : cpw.mods.modlauncher.api.TargetType@75390459 {Lnet/minecraft/world/entity/ai/village/VillageSiege;} {} {V}
[08Mar2025 17:21:33.470] [main/DEBUG] [cpw.mods.modlauncher.TransformStore/MODLAUNCHER]: Adding transformer net.neoforged.neoforge.coremods.MethodRedirector@2dddc1b9 to Target : cpw.mods.modlauncher.api.TargetType@75390459 {Lnet/minecraft/world/entity/monster/Evoker$EvokerSummonSpellGoal;} {} {V}
[08Mar2025 17:21:33.470] [main/DEBUG] [cpw.mods.modlauncher.TransformStore/MODLAUNCHER]: Adding transformer net.neoforged.neoforge.coremods.MethodRedirector@2dddc1b9 to Target : cpw.mods.modlauncher.api.TargetType@75390459 {Lnet/minecraft/world/entity/EntityType;} {} {V}
[08Mar2025 17:21:33.470] [main/DEBUG] [cpw.mods.modlauncher.TransformStore/MODLAUNCHER]: Adding transformer net.neoforged.neoforge.coremods.MethodRedirector@2dddc1b9 to Target : cpw.mods.modlauncher.api.TargetType@75390459 {Lnet/minecraft/world/entity/monster/Strider;} {} {V}
[08Mar2025 17:21:33.470] [main/DEBUG] [cpw.mods.modlauncher.TransformStore/MODLAUNCHER]: Adding transformer net.neoforged.neoforge.coremods.MethodRedirector@2dddc1b9 to Target : cpw.mods.modlauncher.api.TargetType@75390459 {Lnet/minecraft/world/entity/raid/Raid;} {} {V}
[08Mar2025 17:21:33.470] [main/DEBUG] [cpw.mods.modlauncher.TransformStore/MODLAUNCHER]: Adding transformer net.neoforged.neoforge.coremods.MethodRedirector@2dddc1b9 to Target : cpw.mods.modlauncher.api.TargetType@75390459 {Lnet/minecraft/world/level/levelgen/structure/templatesystem/StructureTemplate;} {} {V}
[08Mar2025 17:21:33.470] [main/DEBUG] [cpw.mods.modlauncher.TransformStore/MODLAUNCHER]: Adding transformer net.neoforged.neoforge.coremods.MethodRedirector@2dddc1b9 to Target : cpw.mods.modlauncher.api.TargetType@75390459 {Lnet/minecraft/world/entity/animal/horse/SkeletonTrapGoal;} {} {V}
[08Mar2025 17:21:33.470] [main/DEBUG] [cpw.mods.modlauncher.TransformStore/MODLAUNCHER]: Adding transformer net.neoforged.neoforge.coremods.MethodRedirector@2dddc1b9 to Target : cpw.mods.modlauncher.api.TargetType@75390459 {Lnet/minecraft/world/level/levelgen/structure/structures/OceanRuinPieces$OceanRuinPiece;} {} {V}
[08Mar2025 17:21:33.470] [main/DEBUG] [cpw.mods.modlauncher.TransformStore/MODLAUNCHER]: Adding transformer net.neoforged.neoforge.coremods.MethodRedirector@2dddc1b9 to Target : cpw.mods.modlauncher.api.TargetType@75390459 {Lnet/minecraft/world/entity/monster/Spider;} {} {V}
[08Mar2025 17:21:33.470] [main/DEBUG] [cpw.mods.modlauncher.TransformStore/MODLAUNCHER]: Adding transformer net.neoforged.neoforge.coremods.MethodRedirector@2dddc1b9 to Target : cpw.mods.modlauncher.api.TargetType@75390459 {Lnet/minecraft/world/level/levelgen/structure/structures/SwampHutPiece;} {} {V}
[08Mar2025 17:21:33.470] [main/DEBUG] [cpw.mods.modlauncher.TransformStore/MODLAUNCHER]: Adding transformer net.neoforged.neoforge.coremods.MethodRedirector@2dddc1b9 to Target : cpw.mods.modlauncher.api.TargetType@75390459 {Lnet/minecraft/world/entity/monster/Zombie;} {} {V}
[08Mar2025 17:21:33.470] [main/DEBUG] [cpw.mods.modlauncher.TransformStore/MODLAUNCHER]: Adding transformer net.neoforged.neoforge.coremods.MethodRedirector@2dddc1b9 to Target : cpw.mods.modlauncher.api.TargetType@75390459 {Lnet/minecraft/world/entity/npc/Villager;} {} {V}
[08Mar2025 17:21:33.470] [main/DEBUG] [cpw.mods.modlauncher.TransformStore/MODLAUNCHER]: Adding transformer net.neoforged.neoforge.coremods.MethodRedirector@2dddc1b9 to Target : cpw.mods.modlauncher.api.TargetType@75390459 {Lnet/minecraft/world/level/levelgen/PhantomSpawner;} {} {V}
[08Mar2025 17:21:33.470] [main/DEBUG] [cpw.mods.modlauncher.TransformStore/MODLAUNCHER]: Adding transformer net.neoforged.neoforge.coremods.MethodRedirector@2dddc1b9 to Target : cpw.mods.modlauncher.api.TargetType@75390459 {Lnet/minecraft/world/level/levelgen/structure/structures/OceanMonumentPieces$OceanMonumentPiece;} {} {V}
[08Mar2025 17:21:33.471] [main/DEBUG] [cpw.mods.modlauncher.TransformStore/MODLAUNCHER]: Adding transformer net.neoforged.neoforge.coremods.MethodRedirector@2dddc1b9 to Target : cpw.mods.modlauncher.api.TargetType@75390459 {Lnet/minecraft/world/entity/animal/frog/Tadpole;} {} {V}
[08Mar2025 17:21:33.471] [main/DEBUG] [cpw.mods.modlauncher.TransformStore/MODLAUNCHER]: Adding transformer net.neoforged.neoforge.coremods.MethodRedirector@2dddc1b9 to Target : cpw.mods.modlauncher.api.TargetType@75390459 {Lnet/minecraft/world/entity/monster/ZombieVillager;} {} {V}
[08Mar2025 17:21:33.471] [main/DEBUG] [cpw.mods.modlauncher.TransformationServiceDecorator/MODLAUNCHER]: Initialized transformers for transformation service fml
[08Mar2025 17:21:33.966] [main/DEBUG] [mixin/]: Processing prepare() for PlatformAgent[MixinPlatformAgentDefault:ModLauncher Root Container(ModLauncher:4f56a0a2)]
[08Mar2025 17:21:33.966] [main/DEBUG] [mixin/]: Processing prepare() for PlatformAgent[MixinPlatformAgentDefault:net.neoforged.fml.loading.mixin.FMLMixinContainerHandle@8d7b252]
[08Mar2025 17:21:33.966] [main/DEBUG] [mixin/]: Processing prepare() for PlatformAgent[FMLMixinPlatformAgent:null]
[08Mar2025 17:21:34.020] [main/DEBUG] [mixin/]: Processing launch tasks for PlatformAgent[MixinPlatformAgentDefault:ModLauncher Root Container(ModLauncher:4f56a0a2)]
[08Mar2025 17:21:34.020] [main/DEBUG] [mixin/]: Adding mixin platform agents for container SecureJarResource(mixin_synthetic)
[08Mar2025 17:21:34.020] [main/DEBUG] [mixin/]: Instancing new MixinPlatformAgentMinecraftForge for SecureJarResource(mixin_synthetic)
[08Mar2025 17:21:34.020] [main/DEBUG] [mixin/]: MixinPlatformAgentMinecraftForge rejected container SecureJarResource(mixin_synthetic)
[08Mar2025 17:21:34.020] [main/DEBUG] [mixin/]: Instancing new MixinPlatformAgentDefault for SecureJarResource(mixin_synthetic)
[08Mar2025 17:21:34.020] [main/DEBUG] [mixin/]: MixinPlatformAgentDefault accepted container SecureJarResource(mixin_synthetic)
[08Mar2025 17:21:34.020] [main/DEBUG] [mixin/]: Instancing new FMLMixinPlatformAgent for SecureJarResource(mixin_synthetic)
[08Mar2025 17:21:34.020] [main/DEBUG] [mixin/]: FMLMixinPlatformAgent rejected container SecureJarResource(mixin_synthetic)
[08Mar2025 17:21:34.020] [main/DEBUG] [mixin/]: Processing prepare() for PlatformAgent[MixinPlatformAgentDefault:SecureJarResource(mixin_synthetic)]
[08Mar2025 17:21:34.020] [main/DEBUG] [mixin/]: Adding mixin platform agents for container SecureJarResource(minecraft)
[08Mar2025 17:21:34.020] [main/DEBUG] [mixin/]: Instancing new MixinPlatformAgentMinecraftForge for SecureJarResource(minecraft)
[08Mar2025 17:21:34.020] [main/DEBUG] [mixin/]: MixinPlatformAgentMinecraftForge rejected container SecureJarResource(minecraft)
[08Mar2025 17:21:34.020] [main/DEBUG] [mixin/]: Instancing new MixinPlatformAgentDefault for SecureJarResource(minecraft)
[08Mar2025 17:21:34.021] [main/DEBUG] [mixin/]: MixinPlatformAgentDefault accepted container SecureJarResource(minecraft)
[08Mar2025 17:21:34.021] [main/DEBUG] [mixin/]: Instancing new FMLMixinPlatformAgent for SecureJarResource(minecraft)
[08Mar2025 17:21:34.021] [main/DEBUG] [mixin/]: FMLMixinPlatformAgent rejected container SecureJarResource(minecraft)
[08Mar2025 17:21:34.021] [main/DEBUG] [mixin/]: Processing prepare() for PlatformAgent[MixinPlatformAgentDefault:SecureJarResource(minecraft)]
[08Mar2025 17:21:34.021] [main/DEBUG] [mixin/]: Adding mixin platform agents for container SecureJarResource(tloa)
[08Mar2025 17:21:34.021] [main/DEBUG] [mixin/]: Instancing new MixinPlatformAgentMinecraftForge for SecureJarResource(tloa)
[08Mar2025 17:21:34.021] [main/DEBUG] [mixin/]: MixinPlatformAgentMinecraftForge rejected container SecureJarResource(tloa)
[08Mar2025 17:21:34.021] [main/DEBUG] [mixin/]: Instancing new MixinPlatformAgentDefault for SecureJarResource(tloa)
[08Mar2025 17:21:34.021] [main/DEBUG] [mixin/]: MixinPlatformAgentDefault accepted container SecureJarResource(tloa)
[08Mar2025 17:21:34.021] [main/DEBUG] [mixin/]: Instancing new FMLMixinPlatformAgent for SecureJarResource(tloa)
[08Mar2025 17:21:34.021] [main/DEBUG] [mixin/]: FMLMixinPlatformAgent rejected container SecureJarResource(tloa)
[08Mar2025 17:21:34.021] [main/DEBUG] [mixin/]: Processing prepare() for PlatformAgent[MixinPlatformAgentDefault:SecureJarResource(tloa)]
[08Mar2025 17:21:34.021] [main/DEBUG] [mixin/]: Adding mixin platform agents for container SecureJarResource(mixinextras.neoforge)
[08Mar2025 17:21:34.021] [main/DEBUG] [mixin/]: Instancing new MixinPlatformAgentMinecraftForge for SecureJarResource(mixinextras.neoforge)
[08Mar2025 17:21:34.021] [main/DEBUG] [mixin/]: MixinPlatformAgentMinecraftForge rejected container SecureJarResource(mixinextras.neoforge)
[08Mar2025 17:21:34.021] [main/DEBUG] [mixin/]: Instancing new MixinPlatformAgentDefault for SecureJarResource(mixinextras.neoforge)
[08Mar2025 17:21:34.021] [main/DEBUG] [mixin/]: MixinPlatformAgentDefault accepted container SecureJarResource(mixinextras.neoforge)
[08Mar2025 17:21:34.021] [main/DEBUG] [mixin/]: Instancing new FMLMixinPlatformAgent for SecureJarResource(mixinextras.neoforge)
[08Mar2025 17:21:34.021] [main/DEBUG] [mixin/]: FMLMixinPlatformAgent rejected container SecureJarResource(mixinextras.neoforge)
[08Mar2025 17:21:34.021] [main/DEBUG] [mixin/]: Processing prepare() for PlatformAgent[MixinPlatformAgentDefault:SecureJarResource(mixinextras.neoforge)]
[08Mar2025 17:21:34.021] [main/DEBUG] [mixin/]: Registering mixin config: mixinextras.init.mixins.json source=SecureJarResource(mixinextras.neoforge)
[08Mar2025 17:21:34.023] [main/DEBUG] [mixin/]: inject() running with 6 agents
[08Mar2025 17:21:34.024] [main/DEBUG] [mixin/]: Processing inject() for PlatformAgent[MixinPlatformAgentDefault:ModLauncher Root Container(ModLauncher:4f56a0a2)]
[08Mar2025 17:21:34.024] [main/DEBUG] [mixin/]: Processing inject() for PlatformAgent[MixinPlatformAgentDefault:net.neoforged.fml.loading.mixin.FMLMixinContainerHandle@8d7b252]
[08Mar2025 17:21:34.024] [main/DEBUG] [mixin/]: Processing inject() for PlatformAgent[FMLMixinPlatformAgent:null]
[08Mar2025 17:21:34.024] [main/DEBUG] [mixin/]: Processing inject() for PlatformAgent[MixinPlatformAgentDefault:SecureJarResource(mixin_synthetic)]
[08Mar2025 17:21:34.024] [main/DEBUG] [mixin/]: Processing inject() for PlatformAgent[MixinPlatformAgentDefault:SecureJarResource(minecraft)]
[08Mar2025 17:21:34.024] [main/DEBUG] [mixin/]: Processing inject() for PlatformAgent[MixinPlatformAgentDefault:SecureJarResource(tloa)]
[08Mar2025 17:21:34.024] [main/DEBUG] [mixin/]: Processing inject() for PlatformAgent[MixinPlatformAgentDefault:SecureJarResource(mixinextras.neoforge)]
[08Mar2025 17:21:34.024] [main/INFO] [cpw.mods.modlauncher.LaunchServiceHandler/MODLAUNCHER]: Launching target 'forgeclientuserdev' with arguments [--version, 21.1.92, --gameDir, ., --assetsDir, C:\Users\tucke\.mcreator\gradle\caches\neoformruntime\assets, --assetIndex, 17]
[08Mar2025 17:21:34.073] [main/DEBUG] [mixin/]: Preparing mixins for MixinEnvironment[DEFAULT]
[08Mar2025 17:21:34.074] [main/DEBUG] [mixin/]: Selecting config neoforge.mixins.json
[08Mar2025 17:21:34.082] [main/DEBUG] [mixin/]: Selecting config mixinextras.init.mixins.json
[08Mar2025 17:21:34.131] [main/DEBUG] [MixinExtras|Service/]: com.llamalad7.mixinextras.service.MixinExtrasServiceImpl(version=0.4.1) is taking over from null
[08Mar2025 17:21:34.201] [main/DEBUG] [mixin/]: Registering new injector for @Inject with org.spongepowered.asm.mixin.injection.struct.CallbackInjectionInfo
[08Mar2025 17:21:34.204] [main/DEBUG] [mixin/]: Registering new injector for @ModifyArg with org.spongepowered.asm.mixin.injection.struct.ModifyArgInjectionInfo
[08Mar2025 17:21:34.205] [main/DEBUG] [mixin/]: Registering new injector for @ModifyArgs with org.spongepowered.asm.mixin.injection.struct.ModifyArgsInjectionInfo
[08Mar2025 17:21:34.208] [main/DEBUG] [mixin/]: Registering new injector for @Redirect with org.spongepowered.asm.mixin.injection.struct.RedirectInjectionInfo
[08Mar2025 17:21:34.211] [main/DEBUG] [mixin/]: Registering new injector for @ModifyVariable with org.spongepowered.asm.mixin.injection.struct.ModifyVariableInjectionInfo
[08Mar2025 17:21:34.213] [main/DEBUG] [mixin/]: Registering new injector for @ModifyConstant with org.spongepowered.asm.mixin.injection.struct.ModifyConstantInjectionInfo
[08Mar2025 17:21:34.232] [main/DEBUG] [mixin/]: Preparing neoforge.mixins.json (2)
[08Mar2025 17:21:34.311] [main/DEBUG] [mixin/]: Preparing mixinextras.init.mixins.json (0)
[08Mar2025 17:21:34.330] [main/DEBUG] [mixin/]: Prepared 2 mixins in 0.254 sec (127.0ms avg) (0ms load, 0ms transform, 0ms plugin)
[08Mar2025 17:21:34.721] [main/DEBUG] [io.netty.util.internal.logging.InternalLoggerFactory/]: Using SLF4J as the default logging framework
[08Mar2025 17:21:34.730] [main/DEBUG] [io.netty.util.ResourceLeakDetector/]: -Dio.netty.leakDetection.level: simple
[08Mar2025 17:21:34.730] [main/DEBUG] [io.netty.util.ResourceLeakDetector/]: -Dio.netty.leakDetection.targetRecords: 4
[08Mar2025 17:21:35.820] [main/DEBUG] [oshi.util.FileUtil/]: No oshi.properties file found from ClassLoader cpw.mods.modlauncher.TransformingClassLoader@2f04105
[08Mar2025 17:21:36.167] [Datafixer Bootstrap/INFO] [com.mojang.datafixers.DataFixerBuilder/]: 229 Datafixer optimizations took 380 milliseconds
[08Mar2025 17:21:36.336] [main/DEBUG] [oshi.util.FileUtil/]: No oshi.architecture.properties file found from ClassLoader cpw.mods.modlauncher.TransformingClassLoader@2f04105
[08Mar2025 17:21:36.454] [pool-7-thread-1/INFO] [MixinExtras|Service/]: Initializing MixinExtras via com.llamalad7.mixinextras.service.MixinExtrasServiceImpl(version=0.4.1).
[08Mar2025 17:21:36.456] [pool-7-thread-1/DEBUG] [mixin/]: Registering new injector for @SugarWrapper with com.llamalad7.mixinextras.sugar.impl.SugarWrapperInjectionInfo
[08Mar2025 17:21:36.456] [pool-7-thread-1/DEBUG] [mixin/]: Registering new injector for @FactoryRedirectWrapper with com.llamalad7.mixinextras.wrapper.factory.FactoryRedirectWrapperInjectionInfo
[08Mar2025 17:21:36.461] [pool-7-thread-1/DEBUG] [mixin/]: Mixing MappedRegistryAccessor from neoforge.mixins.json into net.minecraft.core.MappedRegistry
[08Mar2025 17:21:36.466] [pool-7-thread-1/DEBUG] [mixin/]: neoforge.mixins.json:MappedRegistryAccessor from mod neoforge: Class version 65 required is higher than the class version supported by the current version of Mixin (JAVA_16 supports class version 60)
[08Mar2025 17:21:37.474] [pool-7-thread-1/DEBUG] [mixin/]: Mixing BlockEntityTypeAccessor from neoforge.mixins.json into net.minecraft.world.level.block.entity.BlockEntityType
[08Mar2025 17:21:37.474] [pool-7-thread-1/DEBUG] [mixin/]: neoforge.mixins.json:BlockEntityTypeAccessor from mod neoforge: Class version 65 required is higher than the class version supported by the current version of Mixin (JAVA_16 supports class version 60)
[08Mar2025 17:21:38.832] [pool-7-thread-1/DEBUG] [io.netty.util.internal.PlatformDependent0/]: -Dio.netty.noUnsafe: false
[08Mar2025 17:21:38.832] [pool-7-thread-1/DEBUG] [io.netty.util.internal.PlatformDependent0/]: Java version: 21
[08Mar2025 17:21:38.832] [pool-7-thread-1/DEBUG] [io.netty.util.internal.PlatformDependent0/]: sun.misc.Unsafe.theUnsafe: available
[08Mar2025 17:21:38.832] [pool-7-thread-1/DEBUG] [io.netty.util.internal.PlatformDependent0/]: sun.misc.Unsafe.copyMemory: available
[08Mar2025 17:21:38.847] [pool-7-thread-1/DEBUG] [io.netty.util.internal.PlatformDependent0/]: sun.misc.Unsafe.storeFence: available
[08Mar2025 17:21:38.847] [pool-7-thread-1/DEBUG] [io.netty.util.internal.PlatformDependent0/]: java.nio.Buffer.address: available
[08Mar2025 17:21:38.847] [pool-7-thread-1/DEBUG] [io.netty.util.internal.PlatformDependent0/]: direct buffer constructor: unavailable: Reflective setAccessible(true) disabled
[08Mar2025 17:21:38.847] [pool-7-thread-1/DEBUG] [io.netty.util.internal.PlatformDependent0/]: java.nio.Bits.unaligned: available, true
[08Mar2025 17:21:38.847] [pool-7-thread-1/DEBUG] [io.netty.util.internal.PlatformDependent0/]: jdk.internal.misc.Unsafe.allocateUninitializedArray(int): unavailable: class io.netty.util.internal.PlatformDependent0$7 (in module io.netty.common) cannot access class jdk.internal.misc.Unsafe (in module java.base) because module java.base does not export jdk.internal.misc to module io.netty.common
[08Mar2025 17:21:38.847] [pool-7-thread-1/DEBUG] [io.netty.util.internal.PlatformDependent0/]: java.nio.DirectByteBuffer.<init>(long, {int,long}): unavailable
[08Mar2025 17:21:38.847] [pool-7-thread-1/DEBUG] [io.netty.util.internal.PlatformDependent/]: sun.misc.Unsafe: available
[08Mar2025 17:21:38.847] [pool-7-thread-1/DEBUG] [io.netty.util.internal.PlatformDependent/]: maxDirectMemory: 3143630848 bytes (maybe)
[08Mar2025 17:21:38.852] [pool-7-thread-1/DEBUG] [io.netty.util.internal.PlatformDependent/]: -Dio.netty.tmpdir: C:\Users\tucke\AppData\Local\Temp (java.io.tmpdir)
[08Mar2025 17:21:38.852] [pool-7-thread-1/DEBUG] [io.netty.util.internal.PlatformDependent/]: -Dio.netty.bitMode: 64 (sun.arch.data.model)
[08Mar2025 17:21:38.852] [pool-7-thread-1/DEBUG] [io.netty.util.internal.PlatformDependent/]: Platform: Windows
[08Mar2025 17:21:38.852] [pool-7-thread-1/DEBUG] [io.netty.util.internal.PlatformDependent/]: -Dio.netty.maxDirectMemory: -1 bytes
[08Mar2025 17:21:38.852] [pool-7-thread-1/DEBUG] [io.netty.util.internal.PlatformDependent/]: -Dio.netty.uninitializedArrayAllocationThreshold: -1
[08Mar2025 17:21:38.854] [pool-7-thread-1/DEBUG] [io.netty.util.internal.CleanerJava9/]: java.nio.ByteBuffer.cleaner(): available
[08Mar2025 17:21:38.854] [pool-7-thread-1/DEBUG] [io.netty.util.internal.PlatformDependent/]: -Dio.netty.noPreferDirect: false
[08Mar2025 17:21:41.378] [main/WARN] [net.minecraft.commands.Commands/]: Ambiguity between arguments [teleport, location] and [teleport, destination] with inputs: [0.1 -0.5 .9, 0 0 0]
[08Mar2025 17:21:41.380] [main/WARN] [net.minecraft.commands.Commands/]: Ambiguity between arguments [teleport, location] and [teleport, targets] with inputs: [0.1 -0.5 .9, 0 0 0]
[08Mar2025 17:21:41.383] [main/WARN] [net.minecraft.commands.Commands/]: Ambiguity between arguments [teleport, destination] and [teleport, targets] with inputs: [Player, 0123, @e, dd12be42-52a9-4a91-a8a1-11c01849e498]
[08Mar2025 17:21:41.384] [main/WARN] [net.minecraft.commands.Commands/]: Ambiguity between arguments [teleport, targets] and [teleport, destination] with inputs: [Player, 0123, dd12be42-52a9-4a91-a8a1-11c01849e498]
[08Mar2025 17:21:41.386] [main/WARN] [net.minecraft.commands.Commands/]: Ambiguity between arguments [teleport, targets, location] and [teleport, targets, destination] with inputs: [0.1 -0.5 .9, 0 0 0]
[08Mar2025 17:21:41.523] [Render thread/WARN] [net.minecraft.server.packs.VanillaPackResourcesBuilder/]: Assets URL 'union:/C:/Users/tucke/MCreatorWorkspaces/TheLegendofSteve/build/moddev/artifacts/neoforge-21.1.92.jar%23183!/assets/.mcassetsroot' uses unexpected schema
[08Mar2025 17:21:41.523] [Render thread/WARN] [net.minecraft.server.packs.VanillaPackResourcesBuilder/]: Assets URL 'union:/C:/Users/tucke/MCreatorWorkspaces/TheLegendofSteve/build/moddev/artifacts/neoforge-21.1.92.jar%23183!/data/.mcassetsroot' uses unexpected schema
[08Mar2025 17:21:41.571] [Render thread/INFO] [com.mojang.authlib.yggdrasil.YggdrasilAuthenticationService/]: Environment: Environment[sessionHost=https://sessionserver.mojang.com, servicesHost=https://api.minecraftservices.com, name=PROD]
[08Mar2025 17:21:41.581] [Render thread/INFO] [net.minecraft.client.Minecraft/]: Setting user: Dev
[08Mar2025 17:21:41.692] [Render thread/INFO] [net.minecraft.client.Minecraft/]: Backend library: LWJGL version 3.3.3+5
[08Mar2025 17:21:41.933] [Render thread/DEBUG] [net.neoforged.fml.ModWorkManager/LOADING]: Using 16 threads for parallel mod-loading
[08Mar2025 17:21:41.967] [Render thread/DEBUG] [net.neoforged.fml.javafmlmod.FMLModContainer/LOADING]: Creating FMLModContainer instance for [net.neoforged.neoforge.common.NeoForgeMod, net.neoforged.neoforge.client.ClientNeoForgeMod]
[08Mar2025 17:21:41.978] [Render thread/DEBUG] [net.neoforged.fml.javafmlmod.FMLModContainer/LOADING]: Creating FMLModContainer instance for [net.mcreator.tloa.TloaMod]
[08Mar2025 17:21:42.044] [modloading-worker-0/DEBUG] [net.neoforged.neoforge.internal.versions.neoforge.NeoForgeVersion/CORE]: Found NeoForge version 21.1.92
[08Mar2025 17:21:42.044] [modloading-worker-0/DEBUG] [net.neoforged.neoforge.internal.versions.neoforge.NeoForgeVersion/CORE]: Found FML version 4.0.34
[08Mar2025 17:21:42.044] [modloading-worker-0/INFO] [net.neoforged.neoforge.common.NeoForgeMod/NEOFORGE-MOD]: NeoForge mod loading, version 21.1.92, for MC 1.21.1
[08Mar2025 17:21:42.075] [modloading-worker-0/DEBUG] [net.neoforged.fml.config.ConfigTracker/CONFIG]: Config file neoforge-client.toml for neoforge tracking
[08Mar2025 17:21:42.075] [modloading-worker-0/DEBUG] [net.neoforged.fml.config.ConfigTracker/CONFIG]: Config file neoforge-server.toml for neoforge tracking
[08Mar2025 17:21:42.076] [modloading-worker-0/DEBUG] [net.neoforged.fml.config.ConfigTracker/CONFIG]: Config file neoforge-common.toml for neoforge tracking
[08Mar2025 17:21:42.147] [modloading-worker-0/DEBUG] [net.neoforged.fml.javafmlmod.AutomaticEventSubscriber/LOADING]: Attempting to inject @EventBusSubscriber classes into the eventbus for neoforge
[08Mar2025 17:21:42.149] [modloading-worker-0/DEBUG] [net.neoforged.fml.javafmlmod.AutomaticEventSubscriber/LOADING]: Auto-subscribing net.neoforged.neoforge.server.command.ConfigCommand to GAME
[08Mar2025 17:21:42.150] [modloading-worker-0/DEBUG] [net.neoforged.fml.javafmlmod.AutomaticEventSubscriber/LOADING]: Auto-subscribing net.neoforged.neoforge.network.filters.GenericPacketSplitter to MOD
[08Mar2025 17:21:42.172] [modloading-worker-0/DEBUG] [io.netty.buffer.AbstractByteBuf/]: -Dio.netty.buffer.checkAccessible: true
[08Mar2025 17:21:42.172] [modloading-worker-0/DEBUG] [io.netty.buffer.AbstractByteBuf/]: -Dio.netty.buffer.checkBounds: true
[08Mar2025 17:21:42.173] [modloading-worker-0/DEBUG] [io.netty.util.ResourceLeakDetectorFactory/]: Loaded default ResourceLeakDetector: io.netty.util.ResourceLeakDetector@781bfda4
[08Mar2025 17:21:42.181] [modloading-worker-0/DEBUG] [io.netty.util.internal.InternalThreadLocalMap/]: -Dio.netty.threadLocalMap.stringBuilder.initialSize: 1024
[08Mar2025 17:21:42.181] [modloading-worker-0/DEBUG] [io.netty.util.internal.InternalThreadLocalMap/]: -Dio.netty.threadLocalMap.stringBuilder.maxSize: 4096
[08Mar2025 17:21:42.184] [modloading-worker-0/DEBUG] [io.netty.buffer.PooledByteBufAllocator/]: -Dio.netty.allocator.numHeapArenas: 32
[08Mar2025 17:21:42.184] [modloading-worker-0/DEBUG] [io.netty.buffer.PooledByteBufAllocator/]: -Dio.netty.allocator.numDirectArenas: 32
[08Mar2025 17:21:42.184] [modloading-worker-0/DEBUG] [io.netty.buffer.PooledByteBufAllocator/]: -Dio.netty.allocator.pageSize: 8192
[08Mar2025 17:21:42.184] [modloading-worker-0/DEBUG] [io.netty.buffer.PooledByteBufAllocator/]: -Dio.netty.allocator.maxOrder: 9
[08Mar2025 17:21:42.184] [modloading-worker-0/DEBUG] [io.netty.buffer.PooledByteBufAllocator/]: -Dio.netty.allocator.chunkSize: 4194304
[08Mar2025 17:21:42.184] [modloading-worker-0/DEBUG] [io.netty.buffer.PooledByteBufAllocator/]: -Dio.netty.allocator.smallCacheSize: 256
[08Mar2025 17:21:42.184] [modloading-worker-0/DEBUG] [io.netty.buffer.PooledByteBufAllocator/]: -Dio.netty.allocator.normalCacheSize: 64
[08Mar2025 17:21:42.184] [modloading-worker-0/DEBUG] [io.netty.buffer.PooledByteBufAllocator/]: -Dio.netty.allocator.maxCachedBufferCapacity: 32768
[08Mar2025 17:21:42.184] [modloading-worker-0/DEBUG] [io.netty.buffer.PooledByteBufAllocator/]: -Dio.netty.allocator.cacheTrimInterval: 8192
[08Mar2025 17:21:42.184] [modloading-worker-0/DEBUG] [io.netty.buffer.PooledByteBufAllocator/]: -Dio.netty.allocator.cacheTrimIntervalMillis: 0
[08Mar2025 17:21:42.184] [modloading-worker-0/DEBUG] [io.netty.buffer.PooledByteBufAllocator/]: -Dio.netty.allocator.useCacheForAllThreads: false
[08Mar2025 17:21:42.184] [modloading-worker-0/DEBUG] [io.netty.buffer.PooledByteBufAllocator/]: -Dio.netty.allocator.maxCachedByteBuffersPerChunk: 1023
[08Mar2025 17:21:42.193] [modloading-worker-0/DEBUG] [io.netty.buffer.ByteBufUtil/]: -Dio.netty.allocator.type: pooled
[08Mar2025 17:21:42.193] [modloading-worker-0/DEBUG] [io.netty.buffer.ByteBufUtil/]: -Dio.netty.threadLocalDirectBufferSize: 0
[08Mar2025 17:21:42.194] [modloading-worker-0/DEBUG] [io.netty.buffer.ByteBufUtil/]: -Dio.netty.maxThreadLocalCharBufferSize: 16384
[08Mar2025 17:21:42.202] [modloading-worker-0/DEBUG] [net.neoforged.fml.javafmlmod.AutomaticEventSubscriber/LOADING]: Auto-subscribing net.neoforged.neoforge.network.NetworkInitialization to MOD
[08Mar2025 17:21:42.204] [modloading-worker-0/DEBUG] [net.neoforged.fml.javafmlmod.AutomaticEventSubscriber/LOADING]: Auto-subscribing net.neoforged.neoforge.network.ConfigurationInitialization to MOD
[08Mar2025 17:21:42.207] [modloading-worker-0/DEBUG] [net.neoforged.fml.javafmlmod.AutomaticEventSubscriber/LOADING]: Auto-subscribing net.neoforged.neoforge.common.MonsterRoomHooks to GAME
[08Mar2025 17:21:42.208] [modloading-worker-0/DEBUG] [net.neoforged.fml.javafmlmod.AutomaticEventSubscriber/LOADING]: Auto-subscribing net.neoforged.neoforge.common.DeferredSpawnEggItem$CommonHandler to MOD
[08Mar2025 17:21:42.209] [modloading-worker-0/DEBUG] [net.neoforged.fml.javafmlmod.AutomaticEventSubscriber/LOADING]: Auto-subscribing net.neoforged.neoforge.common.DeferredSpawnEggItem$ColorRegisterHandler to MOD
[08Mar2025 17:21:42.210] [modloading-worker-0/DEBUG] [net.neoforged.fml.javafmlmod.AutomaticEventSubscriber/LOADING]: Auto-subscribing net.neoforged.neoforge.client.model.data.ModelDataManager to GAME
[08Mar2025 17:21:42.211] [modloading-worker-0/DEBUG] [net.neoforged.fml.javafmlmod.AutomaticEventSubscriber/LOADING]: Auto-subscribing net.neoforged.neoforge.client.ParticleBoundsDebugRenderer to GAME
[08Mar2025 17:21:42.214] [modloading-worker-0/DEBUG] [net.neoforged.fml.javafmlmod.AutomaticEventSubscriber/LOADING]: Auto-subscribing net.neoforged.neoforge.client.ClientHooks$ClientEvents to MOD
[08Mar2025 17:21:42.216] [modloading-worker-0/DEBUG] [net.neoforged.fml.javafmlmod.AutomaticEventSubscriber/LOADING]: Auto-subscribing net.neoforged.neoforge.client.BlockEntityRenderBoundsDebugRenderer to GAME
[08Mar2025 17:21:42.217] [modloading-worker-0/DEBUG] [net.neoforged.fml.javafmlmod.AutomaticEventSubscriber/LOADING]: Auto-subscribing net.neoforged.neoforge.attachment.AttachmentInternals to GAME
[08Mar2025 17:21:42.278] [modloading-worker-0/DEBUG] [net.neoforged.fml.javafmlmod.AutomaticEventSubscriber/LOADING]: Attempting to inject @EventBusSubscriber classes into the eventbus for tloa
[08Mar2025 17:21:42.279] [modloading-worker-0/DEBUG] [net.neoforged.fml.javafmlmod.AutomaticEventSubscriber/LOADING]: Auto-subscribing net.mcreator.tloa.client.screens.RupeeCounterOverlay to GAME
[08Mar2025 17:21:42.281] [modloading-worker-0/DEBUG] [net.neoforged.fml.javafmlmod.AutomaticEventSubscriber/LOADING]: Auto-subscribing net.mcreator.tloa.client.screens.StaminaWheelOverlayOverlay to GAME
[08Mar2025 17:21:42.282] [modloading-worker-0/DEBUG] [net.neoforged.fml.javafmlmod.AutomaticEventSubscriber/LOADING]: Auto-subscribing net.mcreator.tloa.init.TloaModBiomes to GAME
[08Mar2025 17:21:42.283] [modloading-worker-0/DEBUG] [net.neoforged.fml.javafmlmod.AutomaticEventSubscriber/LOADING]: Auto-subscribing net.mcreator.tloa.init.TloaModEntities to MOD
[08Mar2025 17:21:42.284] [modloading-worker-0/DEBUG] [net.neoforged.fml.javafmlmod.AutomaticEventSubscriber/LOADING]: Auto-subscribing net.mcreator.tloa.init.TloaModEntityRenderers to MOD
[08Mar2025 17:21:42.285] [modloading-worker-0/DEBUG] [net.neoforged.fml.javafmlmod.AutomaticEventSubscriber/LOADING]: Auto-subscribing net.mcreator.tloa.init.TloaModFuels to GAME
[08Mar2025 17:21:42.286] [modloading-worker-0/DEBUG] [net.neoforged.fml.javafmlmod.AutomaticEventSubscriber/LOADING]: Auto-subscribing net.mcreator.tloa.init.TloaModItems$ItemsClientSideHandler to MOD
[08Mar2025 17:21:42.288] [modloading-worker-0/DEBUG] [net.neoforged.fml.javafmlmod.AutomaticEventSubscriber/LOADING]: Auto-subscribing net.mcreator.tloa.init.TloaModKeyMappings$KeyEventListener to GAME
[08Mar2025 17:21:42.289] [modloading-worker-0/DEBUG] [net.neoforged.fml.javafmlmod.AutomaticEventSubscriber/LOADING]: Auto-subscribing net.mcreator.tloa.init.TloaModKeyMappings to MOD
[08Mar2025 17:21:42.292] [modloading-worker-0/DEBUG] [net.neoforged.fml.javafmlmod.AutomaticEventSubscriber/LOADING]: Auto-subscribing net.mcreator.tloa.init.TloaModModels to MOD
[08Mar2025 17:21:42.293] [modloading-worker-0/DEBUG] [net.neoforged.fml.javafmlmod.AutomaticEventSubscriber/LOADING]: Auto-subscribing net.mcreator.tloa.init.TloaModScreens to MOD
[08Mar2025 17:21:42.295] [modloading-worker-0/DEBUG] [net.neoforged.fml.javafmlmod.AutomaticEventSubscriber/LOADING]: Auto-subscribing net.mcreator.tloa.init.TloaModTabs to MOD
[08Mar2025 17:21:42.295] [modloading-worker-0/DEBUG] [net.neoforged.fml.javafmlmod.AutomaticEventSubscriber/LOADING]: Auto-subscribing net.mcreator.tloa.network.ClimbingKeyMessage to MOD
[08Mar2025 17:21:42.300] [modloading-worker-0/DEBUG] [net.neoforged.fml.javafmlmod.AutomaticEventSubscriber/LOADING]: Auto-subscribing net.mcreator.tloa.network.OpenSheikahSlateGUIMessage to MOD
[08Mar2025 17:21:42.301] [modloading-worker-0/DEBUG] [net.neoforged.fml.javafmlmod.AutomaticEventSubscriber/LOADING]: Auto-subscribing net.mcreator.tloa.network.RupeeCounterKeybindMessage to MOD
[08Mar2025 17:21:42.304] [modloading-worker-0/DEBUG] [net.neoforged.fml.javafmlmod.AutomaticEventSubscriber/LOADING]: Auto-subscribing net.mcreator.tloa.network.SheikahSlateGUIButtonMessage to MOD
[08Mar2025 17:21:42.307] [modloading-worker-0/DEBUG] [net.neoforged.fml.javafmlmod.AutomaticEventSubscriber/LOADING]: Auto-subscribing net.mcreator.tloa.network.TloaModVariables$EventBusVariableHandlers to GAME
[08Mar2025 17:21:42.309] [modloading-worker-0/DEBUG] [net.neoforged.fml.javafmlmod.AutomaticEventSubscriber/LOADING]: Auto-subscribing net.mcreator.tloa.network.TloaModVariables to MOD
[08Mar2025 17:21:42.310] [modloading-worker-0/DEBUG] [net.neoforged.fml.javafmlmod.AutomaticEventSubscriber/LOADING]: Auto-subscribing net.mcreator.tloa.network.UseRuneMessage to MOD
[08Mar2025 17:21:42.312] [modloading-worker-0/DEBUG] [net.neoforged.fml.javafmlmod.AutomaticEventSubscriber/LOADING]: Auto-subscribing net.mcreator.tloa.procedures.BulletTimeProcedure to GAME
[08Mar2025 17:21:42.313] [modloading-worker-0/DEBUG] [net.neoforged.fml.javafmlmod.AutomaticEventSubscriber/LOADING]: Auto-subscribing net.mcreator.tloa.procedures.ClimbingProcedure to GAME
[08Mar2025 17:21:42.315] [modloading-worker-0/DEBUG] [net.neoforged.fml.javafmlmod.AutomaticEventSubscriber/LOADING]: Auto-subscribing net.mcreator.tloa.procedures.HealthSyncProcedure to GAME
[08Mar2025 17:21:42.315] [modloading-worker-0/DEBUG] [net.neoforged.fml.javafmlmod.AutomaticEventSubscriber/LOADING]: Auto-subscribing net.mcreator.tloa.procedures.LostWoodsFogColorProcedure to GAME
[08Mar2025 17:21:42.318] [modloading-worker-0/DEBUG] [net.neoforged.fml.javafmlmod.AutomaticEventSubscriber/LOADING]: Auto-subscribing net.mcreator.tloa.procedures.LostWoodsFogProcedure to GAME
[08Mar2025 17:21:42.320] [modloading-worker-0/DEBUG] [net.neoforged.fml.javafmlmod.AutomaticEventSubscriber/LOADING]: Auto-subscribing net.mcreator.tloa.procedures.RupeeRightClickedProcedure to GAME
[08Mar2025 17:21:42.322] [modloading-worker-0/DEBUG] [net.neoforged.fml.javafmlmod.AutomaticEventSubscriber/LOADING]: Auto-subscribing net.mcreator.tloa.procedures.StaminaDrainProcedure to GAME
[08Mar2025 17:21:42.691] [modloading-sync-worker/DEBUG] [net.neoforged.fml.config.ConfigTracker/CONFIG]: Loading configs type CLIENT
[08Mar2025 17:21:42.706] [modloading-sync-worker/DEBUG] [net.neoforged.neoforge.common.NeoForgeConfig/FORGEMOD]: Loaded NeoForge config file neoforge-client.toml
[08Mar2025 17:21:42.707] [modloading-sync-worker/DEBUG] [net.neoforged.fml.config.ConfigTracker/CONFIG]: Loaded TOML config file C:\Users\tucke\MCreatorWorkspaces\TheLegendofSteve\run\config\neoforge-client.toml
[08Mar2025 17:21:42.715] [modloading-sync-worker/DEBUG] [net.neoforged.fml.config.ConfigTracker/CONFIG]: Watching TOML config file C:\Users\tucke\MCreatorWorkspaces\TheLegendofSteve\run\config\neoforge-client.toml for changes
[08Mar2025 17:21:42.715] [modloading-sync-worker/DEBUG] [net.neoforged.fml.config.ConfigTracker/CONFIG]: Loading configs type COMMON
[08Mar2025 17:21:42.717] [modloading-sync-worker/DEBUG] [net.neoforged.neoforge.common.NeoForgeConfig/FORGEMOD]: Loaded NeoForge config file neoforge-common.toml
[08Mar2025 17:21:42.717] [modloading-sync-worker/DEBUG] [net.neoforged.fml.config.ConfigTracker/CONFIG]: Loaded TOML config file C:\Users\tucke\MCreatorWorkspaces\TheLegendofSteve\run\config\neoforge-common.toml
[08Mar2025 17:21:42.718] [modloading-sync-worker/DEBUG] [net.neoforged.fml.config.ConfigTracker/CONFIG]: Watching TOML config file C:\Users\tucke\MCreatorWorkspaces\TheLegendofSteve\run\config\neoforge-common.toml for changes
[08Mar2025 17:21:43.132] [Render thread/INFO] [net.neoforged.neoforge.gametest.GameTestHooks/]: Enabled Gametest Namespaces: []
[08Mar2025 17:21:43.383] [Render thread/INFO] [net.minecraft.server.packs.resources.ReloadableResourceManager/]: Reloading ResourceManager: vanilla, mod_resources, mod/neoforge, mod/tloa
[08Mar2025 17:21:43.521] [Render thread/DEBUG] [net.neoforged.fml.DeferredWorkQueue/LOADING]: Dispatching synchronous work for work queue Common setup: 1 jobs
[08Mar2025 17:21:43.527] [Render thread/DEBUG] [net.neoforged.fml.DeferredWorkQueue/LOADING]: Synchronous work queue completed in 3.878 ms
[08Mar2025 17:21:43.538] [Worker-Main-4/INFO] [net.minecraft.client.gui.font.providers.UnihexProvider/]: Found unifont_all_no_pua-15.1.05.hex, loading
[08Mar2025 17:21:43.612] [Worker-Main-2/INFO] [net.minecraft.client.gui.font.providers.UnihexProvider/]: Found unifont_jp_patch-15.1.05.hex, loading
[08Mar2025 17:21:43.640] [Render thread/DEBUG] [net.neoforged.fml.DeferredWorkQueue/LOADING]: Dispatching synchronous work for work queue Sided setup: 1 jobs
[08Mar2025 17:21:43.683] [Render thread/DEBUG] [net.neoforged.fml.DeferredWorkQueue/LOADING]: Synchronous work queue completed in 42.56 ms
[08Mar2025 17:21:44.934] [Render thread/WARN] [net.minecraft.client.sounds.SoundEngine/]: Missing sound for event: minecraft:item.goat_horn.play
[08Mar2025 17:21:44.934] [Render thread/WARN] [net.minecraft.client.sounds.SoundEngine/]: Missing sound for event: minecraft:entity.goat.screaming.horn_break
[08Mar2025 17:21:45.620] [Render thread/INFO] [com.mojang.blaze3d.audio.Library/]: OpenAL initialized on device OpenAL Soft on Speakers (Realtek(R) Audio)
[08Mar2025 17:21:45.621] [Render thread/INFO] [net.minecraft.client.sounds.SoundEngine/SOUNDS]: Sound engine started
[08Mar2025 17:21:45.707] [Render thread/INFO] [net.minecraft.client.renderer.texture.TextureAtlas/]: Created: 1024x512x2 minecraft:textures/atlas/blocks.png-atlas
[08Mar2025 17:21:45.718] [Render thread/INFO] [net.minecraft.client.renderer.texture.TextureAtlas/]: Created: 256x256x2 minecraft:textures/atlas/signs.png-atlas
[08Mar2025 17:21:45.718] [Render thread/INFO] [net.minecraft.client.renderer.texture.TextureAtlas/]: Created: 512x512x2 minecraft:textures/atlas/shield_patterns.png-atlas
[08Mar2025 17:21:45.719] [Render thread/INFO] [net.minecraft.client.renderer.texture.TextureAtlas/]: Created: 512x512x2 minecraft:textures/atlas/banner_patterns.png-atlas
[08Mar2025 17:21:45.719] [Render thread/INFO] [net.minecraft.client.renderer.texture.TextureAtlas/]: Created: 1024x1024x2 minecraft:textures/atlas/armor_trims.png-atlas
[08Mar2025 17:21:45.726] [Render thread/INFO] [net.minecraft.client.renderer.texture.TextureAtlas/]: Created: 128x64x2 minecraft:textures/atlas/decorated_pot.png-atlas
[08Mar2025 17:21:45.727] [Render thread/INFO] [net.minecraft.client.renderer.texture.TextureAtlas/]: Created: 256x256x2 minecraft:textures/atlas/chest.png-atlas
[08Mar2025 17:21:45.727] [Render thread/INFO] [net.minecraft.client.renderer.texture.TextureAtlas/]: Created: 512x256x2 minecraft:textures/atlas/shulker_boxes.png-atlas
[08Mar2025 17:21:45.727] [Render thread/INFO] [net.minecraft.client.renderer.texture.TextureAtlas/]: Created: 512x256x2 minecraft:textures/atlas/beds.png-atlas
[08Mar2025 17:21:45.817] [Render thread/INFO] [net.minecraft.client.renderer.texture.TextureAtlas/]: Created: 512x256x0 minecraft:textures/atlas/particles.png-atlas
[08Mar2025 17:21:45.819] [Render thread/INFO] [net.minecraft.client.renderer.texture.TextureAtlas/]: Created: 512x256x0 minecraft:textures/atlas/paintings.png-atlas
[08Mar2025 17:21:45.819] [Render thread/INFO] [net.minecraft.client.renderer.texture.TextureAtlas/]: Created: 256x128x0 minecraft:textures/atlas/mob_effects.png-atlas
[08Mar2025 17:21:45.820] [Render thread/INFO] [net.minecraft.client.renderer.texture.TextureAtlas/]: Created: 64x64x0 minecraft:textures/atlas/map_decorations.png-atlas
[08Mar2025 17:21:45.820] [Render thread/INFO] [net.minecraft.client.renderer.texture.TextureAtlas/]: Created: 1024x512x0 minecraft:textures/atlas/gui.png-atlas
[08Mar2025 17:21:45.848] [Render thread/WARN] [net.minecraft.client.renderer.ShaderInstance/]: Shader rendertype_entity_translucent_emissive could not find sampler named Sampler2 in the specified shader program.
[08Mar2025 17:21:45.923] [Render thread/INFO] [net.neoforged.neoforge.client.entity.animation.json.AnimationLoader/]: Loaded 0 entity animations
[08Mar2025 17:21:54.699] [Render thread/INFO] [net.minecraft.world.item.crafting.RecipeManager/]: Loaded 1314 recipes
[08Mar2025 17:21:54.899] [Render thread/INFO] [net.minecraft.advancements.AdvancementTree/]: Loaded 1399 advancements
[08Mar2025 17:21:55.386] [Render thread/DEBUG] [net.neoforged.neoforge.common.CommonHooks/WP]: Gathered mod list to write to world save Test 2
[08Mar2025 17:21:55.511] [Server thread/INFO] [net.minecraft.client.server.IntegratedServer/]: Starting integrated minecraft server version 1.21.1
[08Mar2025 17:21:55.511] [Server thread/INFO] [net.minecraft.server.MinecraftServer/]: Generating keypair
[08Mar2025 17:21:55.652] [Server thread/DEBUG] [net.neoforged.fml.config.ConfigTracker/CONFIG]: Loading configs type SERVER
[08Mar2025 17:21:55.654] [Server thread/DEBUG] [net.neoforged.neoforge.common.NeoForgeConfig/FORGEMOD]: Loaded NeoForge config file neoforge-server.toml
[08Mar2025 17:21:55.654] [Server thread/DEBUG] [net.neoforged.fml.config.ConfigTracker/CONFIG]: Loaded TOML config file C:\Users\tucke\MCreatorWorkspaces\TheLegendofSteve\run\config\neoforge-server.toml
[08Mar2025 17:21:55.654] [Server thread/DEBUG] [net.neoforged.fml.config.ConfigTracker/CONFIG]: Watching TOML config file C:\Users\tucke\MCreatorWorkspaces\TheLegendofSteve\run\config\neoforge-server.toml for changes
[08Mar2025 17:21:57.026] [Server thread/INFO] [net.minecraft.server.MinecraftServer/]: Preparing start region for dimension minecraft:overworld
[08Mar2025 17:21:57.337] [progressListener/INFO] [net.minecraft.server.level.progress.LoggerChunkProgressListener/]: Preparing spawn area: 0%
[08Mar2025 17:21:57.465] [Server thread/INFO] [net.neoforged.neoforge.server.permission.PermissionAPI/]: Successfully initialized permission handler neoforge:default_handler
[08Mar2025 17:21:57.469] [progressListener/INFO] [net.minecraft.server.level.progress.LoggerChunkProgressListener/]: Time elapsed: 439 ms
[08Mar2025 17:21:57.549] [Server thread/INFO] [net.minecraft.client.server.IntegratedServer/]: Changing view distance to 5, from 10
[08Mar2025 17:21:57.549] [Server thread/INFO] [net.minecraft.client.server.IntegratedServer/]: Changing simulation distance to 12, from 0
[08Mar2025 17:21:57.571] [Render thread/DEBUG] [io.netty.channel.MultithreadEventLoopGroup/]: -Dio.netty.eventLoopThreads: 32
[08Mar2025 17:21:57.593] [Render thread/DEBUG] [io.netty.util.concurrent.GlobalEventExecutor/]: -Dio.netty.globalEventExecutor.quietPeriodSeconds: 1
[08Mar2025 17:21:57.605] [Render thread/DEBUG] [io.netty.channel.nio.NioEventLoop/]: -Dio.netty.noKeySetOptimization: false
[08Mar2025 17:21:57.605] [Render thread/DEBUG] [io.netty.channel.nio.NioEventLoop/]: -Dio.netty.selectorAutoRebuildThreshold: 512
[08Mar2025 17:21:57.614] [Render thread/DEBUG] [io.netty.util.internal.PlatformDependent/]: org.jctools-core.MpscChunkedArrayQueue: available
[08Mar2025 17:21:57.676] [Render thread/DEBUG] [io.netty.channel.DefaultChannelId/]: -Dio.netty.processId: 23556 (auto-detected)
[08Mar2025 17:21:57.681] [Render thread/DEBUG] [io.netty.util.NetUtil/]: -Djava.net.preferIPv4Stack: false
[08Mar2025 17:21:57.681] [Render thread/DEBUG] [io.netty.util.NetUtil/]: -Djava.net.preferIPv6Addresses: system
[08Mar2025 17:21:57.686] [Render thread/DEBUG] [io.netty.util.NetUtilInitializations/]: Loopback interface: loopback_0 (Software Loopback Interface 1, 0:0:0:0:0:0:0:1)
[08Mar2025 17:21:57.687] [Render thread/DEBUG] [io.netty.util.NetUtil/]: Failed to get SOMAXCONN from sysctl and file \proc\sys\net\core\somaxconn. Default: 200
[08Mar2025 17:21:57.690] [Render thread/DEBUG] [io.netty.channel.DefaultChannelId/]: -Dio.netty.machineId: 14:ac:60:ff:fe:d2:1e:8e (auto-detected)
[08Mar2025 17:21:57.856] [Render thread/DEBUG] [io.netty.util.Recycler/]: -Dio.netty.recycler.maxCapacityPerThread: 4096
[08Mar2025 17:21:57.856] [Render thread/DEBUG] [io.netty.util.Recycler/]: -Dio.netty.recycler.ratio: 8
[08Mar2025 17:21:57.856] [Render thread/DEBUG] [io.netty.util.Recycler/]: -Dio.netty.recycler.chunkSize: 32
[08Mar2025 17:21:57.856] [Render thread/DEBUG] [io.netty.util.Recycler/]: -Dio.netty.recycler.blocking: false
[08Mar2025 17:21:57.856] [Render thread/DEBUG] [io.netty.util.Recycler/]: -Dio.netty.recycler.batchFastThreadLocalOnly: true
[08Mar2025 17:21:58.012] [Netty Server IO #1/DEBUG] [net.neoforged.neoforge.network.filters.NetworkFilters/]: Injected net.neoforged.neoforge.network.filters.GenericPacketSplitter@19c2226f into net.minecraft.network.Connection@380ccb53
[08Mar2025 17:21:58.018] [Netty Local Client IO #0/DEBUG] [net.neoforged.neoforge.network.filters.NetworkFilters/]: Injected net.neoforged.neoforge.network.filters.GenericPacketSplitter@4fe34ba4 into net.minecraft.network.Connection@17b502e9
[08Mar2025 17:21:58.328] [Netty Server IO #1/DEBUG] [net.neoforged.neoforge.network.filters.NetworkFilters/]: Injected net.neoforged.neoforge.network.filters.GenericPacketSplitter@2fb0103d into net.minecraft.network.Connection@380ccb53
[08Mar2025 17:21:58.389] [Server thread/INFO] [net.minecraft.server.players.PlayerList/]: Dev[local:E:4fb869f5] logged in with entity id 55 at (70.85908474152596, 68.0, 27.30000001192093)
[08Mar2025 17:21:58.464] [Server thread/INFO] [net.minecraft.server.MinecraftServer/]: Dev joined the game
[08Mar2025 17:21:58.559] [Server thread/INFO] [net.mcreator.tloa.TloaMod/]: Current Stamina:33.5
[08Mar2025 17:21:58.559] [Server thread/INFO] [net.mcreator.tloa.TloaMod/]: Rounded Stamina34
[08Mar2025 17:21:58.559] [Server thread/INFO] [net.mcreator.tloa.TloaMod/]: Can Stamina:true
[08Mar2025 17:21:58.560] [Server thread/INFO] [net.mcreator.tloa.TloaMod/]: Max Stamina50.0
[08Mar2025 17:21:58.586] [Render thread/INFO] [net.minecraft.advancements.AdvancementTree/]: Loaded 2 advancements
[08Mar2025 17:21:58.630] [Server thread/INFO] [net.mcreator.tloa.TloaMod/]: Current Stamina:34
[08Mar2025 17:21:58.632] [Server thread/INFO] [net.mcreator.tloa.TloaMod/]: Rounded Stamina34
[08Mar2025 17:21:58.632] [Server thread/INFO] [net.mcreator.tloa.TloaMod/]: Can Stamina:true
[08Mar2025 17:21:58.632] [Server thread/INFO] [net.mcreator.tloa.TloaMod/]: Max Stamina50.0
[08Mar2025 17:21:58.643] [Server thread/INFO] [net.mcreator.tloa.TloaMod/]: Current Stamina:34.5
[08Mar2025 17:21:58.643] [Server thread/INFO] [net.mcreator.tloa.TloaMod/]: Rounded Stamina35
[08Mar2025 17:21:58.643] [Server thread/INFO] [net.mcreator.tloa.TloaMod/]: Can Stamina:true
[08Mar2025 17:21:58.643] [Server thread/INFO] [net.mcreator.tloa.TloaMod/]: Max Stamina50.0
[08Mar2025 17:21:58.648] [Server thread/INFO] [net.mcreator.tloa.TloaMod/]: Current Stamina:35
[08Mar2025 17:21:58.648] [Server thread/INFO] [net.mcreator.tloa.TloaMod/]: Rounded Stamina35
[08Mar2025 17:21:58.648] [Server thread/INFO] [net.mcreator.tloa.TloaMod/]: Can Stamina:true
[08Mar2025 17:21:58.648] [Server thread/INFO] [net.mcreator.tloa.TloaMod/]: Max Stamina50.0
[08Mar2025 17:21:58.652] [Server thread/INFO] [net.mcreator.tloa.TloaMod/]: Current Stamina:35.5
[08Mar2025 17:21:58.652] [Server thread/INFO] [net.mcreator.tloa.TloaMod/]: Rounded Stamina36
[08Mar2025 17:21:58.652] [Server thread/INFO] [net.mcreator.tloa.TloaMod/]: Can Stamina:true
[08Mar2025 17:21:58.652] [Server thread/INFO] [net.mcreator.tloa.TloaMod/]: Max Stamina50.0
[08Mar2025 17:21:58.654] [Server thread/INFO] [net.mcreator.tloa.TloaMod/]: Current Stamina:36
[08Mar2025 17:21:58.656] [Server thread/INFO] [net.mcreator.tloa.TloaMod/]: Rounded Stamina36
[08Mar2025 17:21:58.656] [Server thread/INFO] [net.mcreator.tloa.TloaMod/]: Can Stamina:true
[08Mar2025 17:21:58.656] [Server thread/INFO] [net.mcreator.tloa.TloaMod/]: Max Stamina50.0
[08Mar2025 17:21:58.674] [Server thread/INFO] [net.mcreator.tloa.TloaMod/]: Current Stamina:36.5
[08Mar2025 17:21:58.674] [Server thread/INFO] [net.mcreator.tloa.TloaMod/]: Rounded Stamina37
[08Mar2025 17:21:58.674] [Server thread/INFO] [net.mcreator.tloa.TloaMod/]: Can Stamina:true
[08Mar2025 17:21:58.674] [Server thread/INFO] [net.mcreator.tloa.TloaMod/]: Max Stamina50.0
[08Mar2025 17:21:58.735] [Server thread/INFO] [net.mcreator.tloa.TloaMod/]: Current Stamina:37
[08Mar2025 17:21:58.735] [Server thread/INFO] [net.mcreator.tloa.TloaMod/]: Rounded Stamina37
[08Mar2025 17:21:58.735] [Server thread/INFO] [net.mcreator.tloa.TloaMod/]: Can Stamina:true
[08Mar2025 17:21:58.735] [Server thread/INFO] [net.mcreator.tloa.TloaMod/]: Max Stamina50.0
[08Mar2025 17:21:58.743] [Render thread/INFO] [net.mcreator.tloa.TloaMod/]: Current Stamina:37
[08Mar2025 17:21:58.743] [Render thread/INFO] [net.mcreator.tloa.TloaMod/]: Rounded Stamina37
[08Mar2025 17:21:58.743] [Render thread/INFO] [net.mcreator.tloa.TloaMod/]: Can Stamina:true
[08Mar2025 17:21:58.743] [Render thread/INFO] [net.mcreator.tloa.TloaMod/]: Max Stamina50.0
[08Mar2025 17:21:58.757] [Render thread/INFO] [net.mcreator.tloa.TloaMod/]: Current Stamina:37.5
[08Mar2025 17:21:58.757] [Render thread/INFO] [net.mcreator.tloa.TloaMod/]: Rounded Stamina38
[08Mar2025 17:21:58.758] [Render thread/INFO] [net.mcreator.tloa.TloaMod/]: Can Stamina:true
[08Mar2025 17:21:58.758] [Render thread/INFO] [net.mcreator.tloa.TloaMod/]: Max Stamina50.0
[08Mar2025 17:21:58.761] [Render thread/INFO] [net.mcreator.tloa.TloaMod/]: Current Stamina:38
[08Mar2025 17:21:58.761] [Render thread/INFO] [net.mcreator.tloa.TloaMod/]: Rounded Stamina38
[08Mar2025 17:21:58.761] [Render thread/INFO] [net.mcreator.tloa.TloaMod/]: Can Stamina:true
[08Mar2025 17:21:58.762] [Render thread/INFO] [net.mcreator.tloa.TloaMod/]: Max Stamina50.0
[08Mar2025 17:21:58.765] [Render thread/INFO] [net.mcreator.tloa.TloaMod/]: Current Stamina:38.5
[08Mar2025 17:21:58.765] [Render thread/INFO] [net.mcreator.tloa.TloaMod/]: Rounded Stamina39
[08Mar2025 17:21:58.765] [Render thread/INFO] [net.mcreator.tloa.TloaMod/]: Can Stamina:true
[08Mar2025 17:21:58.765] [Render thread/INFO] [net.mcreator.tloa.TloaMod/]: Max Stamina50.0
[08Mar2025 17:21:58.771] [Render thread/INFO] [net.mcreator.tloa.TloaMod/]: Current Stamina:39
[08Mar2025 17:21:58.771] [Render thread/INFO] [net.mcreator.tloa.TloaMod/]: Rounded Stamina39
[08Mar2025 17:21:58.771] [Render thread/INFO] [net.mcreator.tloa.TloaMod/]: Can Stamina:true
[08Mar2025 17:21:58.771] [Render thread/INFO] [net.mcreator.tloa.TloaMod/]: Max Stamina50.0
[08Mar2025 17:21:58.774] [Render thread/INFO] [net.mcreator.tloa.TloaMod/]: Current Stamina:39.5
[08Mar2025 17:21:58.774] [Render thread/INFO] [net.mcreator.tloa.TloaMod/]: Rounded Stamina40
[08Mar2025 17:21:58.774] [Render thread/INFO] [net.mcreator.tloa.TloaMod/]: Can Stamina:true
[08Mar2025 17:21:58.774] [Render thread/INFO] [net.mcreator.tloa.TloaMod/]: Max Stamina50.0
[08Mar2025 17:21:58.782] [Server thread/INFO] [net.mcreator.tloa.TloaMod/]: Current Stamina:37.5
[08Mar2025 17:21:58.782] [Server thread/INFO] [net.mcreator.tloa.TloaMod/]: Rounded Stamina38
[08Mar2025 17:21:58.782] [Server thread/INFO] [net.mcreator.tloa.TloaMod/]: Can Stamina:true
[08Mar2025 17:21:58.782] [Server thread/INFO] [net.mcreator.tloa.TloaMod/]: Max Stamina50.0
[08Mar2025 17:21:58.811] [Render thread/INFO] [net.mcreator.tloa.TloaMod/]: Current Stamina:38
[08Mar2025 17:21:58.811] [Render thread/INFO] [net.mcreator.tloa.TloaMod/]: Rounded Stamina38
[08Mar2025 17:21:58.811] [Render thread/INFO] [net.mcreator.tloa.TloaMod/]: Can Stamina:true
[08Mar2025 17:21:58.811] [Render thread/INFO] [net.mcreator.tloa.TloaMod/]: Max Stamina50.0
[08Mar2025 17:21:58.819] [Render thread/INFO] [net.mcreator.tloa.TloaMod/]: Current Stamina:38.5
[08Mar2025 17:21:58.819] [Render thread/INFO] [net.mcreator.tloa.TloaMod/]: Rounded Stamina39
[08Mar2025 17:21:58.819] [Render thread/INFO] [net.mcreator.tloa.TloaMod/]: Can Stamina:true
[08Mar2025 17:21:58.819] [Render thread/INFO] [net.mcreator.tloa.TloaMod/]: Max Stamina50.0
[08Mar2025 17:21:58.842] [Server thread/INFO] [net.mcreator.tloa.TloaMod/]: Current Stamina:38
[08Mar2025 17:21:58.843] [Server thread/INFO] [net.mcreator.tloa.TloaMod/]: Rounded Stamina38
[08Mar2025 17:21:58.843] [Server thread/INFO] [net.mcreator.tloa.TloaMod/]: Can Stamina:true
[08Mar2025 17:21:58.843] [Server thread/INFO] [net.mcreator.tloa.TloaMod/]: Max Stamina50.0
[08Mar2025 17:21:58.843] [Render thread/INFO] [net.mcreator.tloa.TloaMod/]: Current Stamina:39
[08Mar2025 17:21:58.843] [Render thread/INFO] [net.mcreator.tloa.TloaMod/]: Rounded Stamina39
[08Mar2025 17:21:58.844] [Render thread/INFO] [net.mcreator.tloa.TloaMod/]: Can Stamina:true
[08Mar2025 17:21:58.844] [Render thread/INFO] [net.mcreator.tloa.TloaMod/]: Max Stamina50.0
[08Mar2025 17:21:58.887] [Server thread/INFO] [net.mcreator.tloa.TloaMod/]: Current Stamina:38.5
[08Mar2025 17:21:58.887] [Server thread/INFO] [net.mcreator.tloa.TloaMod/]: Rounded Stamina39
[08Mar2025 17:21:58.887] [Server thread/INFO] [net.mcreator.tloa.TloaMod/]: Can Stamina:true
[08Mar2025 17:21:58.887] [Server thread/INFO] [net.mcreator.tloa.TloaMod/]: Max Stamina50.0
[08Mar2025 17:21:58.888] [Render thread/INFO] [net.mcreator.tloa.TloaMod/]: Current Stamina:38.5
[08Mar2025 17:21:58.888] [Render thread/INFO] [net.mcreator.tloa.TloaMod/]: Rounded Stamina39
[08Mar2025 17:21:58.888] [Render thread/INFO] [net.mcreator.tloa.TloaMod/]: Can Stamina:true
[08Mar2025 17:21:58.888] [Render thread/INFO] [net.mcreator.tloa.TloaMod/]: Max Stamina50.0
[08Mar2025 17:21:58.937] [Render thread/INFO] [net.mcreator.tloa.TloaMod/]: Current Stamina:39
[08Mar2025 17:21:58.937] [Render thread/INFO] [net.mcreator.tloa.TloaMod/]: Rounded Stamina39
[08Mar2025 17:21:58.938] [Render thread/INFO] [net.mcreator.tloa.TloaMod/]: Can Stamina:true
[08Mar2025 17:21:58.938] [Render thread/INFO] [net.mcreator.tloa.TloaMod/]: Max Stamina50.0
[08Mar2025 17:21:58.942] [Server thread/INFO] [net.mcreator.tloa.TloaMod/]: Current Stamina:39
[08Mar2025 17:21:58.944] [Server thread/INFO] [net.mcreator.tloa.TloaMod/]: Rounded Stamina39
[08Mar2025 17:21:58.944] [Server thread/INFO] [net.mcreator.tloa.TloaMod/]: Can Stamina:true
[08Mar2025 17:21:58.944] [Server thread/INFO] [net.mcreator.tloa.TloaMod/]: Max Stamina50.0
[08Mar2025 17:21:58.978] [Server thread/INFO] [net.mcreator.tloa.TloaMod/]: Current Stamina:39.5
[08Mar2025 17:21:58.978] [Server thread/INFO] [net.mcreator.tloa.TloaMod/]: Rounded Stamina40
[08Mar2025 17:21:58.978] [Server thread/INFO] [net.mcreator.tloa.TloaMod/]: Can Stamina:true
[08Mar2025 17:21:58.978] [Server thread/INFO] [net.mcreator.tloa.TloaMod/]: Max Stamina50.0
[08Mar2025 17:21:58.991] [Render thread/INFO] [net.mcreator.tloa.TloaMod/]: Current Stamina:40
[08Mar2025 17:21:58.991] [Render thread/INFO] [net.mcreator.tloa.TloaMod/]: Rounded Stamina40
[08Mar2025 17:21:58.991] [Render thread/INFO] [net.mcreator.tloa.TloaMod/]: Can Stamina:true
[08Mar2025 17:21:58.991] [Render thread/INFO] [net.mcreator.tloa.TloaMod/]: Max Stamina50.0
[08Mar2025 17:21:59.043] [Render thread/INFO] [net.mcreator.tloa.TloaMod/]: Current Stamina:40.5
[08Mar2025 17:21:59.043] [Render thread/INFO] [net.mcreator.tloa.TloaMod/]: Rounded Stamina41
[08Mar2025 17:21:59.043] [Render thread/INFO] [net.mcreator.tloa.TloaMod/]: Can Stamina:true
[08Mar2025 17:21:59.043] [Render thread/INFO] [net.mcreator.tloa.TloaMod/]: Max Stamina50.0
[08Mar2025 17:21:59.088] [Render thread/INFO] [net.mcreator.tloa.TloaMod/]: Current Stamina:41
[08Mar2025 17:21:59.088] [Render thread/INFO] [net.mcreator.tloa.TloaMod/]: Rounded Stamina41
[08Mar2025 17:21:59.088] [Render thread/INFO] [net.mcreator.tloa.TloaMod/]: Can Stamina:true
[08Mar2025 17:21:59.089] [Render thread/INFO] [net.mcreator.tloa.TloaMod/]: Max Stamina50.0
[08Mar2025 17:21:59.102] [Server thread/INFO] [net.mcreator.tloa.TloaMod/]: Current Stamina:40
[08Mar2025 17:21:59.103] [Server thread/INFO] [net.mcreator.tloa.TloaMod/]: Rounded Stamina40
[08Mar2025 17:21:59.103] [Server thread/INFO] [net.mcreator.tloa.TloaMod/]: Can Stamina:true
[08Mar2025 17:21:59.103] [Server thread/INFO] [net.mcreator.tloa.TloaMod/]: Max Stamina50.0
[08Mar2025 17:21:59.133] [Server thread/INFO] [net.mcreator.tloa.TloaMod/]: Current Stamina:40.5
[08Mar2025 17:21:59.135] [Server thread/INFO] [net.mcreator.tloa.TloaMod/]: Rounded Stamina41
[08Mar2025 17:21:59.135] [Server thread/INFO] [net.mcreator.tloa.TloaMod/]: Can Stamina:true
[08Mar2025 17:21:59.135] [Server thread/INFO] [net.mcreator.tloa.TloaMod/]: Max Stamina50.0
[08Mar2025 17:21:59.136] [Render thread/INFO] [net.mcreator.tloa.TloaMod/]: Current Stamina:40.5
[08Mar2025 17:21:59.136] [Render thread/INFO] [net.mcreator.tloa.TloaMod/]: Rounded Stamina41
[08Mar2025 17:21:59.136] [Render thread/INFO] [net.mcreator.tloa.TloaMod/]: Can Stamina:true
[08Mar2025 17:21:59.136] [Render thread/INFO] [net.mcreator.tloa.TloaMod/]: Max Stamina50.0
[08Mar2025 17:21:59.165] [Server thread/INFO] [net.mcreator.tloa.TloaMod/]: Current Stamina:41
[08Mar2025 17:21:59.166] [Server thread/INFO] [net.mcreator.tloa.TloaMod/]: Rounded Stamina41
[08Mar2025 17:21:59.166] [Server thread/INFO] [net.mcreator.tloa.TloaMod/]: Can Stamina:true
[08Mar2025 17:21:59.166] [Server thread/INFO] [net.mcreator.tloa.TloaMod/]: Max Stamina50.0
[08Mar2025 17:21:59.185] [Server thread/INFO] [net.mcreator.tloa.TloaMod/]: Current Stamina:41.5
[08Mar2025 17:21:59.185] [Server thread/INFO] [net.mcreator.tloa.TloaMod/]: Rounded Stamina42
[08Mar2025 17:21:59.186] [Server thread/INFO] [net.mcreator.tloa.TloaMod/]: Can Stamina:true
[08Mar2025 17:21:59.186] [Server thread/INFO] [net.mcreator.tloa.TloaMod/]: Max Stamina50.0
[08Mar2025 17:21:59.190] [Render thread/INFO] [net.mcreator.tloa.TloaMod/]: Current Stamina:42
[08Mar2025 17:21:59.190] [Render thread/INFO] [net.mcreator.tloa.TloaMod/]: Rounded Stamina42
[08Mar2025 17:21:59.190] [Render thread/INFO] [net.mcreator.tloa.TloaMod/]: Can Stamina:true
[08Mar2025 17:21:59.190] [Render thread/INFO] [net.mcreator.tloa.TloaMod/]: Max Stamina50.0
[08Mar2025 17:21:59.236] [Render thread/INFO] [net.mcreator.tloa.TloaMod/]: Current Stamina:42.5
[08Mar2025 17:21:59.236] [Render thread/INFO] [net.mcreator.tloa.TloaMod/]: Rounded Stamina43
[08Mar2025 17:21:59.236] [Render thread/INFO] [net.mcreator.tloa.TloaMod/]: Can Stamina:true
[08Mar2025 17:21:59.236] [Render thread/INFO] [net.mcreator.tloa.TloaMod/]: Max Stamina50.0
[08Mar2025 17:21:59.253] [Server thread/INFO] [net.mcreator.tloa.TloaMod/]: Current Stamina:42
[08Mar2025 17:21:59.253] [Server thread/INFO] [net.mcreator.tloa.TloaMod/]: Rounded Stamina42
[08Mar2025 17:21:59.253] [Server thread/INFO] [net.mcreator.tloa.TloaMod/]: Can Stamina:true
[08Mar2025 17:21:59.253] [Server thread/INFO] [net.mcreator.tloa.TloaMod/]: Max Stamina50.0
[08Mar2025 17:21:59.281] [Server thread/INFO] [net.mcreator.tloa.TloaMod/]: Current Stamina:42.5
[08Mar2025 17:21:59.282] [Server thread/INFO] [net.mcreator.tloa.TloaMod/]: Rounded Stamina43
[08Mar2025 17:21:59.282] [Server thread/INFO] [net.mcreator.tloa.TloaMod/]: Can Stamina:true
[08Mar2025 17:21:59.282] [Server thread/INFO] [net.mcreator.tloa.TloaMod/]: Max Stamina50.0
[08Mar2025 17:21:59.288] [Render thread/INFO] [net.mcreator.tloa.TloaMod/]: Current Stamina:43
[08Mar2025 17:21:59.288] [Render thread/INFO] [net.mcreator.tloa.TloaMod/]: Rounded Stamina43
[08Mar2025 17:21:59.288] [Render thread/INFO] [net.mcreator.tloa.TloaMod/]: Can Stamina:true
[08Mar2025 17:21:59.288] [Render thread/INFO] [net.mcreator.tloa.TloaMod/]: Max Stamina50.0
[08Mar2025 17:21:59.337] [Render thread/INFO] [net.mcreator.tloa.TloaMod/]: Current Stamina:43.5
[08Mar2025 17:21:59.337] [Render thread/INFO] [net.mcreator.tloa.TloaMod/]: Rounded Stamina44
[08Mar2025 17:21:59.337] [Render thread/INFO] [net.mcreator.tloa.TloaMod/]: Can Stamina:true
[08Mar2025 17:21:59.337] [Render thread/INFO] [net.mcreator.tloa.TloaMod/]: Max Stamina50.0
[08Mar2025 17:21:59.388] [Render thread/INFO] [net.mcreator.tloa.TloaMod/]: Current Stamina:44
[08Mar2025 17:21:59.388] [Render thread/INFO] [net.mcreator.tloa.TloaMod/]: Rounded Stamina44
[08Mar2025 17:21:59.388] [Render thread/INFO] [net.mcreator.tloa.TloaMod/]: Can Stamina:true
[08Mar2025 17:21:59.388] [Render thread/INFO] [net.mcreator.tloa.TloaMod/]: Max Stamina50.0
[08Mar2025 17:21:59.398] [Server thread/INFO] [net.mcreator.tloa.TloaMod/]: Current Stamina:43
[08Mar2025 17:21:59.398] [Server thread/INFO] [net.mcreator.tloa.TloaMod/]: Rounded Stamina43
[08Mar2025 17:21:59.398] [Server thread/INFO] [net.mcreator.tloa.TloaMod/]: Can Stamina:true
[08Mar2025 17:21:59.398] [Server thread/INFO] [net.mcreator.tloa.TloaMod/]: Max Stamina50.0
[08Mar2025 17:21:59.425] [Server thread/INFO] [net.mcreator.tloa.TloaMod/]: Current Stamina:43.5
[08Mar2025 17:21:59.426] [Server thread/INFO] [net.mcreator.tloa.TloaMod/]: Rounded Stamina44
[08Mar2025 17:21:59.426] [Server thread/INFO] [net.mcreator.tloa.TloaMod/]: Can Stamina:true
[08Mar2025 17:21:59.426] [Server thread/INFO] [net.mcreator.tloa.TloaMod/]: Max Stamina50.0
[08Mar2025 17:21:59.438] [Render thread/INFO] [net.mcreator.tloa.TloaMod/]: Current Stamina:44
[08Mar2025 17:21:59.438] [Render thread/INFO] [net.mcreator.tloa.TloaMod/]: Rounded Stamina44
[08Mar2025 17:21:59.438] [Render thread/INFO] [net.mcreator.tloa.TloaMod/]: Can Stamina:true
[08Mar2025 17:21:59.438] [Render thread/INFO] [net.mcreator.tloa.TloaMod/]: Max Stamina50.0
[08Mar2025 17:21:59.449] [Server thread/INFO] [net.mcreator.tloa.TloaMod/]: Current Stamina:44
[08Mar2025 17:21:59.449] [Server thread/INFO] [net.mcreator.tloa.TloaMod/]: Rounded Stamina44
[08Mar2025 17:21:59.449] [Server thread/INFO] [net.mcreator.tloa.TloaMod/]: Can Stamina:true
[08Mar2025 17:21:59.449] [Server thread/INFO] [net.mcreator.tloa.TloaMod/]: Max Stamina50.0
[08Mar2025 17:21:59.486] [Render thread/INFO] [net.mcreator.tloa.TloaMod/]: Current Stamina:44.5
[08Mar2025 17:21:59.488] [Render thread/INFO] [net.mcreator.tloa.TloaMod/]: Rounded Stamina45
[08Mar2025 17:21:59.488] [Render thread/INFO] [net.mcreator.tloa.TloaMod/]: Can Stamina:true
[08Mar2025 17:21:59.488] [Render thread/INFO] [net.mcreator.tloa.TloaMod/]: Max Stamina50.0
[08Mar2025 17:21:59.503] [Server thread/INFO] [net.mcreator.tloa.TloaMod/]: Current Stamina:44.5
[08Mar2025 17:21:59.503] [Server thread/INFO] [net.mcreator.tloa.TloaMod/]: Rounded Stamina45
[08Mar2025 17:21:59.503] [Server thread/INFO] [net.mcreator.tloa.TloaMod/]: Can Stamina:true
[08Mar2025 17:21:59.503] [Server thread/INFO] [net.mcreator.tloa.TloaMod/]: Max Stamina50.0
[08Mar2025 17:21:59.540] [Render thread/INFO] [net.mcreator.tloa.TloaMod/]: Current Stamina:45
[08Mar2025 17:21:59.540] [Render thread/INFO] [net.mcreator.tloa.TloaMod/]: Rounded Stamina45
[08Mar2025 17:21:59.540] [Render thread/INFO] [net.mcreator.tloa.TloaMod/]: Can Stamina:true
[08Mar2025 17:21:59.540] [Render thread/INFO] [net.mcreator.tloa.TloaMod/]: Max Stamina50.0
[08Mar2025 17:21:59.540] [Server thread/INFO] [net.mcreator.tloa.TloaMod/]: Current Stamina:45
[08Mar2025 17:21:59.540] [Server thread/INFO] [net.mcreator.tloa.TloaMod/]: Rounded Stamina45
[08Mar2025 17:21:59.540] [Server thread/INFO] [net.mcreator.tloa.TloaMod/]: Can Stamina:true
[08Mar2025 17:21:59.540] [Server thread/INFO] [net.mcreator.tloa.TloaMod/]: Max Stamina50.0
[08Mar2025 17:21:59.588] [Render thread/INFO] [net.mcreator.tloa.TloaMod/]: Current Stamina:45.5
[08Mar2025 17:21:59.589] [Render thread/INFO] [net.mcreator.tloa.TloaMod/]: Rounded Stamina46
[08Mar2025 17:21:59.589] [Render thread/INFO] [net.mcreator.tloa.TloaMod/]: Can Stamina:true
[08Mar2025 17:21:59.589] [Render thread/INFO] [net.mcreator.tloa.TloaMod/]: Max Stamina50.0
[08Mar2025 17:21:59.613] [Server thread/INFO] [net.mcreator.tloa.TloaMod/]: Current Stamina:45.5
[08Mar2025 17:21:59.613] [Server thread/INFO] [net.mcreator.tloa.TloaMod/]: Rounded Stamina46
[08Mar2025 17:21:59.613] [Server thread/INFO] [net.mcreator.tloa.TloaMod/]: Can Stamina:true
[08Mar2025 17:21:59.613] [Server thread/INFO] [net.mcreator.tloa.TloaMod/]: Max Stamina50.0
[08Mar2025 17:21:59.638] [Render thread/INFO] [net.mcreator.tloa.TloaMod/]: Current Stamina:45.2
[08Mar2025 17:21:59.638] [Render thread/INFO] [net.mcreator.tloa.TloaMod/]: Rounded Stamina45
[08Mar2025 17:21:59.638] [Render thread/INFO] [net.mcreator.tloa.TloaMod/]: Can Stamina:true
[08Mar2025 17:21:59.638] [Render thread/INFO] [net.mcreator.tloa.TloaMod/]: Max Stamina50.0
[08Mar2025 17:21:59.652] [Server thread/INFO] [net.mcreator.tloa.TloaMod/]: Current Stamina:45.2
[08Mar2025 17:21:59.653] [Server thread/INFO] [net.mcreator.tloa.TloaMod/]: Rounded Stamina45
[08Mar2025 17:21:59.653] [Server thread/INFO] [net.mcreator.tloa.TloaMod/]: Can Stamina:true
[08Mar2025 17:21:59.653] [Server thread/INFO] [net.mcreator.tloa.TloaMod/]: Max Stamina50.0
[08Mar2025 17:21:59.687] [Render thread/INFO] [net.mcreator.tloa.TloaMod/]: Current Stamina:44.9
[08Mar2025 17:21:59.688] [Render thread/INFO] [net.mcreator.tloa.TloaMod/]: Rounded Stamina45
[08Mar2025 17:21:59.688] [Render thread/INFO] [net.mcreator.tloa.TloaMod/]: Can Stamina:true
[08Mar2025 17:21:59.688] [Render thread/INFO] [net.mcreator.tloa.TloaMod/]: Max Stamina50.0
[08Mar2025 17:21:59.692] [Server thread/INFO] [net.mcreator.tloa.TloaMod/]: Current Stamina:44.9
[08Mar2025 17:21:59.692] [Server thread/INFO] [net.mcreator.tloa.TloaMod/]: Rounded Stamina45
[08Mar2025 17:21:59.692] [Server thread/INFO] [net.mcreator.tloa.TloaMod/]: Can Stamina:true
[08Mar2025 17:21:59.692] [Server thread/INFO] [net.mcreator.tloa.TloaMod/]: Max Stamina50.0
[08Mar2025 17:21:59.737] [Render thread/INFO] [net.mcreator.tloa.TloaMod/]: Current Stamina:44.6
[08Mar2025 17:21:59.738] [Render thread/INFO] [net.mcreator.tloa.TloaMod/]: Rounded Stamina45
[08Mar2025 17:21:59.738] [Render thread/INFO] [net.mcreator.tloa.TloaMod/]: Can Stamina:true
[08Mar2025 17:21:59.738] [Render thread/INFO] [net.mcreator.tloa.TloaMod/]: Max Stamina50.0
[08Mar2025 17:21:59.789] [Render thread/INFO] [net.mcreator.tloa.TloaMod/]: Current Stamina:44.3
[08Mar2025 17:21:59.789] [Render thread/INFO] [net.mcreator.tloa.TloaMod/]: Rounded Stamina44
[08Mar2025 17:21:59.789] [Render thread/INFO] [net.mcreator.tloa.TloaMod/]: Can Stamina:true
[08Mar2025 17:21:59.789] [Render thread/INFO] [net.mcreator.tloa.TloaMod/]: Max Stamina50.0
[08Mar2025 17:21:59.791] [Server thread/INFO] [net.mcreator.tloa.TloaMod/]: Current Stamina:44.6
[08Mar2025 17:21:59.792] [Server thread/INFO] [net.mcreator.tloa.TloaMod/]: Rounded Stamina45
[08Mar2025 17:21:59.792] [Server thread/INFO] [net.mcreator.tloa.TloaMod/]: Can Stamina:true
[08Mar2025 17:21:59.792] [Server thread/INFO] [net.mcreator.tloa.TloaMod/]: Max Stamina50.0
[08Mar2025 17:21:59.830] [Server thread/INFO] [net.mcreator.tloa.TloaMod/]: Current Stamina:44.3
[08Mar2025 17:21:59.831] [Server thread/INFO] [net.mcreator.tloa.TloaMod/]: Rounded Stamina44
[08Mar2025 17:21:59.831] [Server thread/INFO] [net.mcreator.tloa.TloaMod/]: Can Stamina:true
[08Mar2025 17:21:59.831] [Server thread/INFO] [net.mcreator.tloa.TloaMod/]: Max Stamina50.0
[08Mar2025 17:21:59.835] [Render thread/INFO] [net.mcreator.tloa.TloaMod/]: Current Stamina:44
[08Mar2025 17:21:59.836] [Render thread/INFO] [net.mcreator.tloa.TloaMod/]: Rounded Stamina44
[08Mar2025 17:21:59.836] [Render thread/INFO] [net.mcreator.tloa.TloaMod/]: Can Stamina:true
[08Mar2025 17:21:59.836] [Render thread/INFO] [net.mcreator.tloa.TloaMod/]: Max Stamina50.0
[08Mar2025 17:21:59.874] [Server thread/INFO] [net.mcreator.tloa.TloaMod/]: Current Stamina:44
[08Mar2025 17:21:59.874] [Server thread/INFO] [net.mcreator.tloa.TloaMod/]: Rounded Stamina44
[08Mar2025 17:21:59.874] [Server thread/INFO] [net.mcreator.tloa.TloaMod/]: Can Stamina:true
[08Mar2025 17:21:59.875] [Server thread/INFO] [net.mcreator.tloa.TloaMod/]: Max Stamina50.0
[08Mar2025 17:21:59.888] [Render thread/INFO] [net.mcreator.tloa.TloaMod/]: Current Stamina:43.7
[08Mar2025 17:21:59.888] [Render thread/INFO] [net.mcreator.tloa.TloaMod/]: Rounded Stamina44
[08Mar2025 17:21:59.888] [Render thread/INFO] [net.mcreator.tloa.TloaMod/]: Can Stamina:true
[08Mar2025 17:21:59.888] [Render thread/INFO] [net.mcreator.tloa.TloaMod/]: Max Stamina50.0
[08Mar2025 17:21:59.912] [Server thread/INFO] [net.mcreator.tloa.TloaMod/]: Current Stamina:43.7
[08Mar2025 17:21:59.912] [Server thread/INFO] [net.mcreator.tloa.TloaMod/]: Rounded Stamina44
[08Mar2025 17:21:59.912] [Server thread/INFO] [net.mcreator.tloa.TloaMod/]: Can Stamina:true
[08Mar2025 17:21:59.912] [Server thread/INFO] [net.mcreator.tloa.TloaMod/]: Max Stamina50.0
[08Mar2025 17:21:59.942] [Render thread/INFO] [net.mcreator.tloa.TloaMod/]: Current Stamina:43.4
[08Mar2025 17:21:59.942] [Render thread/INFO] [net.mcreator.tloa.TloaMod/]: Rounded Stamina43
[08Mar2025 17:21:59.942] [Render thread/INFO] [net.mcreator.tloa.TloaMod/]: Can Stamina:true
[08Mar2025 17:21:59.942] [Render thread/INFO] [net.mcreator.tloa.TloaMod/]: Max Stamina50.0
[08Mar2025 17:21:59.959] [Server thread/INFO] [net.mcreator.tloa.TloaMod/]: Current Stamina:43.4
[08Mar2025 17:21:59.959] [Server thread/INFO] [net.mcreator.tloa.TloaMod/]: Rounded Stamina43
[08Mar2025 17:21:59.959] [Server thread/INFO] [net.mcreator.tloa.TloaMod/]: Can Stamina:true
[08Mar2025 17:21:59.959] [Server thread/INFO] [net.mcreator.tloa.TloaMod/]: Max Stamina50.0
[08Mar2025 17:21:59.987] [Render thread/INFO] [net.mcreator.tloa.TloaMod/]: Current Stamina:43.1
[08Mar2025 17:21:59.987] [Render thread/INFO] [net.mcreator.tloa.TloaMod/]: Rounded Stamina43
[08Mar2025 17:21:59.987] [Render thread/INFO] [net.mcreator.tloa.TloaMod/]: Can Stamina:true
[08Mar2025 17:21:59.987] [Render thread/INFO] [net.mcreator.tloa.TloaMod/]: Max Stamina50.0
[08Mar2025 17:21:59.999] [Server thread/INFO] [net.mcreator.tloa.TloaMod/]: Current Stamina:43.1
[08Mar2025 17:22:00.000] [Server thread/INFO] [net.mcreator.tloa.TloaMod/]: Rounded Stamina43
[08Mar2025 17:22:00.000] [Server thread/INFO] [net.mcreator.tloa.TloaMod/]: Can Stamina:true
[08Mar2025 17:22:00.000] [Server thread/INFO] [net.mcreator.tloa.TloaMod/]: Max Stamina50.0
[08Mar2025 17:22:00.036] [Render thread/INFO] [net.mcreator.tloa.TloaMod/]: Current Stamina:42.8
[08Mar2025 17:22:00.036] [Render thread/INFO] [net.mcreator.tloa.TloaMod/]: Rounded Stamina43
[08Mar2025 17:22:00.036] [Render thread/INFO] [net.mcreator.tloa.TloaMod/]: Can Stamina:true
[08Mar2025 17:22:00.036] [Render thread/INFO] [net.mcreator.tloa.TloaMod/]: Max Stamina50.0
[08Mar2025 17:22:00.060] [Server thread/INFO] [net.mcreator.tloa.TloaMod/]: Current Stamina:42.8
[08Mar2025 17:22:00.060] [Server thread/INFO] [net.mcreator.tloa.TloaMod/]: Rounded Stamina43
[08Mar2025 17:22:00.060] [Server thread/INFO] [net.mcreator.tloa.TloaMod/]: Can Stamina:true
[08Mar2025 17:22:00.062] [Server thread/INFO] [net.mcreator.tloa.TloaMod/]: Max Stamina50.0
[08Mar2025 17:22:00.086] [Render thread/INFO] [net.mcreator.tloa.TloaMod/]: Current Stamina:42.5
[08Mar2025 17:22:00.086] [Render thread/INFO] [net.mcreator.tloa.TloaMod/]: Rounded Stamina43
[08Mar2025 17:22:00.086] [Render thread/INFO] [net.mcreator.tloa.TloaMod/]: Can Stamina:true
[08Mar2025 17:22:00.086] [Render thread/INFO] [net.mcreator.tloa.TloaMod/]: Max Stamina50.0
[08Mar2025 17:22:00.099] [Server thread/INFO] [net.mcreator.tloa.TloaMod/]: Current Stamina:42.5
[08Mar2025 17:22:00.099] [Server thread/INFO] [net.mcreator.tloa.TloaMod/]: Rounded Stamina43
[08Mar2025 17:22:00.099] [Server thread/INFO] [net.mcreator.tloa.TloaMod/]: Can Stamina:true
[08Mar2025 17:22:00.099] [Server thread/INFO] [net.mcreator.tloa.TloaMod/]: Max Stamina50.0
[08Mar2025 17:22:00.136] [Render thread/INFO] [net.mcreator.tloa.TloaMod/]: Current Stamina:42.2
[08Mar2025 17:22:00.136] [Render thread/INFO] [net.mcreator.tloa.TloaMod/]: Rounded Stamina42
[08Mar2025 17:22:00.136] [Render thread/INFO] [net.mcreator.tloa.TloaMod/]: Can Stamina:true
[08Mar2025 17:22:00.137] [Render thread/INFO] [net.mcreator.tloa.TloaMod/]: Max Stamina50.0
[08Mar2025 17:22:00.140] [Server thread/INFO] [net.mcreator.tloa.TloaMod/]: Current Stamina:42.2
[08Mar2025 17:22:00.140] [Server thread/INFO] [net.mcreator.tloa.TloaMod/]: Rounded Stamina42
[08Mar2025 17:22:00.140] [Server thread/INFO] [net.mcreator.tloa.TloaMod/]: Can Stamina:true
[08Mar2025 17:22:00.140] [Server thread/INFO] [net.mcreator.tloa.TloaMod/]: Max Stamina50.0
[08Mar2025 17:22:00.187] [Render thread/INFO] [net.mcreator.tloa.TloaMod/]: Current Stamina:41.9
[08Mar2025 17:22:00.187] [Render thread/INFO] [net.mcreator.tloa.TloaMod/]: Rounded Stamina42
[08Mar2025 17:22:00.187] [Render thread/INFO] [net.mcreator.tloa.TloaMod/]: Can Stamina:true
[08Mar2025 17:22:00.187] [Server thread/INFO] [net.mcreator.tloa.TloaMod/]: Current Stamina:41.9
[08Mar2025 17:22:00.187] [Render thread/INFO] [net.mcreator.tloa.TloaMod/]: Max Stamina50.0
[08Mar2025 17:22:00.188] [Server thread/INFO] [net.mcreator.tloa.TloaMod/]: Rounded Stamina42
[08Mar2025 17:22:00.188] [Server thread/INFO] [net.mcreator.tloa.TloaMod/]: Can Stamina:true
[08Mar2025 17:22:00.188] [Server thread/INFO] [net.mcreator.tloa.TloaMod/]: Max Stamina50.0
[08Mar2025 17:22:00.239] [Render thread/INFO] [net.mcreator.tloa.TloaMod/]: Current Stamina:41.6
[08Mar2025 17:22:00.239] [Render thread/INFO] [net.mcreator.tloa.TloaMod/]: Rounded Stamina42
[08Mar2025 17:22:00.239] [Render thread/INFO] [net.mcreator.tloa.TloaMod/]: Can Stamina:true
[08Mar2025 17:22:00.239] [Render thread/INFO] [net.mcreator.tloa.TloaMod/]: Max Stamina50.0
[08Mar2025 17:22:00.246] [Server thread/INFO] [net.mcreator.tloa.TloaMod/]: Current Stamina:41.6
[08Mar2025 17:22:00.246] [Server thread/INFO] [net.mcreator.tloa.TloaMod/]: Rounded Stamina42
[08Mar2025 17:22:00.248] [Server thread/INFO] [net.mcreator.tloa.TloaMod/]: Can Stamina:true
[08Mar2025 17:22:00.248] [Server thread/INFO] [net.mcreator.tloa.TloaMod/]: Max Stamina50.0
[08Mar2025 17:22:00.307] [Render thread/INFO] [net.mcreator.tloa.TloaMod/]: Current Stamina:41.3
[08Mar2025 17:22:00.307] [Render thread/INFO] [net.mcreator.tloa.TloaMod/]: Rounded Stamina41
[08Mar2025 17:22:00.307] [Render thread/INFO] [net.mcreator.tloa.TloaMod/]: Can Stamina:true
[08Mar2025 17:22:00.307] [Render thread/INFO] [net.mcreator.tloa.TloaMod/]: Max Stamina50.0
[08Mar2025 17:22:00.308] [Server thread/INFO] [net.mcreator.tloa.TloaMod/]: Current Stamina:41.3
[08Mar2025 17:22:00.309] [Server thread/INFO] [net.mcreator.tloa.TloaMod/]: Rounded Stamina41
[08Mar2025 17:22:00.309] [Server thread/INFO] [net.mcreator.tloa.TloaMod/]: Can Stamina:true
[08Mar2025 17:22:00.309] [Server thread/INFO] [net.mcreator.tloa.TloaMod/]: Max Stamina50.0
[08Mar2025 17:22:00.338] [Render thread/INFO] [net.mcreator.tloa.TloaMod/]: Current Stamina:41
[08Mar2025 17:22:00.338] [Render thread/INFO] [net.mcreator.tloa.TloaMod/]: Rounded Stamina41
[08Mar2025 17:22:00.338] [Render thread/INFO] [net.mcreator.tloa.TloaMod/]: Can Stamina:true
[08Mar2025 17:22:00.338] [Render thread/INFO] [net.mcreator.tloa.TloaMod/]: Max Stamina50.0
[08Mar2025 17:22:00.340] [Server thread/INFO] [net.mcreator.tloa.TloaMod/]: Current Stamina:41
[08Mar2025 17:22:00.340] [Server thread/INFO] [net.mcreator.tloa.TloaMod/]: Rounded Stamina41
[08Mar2025 17:22:00.340] [Server thread/INFO] [net.mcreator.tloa.TloaMod/]: Can Stamina:true
[08Mar2025 17:22:00.340] [Server thread/INFO] [net.mcreator.tloa.TloaMod/]: Max Stamina50.0
[08Mar2025 17:22:00.386] [Server thread/INFO] [net.mcreator.tloa.TloaMod/]: Current Stamina:40.7
[08Mar2025 17:22:00.386] [Server thread/INFO] [net.mcreator.tloa.TloaMod/]: Rounded Stamina41
[08Mar2025 17:22:00.386] [Server thread/INFO] [net.mcreator.tloa.TloaMod/]: Can Stamina:true
[08Mar2025 17:22:00.386] [Server thread/INFO] [net.mcreator.tloa.TloaMod/]: Max Stamina50.0
[08Mar2025 17:22:00.388] [Render thread/INFO] [net.mcreator.tloa.TloaMod/]: Current Stamina:40.7
[08Mar2025 17:22:00.388] [Render thread/INFO] [net.mcreator.tloa.TloaMod/]: Rounded Stamina41
[08Mar2025 17:22:00.388] [Render thread/INFO] [net.mcreator.tloa.TloaMod/]: Can Stamina:true
[08Mar2025 17:22:00.388] [Render thread/INFO] [net.mcreator.tloa.TloaMod/]: Max Stamina50.0
[08Mar2025 17:22:00.438] [Render thread/INFO] [net.mcreator.tloa.TloaMod/]: Current Stamina:40.4
[08Mar2025 17:22:00.439] [Render thread/INFO] [net.mcreator.tloa.TloaMod/]: Rounded Stamina40
[08Mar2025 17:22:00.439] [Render thread/INFO] [net.mcreator.tloa.TloaMod/]: Can Stamina:true
[08Mar2025 17:22:00.439] [Render thread/INFO] [net.mcreator.tloa.TloaMod/]: Max Stamina50.0
[08Mar2025 17:22:00.442] [Server thread/INFO] [net.mcreator.tloa.TloaMod/]: Current Stamina:40.4
[08Mar2025 17:22:00.442] [Server thread/INFO] [net.mcreator.tloa.TloaMod/]: Rounded Stamina40
[08Mar2025 17:22:00.442] [Server thread/INFO] [net.mcreator.tloa.TloaMod/]: Can Stamina:true
[08Mar2025 17:22:00.442] [Server thread/INFO] [net.mcreator.tloa.TloaMod/]: Max Stamina50.0
[08Mar2025 17:22:00.485] [Server thread/INFO] [net.mcreator.tloa.TloaMod/]: Current Stamina:40.1
[08Mar2025 17:22:00.485] [Render thread/INFO] [net.mcreator.tloa.TloaMod/]: Current Stamina:40.1
[08Mar2025 17:22:00.485] [Server thread/INFO] [net.mcreator.tloa.TloaMod/]: Rounded Stamina40
[08Mar2025 17:22:00.485] [Render thread/INFO] [net.mcreator.tloa.TloaMod/]: Rounded Stamina40
[08Mar2025 17:22:00.485] [Server thread/INFO] [net.mcreator.tloa.TloaMod/]: Can Stamina:true
[08Mar2025 17:22:00.485] [Render thread/INFO] [net.mcreator.tloa.TloaMod/]: Can Stamina:true
[08Mar2025 17:22:00.485] [Server thread/INFO] [net.mcreator.tloa.TloaMod/]: Max Stamina50.0
[08Mar2025 17:22:00.485] [Render thread/INFO] [net.mcreator.tloa.TloaMod/]: Max Stamina50.0
[08Mar2025 17:22:00.532] [Server thread/INFO] [net.mcreator.tloa.TloaMod/]: Current Stamina:39.8
[08Mar2025 17:22:00.532] [Server thread/INFO] [net.mcreator.tloa.TloaMod/]: Rounded Stamina40
[08Mar2025 17:22:00.532] [Server thread/INFO] [net.mcreator.tloa.TloaMod/]: Can Stamina:true
[08Mar2025 17:22:00.532] [Server thread/INFO] [net.mcreator.tloa.TloaMod/]: Max Stamina50.0
[08Mar2025 17:22:00.538] [Render thread/INFO] [net.mcreator.tloa.TloaMod/]: Current Stamina:39.5
[08Mar2025 17:22:00.538] [Render thread/INFO] [net.mcreator.tloa.TloaMod/]: Rounded Stamina40
[08Mar2025 17:22:00.538] [Render thread/INFO] [net.mcreator.tloa.TloaMod/]: Can Stamina:true
[08Mar2025 17:22:00.539] [Render thread/INFO] [net.mcreator.tloa.TloaMod/]: Max Stamina50.0
[08Mar2025 17:22:00.582] [Server thread/INFO] [net.mcreator.tloa.TloaMod/]: Current Stamina:39.5
[08Mar2025 17:22:00.582] [Server thread/INFO] [net.mcreator.tloa.TloaMod/]: Rounded Stamina40
[08Mar2025 17:22:00.582] [Server thread/INFO] [net.mcreator.tloa.TloaMod/]: Can Stamina:true
[08Mar2025 17:22:00.582] [Server thread/INFO] [net.mcreator.tloa.TloaMod/]: Max Stamina50.0
[08Mar2025 17:22:00.586] [Render thread/INFO] [net.mcreator.tloa.TloaMod/]: Current Stamina:39.2
[08Mar2025 17:22:00.586] [Render thread/INFO] [net.mcreator.tloa.TloaMod/]: Rounded Stamina39
[08Mar2025 17:22:00.586] [Render thread/INFO] [net.mcreator.tloa.TloaMod/]: Can Stamina:true
[08Mar2025 17:22:00.586] [Render thread/INFO] [net.mcreator.tloa.TloaMod/]: Max Stamina50.0
[08Mar2025 17:22:00.635] [Server thread/INFO] [net.mcreator.tloa.TloaMod/]: Current Stamina:39.2
[08Mar2025 17:22:00.635] [Server thread/INFO] [net.mcreator.tloa.TloaMod/]: Rounded Stamina39
[08Mar2025 17:22:00.635] [Server thread/INFO] [net.mcreator.tloa.TloaMod/]: Can Stamina:true
[08Mar2025 17:22:00.635] [Server thread/INFO] [net.mcreator.tloa.TloaMod/]: Max Stamina50.0
[08Mar2025 17:22:00.636] [Render thread/INFO] [net.mcreator.tloa.TloaMod/]: Current Stamina:38.9
[08Mar2025 17:22:00.638] [Render thread/INFO] [net.mcreator.tloa.TloaMod/]: Rounded Stamina39
[08Mar2025 17:22:00.638] [Render thread/INFO] [net.mcreator.tloa.TloaMod/]: Can Stamina:true
[08Mar2025 17:22:00.638] [Render thread/INFO] [net.mcreator.tloa.TloaMod/]: Max Stamina50.0
[08Mar2025 17:22:00.687] [Render thread/INFO] [net.mcreator.tloa.TloaMod/]: Current Stamina:38.6
[08Mar2025 17:22:00.687] [Render thread/INFO] [net.mcreator.tloa.TloaMod/]: Rounded Stamina39
[08Mar2025 17:22:00.688] [Render thread/INFO] [net.mcreator.tloa.TloaMod/]: Can Stamina:true
[08Mar2025 17:22:00.688] [Render thread/INFO] [net.mcreator.tloa.TloaMod/]: Max Stamina50.0
[08Mar2025 17:22:00.689] [Server thread/INFO] [net.mcreator.tloa.TloaMod/]: Current Stamina:38.9
[08Mar2025 17:22:00.689] [Server thread/INFO] [net.mcreator.tloa.TloaMod/]: Rounded Stamina39
[08Mar2025 17:22:00.689] [Server thread/INFO] [net.mcreator.tloa.TloaMod/]: Can Stamina:true
[08Mar2025 17:22:00.690] [Server thread/INFO] [net.mcreator.tloa.TloaMod/]: Max Stamina50.0
[08Mar2025 17:22:00.733] [Server thread/INFO] [net.mcreator.tloa.TloaMod/]: Current Stamina:38.6
[08Mar2025 17:22:00.733] [Server thread/INFO] [net.mcreator.tloa.TloaMod/]: Rounded Stamina39
[08Mar2025 17:22:00.733] [Server thread/INFO] [net.mcreator.tloa.TloaMod/]: Can Stamina:true
[08Mar2025 17:22:00.733] [Server thread/INFO] [net.mcreator.tloa.TloaMod/]: Max Stamina50.0
[08Mar2025 17:22:00.738] [Render thread/INFO] [net.mcreator.tloa.TloaMod/]: Current Stamina:38.3
[08Mar2025 17:22:00.738] [Render thread/INFO] [net.mcreator.tloa.TloaMod/]: Rounded Stamina38
[08Mar2025 17:22:00.738] [Render thread/INFO] [net.mcreator.tloa.TloaMod/]: Can Stamina:true
[08Mar2025 17:22:00.738] [Render thread/INFO] [net.mcreator.tloa.TloaMod/]: Max Stamina50.0
[08Mar2025 17:22:00.781] [Server thread/INFO] [net.mcreator.tloa.TloaMod/]: Current Stamina:38.3
[08Mar2025 17:22:00.781] [Server thread/INFO] [net.mcreator.tloa.TloaMod/]: Rounded Stamina38
[08Mar2025 17:22:00.781] [Server thread/INFO] [net.mcreator.tloa.TloaMod/]: Can Stamina:true
[08Mar2025 17:22:00.781] [Server thread/INFO] [net.mcreator.tloa.TloaMod/]: Max Stamina50.0
[08Mar2025 17:22:00.786] [Render thread/INFO] [net.mcreator.tloa.TloaMod/]: Current Stamina:38
[08Mar2025 17:22:00.788] [Render thread/INFO] [net.mcreator.tloa.TloaMod/]: Rounded Stamina38
[08Mar2025 17:22:00.788] [Render thread/INFO] [net.mcreator.tloa.TloaMod/]: Can Stamina:true
[08Mar2025 17:22:00.788] [Render thread/INFO] [net.mcreator.tloa.TloaMod/]: Max Stamina50.0
[08Mar2025 17:22:00.835] [Server thread/INFO] [net.mcreator.tloa.TloaMod/]: Current Stamina:38
[08Mar2025 17:22:00.835] [Server thread/INFO] [net.mcreator.tloa.TloaMod/]: Rounded Stamina38
[08Mar2025 17:22:00.835] [Server thread/INFO] [net.mcreator.tloa.TloaMod/]: Can Stamina:true
[08Mar2025 17:22:00.835] [Server thread/INFO] [net.mcreator.tloa.TloaMod/]: Max Stamina50.0
[08Mar2025 17:22:00.837] [Render thread/INFO] [net.mcreator.tloa.TloaMod/]: Current Stamina:37.7
[08Mar2025 17:22:00.838] [Render thread/INFO] [net.mcreator.tloa.TloaMod/]: Rounded Stamina38
[08Mar2025 17:22:00.838] [Render thread/INFO] [net.mcreator.tloa.TloaMod/]: Can Stamina:true
[08Mar2025 17:22:00.838] [Render thread/INFO] [net.mcreator.tloa.TloaMod/]: Max Stamina50.0
[08Mar2025 17:22:00.880] [Server thread/INFO] [net.mcreator.tloa.TloaMod/]: Current Stamina:37.7
[08Mar2025 17:22:00.881] [Server thread/INFO] [net.mcreator.tloa.TloaMod/]: Rounded Stamina38
[08Mar2025 17:22:00.881] [Server thread/INFO] [net.mcreator.tloa.TloaMod/]: Can Stamina:true
[08Mar2025 17:22:00.881] [Server thread/INFO] [net.mcreator.tloa.TloaMod/]: Max Stamina50.0
[08Mar2025 17:22:00.886] [Render thread/INFO] [net.mcreator.tloa.TloaMod/]: Current Stamina:37.4
[08Mar2025 17:22:00.886] [Render thread/INFO] [net.mcreator.tloa.TloaMod/]: Rounded Stamina37
[08Mar2025 17:22:00.886] [Render thread/INFO] [net.mcreator.tloa.TloaMod/]: Can Stamina:true
[08Mar2025 17:22:00.886] [Render thread/INFO] [net.mcreator.tloa.TloaMod/]: Max Stamina50.0
[08Mar2025 17:22:00.938] [Render thread/INFO] [net.mcreator.tloa.TloaMod/]: Current Stamina:37.1
[08Mar2025 17:22:00.938] [Server thread/INFO] [net.mcreator.tloa.TloaMod/]: Current Stamina:37.4
[08Mar2025 17:22:00.938] [Render thread/INFO] [net.mcreator.tloa.TloaMod/]: Rounded Stamina37
[08Mar2025 17:22:00.938] [Server thread/INFO] [net.mcreator.tloa.TloaMod/]: Rounded Stamina37
[08Mar2025 17:22:00.938] [Render thread/INFO] [net.mcreator.tloa.TloaMod/]: Can Stamina:true
[08Mar2025 17:22:00.938] [Server thread/INFO] [net.mcreator.tloa.TloaMod/]: Can Stamina:true
[08Mar2025 17:22:00.939] [Render thread/INFO] [net.mcreator.tloa.TloaMod/]: Max Stamina50.0
[08Mar2025 17:22:00.939] [Server thread/INFO] [net.mcreator.tloa.TloaMod/]: Max Stamina50.0
[08Mar2025 17:22:00.985] [Render thread/INFO] [net.mcreator.tloa.TloaMod/]: Current Stamina:37.1
[08Mar2025 17:22:00.985] [Server thread/INFO] [net.mcreator.tloa.TloaMod/]: Current Stamina:37.1
[08Mar2025 17:22:00.985] [Render thread/INFO] [net.mcreator.tloa.TloaMod/]: Rounded Stamina37
[08Mar2025 17:22:00.985] [Server thread/INFO] [net.mcreator.tloa.TloaMod/]: Rounded Stamina37
[08Mar2025 17:22:00.985] [Render thread/INFO] [net.mcreator.tloa.TloaMod/]: Can Stamina:true
[08Mar2025 17:22:00.985] [Server thread/INFO] [net.mcreator.tloa.TloaMod/]: Can Stamina:true
[08Mar2025 17:22:00.986] [Render thread/INFO] [net.mcreator.tloa.TloaMod/]: Max Stamina50.0
[08Mar2025 17:22:00.986] [Server thread/INFO] [net.mcreator.tloa.TloaMod/]: Max Stamina50.0
[08Mar2025 17:22:01.036] [Render thread/INFO] [net.mcreator.tloa.TloaMod/]: Current Stamina:36.8
[08Mar2025 17:22:01.037] [Render thread/INFO] [net.mcreator.tloa.TloaMod/]: Rounded Stamina37
[08Mar2025 17:22:01.037] [Render thread/INFO] [net.mcreator.tloa.TloaMod/]: Can Stamina:true
[08Mar2025 17:22:01.037] [Render thread/INFO] [net.mcreator.tloa.TloaMod/]: Max Stamina50.0
[08Mar2025 17:22:01.042] [Server thread/INFO] [net.mcreator.tloa.TloaMod/]: Current Stamina:36.8
[08Mar2025 17:22:01.042] [Server thread/INFO] [net.mcreator.tloa.TloaMod/]: Rounded Stamina37
[08Mar2025 17:22:01.042] [Server thread/INFO] [net.mcreator.tloa.TloaMod/]: Can Stamina:true
[08Mar2025 17:22:01.042] [Server thread/INFO] [net.mcreator.tloa.TloaMod/]: Max Stamina50.0
[08Mar2025 17:22:01.085] [Render thread/INFO] [net.mcreator.tloa.TloaMod/]: Current Stamina:36.5
[08Mar2025 17:22:01.085] [Render thread/INFO] [net.mcreator.tloa.TloaMod/]: Rounded Stamina37
[08Mar2025 17:22:01.085] [Render thread/INFO] [net.mcreator.tloa.TloaMod/]: Can Stamina:true
[08Mar2025 17:22:01.085] [Render thread/INFO] [net.mcreator.tloa.TloaMod/]: Max Stamina50.0
[08Mar2025 17:22:01.088] [Server thread/INFO] [net.mcreator.tloa.TloaMod/]: Current Stamina:36.5
[08Mar2025 17:22:01.088] [Server thread/INFO] [net.mcreator.tloa.TloaMod/]: Rounded Stamina37
[08Mar2025 17:22:01.088] [Server thread/INFO] [net.mcreator.tloa.TloaMod/]: Can Stamina:true
[08Mar2025 17:22:01.088] [Server thread/INFO] [net.mcreator.tloa.TloaMod/]: Max Stamina50.0
[08Mar2025 17:22:01.136] [Server thread/INFO] [net.mcreator.tloa.TloaMod/]: Current Stamina:36.2
[08Mar2025 17:22:01.137] [Render thread/INFO] [net.mcreator.tloa.TloaMod/]: Current Stamina:36.2
[08Mar2025 17:22:01.137] [Server thread/INFO] [net.mcreator.tloa.TloaMod/]: Rounded Stamina36
[08Mar2025 17:22:01.137] [Server thread/INFO] [net.mcreator.tloa.TloaMod/]: Can Stamina:true
[08Mar2025 17:22:01.137] [Render thread/INFO] [net.mcreator.tloa.TloaMod/]: Rounded Stamina36
[08Mar2025 17:22:01.137] [Server thread/INFO] [net.mcreator.tloa.TloaMod/]: Max Stamina50.0
[08Mar2025 17:22:01.137] [Render thread/INFO] [net.mcreator.tloa.TloaMod/]: Can Stamina:true
[08Mar2025 17:22:01.137] [Render thread/INFO] [net.mcreator.tloa.TloaMod/]: Max Stamina50.0
[08Mar2025 17:22:01.188] [Render thread/INFO] [net.mcreator.tloa.TloaMod/]: Current Stamina:35.9
[08Mar2025 17:22:01.188] [Render thread/INFO] [net.mcreator.tloa.TloaMod/]: Rounded Stamina36
[08Mar2025 17:22:01.189] [Render thread/INFO] [net.mcreator.tloa.TloaMod/]: Can Stamina:true
[08Mar2025 17:22:01.189] [Render thread/INFO] [net.mcreator.tloa.TloaMod/]: Max Stamina50.0
[08Mar2025 17:22:01.200] [Server thread/INFO] [net.mcreator.tloa.TloaMod/]: Current Stamina:35.9
[08Mar2025 17:22:01.200] [Server thread/INFO] [net.mcreator.tloa.TloaMod/]: Rounded Stamina36
[08Mar2025 17:22:01.200] [Server thread/INFO] [net.mcreator.tloa.TloaMod/]: Can Stamina:true
[08Mar2025 17:22:01.200] [Server thread/INFO] [net.mcreator.tloa.TloaMod/]: Max Stamina50.0
[08Mar2025 17:22:01.233] [Server thread/INFO] [net.mcreator.tloa.TloaMod/]: Current Stamina:35.6
[08Mar2025 17:22:01.233] [Server thread/INFO] [net.mcreator.tloa.TloaMod/]: Rounded Stamina36
[08Mar2025 17:22:01.233] [Server thread/INFO] [net.mcreator.tloa.TloaMod/]: Can Stamina:true
[08Mar2025 17:22:01.233] [Server thread/INFO] [net.mcreator.tloa.TloaMod/]: Max Stamina50.0
[08Mar2025 17:22:01.234] [Render thread/INFO] [net.mcreator.tloa.TloaMod/]: Current Stamina:35.6
[08Mar2025 17:22:01.236] [Render thread/INFO] [net.mcreator.tloa.TloaMod/]: Rounded Stamina36
[08Mar2025 17:22:01.236] [Render thread/INFO] [net.mcreator.tloa.TloaMod/]: Can Stamina:true
[08Mar2025 17:22:01.236] [Render thread/INFO] [net.mcreator.tloa.TloaMod/]: Max Stamina50.0
[08Mar2025 17:22:01.283] [Server thread/INFO] [net.mcreator.tloa.TloaMod/]: Current Stamina:35.3
[08Mar2025 17:22:01.283] [Server thread/INFO] [net.mcreator.tloa.TloaMod/]: Rounded Stamina35
[08Mar2025 17:22:01.283] [Server thread/INFO] [net.mcreator.tloa.TloaMod/]: Can Stamina:true
[08Mar2025 17:22:01.283] [Server thread/INFO] [net.mcreator.tloa.TloaMod/]: Max Stamina50.0
[08Mar2025 17:22:01.286] [Render thread/INFO] [net.mcreator.tloa.TloaMod/]: Current Stamina:35
[08Mar2025 17:22:01.286] [Render thread/INFO] [net.mcreator.tloa.TloaMod/]: Rounded Stamina35
[08Mar2025 17:22:01.286] [Render thread/INFO] [net.mcreator.tloa.TloaMod/]: Can Stamina:true
[08Mar2025 17:22:01.286] [Render thread/INFO] [net.mcreator.tloa.TloaMod/]: Max Stamina50.0
[08Mar2025 17:22:01.335] [Server thread/INFO] [net.mcreator.tloa.TloaMod/]: Current Stamina:35
[08Mar2025 17:22:01.335] [Server thread/INFO] [net.mcreator.tloa.TloaMod/]: Rounded Stamina35
[08Mar2025 17:22:01.335] [Server thread/INFO] [net.mcreator.tloa.TloaMod/]: Can Stamina:true
[08Mar2025 17:22:01.335] [Server thread/INFO] [net.mcreator.tloa.TloaMod/]: Max Stamina50.0
[08Mar2025 17:22:01.336] [Render thread/INFO] [net.mcreator.tloa.TloaMod/]: Current Stamina:34.7
[08Mar2025 17:22:01.336] [Render thread/INFO] [net.mcreator.tloa.TloaMod/]: Rounded Stamina35
[08Mar2025 17:22:01.336] [Render thread/INFO] [net.mcreator.tloa.TloaMod/]: Can Stamina:true
[08Mar2025 17:22:01.336] [Render thread/INFO] [net.mcreator.tloa.TloaMod/]: Max Stamina50.0
[08Mar2025 17:22:01.379] [Server thread/INFO] [net.mcreator.tloa.TloaMod/]: Current Stamina:34.7
[08Mar2025 17:22:01.380] [Server thread/INFO] [net.mcreator.tloa.TloaMod/]: Rounded Stamina35
[08Mar2025 17:22:01.380] [Server thread/INFO] [net.mcreator.tloa.TloaMod/]: Can Stamina:true
[08Mar2025 17:22:01.380] [Server thread/INFO] [net.mcreator.tloa.TloaMod/]: Max Stamina50.0
[08Mar2025 17:22:01.386] [Render thread/INFO] [net.mcreator.tloa.TloaMod/]: Current Stamina:34.4
[08Mar2025 17:22:01.388] [Render thread/INFO] [net.mcreator.tloa.TloaMod/]: Rounded Stamina34
[08Mar2025 17:22:01.388] [Render thread/INFO] [net.mcreator.tloa.TloaMod/]: Can Stamina:true
[08Mar2025 17:22:01.388] [Render thread/INFO] [net.mcreator.tloa.TloaMod/]: Max Stamina50.0
[08Mar2025 17:22:01.435] [Render thread/INFO] [net.mcreator.tloa.TloaMod/]: Current Stamina:34.1
[08Mar2025 17:22:01.435] [Render thread/INFO] [net.mcreator.tloa.TloaMod/]: Rounded Stamina34
[08Mar2025 17:22:01.435] [Render thread/INFO] [net.mcreator.tloa.TloaMod/]: Can Stamina:true
[08Mar2025 17:22:01.435] [Render thread/INFO] [net.mcreator.tloa.TloaMod/]: Max Stamina50.0
[08Mar2025 17:22:01.441] [Server thread/INFO] [net.mcreator.tloa.TloaMod/]: Current Stamina:34.4
[08Mar2025 17:22:01.441] [Server thread/INFO] [net.mcreator.tloa.TloaMod/]: Rounded Stamina34
[08Mar2025 17:22:01.441] [Server thread/INFO] [net.mcreator.tloa.TloaMod/]: Can Stamina:true
[08Mar2025 17:22:01.441] [Server thread/INFO] [net.mcreator.tloa.TloaMod/]: Max Stamina50.0
[08Mar2025 17:22:01.485] [Server thread/INFO] [net.mcreator.tloa.TloaMod/]: Current Stamina:34.1
[08Mar2025 17:22:01.485] [Server thread/INFO] [net.mcreator.tloa.TloaMod/]: Rounded Stamina34
[08Mar2025 17:22:01.485] [Server thread/INFO] [net.mcreator.tloa.TloaMod/]: Can Stamina:true
[08Mar2025 17:22:01.485] [Server thread/INFO] [net.mcreator.tloa.TloaMod/]: Max Stamina50.0
[08Mar2025 17:22:01.486] [Render thread/INFO] [net.mcreator.tloa.TloaMod/]: Current Stamina:34.1
[08Mar2025 17:22:01.486] [Render thread/INFO] [net.mcreator.tloa.TloaMod/]: Rounded Stamina34
[08Mar2025 17:22:01.486] [Render thread/INFO] [net.mcreator.tloa.TloaMod/]: Can Stamina:true
[08Mar2025 17:22:01.486] [Render thread/INFO] [net.mcreator.tloa.TloaMod/]: Max Stamina50.0
[08Mar2025 17:22:01.535] [Server thread/INFO] [net.mcreator.tloa.TloaMod/]: Current Stamina:33.8
[08Mar2025 17:22:01.535] [Render thread/INFO] [net.mcreator.tloa.TloaMod/]: Current Stamina:33.8
[08Mar2025 17:22:01.536] [Server thread/INFO] [net.mcreator.tloa.TloaMod/]: Rounded Stamina34
[08Mar2025 17:22:01.536] [Server thread/INFO] [net.mcreator.tloa.TloaMod/]: Can Stamina:true
[08Mar2025 17:22:01.536] [Render thread/INFO] [net.mcreator.tloa.TloaMod/]: Rounded Stamina34
[08Mar2025 17:22:01.536] [Server thread/INFO] [net.mcreator.tloa.TloaMod/]: Max Stamina50.0
[08Mar2025 17:22:01.536] [Render thread/INFO] [net.mcreator.tloa.TloaMod/]: Can Stamina:true
[08Mar2025 17:22:01.536] [Render thread/INFO] [net.mcreator.tloa.TloaMod/]: Max Stamina50.0
[08Mar2025 17:22:01.582] [Server thread/INFO] [net.mcreator.tloa.TloaMod/]: Current Stamina:33.5
[08Mar2025 17:22:01.582] [Server thread/INFO] [net.mcreator.tloa.TloaMod/]: Rounded Stamina34
[08Mar2025 17:22:01.582] [Server thread/INFO] [net.mcreator.tloa.TloaMod/]: Can Stamina:true
[08Mar2025 17:22:01.582] [Server thread/INFO] [net.mcreator.tloa.TloaMod/]: Max Stamina50.0
[08Mar2025 17:22:01.586] [Render thread/INFO] [net.mcreator.tloa.TloaMod/]: Current Stamina:33.2
[08Mar2025 17:22:01.586] [Render thread/INFO] [net.mcreator.tloa.TloaMod/]: Rounded Stamina33
[08Mar2025 17:22:01.586] [Render thread/INFO] [net.mcreator.tloa.TloaMod/]: Can Stamina:true
[08Mar2025 17:22:01.586] [Render thread/INFO] [net.mcreator.tloa.TloaMod/]: Max Stamina50.0
[08Mar2025 17:22:01.633] [Server thread/INFO] [net.mcreator.tloa.TloaMod/]: Current Stamina:33.2
[08Mar2025 17:22:01.633] [Server thread/INFO] [net.mcreator.tloa.TloaMod/]: Rounded Stamina33
[08Mar2025 17:22:01.633] [Server thread/INFO] [net.mcreator.tloa.TloaMod/]: Can Stamina:true
[08Mar2025 17:22:01.634] [Server thread/INFO] [net.mcreator.tloa.TloaMod/]: Max Stamina50.0
[08Mar2025 17:22:01.636] [Render thread/INFO] [net.mcreator.tloa.TloaMod/]: Current Stamina:32.9
[08Mar2025 17:22:01.636] [Render thread/INFO] [net.mcreator.tloa.TloaMod/]: Rounded Stamina33
[08Mar2025 17:22:01.636] [Render thread/INFO] [net.mcreator.tloa.TloaMod/]: Can Stamina:true
[08Mar2025 17:22:01.636] [Render thread/INFO] [net.mcreator.tloa.TloaMod/]: Max Stamina50.0
[08Mar2025 17:22:01.683] [Server thread/INFO] [net.mcreator.tloa.TloaMod/]: Current Stamina:32.9
[08Mar2025 17:22:01.683] [Server thread/INFO] [net.mcreator.tloa.TloaMod/]: Rounded Stamina33
[08Mar2025 17:22:01.683] [Server thread/INFO] [net.mcreator.tloa.TloaMod/]: Can Stamina:true
[08Mar2025 17:22:01.683] [Server thread/INFO] [net.mcreator.tloa.TloaMod/]: Max Stamina50.0
[08Mar2025 17:22:01.686] [Render thread/INFO] [net.mcreator.tloa.TloaMod/]: Current Stamina:32.6
[08Mar2025 17:22:01.686] [Render thread/INFO] [net.mcreator.tloa.TloaMod/]: Rounded Stamina33
[08Mar2025 17:22:01.687] [Render thread/INFO] [net.mcreator.tloa.TloaMod/]: Can Stamina:true
[08Mar2025 17:22:01.687] [Render thread/INFO] [net.mcreator.tloa.TloaMod/]: Max Stamina50.0
[08Mar2025 17:22:01.736] [Render thread/INFO] [net.mcreator.tloa.TloaMod/]: Current Stamina:32.3
[08Mar2025 17:22:01.736] [Server thread/INFO] [net.mcreator.tloa.TloaMod/]: Current Stamina:32.6
[08Mar2025 17:22:01.736] [Render thread/INFO] [net.mcreator.tloa.TloaMod/]: Rounded Stamina32
[08Mar2025 17:22:01.736] [Server thread/INFO] [net.mcreator.tloa.TloaMod/]: Rounded Stamina33
[08Mar2025 17:22:01.736] [Render thread/INFO] [net.mcreator.tloa.TloaMod/]: Can Stamina:true
[08Mar2025 17:22:01.736] [Server thread/INFO] [net.mcreator.tloa.TloaMod/]: Can Stamina:true
[08Mar2025 17:22:01.736] [Render thread/INFO] [net.mcreator.tloa.TloaMod/]: Max Stamina50.0
[08Mar2025 17:22:01.736] [Server thread/INFO] [net.mcreator.tloa.TloaMod/]: Max Stamina50.0
[08Mar2025 17:22:01.781] [Server thread/INFO] [net.mcreator.tloa.TloaMod/]: Current Stamina:32.3
[08Mar2025 17:22:01.782] [Server thread/INFO] [net.mcreator.tloa.TloaMod/]: Rounded Stamina32
[08Mar2025 17:22:01.782] [Server thread/INFO] [net.mcreator.tloa.TloaMod/]: Can Stamina:true
[08Mar2025 17:22:01.782] [Server thread/INFO] [net.mcreator.tloa.TloaMod/]: Max Stamina50.0
[08Mar2025 17:22:01.786] [Render thread/INFO] [net.mcreator.tloa.TloaMod/]: Current Stamina:32
[08Mar2025 17:22:01.786] [Render thread/INFO] [net.mcreator.tloa.TloaMod/]: Rounded Stamina32
[08Mar2025 17:22:01.786] [Render thread/INFO] [net.mcreator.tloa.TloaMod/]: Can Stamina:true
[08Mar2025 17:22:01.786] [Render thread/INFO] [net.mcreator.tloa.TloaMod/]: Max Stamina50.0
[08Mar2025 17:22:01.833] [Server thread/INFO] [net.mcreator.tloa.TloaMod/]: Current Stamina:32
[08Mar2025 17:22:01.833] [Server thread/INFO] [net.mcreator.tloa.TloaMod/]: Rounded Stamina32
[08Mar2025 17:22:01.833] [Server thread/INFO] [net.mcreator.tloa.TloaMod/]: Can Stamina:true
[08Mar2025 17:22:01.833] [Server thread/INFO] [net.mcreator.tloa.TloaMod/]: Max Stamina50.0
[08Mar2025 17:22:01.837] [Render thread/INFO] [net.mcreator.tloa.TloaMod/]: Current Stamina:31.7
[08Mar2025 17:22:01.837] [Render thread/INFO] [net.mcreator.tloa.TloaMod/]: Rounded Stamina32
[08Mar2025 17:22:01.837] [Render thread/INFO] [net.mcreator.tloa.TloaMod/]: Can Stamina:true
[08Mar2025 17:22:01.837] [Render thread/INFO] [net.mcreator.tloa.TloaMod/]: Max Stamina50.0
[08Mar2025 17:22:01.879] [Server thread/INFO] [net.mcreator.tloa.TloaMod/]: Current Stamina:31.7
[08Mar2025 17:22:01.880] [Server thread/INFO] [net.mcreator.tloa.TloaMod/]: Rounded Stamina32
[08Mar2025 17:22:01.880] [Server thread/INFO] [net.mcreator.tloa.TloaMod/]: Can Stamina:true
[08Mar2025 17:22:01.880] [Server thread/INFO] [net.mcreator.tloa.TloaMod/]: Max Stamina50.0
[08Mar2025 17:22:01.885] [Render thread/INFO] [net.mcreator.tloa.TloaMod/]: Current Stamina:31.4
[08Mar2025 17:22:01.886] [Render thread/INFO] [net.mcreator.tloa.TloaMod/]: Rounded Stamina31
[08Mar2025 17:22:01.886] [Render thread/INFO] [net.mcreator.tloa.TloaMod/]: Can Stamina:true
[08Mar2025 17:22:01.886] [Render thread/INFO] [net.mcreator.tloa.TloaMod/]: Max Stamina50.0
[08Mar2025 17:22:01.932] [Server thread/INFO] [net.mcreator.tloa.TloaMod/]: Current Stamina:31.4
[08Mar2025 17:22:01.932] [Server thread/INFO] [net.mcreator.tloa.TloaMod/]: Rounded Stamina31
[08Mar2025 17:22:01.932] [Server thread/INFO] [net.mcreator.tloa.TloaMod/]: Can Stamina:true
[08Mar2025 17:22:01.932] [Server thread/INFO] [net.mcreator.tloa.TloaMod/]: Max Stamina50.0
[08Mar2025 17:22:01.937] [Render thread/INFO] [net.mcreator.tloa.TloaMod/]: Current Stamina:31.1
[08Mar2025 17:22:01.937] [Render thread/INFO] [net.mcreator.tloa.TloaMod/]: Rounded Stamina31
[08Mar2025 17:22:01.937] [Render thread/INFO] [net.mcreator.tloa.TloaMod/]: Can Stamina:true
[08Mar2025 17:22:01.937] [Render thread/INFO] [net.mcreator.tloa.TloaMod/]: Max Stamina50.0
[08Mar2025 17:22:01.981] [Server thread/INFO] [net.mcreator.tloa.TloaMod/]: Current Stamina:31.1
[08Mar2025 17:22:01.981] [Server thread/INFO] [net.mcreator.tloa.TloaMod/]: Rounded Stamina31
[08Mar2025 17:22:01.981] [Server thread/INFO] [net.mcreator.tloa.TloaMod/]: Can Stamina:true
[08Mar2025 17:22:01.981] [Server thread/INFO] [net.mcreator.tloa.TloaMod/]: Max Stamina50.0
[08Mar2025 17:22:01.985] [Render thread/INFO] [net.mcreator.tloa.TloaMod/]: Current Stamina:30.8
[08Mar2025 17:22:01.985] [Render thread/INFO] [net.mcreator.tloa.TloaMod/]: Rounded Stamina31
[08Mar2025 17:22:01.985] [Render thread/INFO] [net.mcreator.tloa.TloaMod/]: Can Stamina:true
[08Mar2025 17:22:01.986] [Render thread/INFO] [net.mcreator.tloa.TloaMod/]: Max Stamina50.0
[08Mar2025 17:22:02.031] [Server thread/INFO] [net.mcreator.tloa.TloaMod/]: Current Stamina:30.8
[08Mar2025 17:22:02.032] [Server thread/INFO] [net.mcreator.tloa.TloaMod/]: Rounded Stamina31
[08Mar2025 17:22:02.032] [Server thread/INFO] [net.mcreator.tloa.TloaMod/]: Can Stamina:true
[08Mar2025 17:22:02.032] [Server thread/INFO] [net.mcreator.tloa.TloaMod/]: Max Stamina50.0
[08Mar2025 17:22:02.036] [Render thread/INFO] [net.mcreator.tloa.TloaMod/]: Current Stamina:30.5
[08Mar2025 17:22:02.038] [Render thread/INFO] [net.mcreator.tloa.TloaMod/]: Rounded Stamina31
[08Mar2025 17:22:02.038] [Render thread/INFO] [net.mcreator.tloa.TloaMod/]: Can Stamina:true
[08Mar2025 17:22:02.038] [Render thread/INFO] [net.mcreator.tloa.TloaMod/]: Max Stamina50.0
[08Mar2025 17:22:02.083] [Server thread/INFO] [net.mcreator.tloa.TloaMod/]: Current Stamina:30.5
[08Mar2025 17:22:02.083] [Server thread/INFO] [net.mcreator.tloa.TloaMod/]: Rounded Stamina31
[08Mar2025 17:22:02.083] [Server thread/INFO] [net.mcreator.tloa.TloaMod/]: Can Stamina:true
[08Mar2025 17:22:02.083] [Server thread/INFO] [net.mcreator.tloa.TloaMod/]: Max Stamina50.0
[08Mar2025 17:22:02.086] [Render thread/INFO] [net.mcreator.tloa.TloaMod/]: Current Stamina:30.2
[08Mar2025 17:22:02.086] [Render thread/INFO] [net.mcreator.tloa.TloaMod/]: Rounded Stamina30
[08Mar2025 17:22:02.086] [Render thread/INFO] [net.mcreator.tloa.TloaMod/]: Can Stamina:true
[08Mar2025 17:22:02.086] [Render thread/INFO] [net.mcreator.tloa.TloaMod/]: Max Stamina50.0
[08Mar2025 17:22:02.133] [Server thread/INFO] [net.mcreator.tloa.TloaMod/]: Current Stamina:30.2
[08Mar2025 17:22:02.133] [Server thread/INFO] [net.mcreator.tloa.TloaMod/]: Rounded Stamina30
[08Mar2025 17:22:02.133] [Server thread/INFO] [net.mcreator.tloa.TloaMod/]: Can Stamina:true
[08Mar2025 17:22:02.133] [Server thread/INFO] [net.mcreator.tloa.TloaMod/]: Max Stamina50.0
[08Mar2025 17:22:02.138] [Render thread/INFO] [net.mcreator.tloa.TloaMod/]: Current Stamina:29.9
[08Mar2025 17:22:02.138] [Render thread/INFO] [net.mcreator.tloa.TloaMod/]: Rounded Stamina30
[08Mar2025 17:22:02.139] [Render thread/INFO] [net.mcreator.tloa.TloaMod/]: Can Stamina:true
[08Mar2025 17:22:02.139] [Render thread/INFO] [net.mcreator.tloa.TloaMod/]: Max Stamina50.0
[08Mar2025 17:22:02.182] [Server thread/INFO] [net.mcreator.tloa.TloaMod/]: Current Stamina:29.9
[08Mar2025 17:22:02.182] [Server thread/INFO] [net.mcreator.tloa.TloaMod/]: Rounded Stamina30
[08Mar2025 17:22:02.182] [Server thread/INFO] [net.mcreator.tloa.TloaMod/]: Can Stamina:true
[08Mar2025 17:22:02.182] [Server thread/INFO] [net.mcreator.tloa.TloaMod/]: Max Stamina50.0
[08Mar2025 17:22:02.185] [Render thread/INFO] [net.mcreator.tloa.TloaMod/]: Current Stamina:29.6
[08Mar2025 17:22:02.185] [Render thread/INFO] [net.mcreator.tloa.TloaMod/]: Rounded Stamina30
[08Mar2025 17:22:02.185] [Render thread/INFO] [net.mcreator.tloa.TloaMod/]: Can Stamina:true
[08Mar2025 17:22:02.185] [Render thread/INFO] [net.mcreator.tloa.TloaMod/]: Max Stamina50.0
[08Mar2025 17:22:02.235] [Server thread/INFO] [net.mcreator.tloa.TloaMod/]: Current Stamina:29.6
[08Mar2025 17:22:02.235] [Server thread/INFO] [net.mcreator.tloa.TloaMod/]: Rounded Stamina30
[08Mar2025 17:22:02.235] [Server thread/INFO] [net.mcreator.tloa.TloaMod/]: Can Stamina:true
[08Mar2025 17:22:02.235] [Server thread/INFO] [net.mcreator.tloa.TloaMod/]: Max Stamina50.0
[08Mar2025 17:22:02.236] [Render thread/INFO] [net.mcreator.tloa.TloaMod/]: Current Stamina:29.3
[08Mar2025 17:22:02.236] [Render thread/INFO] [net.mcreator.tloa.TloaMod/]: Rounded Stamina29
[08Mar2025 17:22:02.236] [Render thread/INFO] [net.mcreator.tloa.TloaMod/]: Can Stamina:true
[08Mar2025 17:22:02.236] [Render thread/INFO] [net.mcreator.tloa.TloaMod/]: Max Stamina50.0
[08Mar2025 17:22:02.280] [Server thread/INFO] [net.mcreator.tloa.TloaMod/]: Current Stamina:29.3
[08Mar2025 17:22:02.282] [Server thread/INFO] [net.mcreator.tloa.TloaMod/]: Rounded Stamina29
[08Mar2025 17:22:02.282] [Server thread/INFO] [net.mcreator.tloa.TloaMod/]: Can Stamina:true
[08Mar2025 17:22:02.282] [Server thread/INFO] [net.mcreator.tloa.TloaMod/]: Max Stamina50.0
[08Mar2025 17:22:02.286] [Render thread/INFO] [net.mcreator.tloa.TloaMod/]: Current Stamina:29
[08Mar2025 17:22:02.286] [Render thread/INFO] [net.mcreator.tloa.TloaMod/]: Rounded Stamina29
[08Mar2025 17:22:02.286] [Render thread/INFO] [net.mcreator.tloa.TloaMod/]: Can Stamina:true
[08Mar2025 17:22:02.286] [Render thread/INFO] [net.mcreator.tloa.TloaMod/]: Max Stamina50.0
[08Mar2025 17:22:02.333] [Server thread/INFO] [net.mcreator.tloa.TloaMod/]: Current Stamina:29
[08Mar2025 17:22:02.334] [Server thread/INFO] [net.mcreator.tloa.TloaMod/]: Rounded Stamina29
[08Mar2025 17:22:02.334] [Server thread/INFO] [net.mcreator.tloa.TloaMod/]: Can Stamina:true
[08Mar2025 17:22:02.334] [Server thread/INFO] [net.mcreator.tloa.TloaMod/]: Max Stamina50.0
[08Mar2025 17:22:02.336] [Render thread/INFO] [net.mcreator.tloa.TloaMod/]: Current Stamina:28.7
[08Mar2025 17:22:02.336] [Render thread/INFO] [net.mcreator.tloa.TloaMod/]: Rounded Stamina29
[08Mar2025 17:22:02.336] [Render thread/INFO] [net.mcreator.tloa.TloaMod/]: Can Stamina:true
[08Mar2025 17:22:02.338] [Render thread/INFO] [net.mcreator.tloa.TloaMod/]: Max Stamina50.0
[08Mar2025 17:22:02.379] [Server thread/INFO] [net.mcreator.tloa.TloaMod/]: Current Stamina:28.7
[08Mar2025 17:22:02.380] [Server thread/INFO] [net.mcreator.tloa.TloaMod/]: Rounded Stamina29
[08Mar2025 17:22:02.380] [Server thread/INFO] [net.mcreator.tloa.TloaMod/]: Can Stamina:true
[08Mar2025 17:22:02.380] [Server thread/INFO] [net.mcreator.tloa.TloaMod/]: Max Stamina50.0
[08Mar2025 17:22:02.386] [Render thread/INFO] [net.mcreator.tloa.TloaMod/]: Current Stamina:28.4
[08Mar2025 17:22:02.386] [Render thread/INFO] [net.mcreator.tloa.TloaMod/]: Rounded Stamina28
[08Mar2025 17:22:02.386] [Render thread/INFO] [net.mcreator.tloa.TloaMod/]: Can Stamina:true
[08Mar2025 17:22:02.386] [Render thread/INFO] [net.mcreator.tloa.TloaMod/]: Max Stamina50.0
[08Mar2025 17:22:02.430] [Server thread/INFO] [net.mcreator.tloa.TloaMod/]: Current Stamina:28.4
[08Mar2025 17:22:02.430] [Server thread/INFO] [net.mcreator.tloa.TloaMod/]: Rounded Stamina28
[08Mar2025 17:22:02.430] [Server thread/INFO] [net.mcreator.tloa.TloaMod/]: Can Stamina:true
[08Mar2025 17:22:02.430] [Server thread/INFO] [net.mcreator.tloa.TloaMod/]: Max Stamina50.0
[08Mar2025 17:22:02.435] [Render thread/INFO] [net.mcreator.tloa.TloaMod/]: Current Stamina:28.1
[08Mar2025 17:22:02.436] [Render thread/INFO] [net.mcreator.tloa.TloaMod/]: Rounded Stamina28
[08Mar2025 17:22:02.436] [Render thread/INFO] [net.mcreator.tloa.TloaMod/]: Can Stamina:true
[08Mar2025 17:22:02.436] [Render thread/INFO] [net.mcreator.tloa.TloaMod/]: Max Stamina50.0
[08Mar2025 17:22:02.482] [Server thread/INFO] [net.mcreator.tloa.TloaMod/]: Current Stamina:28.1
[08Mar2025 17:22:02.483] [Server thread/INFO] [net.mcreator.tloa.TloaMod/]: Rounded Stamina28
[08Mar2025 17:22:02.483] [Server thread/INFO] [net.mcreator.tloa.TloaMod/]: Can Stamina:true
[08Mar2025 17:22:02.483] [Server thread/INFO] [net.mcreator.tloa.TloaMod/]: Max Stamina50.0
[08Mar2025 17:22:02.487] [Render thread/INFO] [net.mcreator.tloa.TloaMod/]: Current Stamina:27.8
[08Mar2025 17:22:02.487] [Render thread/INFO] [net.mcreator.tloa.TloaMod/]: Rounded Stamina28
[08Mar2025 17:22:02.487] [Render thread/INFO] [net.mcreator.tloa.TloaMod/]: Can Stamina:true
[08Mar2025 17:22:02.487] [Render thread/INFO] [net.mcreator.tloa.TloaMod/]: Max Stamina50.0
[08Mar2025 17:22:02.532] [Server thread/INFO] [net.mcreator.tloa.TloaMod/]: Current Stamina:27.8
[08Mar2025 17:22:02.532] [Server thread/INFO] [net.mcreator.tloa.TloaMod/]: Rounded Stamina28
[08Mar2025 17:22:02.532] [Server thread/INFO] [net.mcreator.tloa.TloaMod/]: Can Stamina:true
[08Mar2025 17:22:02.532] [Server thread/INFO] [net.mcreator.tloa.TloaMod/]: Max Stamina50.0
[08Mar2025 17:22:02.537] [Render thread/INFO] [net.mcreator.tloa.TloaMod/]: Current Stamina:27.5
[08Mar2025 17:22:02.538] [Render thread/INFO] [net.mcreator.tloa.TloaMod/]: Rounded Stamina28
[08Mar2025 17:22:02.538] [Render thread/INFO] [net.mcreator.tloa.TloaMod/]: Can Stamina:true
[08Mar2025 17:22:02.538] [Render thread/INFO] [net.mcreator.tloa.TloaMod/]: Max Stamina50.0
[08Mar2025 17:22:02.582] [Server thread/INFO] [net.mcreator.tloa.TloaMod/]: Current Stamina:27.5
[08Mar2025 17:22:02.582] [Server thread/INFO] [net.mcreator.tloa.TloaMod/]: Rounded Stamina28
[08Mar2025 17:22:02.582] [Server thread/INFO] [net.mcreator.tloa.TloaMod/]: Can Stamina:true
[08Mar2025 17:22:02.582] [Server thread/INFO] [net.mcreator.tloa.TloaMod/]: Max Stamina50.0
[08Mar2025 17:22:02.585] [Render thread/INFO] [net.mcreator.tloa.TloaMod/]: Current Stamina:27.2
[08Mar2025 17:22:02.585] [Render thread/INFO] [net.mcreator.tloa.TloaMod/]: Rounded Stamina27
[08Mar2025 17:22:02.585] [Render thread/INFO] [net.mcreator.tloa.TloaMod/]: Can Stamina:true
[08Mar2025 17:22:02.585] [Render thread/INFO] [net.mcreator.tloa.TloaMod/]: Max Stamina50.0
[08Mar2025 17:22:02.631] [Server thread/INFO] [net.mcreator.tloa.TloaMod/]: Current Stamina:27.2
[08Mar2025 17:22:02.632] [Server thread/INFO] [net.mcreator.tloa.TloaMod/]: Rounded Stamina27
[08Mar2025 17:22:02.632] [Server thread/INFO] [net.mcreator.tloa.TloaMod/]: Can Stamina:true
[08Mar2025 17:22:02.632] [Server thread/INFO] [net.mcreator.tloa.TloaMod/]: Max Stamina50.0
[08Mar2025 17:22:02.636] [Render thread/INFO] [net.mcreator.tloa.TloaMod/]: Current Stamina:26.9
[08Mar2025 17:22:02.636] [Render thread/INFO] [net.mcreator.tloa.TloaMod/]: Rounded Stamina27
[08Mar2025 17:22:02.636] [Render thread/INFO] [net.mcreator.tloa.TloaMod/]: Can Stamina:true
[08Mar2025 17:22:02.636] [Render thread/INFO] [net.mcreator.tloa.TloaMod/]: Max Stamina50.0
[08Mar2025 17:22:02.680] [Server thread/INFO] [net.mcreator.tloa.TloaMod/]: Current Stamina:26.9
[08Mar2025 17:22:02.680] [Server thread/INFO] [net.mcreator.tloa.TloaMod/]: Rounded Stamina27
[08Mar2025 17:22:02.681] [Server thread/INFO] [net.mcreator.tloa.TloaMod/]: Can Stamina:true
[08Mar2025 17:22:02.681] [Server thread/INFO] [net.mcreator.tloa.TloaMod/]: Max Stamina50.0
[08Mar2025 17:22:02.685] [Render thread/INFO] [net.mcreator.tloa.TloaMod/]: Current Stamina:26.6
[08Mar2025 17:22:02.685] [Render thread/INFO] [net.mcreator.tloa.TloaMod/]: Rounded Stamina27
[08Mar2025 17:22:02.685] [Render thread/INFO] [net.mcreator.tloa.TloaMod/]: Can Stamina:true
[08Mar2025 17:22:02.685] [Render thread/INFO] [net.mcreator.tloa.TloaMod/]: Max Stamina50.0
[08Mar2025 17:22:02.730] [Server thread/INFO] [net.mcreator.tloa.TloaMod/]: Current Stamina:26.6
[08Mar2025 17:22:02.730] [Server thread/INFO] [net.mcreator.tloa.TloaMod/]: Rounded Stamina27
[08Mar2025 17:22:02.730] [Server thread/INFO] [net.mcreator.tloa.TloaMod/]: Can Stamina:true
[08Mar2025 17:22:02.730] [Server thread/INFO] [net.mcreator.tloa.TloaMod/]: Max Stamina50.0
[08Mar2025 17:22:02.736] [Render thread/INFO] [net.mcreator.tloa.TloaMod/]: Current Stamina:26.3
[08Mar2025 17:22:02.736] [Render thread/INFO] [net.mcreator.tloa.TloaMod/]: Rounded Stamina26
[08Mar2025 17:22:02.736] [Render thread/INFO] [net.mcreator.tloa.TloaMod/]: Can Stamina:true
[08Mar2025 17:22:02.736] [Render thread/INFO] [net.mcreator.tloa.TloaMod/]: Max Stamina50.0
[08Mar2025 17:22:02.781] [Server thread/INFO] [net.mcreator.tloa.TloaMod/]: Current Stamina:26.3
[08Mar2025 17:22:02.783] [Server thread/INFO] [net.mcreator.tloa.TloaMod/]: Rounded Stamina26
[08Mar2025 17:22:02.783] [Server thread/INFO] [net.mcreator.tloa.TloaMod/]: Can Stamina:true
[08Mar2025 17:22:02.783] [Server thread/INFO] [net.mcreator.tloa.TloaMod/]: Max Stamina50.0
[08Mar2025 17:22:02.786] [Render thread/INFO] [net.mcreator.tloa.TloaMod/]: Current Stamina:26
[08Mar2025 17:22:02.786] [Render thread/INFO] [net.mcreator.tloa.TloaMod/]: Rounded Stamina26
[08Mar2025 17:22:02.786] [Render thread/INFO] [net.mcreator.tloa.TloaMod/]: Can Stamina:true
[08Mar2025 17:22:02.786] [Render thread/INFO] [net.mcreator.tloa.TloaMod/]: Max Stamina50.0
[08Mar2025 17:22:02.831] [Server thread/INFO] [net.mcreator.tloa.TloaMod/]: Current Stamina:26
[08Mar2025 17:22:02.831] [Server thread/INFO] [net.mcreator.tloa.TloaMod/]: Rounded Stamina26
[08Mar2025 17:22:02.831] [Server thread/INFO] [net.mcreator.tloa.TloaMod/]: Can Stamina:true
[08Mar2025 17:22:02.831] [Server thread/INFO] [net.mcreator.tloa.TloaMod/]: Max Stamina50.0
[08Mar2025 17:22:02.836] [Render thread/INFO] [net.mcreator.tloa.TloaMod/]: Current Stamina:25.7
[08Mar2025 17:22:02.836] [Render thread/INFO] [net.mcreator.tloa.TloaMod/]: Rounded Stamina26
[08Mar2025 17:22:02.836] [Render thread/INFO] [net.mcreator.tloa.TloaMod/]: Can Stamina:true
[08Mar2025 17:22:02.836] [Render thread/INFO] [net.mcreator.tloa.TloaMod/]: Max Stamina50.0
[08Mar2025 17:22:02.879] [Server thread/INFO] [net.mcreator.tloa.TloaMod/]: Current Stamina:25.7
[08Mar2025 17:22:02.879] [Server thread/INFO] [net.mcreator.tloa.TloaMod/]: Rounded Stamina26
[08Mar2025 17:22:02.879] [Server thread/INFO] [net.mcreator.tloa.TloaMod/]: Can Stamina:true
[08Mar2025 17:22:02.879] [Server thread/INFO] [net.mcreator.tloa.TloaMod/]: Max Stamina50.0
[08Mar2025 17:22:02.886] [Render thread/INFO] [net.mcreator.tloa.TloaMod/]: Current Stamina:25.4
[08Mar2025 17:22:02.886] [Render thread/INFO] [net.mcreator.tloa.TloaMod/]: Rounded Stamina25
[08Mar2025 17:22:02.886] [Render thread/INFO] [net.mcreator.tloa.TloaMod/]: Can Stamina:true
[08Mar2025 17:22:02.887] [Render thread/INFO] [net.mcreator.tloa.TloaMod/]: Max Stamina50.0
[08Mar2025 17:22:02.929] [Server thread/INFO] [net.mcreator.tloa.TloaMod/]: Current Stamina:25.4
[08Mar2025 17:22:02.930] [Server thread/INFO] [net.mcreator.tloa.TloaMod/]: Rounded Stamina25
[08Mar2025 17:22:02.930] [Server thread/INFO] [net.mcreator.tloa.TloaMod/]: Can Stamina:true
[08Mar2025 17:22:02.930] [Server thread/INFO] [net.mcreator.tloa.TloaMod/]: Max Stamina50.0
[08Mar2025 17:22:02.935] [Render thread/INFO] [net.mcreator.tloa.TloaMod/]: Current Stamina:25.1
[08Mar2025 17:22:02.936] [Render thread/INFO] [net.mcreator.tloa.TloaMod/]: Rounded Stamina25
[08Mar2025 17:22:02.936] [Render thread/INFO] [net.mcreator.tloa.TloaMod/]: Can Stamina:true
[08Mar2025 17:22:02.936] [Render thread/INFO] [net.mcreator.tloa.TloaMod/]: Max Stamina50.0
[08Mar2025 17:22:02.976] [Server thread/INFO] [net.mcreator.tloa.TloaMod/]: Current Stamina:25.1
[08Mar2025 17:22:02.977] [Server thread/INFO] [net.mcreator.tloa.TloaMod/]: Rounded Stamina25
[08Mar2025 17:22:02.977] [Server thread/INFO] [net.mcreator.tloa.TloaMod/]: Can Stamina:true
[08Mar2025 17:22:02.977] [Server thread/INFO] [net.mcreator.tloa.TloaMod/]: Max Stamina50.0
[08Mar2025 17:22:02.986] [Render thread/INFO] [net.mcreator.tloa.TloaMod/]: Current Stamina:24.8
[08Mar2025 17:22:02.986] [Render thread/INFO] [net.mcreator.tloa.TloaMod/]: Rounded Stamina25
[08Mar2025 17:22:02.987] [Render thread/INFO] [net.mcreator.tloa.TloaMod/]: Can Stamina:true
[08Mar2025 17:22:02.987] [Render thread/INFO] [net.mcreator.tloa.TloaMod/]: Max Stamina50.0
[08Mar2025 17:22:03.028] [Server thread/INFO] [net.mcreator.tloa.TloaMod/]: Current Stamina:24.8
[08Mar2025 17:22:03.029] [Server thread/INFO] [net.mcreator.tloa.TloaMod/]: Rounded Stamina25
[08Mar2025 17:22:03.029] [Server thread/INFO] [net.mcreator.tloa.TloaMod/]: Can Stamina:true
[08Mar2025 17:22:03.029] [Server thread/INFO] [net.mcreator.tloa.TloaMod/]: Max Stamina50.0
[08Mar2025 17:22:03.036] [Render thread/INFO] [net.mcreator.tloa.TloaMod/]: Current Stamina:24.5
[08Mar2025 17:22:03.036] [Render thread/INFO] [net.mcreator.tloa.TloaMod/]: Rounded Stamina25
[08Mar2025 17:22:03.036] [Render thread/INFO] [net.mcreator.tloa.TloaMod/]: Can Stamina:true
[08Mar2025 17:22:03.037] [Render thread/INFO] [net.mcreator.tloa.TloaMod/]: Max Stamina50.0
[08Mar2025 17:22:03.078] [Server thread/INFO] [net.mcreator.tloa.TloaMod/]: Current Stamina:24.5
[08Mar2025 17:22:03.079] [Server thread/INFO] [net.mcreator.tloa.TloaMod/]: Rounded Stamina25
[08Mar2025 17:22:03.079] [Server thread/INFO] [net.mcreator.tloa.TloaMod/]: Can Stamina:true
[08Mar2025 17:22:03.079] [Server thread/INFO] [net.mcreator.tloa.TloaMod/]: Max Stamina50.0
[08Mar2025 17:22:03.086] [Render thread/INFO] [net.mcreator.tloa.TloaMod/]: Current Stamina:24.2
[08Mar2025 17:22:03.086] [Render thread/INFO] [net.mcreator.tloa.TloaMod/]: Rounded Stamina24
[08Mar2025 17:22:03.086] [Render thread/INFO] [net.mcreator.tloa.TloaMod/]: Can Stamina:true
[08Mar2025 17:22:03.086] [Render thread/INFO] [net.mcreator.tloa.TloaMod/]: Max Stamina50.0
[08Mar2025 17:22:03.128] [Server thread/INFO] [net.mcreator.tloa.TloaMod/]: Current Stamina:24.2
[08Mar2025 17:22:03.129] [Server thread/INFO] [net.mcreator.tloa.TloaMod/]: Rounded Stamina24
[08Mar2025 17:22:03.129] [Server thread/INFO] [net.mcreator.tloa.TloaMod/]: Can Stamina:true
[08Mar2025 17:22:03.129] [Server thread/INFO] [net.mcreator.tloa.TloaMod/]: Max Stamina50.0
[08Mar2025 17:22:03.136] [Render thread/INFO] [net.mcreator.tloa.TloaMod/]: Current Stamina:23.9
[08Mar2025 17:22:03.136] [Render thread/INFO] [net.mcreator.tloa.TloaMod/]: Rounded Stamina24
[08Mar2025 17:22:03.136] [Render thread/INFO] [net.mcreator.tloa.TloaMod/]: Can Stamina:true
[08Mar2025 17:22:03.136] [Render thread/INFO] [net.mcreator.tloa.TloaMod/]: Max Stamina50.0
[08Mar2025 17:22:03.176] [Server thread/INFO] [net.mcreator.tloa.TloaMod/]: Current Stamina:23.9
[08Mar2025 17:22:03.176] [Server thread/INFO] [net.mcreator.tloa.TloaMod/]: Rounded Stamina24
[08Mar2025 17:22:03.176] [Server thread/INFO] [net.mcreator.tloa.TloaMod/]: Can Stamina:true
[08Mar2025 17:22:03.176] [Server thread/INFO] [net.mcreator.tloa.TloaMod/]: Max Stamina50.0
[08Mar2025 17:22:03.186] [Render thread/INFO] [net.mcreator.tloa.TloaMod/]: Current Stamina:23.6
[08Mar2025 17:22:03.186] [Render thread/INFO] [net.mcreator.tloa.TloaMod/]: Rounded Stamina24
[08Mar2025 17:22:03.186] [Render thread/INFO] [net.mcreator.tloa.TloaMod/]: Can Stamina:true
[08Mar2025 17:22:03.186] [Render thread/INFO] [net.mcreator.tloa.TloaMod/]: Max Stamina50.0
[08Mar2025 17:22:03.232] [Server thread/INFO] [net.mcreator.tloa.TloaMod/]: Current Stamina:23.6
[08Mar2025 17:22:03.233] [Server thread/INFO] [net.mcreator.tloa.TloaMod/]: Rounded Stamina24
[08Mar2025 17:22:03.233] [Server thread/INFO] [net.mcreator.tloa.TloaMod/]: Can Stamina:true
[08Mar2025 17:22:03.233] [Server thread/INFO] [net.mcreator.tloa.TloaMod/]: Max Stamina50.0
[08Mar2025 17:22:03.236] [Render thread/INFO] [net.mcreator.tloa.TloaMod/]: Current Stamina:23.3
[08Mar2025 17:22:03.236] [Render thread/INFO] [net.mcreator.tloa.TloaMod/]: Rounded Stamina23
[08Mar2025 17:22:03.236] [Render thread/INFO] [net.mcreator.tloa.TloaMod/]: Can Stamina:true
[08Mar2025 17:22:03.236] [Render thread/INFO] [net.mcreator.tloa.TloaMod/]: Max Stamina50.0
[08Mar2025 17:22:03.277] [Server thread/INFO] [net.mcreator.tloa.TloaMod/]: Current Stamina:23.3
[08Mar2025 17:22:03.277] [Server thread/INFO] [net.mcreator.tloa.TloaMod/]: Rounded Stamina23
[08Mar2025 17:22:03.277] [Server thread/INFO] [net.mcreator.tloa.TloaMod/]: Can Stamina:true
[08Mar2025 17:22:03.277] [Server thread/INFO] [net.mcreator.tloa.TloaMod/]: Max Stamina50.0
[08Mar2025 17:22:03.285] [Render thread/INFO] [net.mcreator.tloa.TloaMod/]: Current Stamina:23
[08Mar2025 17:22:03.285] [Render thread/INFO] [net.mcreator.tloa.TloaMod/]: Rounded Stamina23
[08Mar2025 17:22:03.285] [Render thread/INFO] [net.mcreator.tloa.TloaMod/]: Can Stamina:true
[08Mar2025 17:22:03.285] [Render thread/INFO] [net.mcreator.tloa.TloaMod/]: Max Stamina50.0
[08Mar2025 17:22:03.327] [Server thread/INFO] [net.mcreator.tloa.TloaMod/]: Current Stamina:23
[08Mar2025 17:22:03.328] [Server thread/INFO] [net.mcreator.tloa.TloaMod/]: Rounded Stamina23
[08Mar2025 17:22:03.328] [Server thread/INFO] [net.mcreator.tloa.TloaMod/]: Can Stamina:true
[08Mar2025 17:22:03.328] [Server thread/INFO] [net.mcreator.tloa.TloaMod/]: Max Stamina50.0
[08Mar2025 17:22:03.335] [Render thread/INFO] [net.mcreator.tloa.TloaMod/]: Current Stamina:22.7
[08Mar2025 17:22:03.335] [Render thread/INFO] [net.mcreator.tloa.TloaMod/]: Rounded Stamina23
[08Mar2025 17:22:03.335] [Render thread/INFO] [net.mcreator.tloa.TloaMod/]: Can Stamina:true
[08Mar2025 17:22:03.335] [Render thread/INFO] [net.mcreator.tloa.TloaMod/]: Max Stamina50.0
[08Mar2025 17:22:03.378] [Server thread/INFO] [net.mcreator.tloa.TloaMod/]: Current Stamina:22.7
[08Mar2025 17:22:03.379] [Server thread/INFO] [net.mcreator.tloa.TloaMod/]: Rounded Stamina23
[08Mar2025 17:22:03.379] [Server thread/INFO] [net.mcreator.tloa.TloaMod/]: Can Stamina:true
[08Mar2025 17:22:03.379] [Server thread/INFO] [net.mcreator.tloa.TloaMod/]: Max Stamina50.0
[08Mar2025 17:22:03.386] [Render thread/INFO] [net.mcreator.tloa.TloaMod/]: Current Stamina:22.4
[08Mar2025 17:22:03.386] [Render thread/INFO] [net.mcreator.tloa.TloaMod/]: Rounded Stamina22
[08Mar2025 17:22:03.387] [Render thread/INFO] [net.mcreator.tloa.TloaMod/]: Can Stamina:true
[08Mar2025 17:22:03.387] [Render thread/INFO] [net.mcreator.tloa.TloaMod/]: Max Stamina50.0
[08Mar2025 17:22:03.429] [Server thread/INFO] [net.mcreator.tloa.TloaMod/]: Current Stamina:22.4
[08Mar2025 17:22:03.429] [Server thread/INFO] [net.mcreator.tloa.TloaMod/]: Rounded Stamina22
[08Mar2025 17:22:03.429] [Server thread/INFO] [net.mcreator.tloa.TloaMod/]: Can Stamina:true
[08Mar2025 17:22:03.429] [Server thread/INFO] [net.mcreator.tloa.TloaMod/]: Max Stamina50.0
[08Mar2025 17:22:03.437] [Render thread/INFO] [net.mcreator.tloa.TloaMod/]: Current Stamina:22.1
[08Mar2025 17:22:03.437] [Render thread/INFO] [net.mcreator.tloa.TloaMod/]: Rounded Stamina22
[08Mar2025 17:22:03.437] [Render thread/INFO] [net.mcreator.tloa.TloaMod/]: Can Stamina:true
[08Mar2025 17:22:03.437] [Render thread/INFO] [net.mcreator.tloa.TloaMod/]: Max Stamina50.0
[08Mar2025 17:22:03.478] [Server thread/INFO] [net.mcreator.tloa.TloaMod/]: Current Stamina:22.1
[08Mar2025 17:22:03.479] [Server thread/INFO] [net.mcreator.tloa.TloaMod/]: Rounded Stamina22
[08Mar2025 17:22:03.479] [Server thread/INFO] [net.mcreator.tloa.TloaMod/]: Can Stamina:true
[08Mar2025 17:22:03.479] [Server thread/INFO] [net.mcreator.tloa.TloaMod/]: Max Stamina50.0
[08Mar2025 17:22:03.486] [Render thread/INFO] [net.mcreator.tloa.TloaMod/]: Current Stamina:21.8
[08Mar2025 17:22:03.486] [Render thread/INFO] [net.mcreator.tloa.TloaMod/]: Rounded Stamina22
[08Mar2025 17:22:03.486] [Render thread/INFO] [net.mcreator.tloa.TloaMod/]: Can Stamina:true
[08Mar2025 17:22:03.486] [Render thread/INFO] [net.mcreator.tloa.TloaMod/]: Max Stamina50.0
[08Mar2025 17:22:03.528] [Server thread/INFO] [net.mcreator.tloa.TloaMod/]: Current Stamina:21.8
[08Mar2025 17:22:03.529] [Server thread/INFO] [net.mcreator.tloa.TloaMod/]: Rounded Stamina22
[08Mar2025 17:22:03.529] [Server thread/INFO] [net.mcreator.tloa.TloaMod/]: Can Stamina:true
[08Mar2025 17:22:03.529] [Server thread/INFO] [net.mcreator.tloa.TloaMod/]: Max Stamina50.0
[08Mar2025 17:22:03.535] [Render thread/INFO] [net.mcreator.tloa.TloaMod/]: Current Stamina:21.5
[08Mar2025 17:22:03.535] [Render thread/INFO] [net.mcreator.tloa.TloaMod/]: Rounded Stamina22
[08Mar2025 17:22:03.536] [Render thread/INFO] [net.mcreator.tloa.TloaMod/]: Can Stamina:true
[08Mar2025 17:22:03.536] [Render thread/INFO] [net.mcreator.tloa.TloaMod/]: Max Stamina50.0
[08Mar2025 17:22:03.579] [Server thread/INFO] [net.mcreator.tloa.TloaMod/]: Current Stamina:21.5
[08Mar2025 17:22:03.580] [Server thread/INFO] [net.mcreator.tloa.TloaMod/]: Rounded Stamina22
[08Mar2025 17:22:03.580] [Server thread/INFO] [net.mcreator.tloa.TloaMod/]: Can Stamina:true
[08Mar2025 17:22:03.580] [Server thread/INFO] [net.mcreator.tloa.TloaMod/]: Max Stamina50.0
[08Mar2025 17:22:03.586] [Render thread/INFO] [net.mcreator.tloa.TloaMod/]: Current Stamina:21.2
[08Mar2025 17:22:03.586] [Render thread/INFO] [net.mcreator.tloa.TloaMod/]: Rounded Stamina21
[08Mar2025 17:22:03.586] [Render thread/INFO] [net.mcreator.tloa.TloaMod/]: Can Stamina:true
[08Mar2025 17:22:03.586] [Render thread/INFO] [net.mcreator.tloa.TloaMod/]: Max Stamina50.0
[08Mar2025 17:22:03.628] [Server thread/INFO] [net.mcreator.tloa.TloaMod/]: Current Stamina:21.2
[08Mar2025 17:22:03.628] [Server thread/INFO] [net.mcreator.tloa.TloaMod/]: Rounded Stamina21
[08Mar2025 17:22:03.628] [Server thread/INFO] [net.mcreator.tloa.TloaMod/]: Can Stamina:true
[08Mar2025 17:22:03.629] [Server thread/INFO] [net.mcreator.tloa.TloaMod/]: Max Stamina50.0
[08Mar2025 17:22:03.635] [Render thread/INFO] [net.mcreator.tloa.TloaMod/]: Current Stamina:20.9
[08Mar2025 17:22:03.636] [Render thread/INFO] [net.mcreator.tloa.TloaMod/]: Rounded Stamina21
[08Mar2025 17:22:03.636] [Render thread/INFO] [net.mcreator.tloa.TloaMod/]: Can Stamina:true
[08Mar2025 17:22:03.636] [Render thread/INFO] [net.mcreator.tloa.TloaMod/]: Max Stamina50.0
[08Mar2025 17:22:03.678] [Server thread/INFO] [net.mcreator.tloa.TloaMod/]: Current Stamina:20.9
[08Mar2025 17:22:03.678] [Server thread/INFO] [net.mcreator.tloa.TloaMod/]: Rounded Stamina21
[08Mar2025 17:22:03.678] [Server thread/INFO] [net.mcreator.tloa.TloaMod/]: Can Stamina:true
[08Mar2025 17:22:03.678] [Server thread/INFO] [net.mcreator.tloa.TloaMod/]: Max Stamina50.0
[08Mar2025 17:22:03.686] [Render thread/INFO] [net.mcreator.tloa.TloaMod/]: Current Stamina:20.6
[08Mar2025 17:22:03.686] [Render thread/INFO] [net.mcreator.tloa.TloaMod/]: Rounded Stamina21
[08Mar2025 17:22:03.686] [Render thread/INFO] [net.mcreator.tloa.TloaMod/]: Can Stamina:true
[08Mar2025 17:22:03.686] [Render thread/INFO] [net.mcreator.tloa.TloaMod/]: Max Stamina50.0
[08Mar2025 17:22:03.729] [Server thread/INFO] [net.mcreator.tloa.TloaMod/]: Current Stamina:20.6
[08Mar2025 17:22:03.730] [Server thread/INFO] [net.mcreator.tloa.TloaMod/]: Rounded Stamina21
[08Mar2025 17:22:03.730] [Server thread/INFO] [net.mcreator.tloa.TloaMod/]: Can Stamina:true
[08Mar2025 17:22:03.730] [Server thread/INFO] [net.mcreator.tloa.TloaMod/]: Max Stamina50.0
[08Mar2025 17:22:03.735] [Render thread/INFO] [net.mcreator.tloa.TloaMod/]: Current Stamina:20.3
[08Mar2025 17:22:03.735] [Render thread/INFO] [net.mcreator.tloa.TloaMod/]: Rounded Stamina20
[08Mar2025 17:22:03.735] [Render thread/INFO] [net.mcreator.tloa.TloaMod/]: Can Stamina:true
[08Mar2025 17:22:03.735] [Render thread/INFO] [net.mcreator.tloa.TloaMod/]: Max Stamina50.0
[08Mar2025 17:22:03.777] [Server thread/INFO] [net.mcreator.tloa.TloaMod/]: Current Stamina:20.3
[08Mar2025 17:22:03.777] [Server thread/INFO] [net.mcreator.tloa.TloaMod/]: Rounded Stamina20
[08Mar2025 17:22:03.777] [Server thread/INFO] [net.mcreator.tloa.TloaMod/]: Can Stamina:true
[08Mar2025 17:22:03.777] [Server thread/INFO] [net.mcreator.tloa.TloaMod/]: Max Stamina50.0
[08Mar2025 17:22:03.786] [Render thread/INFO] [net.mcreator.tloa.TloaMod/]: Current Stamina:20
[08Mar2025 17:22:03.787] [Render thread/INFO] [net.mcreator.tloa.TloaMod/]: Rounded Stamina20
[08Mar2025 17:22:03.787] [Render thread/INFO] [net.mcreator.tloa.TloaMod/]: Can Stamina:true
[08Mar2025 17:22:03.787] [Render thread/INFO] [net.mcreator.tloa.TloaMod/]: Max Stamina50.0
[08Mar2025 17:22:03.830] [Server thread/INFO] [net.mcreator.tloa.TloaMod/]: Current Stamina:20
[08Mar2025 17:22:03.831] [Server thread/INFO] [net.mcreator.tloa.TloaMod/]: Rounded Stamina20
[08Mar2025 17:22:03.831] [Server thread/INFO] [net.mcreator.tloa.TloaMod/]: Can Stamina:true
[08Mar2025 17:22:03.831] [Server thread/INFO] [net.mcreator.tloa.TloaMod/]: Max Stamina50.0
[08Mar2025 17:22:03.836] [Render thread/INFO] [net.mcreator.tloa.TloaMod/]: Current Stamina:19.7
[08Mar2025 17:22:03.836] [Render thread/INFO] [net.mcreator.tloa.TloaMod/]: Rounded Stamina20
[08Mar2025 17:22:03.836] [Render thread/INFO] [net.mcreator.tloa.TloaMod/]: Can Stamina:true
[08Mar2025 17:22:03.836] [Render thread/INFO] [net.mcreator.tloa.TloaMod/]: Max Stamina50.0
[08Mar2025 17:22:03.878] [Server thread/INFO] [net.mcreator.tloa.TloaMod/]: Current Stamina:19.7
[08Mar2025 17:22:03.879] [Server thread/INFO] [net.mcreator.tloa.TloaMod/]: Rounded Stamina20
[08Mar2025 17:22:03.879] [Server thread/INFO] [net.mcreator.tloa.TloaMod/]: Can Stamina:true
[08Mar2025 17:22:03.879] [Server thread/INFO] [net.mcreator.tloa.TloaMod/]: Max Stamina50.0
[08Mar2025 17:22:03.885] [Render thread/INFO] [net.mcreator.tloa.TloaMod/]: Current Stamina:19.4
[08Mar2025 17:22:03.886] [Render thread/INFO] [net.mcreator.tloa.TloaMod/]: Rounded Stamina19
[08Mar2025 17:22:03.886] [Render thread/INFO] [net.mcreator.tloa.TloaMod/]: Can Stamina:true
[08Mar2025 17:22:03.886] [Render thread/INFO] [net.mcreator.tloa.TloaMod/]: Max Stamina50.0
[08Mar2025 17:22:03.930] [Server thread/INFO] [net.mcreator.tloa.TloaMod/]: Current Stamina:19.4
[08Mar2025 17:22:03.930] [Server thread/INFO] [net.mcreator.tloa.TloaMod/]: Rounded Stamina19
[08Mar2025 17:22:03.930] [Server thread/INFO] [net.mcreator.tloa.TloaMod/]: Can Stamina:true
[08Mar2025 17:22:03.930] [Server thread/INFO] [net.mcreator.tloa.TloaMod/]: Max Stamina50.0
[08Mar2025 17:22:03.936] [Render thread/INFO] [net.mcreator.tloa.TloaMod/]: Current Stamina:19.1
[08Mar2025 17:22:03.936] [Render thread/INFO] [net.mcreator.tloa.TloaMod/]: Rounded Stamina19
[08Mar2025 17:22:03.936] [Render thread/INFO] [net.mcreator.tloa.TloaMod/]: Can Stamina:true
[08Mar2025 17:22:03.936] [Render thread/INFO] [net.mcreator.tloa.TloaMod/]: Max Stamina50.0
[08Mar2025 17:22:03.978] [Server thread/INFO] [net.mcreator.tloa.TloaMod/]: Current Stamina:19.1
[08Mar2025 17:22:03.979] [Server thread/INFO] [net.mcreator.tloa.TloaMod/]: Rounded Stamina19
[08Mar2025 17:22:03.979] [Server thread/INFO] [net.mcreator.tloa.TloaMod/]: Can Stamina:true
[08Mar2025 17:22:03.979] [Server thread/INFO] [net.mcreator.tloa.TloaMod/]: Max Stamina50.0
[08Mar2025 17:22:03.986] [Render thread/INFO] [net.mcreator.tloa.TloaMod/]: Current Stamina:18.8
[08Mar2025 17:22:03.986] [Render thread/INFO] [net.mcreator.tloa.TloaMod/]: Rounded Stamina19
[08Mar2025 17:22:03.986] [Render thread/INFO] [net.mcreator.tloa.TloaMod/]: Can Stamina:true
[08Mar2025 17:22:03.986] [Render thread/INFO] [net.mcreator.tloa.TloaMod/]: Max Stamina50.0
[08Mar2025 17:22:04.028] [Server thread/INFO] [net.mcreator.tloa.TloaMod/]: Current Stamina:18.8
[08Mar2025 17:22:04.028] [Server thread/INFO] [net.mcreator.tloa.TloaMod/]: Rounded Stamina19
[08Mar2025 17:22:04.028] [Server thread/INFO] [net.mcreator.tloa.TloaMod/]: Can Stamina:true
[08Mar2025 17:22:04.028] [Server thread/INFO] [net.mcreator.tloa.TloaMod/]: Max Stamina50.0
[08Mar2025 17:22:04.035] [Render thread/INFO] [net.mcreator.tloa.TloaMod/]: Current Stamina:18.5
[08Mar2025 17:22:04.035] [Render thread/INFO] [net.mcreator.tloa.TloaMod/]: Rounded Stamina19
[08Mar2025 17:22:04.035] [Render thread/INFO] [net.mcreator.tloa.TloaMod/]: Can Stamina:true
[08Mar2025 17:22:04.035] [Render thread/INFO] [net.mcreator.tloa.TloaMod/]: Max Stamina50.0
[08Mar2025 17:22:04.077] [Server thread/INFO] [net.mcreator.tloa.TloaMod/]: Current Stamina:18.5
[08Mar2025 17:22:04.077] [Server thread/INFO] [net.mcreator.tloa.TloaMod/]: Rounded Stamina19
[08Mar2025 17:22:04.077] [Server thread/INFO] [net.mcreator.tloa.TloaMod/]: Can Stamina:true
[08Mar2025 17:22:04.077] [Server thread/INFO] [net.mcreator.tloa.TloaMod/]: Max Stamina50.0
[08Mar2025 17:22:04.086] [Render thread/INFO] [net.mcreator.tloa.TloaMod/]: Current Stamina:18.2
[08Mar2025 17:22:04.086] [Render thread/INFO] [net.mcreator.tloa.TloaMod/]: Rounded Stamina18
[08Mar2025 17:22:04.087] [Render thread/INFO] [net.mcreator.tloa.TloaMod/]: Can Stamina:true
[08Mar2025 17:22:04.087] [Render thread/INFO] [net.mcreator.tloa.TloaMod/]: Max Stamina50.0
[08Mar2025 17:22:04.127] [Server thread/INFO] [net.mcreator.tloa.TloaMod/]: Current Stamina:18.2
[08Mar2025 17:22:04.127] [Server thread/INFO] [net.mcreator.tloa.TloaMod/]: Rounded Stamina18
[08Mar2025 17:22:04.127] [Server thread/INFO] [net.mcreator.tloa.TloaMod/]: Can Stamina:true
[08Mar2025 17:22:04.127] [Server thread/INFO] [net.mcreator.tloa.TloaMod/]: Max Stamina50.0
[08Mar2025 17:22:04.136] [Render thread/INFO] [net.mcreator.tloa.TloaMod/]: Current Stamina:17.9
[08Mar2025 17:22:04.136] [Render thread/INFO] [net.mcreator.tloa.TloaMod/]: Rounded Stamina18
[08Mar2025 17:22:04.136] [Render thread/INFO] [net.mcreator.tloa.TloaMod/]: Can Stamina:true
[08Mar2025 17:22:04.136] [Render thread/INFO] [net.mcreator.tloa.TloaMod/]: Max Stamina50.0
[08Mar2025 17:22:04.175] [Server thread/INFO] [net.mcreator.tloa.TloaMod/]: Current Stamina:17.9
[08Mar2025 17:22:04.175] [Server thread/INFO] [net.mcreator.tloa.TloaMod/]: Rounded Stamina18
[08Mar2025 17:22:04.175] [Server thread/INFO] [net.mcreator.tloa.TloaMod/]: Can Stamina:true
[08Mar2025 17:22:04.175] [Server thread/INFO] [net.mcreator.tloa.TloaMod/]: Max Stamina50.0
[08Mar2025 17:22:04.186] [Render thread/INFO] [net.mcreator.tloa.TloaMod/]: Current Stamina:17.6
[08Mar2025 17:22:04.186] [Render thread/INFO] [net.mcreator.tloa.TloaMod/]: Rounded Stamina18
[08Mar2025 17:22:04.186] [Render thread/INFO] [net.mcreator.tloa.TloaMod/]: Can Stamina:true
[08Mar2025 17:22:04.186] [Render thread/INFO] [net.mcreator.tloa.TloaMod/]: Max Stamina50.0
[08Mar2025 17:22:04.226] [Server thread/INFO] [net.mcreator.tloa.TloaMod/]: Current Stamina:17.6
[08Mar2025 17:22:04.226] [Server thread/INFO] [net.mcreator.tloa.TloaMod/]: Rounded Stamina18
[08Mar2025 17:22:04.226] [Server thread/INFO] [net.mcreator.tloa.TloaMod/]: Can Stamina:true
[08Mar2025 17:22:04.227] [Server thread/INFO] [net.mcreator.tloa.TloaMod/]: Max Stamina50.0
[08Mar2025 17:22:04.236] [Render thread/INFO] [net.mcreator.tloa.TloaMod/]: Current Stamina:17.3
[08Mar2025 17:22:04.237] [Render thread/INFO] [net.mcreator.tloa.TloaMod/]: Rounded Stamina17
[08Mar2025 17:22:04.237] [Render thread/INFO] [net.mcreator.tloa.TloaMod/]: Can Stamina:true
[08Mar2025 17:22:04.237] [Render thread/INFO] [net.mcreator.tloa.TloaMod/]: Max Stamina50.0
[08Mar2025 17:22:04.277] [Server thread/INFO] [net.mcreator.tloa.TloaMod/]: Current Stamina:17.3
[08Mar2025 17:22:04.278] [Server thread/INFO] [net.mcreator.tloa.TloaMod/]: Rounded Stamina17
[08Mar2025 17:22:04.278] [Server thread/INFO] [net.mcreator.tloa.TloaMod/]: Can Stamina:true
[08Mar2025 17:22:04.278] [Server thread/INFO] [net.mcreator.tloa.TloaMod/]: Max Stamina50.0
[08Mar2025 17:22:04.286] [Render thread/INFO] [net.mcreator.tloa.TloaMod/]: Current Stamina:17
[08Mar2025 17:22:04.286] [Render thread/INFO] [net.mcreator.tloa.TloaMod/]: Rounded Stamina17
[08Mar2025 17:22:04.286] [Render thread/INFO] [net.mcreator.tloa.TloaMod/]: Can Stamina:true
[08Mar2025 17:22:04.286] [Render thread/INFO] [net.mcreator.tloa.TloaMod/]: Max Stamina50.0
[08Mar2025 17:22:04.325] [Server thread/INFO] [net.mcreator.tloa.TloaMod/]: Current Stamina:17
[08Mar2025 17:22:04.325] [Server thread/INFO] [net.mcreator.tloa.TloaMod/]: Rounded Stamina17
[08Mar2025 17:22:04.325] [Server thread/INFO] [net.mcreator.tloa.TloaMod/]: Can Stamina:true
[08Mar2025 17:22:04.325] [Server thread/INFO] [net.mcreator.tloa.TloaMod/]: Max Stamina50.0
[08Mar2025 17:22:04.336] [Render thread/INFO] [net.mcreator.tloa.TloaMod/]: Current Stamina:16.7
[08Mar2025 17:22:04.336] [Render thread/INFO] [net.mcreator.tloa.TloaMod/]: Rounded Stamina17
[08Mar2025 17:22:04.336] [Render thread/INFO] [net.mcreator.tloa.TloaMod/]: Can Stamina:true
[08Mar2025 17:22:04.336] [Render thread/INFO] [net.mcreator.tloa.TloaMod/]: Max Stamina50.0
[08Mar2025 17:22:04.376] [Server thread/INFO] [net.mcreator.tloa.TloaMod/]: Current Stamina:16.7
[08Mar2025 17:22:04.376] [Server thread/INFO] [net.mcreator.tloa.TloaMod/]: Rounded Stamina17
[08Mar2025 17:22:04.376] [Server thread/INFO] [net.mcreator.tloa.TloaMod/]: Can Stamina:true
[08Mar2025 17:22:04.376] [Server thread/INFO] [net.mcreator.tloa.TloaMod/]: Max Stamina50.0
[08Mar2025 17:22:04.384] [Render thread/INFO] [net.mcreator.tloa.TloaMod/]: Current Stamina:16.4
[08Mar2025 17:22:04.386] [Render thread/INFO] [net.mcreator.tloa.TloaMod/]: Rounded Stamina16
[08Mar2025 17:22:04.386] [Render thread/INFO] [net.mcreator.tloa.TloaMod/]: Can Stamina:true
[08Mar2025 17:22:04.386] [Render thread/INFO] [net.mcreator.tloa.TloaMod/]: Max Stamina50.0
[08Mar2025 17:22:04.425] [Server thread/INFO] [net.mcreator.tloa.TloaMod/]: Current Stamina:16.4
[08Mar2025 17:22:04.425] [Server thread/INFO] [net.mcreator.tloa.TloaMod/]: Rounded Stamina16
[08Mar2025 17:22:04.427] [Server thread/INFO] [net.mcreator.tloa.TloaMod/]: Can Stamina:true
[08Mar2025 17:22:04.427] [Server thread/INFO] [net.mcreator.tloa.TloaMod/]: Max Stamina50.0
[08Mar2025 17:22:04.436] [Render thread/INFO] [net.mcreator.tloa.TloaMod/]: Current Stamina:16.1
[08Mar2025 17:22:04.436] [Render thread/INFO] [net.mcreator.tloa.TloaMod/]: Rounded Stamina16
[08Mar2025 17:22:04.436] [Render thread/INFO] [net.mcreator.tloa.TloaMod/]: Can Stamina:true
[08Mar2025 17:22:04.436] [Render thread/INFO] [net.mcreator.tloa.TloaMod/]: Max Stamina50.0
[08Mar2025 17:22:04.475] [Server thread/INFO] [net.mcreator.tloa.TloaMod/]: Current Stamina:16.1
[08Mar2025 17:22:04.476] [Server thread/INFO] [net.mcreator.tloa.TloaMod/]: Rounded Stamina16
[08Mar2025 17:22:04.476] [Server thread/INFO] [net.mcreator.tloa.TloaMod/]: Can Stamina:true
[08Mar2025 17:22:04.476] [Server thread/INFO] [net.mcreator.tloa.TloaMod/]: Max Stamina50.0
[08Mar2025 17:22:04.486] [Render thread/INFO] [net.mcreator.tloa.TloaMod/]: Current Stamina:15.8
[08Mar2025 17:22:04.486] [Render thread/INFO] [net.mcreator.tloa.TloaMod/]: Rounded Stamina16
[08Mar2025 17:22:04.486] [Render thread/INFO] [net.mcreator.tloa.TloaMod/]: Can Stamina:true
[08Mar2025 17:22:04.486] [Render thread/INFO] [net.mcreator.tloa.TloaMod/]: Max Stamina50.0
[08Mar2025 17:22:04.524] [Server thread/INFO] [net.mcreator.tloa.TloaMod/]: Current Stamina:15.8
[08Mar2025 17:22:04.524] [Server thread/INFO] [net.mcreator.tloa.TloaMod/]: Rounded Stamina16
[08Mar2025 17:22:04.524] [Server thread/INFO] [net.mcreator.tloa.TloaMod/]: Can Stamina:true
[08Mar2025 17:22:04.524] [Server thread/INFO] [net.mcreator.tloa.TloaMod/]: Max Stamina50.0
[08Mar2025 17:22:04.536] [Render thread/INFO] [net.mcreator.tloa.TloaMod/]: Current Stamina:15.5
[08Mar2025 17:22:04.536] [Render thread/INFO] [net.mcreator.tloa.TloaMod/]: Rounded Stamina16
[08Mar2025 17:22:04.536] [Render thread/INFO] [net.mcreator.tloa.TloaMod/]: Can Stamina:true
[08Mar2025 17:22:04.536] [Render thread/INFO] [net.mcreator.tloa.TloaMod/]: Max Stamina50.0
[08Mar2025 17:22:04.575] [Server thread/INFO] [net.mcreator.tloa.TloaMod/]: Current Stamina:15.5
[08Mar2025 17:22:04.577] [Server thread/INFO] [net.mcreator.tloa.TloaMod/]: Rounded Stamina16
[08Mar2025 17:22:04.577] [Server thread/INFO] [net.mcreator.tloa.TloaMod/]: Can Stamina:true
[08Mar2025 17:22:04.577] [Server thread/INFO] [net.mcreator.tloa.TloaMod/]: Max Stamina50.0
[08Mar2025 17:22:04.586] [Render thread/INFO] [net.mcreator.tloa.TloaMod/]: Current Stamina:15.2
[08Mar2025 17:22:04.586] [Render thread/INFO] [net.mcreator.tloa.TloaMod/]: Rounded Stamina15
[08Mar2025 17:22:04.586] [Render thread/INFO] [net.mcreator.tloa.TloaMod/]: Can Stamina:true
[08Mar2025 17:22:04.586] [Render thread/INFO] [net.mcreator.tloa.TloaMod/]: Max Stamina50.0
[08Mar2025 17:22:04.625] [Server thread/INFO] [net.mcreator.tloa.TloaMod/]: Current Stamina:15.2
[08Mar2025 17:22:04.625] [Server thread/INFO] [net.mcreator.tloa.TloaMod/]: Rounded Stamina15
[08Mar2025 17:22:04.625] [Server thread/INFO] [net.mcreator.tloa.TloaMod/]: Can Stamina:true
[08Mar2025 17:22:04.625] [Server thread/INFO] [net.mcreator.tloa.TloaMod/]: Max Stamina50.0
[08Mar2025 17:22:04.636] [Render thread/INFO] [net.mcreator.tloa.TloaMod/]: Current Stamina:15.7
[08Mar2025 17:22:04.636] [Render thread/INFO] [net.mcreator.tloa.TloaMod/]: Rounded Stamina16
[08Mar2025 17:22:04.636] [Render thread/INFO] [net.mcreator.tloa.TloaMod/]: Can Stamina:true
[08Mar2025 17:22:04.636] [Render thread/INFO] [net.mcreator.tloa.TloaMod/]: Max Stamina50.0
[08Mar2025 17:22:04.677] [Server thread/INFO] [net.mcreator.tloa.TloaMod/]: Current Stamina:15.7
[08Mar2025 17:22:04.678] [Server thread/INFO] [net.mcreator.tloa.TloaMod/]: Rounded Stamina16
[08Mar2025 17:22:04.678] [Server thread/INFO] [net.mcreator.tloa.TloaMod/]: Can Stamina:true
[08Mar2025 17:22:04.679] [Server thread/INFO] [net.mcreator.tloa.TloaMod/]: Max Stamina50.0
[08Mar2025 17:22:04.686] [Render thread/INFO] [net.mcreator.tloa.TloaMod/]: Current Stamina:16.2
[08Mar2025 17:22:04.686] [Render thread/INFO] [net.mcreator.tloa.TloaMod/]: Rounded Stamina16
[08Mar2025 17:22:04.686] [Render thread/INFO] [net.mcreator.tloa.TloaMod/]: Can Stamina:true
[08Mar2025 17:22:04.686] [Render thread/INFO] [net.mcreator.tloa.TloaMod/]: Max Stamina50.0
[08Mar2025 17:22:04.733] [Server thread/INFO] [net.mcreator.tloa.TloaMod/]: Current Stamina:15.4
[08Mar2025 17:22:04.733] [Server thread/INFO] [net.mcreator.tloa.TloaMod/]: Rounded Stamina15
[08Mar2025 17:22:04.733] [Server thread/INFO] [net.mcreator.tloa.TloaMod/]: Can Stamina:true
[08Mar2025 17:22:04.733] [Server thread/INFO] [net.mcreator.tloa.TloaMod/]: Max Stamina50.0
[08Mar2025 17:22:04.736] [Render thread/INFO] [net.mcreator.tloa.TloaMod/]: Current Stamina:15.4
[08Mar2025 17:22:04.737] [Render thread/INFO] [net.mcreator.tloa.TloaMod/]: Rounded Stamina15
[08Mar2025 17:22:04.737] [Render thread/INFO] [net.mcreator.tloa.TloaMod/]: Can Stamina:true
[08Mar2025 17:22:04.737] [Render thread/INFO] [net.mcreator.tloa.TloaMod/]: Max Stamina50.0
[08Mar2025 17:22:04.777] [Server thread/INFO] [net.mcreator.tloa.TloaMod/]: Current Stamina:15.1
[08Mar2025 17:22:04.778] [Server thread/INFO] [net.mcreator.tloa.TloaMod/]: Rounded Stamina15
[08Mar2025 17:22:04.778] [Server thread/INFO] [net.mcreator.tloa.TloaMod/]: Can Stamina:true
[08Mar2025 17:22:04.778] [Server thread/INFO] [net.mcreator.tloa.TloaMod/]: Max Stamina50.0
[08Mar2025 17:22:04.787] [Render thread/INFO] [net.mcreator.tloa.TloaMod/]: Current Stamina:14.8
[08Mar2025 17:22:04.787] [Render thread/INFO] [net.mcreator.tloa.TloaMod/]: Rounded Stamina15
[08Mar2025 17:22:04.787] [Render thread/INFO] [net.mcreator.tloa.TloaMod/]: Can Stamina:true
[08Mar2025 17:22:04.787] [Render thread/INFO] [net.mcreator.tloa.TloaMod/]: Max Stamina50.0
[08Mar2025 17:22:04.826] [Server thread/INFO] [net.mcreator.tloa.TloaMod/]: Current Stamina:14.8
[08Mar2025 17:22:04.827] [Server thread/INFO] [net.mcreator.tloa.TloaMod/]: Rounded Stamina15
[08Mar2025 17:22:04.827] [Server thread/INFO] [net.mcreator.tloa.TloaMod/]: Can Stamina:true
[08Mar2025 17:22:04.827] [Server thread/INFO] [net.mcreator.tloa.TloaMod/]: Max Stamina50.0
[08Mar2025 17:22:04.836] [Render thread/INFO] [net.mcreator.tloa.TloaMod/]: Current Stamina:14.5
[08Mar2025 17:22:04.836] [Render thread/INFO] [net.mcreator.tloa.TloaMod/]: Rounded Stamina15
[08Mar2025 17:22:04.836] [Render thread/INFO] [net.mcreator.tloa.TloaMod/]: Can Stamina:true
[08Mar2025 17:22:04.836] [Render thread/INFO] [net.mcreator.tloa.TloaMod/]: Max Stamina50.0
[08Mar2025 17:22:04.877] [Server thread/INFO] [net.mcreator.tloa.TloaMod/]: Current Stamina:14.5
[08Mar2025 17:22:04.877] [Server thread/INFO] [net.mcreator.tloa.TloaMod/]: Rounded Stamina15
[08Mar2025 17:22:04.877] [Server thread/INFO] [net.mcreator.tloa.TloaMod/]: Can Stamina:true
[08Mar2025 17:22:04.877] [Server thread/INFO] [net.mcreator.tloa.TloaMod/]: Max Stamina50.0
[08Mar2025 17:22:04.886] [Render thread/INFO] [net.mcreator.tloa.TloaMod/]: Current Stamina:14.2
[08Mar2025 17:22:04.886] [Render thread/INFO] [net.mcreator.tloa.TloaMod/]: Rounded Stamina14
[08Mar2025 17:22:04.886] [Render thread/INFO] [net.mcreator.tloa.TloaMod/]: Can Stamina:true
[08Mar2025 17:22:04.886] [Render thread/INFO] [net.mcreator.tloa.TloaMod/]: Max Stamina50.0
[08Mar2025 17:22:04.928] [Server thread/INFO] [net.mcreator.tloa.TloaMod/]: Current Stamina:14.2
[08Mar2025 17:22:04.928] [Server thread/INFO] [net.mcreator.tloa.TloaMod/]: Rounded Stamina14
[08Mar2025 17:22:04.929] [Server thread/INFO] [net.mcreator.tloa.TloaMod/]: Can Stamina:true
[08Mar2025 17:22:04.929] [Server thread/INFO] [net.mcreator.tloa.TloaMod/]: Max Stamina50.0
[08Mar2025 17:22:04.936] [Render thread/INFO] [net.mcreator.tloa.TloaMod/]: Current Stamina:13.9
[08Mar2025 17:22:04.936] [Render thread/INFO] [net.mcreator.tloa.TloaMod/]: Rounded Stamina14
[08Mar2025 17:22:04.936] [Render thread/INFO] [net.mcreator.tloa.TloaMod/]: Can Stamina:true
[08Mar2025 17:22:04.936] [Render thread/INFO] [net.mcreator.tloa.TloaMod/]: Max Stamina50.0
[08Mar2025 17:22:04.976] [Server thread/INFO] [net.mcreator.tloa.TloaMod/]: Current Stamina:13.9
[08Mar2025 17:22:04.977] [Server thread/INFO] [net.mcreator.tloa.TloaMod/]: Rounded Stamina14
[08Mar2025 17:22:04.977] [Server thread/INFO] [net.mcreator.tloa.TloaMod/]: Can Stamina:true
[08Mar2025 17:22:04.977] [Server thread/INFO] [net.mcreator.tloa.TloaMod/]: Max Stamina50.0
[08Mar2025 17:22:04.986] [Render thread/INFO] [net.mcreator.tloa.TloaMod/]: Current Stamina:13.6
[08Mar2025 17:22:04.986] [Render thread/INFO] [net.mcreator.tloa.TloaMod/]: Rounded Stamina14
[08Mar2025 17:22:04.986] [Render thread/INFO] [net.mcreator.tloa.TloaMod/]: Can Stamina:true
[08Mar2025 17:22:04.986] [Render thread/INFO] [net.mcreator.tloa.TloaMod/]: Max Stamina50.0
[08Mar2025 17:22:05.027] [Server thread/INFO] [net.mcreator.tloa.TloaMod/]: Current Stamina:13.6
[08Mar2025 17:22:05.027] [Server thread/INFO] [net.mcreator.tloa.TloaMod/]: Rounded Stamina14
[08Mar2025 17:22:05.028] [Server thread/INFO] [net.mcreator.tloa.TloaMod/]: Can Stamina:true
[08Mar2025 17:22:05.028] [Server thread/INFO] [net.mcreator.tloa.TloaMod/]: Max Stamina50.0
[08Mar2025 17:22:05.037] [Render thread/INFO] [net.mcreator.tloa.TloaMod/]: Current Stamina:13.3
[08Mar2025 17:22:05.037] [Render thread/INFO] [net.mcreator.tloa.TloaMod/]: Rounded Stamina13
[08Mar2025 17:22:05.037] [Render thread/INFO] [net.mcreator.tloa.TloaMod/]: Can Stamina:true
[08Mar2025 17:22:05.037] [Render thread/INFO] [net.mcreator.tloa.TloaMod/]: Max Stamina50.0
[08Mar2025 17:22:05.078] [Server thread/INFO] [net.mcreator.tloa.TloaMod/]: Current Stamina:13.3
[08Mar2025 17:22:05.078] [Server thread/INFO] [net.mcreator.tloa.TloaMod/]: Rounded Stamina13
[08Mar2025 17:22:05.078] [Server thread/INFO] [net.mcreator.tloa.TloaMod/]: Can Stamina:true
[08Mar2025 17:22:05.078] [Server thread/INFO] [net.mcreator.tloa.TloaMod/]: Max Stamina50.0
[08Mar2025 17:22:05.086] [Render thread/INFO] [net.mcreator.tloa.TloaMod/]: Current Stamina:13
[08Mar2025 17:22:05.086] [Render thread/INFO] [net.mcreator.tloa.TloaMod/]: Rounded Stamina13
[08Mar2025 17:22:05.086] [Render thread/INFO] [net.mcreator.tloa.TloaMod/]: Can Stamina:true
[08Mar2025 17:22:05.086] [Render thread/INFO] [net.mcreator.tloa.TloaMod/]: Max Stamina50.0
[08Mar2025 17:22:05.129] [Server thread/INFO] [net.mcreator.tloa.TloaMod/]: Current Stamina:13
[08Mar2025 17:22:05.130] [Server thread/INFO] [net.mcreator.tloa.TloaMod/]: Rounded Stamina13
[08Mar2025 17:22:05.130] [Server thread/INFO] [net.mcreator.tloa.TloaMod/]: Can Stamina:true
[08Mar2025 17:22:05.130] [Server thread/INFO] [net.mcreator.tloa.TloaMod/]: Max Stamina50.0
[08Mar2025 17:22:05.136] [Render thread/INFO] [net.mcreator.tloa.TloaMod/]: Current Stamina:12.7
[08Mar2025 17:22:05.136] [Render thread/INFO] [net.mcreator.tloa.TloaMod/]: Rounded Stamina13
[08Mar2025 17:22:05.136] [Render thread/INFO] [net.mcreator.tloa.TloaMod/]: Can Stamina:true
[08Mar2025 17:22:05.136] [Render thread/INFO] [net.mcreator.tloa.TloaMod/]: Max Stamina50.0
[08Mar2025 17:22:05.176] [Server thread/INFO] [net.mcreator.tloa.TloaMod/]: Current Stamina:12.7
[08Mar2025 17:22:05.176] [Server thread/INFO] [net.mcreator.tloa.TloaMod/]: Rounded Stamina13
[08Mar2025 17:22:05.176] [Server thread/INFO] [net.mcreator.tloa.TloaMod/]: Can Stamina:true
[08Mar2025 17:22:05.176] [Server thread/INFO] [net.mcreator.tloa.TloaMod/]: Max Stamina50.0
[08Mar2025 17:22:05.186] [Render thread/INFO] [net.mcreator.tloa.TloaMod/]: Current Stamina:12.4
[08Mar2025 17:22:05.186] [Render thread/INFO] [net.mcreator.tloa.TloaMod/]: Rounded Stamina12
[08Mar2025 17:22:05.186] [Render thread/INFO] [net.mcreator.tloa.TloaMod/]: Can Stamina:true
[08Mar2025 17:22:05.186] [Render thread/INFO] [net.mcreator.tloa.TloaMod/]: Max Stamina50.0
[08Mar2025 17:22:05.225] [Server thread/INFO] [net.mcreator.tloa.TloaMod/]: Current Stamina:12.4
[08Mar2025 17:22:05.225] [Server thread/INFO] [net.mcreator.tloa.TloaMod/]: Rounded Stamina12
[08Mar2025 17:22:05.225] [Server thread/INFO] [net.mcreator.tloa.TloaMod/]: Can Stamina:true
[08Mar2025 17:22:05.225] [Server thread/INFO] [net.mcreator.tloa.TloaMod/]: Max Stamina50.0
[08Mar2025 17:22:05.236] [Render thread/INFO] [net.mcreator.tloa.TloaMod/]: Current Stamina:12.1
[08Mar2025 17:22:05.236] [Render thread/INFO] [net.mcreator.tloa.TloaMod/]: Rounded Stamina12
[08Mar2025 17:22:05.236] [Render thread/INFO] [net.mcreator.tloa.TloaMod/]: Can Stamina:true
[08Mar2025 17:22:05.236] [Render thread/INFO] [net.mcreator.tloa.TloaMod/]: Max Stamina50.0
[08Mar2025 17:22:05.274] [Server thread/INFO] [net.mcreator.tloa.TloaMod/]: Current Stamina:12.1
[08Mar2025 17:22:05.276] [Server thread/INFO] [net.mcreator.tloa.TloaMod/]: Rounded Stamina12
[08Mar2025 17:22:05.276] [Server thread/INFO] [net.mcreator.tloa.TloaMod/]: Can Stamina:true
[08Mar2025 17:22:05.276] [Server thread/INFO] [net.mcreator.tloa.TloaMod/]: Max Stamina50.0
[08Mar2025 17:22:05.285] [Render thread/INFO] [net.mcreator.tloa.TloaMod/]: Current Stamina:11.8
[08Mar2025 17:22:05.286] [Render thread/INFO] [net.mcreator.tloa.TloaMod/]: Rounded Stamina12
[08Mar2025 17:22:05.286] [Render thread/INFO] [net.mcreator.tloa.TloaMod/]: Can Stamina:true
[08Mar2025 17:22:05.286] [Render thread/INFO] [net.mcreator.tloa.TloaMod/]: Max Stamina50.0
[08Mar2025 17:22:05.324] [Server thread/INFO] [net.mcreator.tloa.TloaMod/]: Current Stamina:11.8
[08Mar2025 17:22:05.325] [Server thread/INFO] [net.mcreator.tloa.TloaMod/]: Rounded Stamina12
[08Mar2025 17:22:05.325] [Server thread/INFO] [net.mcreator.tloa.TloaMod/]: Can Stamina:true
[08Mar2025 17:22:05.325] [Server thread/INFO] [net.mcreator.tloa.TloaMod/]: Max Stamina50.0
[08Mar2025 17:22:05.335] [Render thread/INFO] [net.mcreator.tloa.TloaMod/]: Current Stamina:11.5
[08Mar2025 17:22:05.335] [Render thread/INFO] [net.mcreator.tloa.TloaMod/]: Rounded Stamina12
[08Mar2025 17:22:05.335] [Render thread/INFO] [net.mcreator.tloa.TloaMod/]: Can Stamina:true
[08Mar2025 17:22:05.335] [Render thread/INFO] [net.mcreator.tloa.TloaMod/]: Max Stamina50.0
[08Mar2025 17:22:05.377] [Server thread/INFO] [net.mcreator.tloa.TloaMod/]: Current Stamina:11.5
[08Mar2025 17:22:05.377] [Server thread/INFO] [net.mcreator.tloa.TloaMod/]: Rounded Stamina12
[08Mar2025 17:22:05.377] [Server thread/INFO] [net.mcreator.tloa.TloaMod/]: Can Stamina:true
[08Mar2025 17:22:05.377] [Server thread/INFO] [net.mcreator.tloa.TloaMod/]: Max Stamina50.0
[08Mar2025 17:22:05.387] [Render thread/INFO] [net.mcreator.tloa.TloaMod/]: Current Stamina:11.2
[08Mar2025 17:22:05.387] [Render thread/INFO] [net.mcreator.tloa.TloaMod/]: Rounded Stamina11
[08Mar2025 17:22:05.387] [Render thread/INFO] [net.mcreator.tloa.TloaMod/]: Can Stamina:true
[08Mar2025 17:22:05.387] [Render thread/INFO] [net.mcreator.tloa.TloaMod/]: Max Stamina50.0
[08Mar2025 17:22:05.424] [Server thread/INFO] [net.mcreator.tloa.TloaMod/]: Current Stamina:11.2
[08Mar2025 17:22:05.424] [Server thread/INFO] [net.mcreator.tloa.TloaMod/]: Rounded Stamina11
[08Mar2025 17:22:05.424] [Server thread/INFO] [net.mcreator.tloa.TloaMod/]: Can Stamina:true
[08Mar2025 17:22:05.424] [Server thread/INFO] [net.mcreator.tloa.TloaMod/]: Max Stamina50.0
[08Mar2025 17:22:05.436] [Render thread/INFO] [net.mcreator.tloa.TloaMod/]: Current Stamina:10.9
[08Mar2025 17:22:05.436] [Render thread/INFO] [net.mcreator.tloa.TloaMod/]: Rounded Stamina11
[08Mar2025 17:22:05.436] [Render thread/INFO] [net.mcreator.tloa.TloaMod/]: Can Stamina:true
[08Mar2025 17:22:05.436] [Render thread/INFO] [net.mcreator.tloa.TloaMod/]: Max Stamina50.0
[08Mar2025 17:22:05.476] [Server thread/INFO] [net.mcreator.tloa.TloaMod/]: Current Stamina:10.9
[08Mar2025 17:22:05.476] [Server thread/INFO] [net.mcreator.tloa.TloaMod/]: Rounded Stamina11
[08Mar2025 17:22:05.476] [Server thread/INFO] [net.mcreator.tloa.TloaMod/]: Can Stamina:true
[08Mar2025 17:22:05.476] [Server thread/INFO] [net.mcreator.tloa.TloaMod/]: Max Stamina50.0
[08Mar2025 17:22:05.485] [Render thread/INFO] [net.mcreator.tloa.TloaMod/]: Current Stamina:10.6
[08Mar2025 17:22:05.485] [Render thread/INFO] [net.mcreator.tloa.TloaMod/]: Rounded Stamina11
[08Mar2025 17:22:05.485] [Render thread/INFO] [net.mcreator.tloa.TloaMod/]: Can Stamina:true
[08Mar2025 17:22:05.486] [Render thread/INFO] [net.mcreator.tloa.TloaMod/]: Max Stamina50.0
[08Mar2025 17:22:05.525] [Server thread/INFO] [net.mcreator.tloa.TloaMod/]: Current Stamina:10.6
[08Mar2025 17:22:05.526] [Server thread/INFO] [net.mcreator.tloa.TloaMod/]: Rounded Stamina11
[08Mar2025 17:22:05.526] [Server thread/INFO] [net.mcreator.tloa.TloaMod/]: Can Stamina:true
[08Mar2025 17:22:05.526] [Server thread/INFO] [net.mcreator.tloa.TloaMod/]: Max Stamina50.0
[08Mar2025 17:22:05.537] [Render thread/INFO] [net.mcreator.tloa.TloaMod/]: Current Stamina:10.3
[08Mar2025 17:22:05.537] [Render thread/INFO] [net.mcreator.tloa.TloaMod/]: Rounded Stamina10
[08Mar2025 17:22:05.537] [Render thread/INFO] [net.mcreator.tloa.TloaMod/]: Can Stamina:true
[08Mar2025 17:22:05.537] [Render thread/INFO] [net.mcreator.tloa.TloaMod/]: Max Stamina50.0
[08Mar2025 17:22:05.574] [Server thread/INFO] [net.mcreator.tloa.TloaMod/]: Current Stamina:10.3
[08Mar2025 17:22:05.574] [Server thread/INFO] [net.mcreator.tloa.TloaMod/]: Rounded Stamina10
[08Mar2025 17:22:05.574] [Server thread/INFO] [net.mcreator.tloa.TloaMod/]: Can Stamina:true
[08Mar2025 17:22:05.574] [Server thread/INFO] [net.mcreator.tloa.TloaMod/]: Max Stamina50.0
[08Mar2025 17:22:05.585] [Render thread/INFO] [net.mcreator.tloa.TloaMod/]: Current Stamina:10
[08Mar2025 17:22:05.585] [Render thread/INFO] [net.mcreator.tloa.TloaMod/]: Rounded Stamina10
[08Mar2025 17:22:05.585] [Render thread/INFO] [net.mcreator.tloa.TloaMod/]: Can Stamina:true
[08Mar2025 17:22:05.586] [Render thread/INFO] [net.mcreator.tloa.TloaMod/]: Max Stamina50.0
[08Mar2025 17:22:05.624] [Server thread/INFO] [net.mcreator.tloa.TloaMod/]: Current Stamina:10
[08Mar2025 17:22:05.625] [Server thread/INFO] [net.mcreator.tloa.TloaMod/]: Rounded Stamina10
[08Mar2025 17:22:05.625] [Server thread/INFO] [net.mcreator.tloa.TloaMod/]: Can Stamina:true
[08Mar2025 17:22:05.625] [Server thread/INFO] [net.mcreator.tloa.TloaMod/]: Max Stamina50.0
[08Mar2025 17:22:05.637] [Render thread/INFO] [net.mcreator.tloa.TloaMod/]: Current Stamina:9.7
[08Mar2025 17:22:05.637] [Render thread/INFO] [net.mcreator.tloa.TloaMod/]: Rounded Stamina10
[08Mar2025 17:22:05.637] [Render thread/INFO] [net.mcreator.tloa.TloaMod/]: Can Stamina:true
[08Mar2025 17:22:05.638] [Render thread/INFO] [net.mcreator.tloa.TloaMod/]: Max Stamina50.0
[08Mar2025 17:22:05.674] [Server thread/INFO] [net.mcreator.tloa.TloaMod/]: Current Stamina:9.7
[08Mar2025 17:22:05.674] [Server thread/INFO] [net.mcreator.tloa.TloaMod/]: Rounded Stamina10
[08Mar2025 17:22:05.674] [Server thread/INFO] [net.mcreator.tloa.TloaMod/]: Can Stamina:true
[08Mar2025 17:22:05.674] [Server thread/INFO] [net.mcreator.tloa.TloaMod/]: Max Stamina50.0
[08Mar2025 17:22:05.686] [Render thread/INFO] [net.mcreator.tloa.TloaMod/]: Current Stamina:9.4
[08Mar2025 17:22:05.687] [Render thread/INFO] [net.mcreator.tloa.TloaMod/]: Rounded Stamina9
[08Mar2025 17:22:05.687] [Render thread/INFO] [net.mcreator.tloa.TloaMod/]: Can Stamina:true
[08Mar2025 17:22:05.687] [Render thread/INFO] [net.mcreator.tloa.TloaMod/]: Max Stamina50.0
[08Mar2025 17:22:05.730] [Server thread/INFO] [net.mcreator.tloa.TloaMod/]: Current Stamina:9.4
[08Mar2025 17:22:05.731] [Server thread/INFO] [net.mcreator.tloa.TloaMod/]: Rounded Stamina9
[08Mar2025 17:22:05.731] [Server thread/INFO] [net.mcreator.tloa.TloaMod/]: Can Stamina:true
[08Mar2025 17:22:05.731] [Server thread/INFO] [net.mcreator.tloa.TloaMod/]: Max Stamina50.0
[08Mar2025 17:22:05.735] [Render thread/INFO] [net.mcreator.tloa.TloaMod/]: Current Stamina:9.1
[08Mar2025 17:22:05.736] [Render thread/INFO] [net.mcreator.tloa.TloaMod/]: Rounded Stamina9
[08Mar2025 17:22:05.736] [Render thread/INFO] [net.mcreator.tloa.TloaMod/]: Can Stamina:true
[08Mar2025 17:22:05.736] [Render thread/INFO] [net.mcreator.tloa.TloaMod/]: Max Stamina50.0
[08Mar2025 17:22:05.776] [Server thread/INFO] [net.mcreator.tloa.TloaMod/]: Current Stamina:9.1
[08Mar2025 17:22:05.776] [Server thread/INFO] [net.mcreator.tloa.TloaMod/]: Rounded Stamina9
[08Mar2025 17:22:05.776] [Server thread/INFO] [net.mcreator.tloa.TloaMod/]: Can Stamina:true
[08Mar2025 17:22:05.776] [Server thread/INFO] [net.mcreator.tloa.TloaMod/]: Max Stamina50.0
[08Mar2025 17:22:05.786] [Render thread/INFO] [net.mcreator.tloa.TloaMod/]: Current Stamina:8.8
[08Mar2025 17:22:05.786] [Render thread/INFO] [net.mcreator.tloa.TloaMod/]: Rounded Stamina9
[08Mar2025 17:22:05.786] [Render thread/INFO] [net.mcreator.tloa.TloaMod/]: Can Stamina:true
[08Mar2025 17:22:05.786] [Render thread/INFO] [net.mcreator.tloa.TloaMod/]: Max Stamina50.0
[08Mar2025 17:22:05.827] [Server thread/INFO] [net.mcreator.tloa.TloaMod/]: Current Stamina:8.8
[08Mar2025 17:22:05.827] [Server thread/INFO] [net.mcreator.tloa.TloaMod/]: Rounded Stamina9
[08Mar2025 17:22:05.827] [Server thread/INFO] [net.mcreator.tloa.TloaMod/]: Can Stamina:true
[08Mar2025 17:22:05.827] [Server thread/INFO] [net.mcreator.tloa.TloaMod/]: Max Stamina50.0
[08Mar2025 17:22:05.835] [Render thread/INFO] [net.mcreator.tloa.TloaMod/]: Current Stamina:8.5
[08Mar2025 17:22:05.835] [Render thread/INFO] [net.mcreator.tloa.TloaMod/]: Rounded Stamina9
[08Mar2025 17:22:05.835] [Render thread/INFO] [net.mcreator.tloa.TloaMod/]: Can Stamina:true
[08Mar2025 17:22:05.837] [Render thread/INFO] [net.mcreator.tloa.TloaMod/]: Max Stamina50.0
[08Mar2025 17:22:05.875] [Server thread/INFO] [net.mcreator.tloa.TloaMod/]: Current Stamina:8.5
[08Mar2025 17:22:05.875] [Server thread/INFO] [net.mcreator.tloa.TloaMod/]: Rounded Stamina9
[08Mar2025 17:22:05.876] [Server thread/INFO] [net.mcreator.tloa.TloaMod/]: Can Stamina:true
[08Mar2025 17:22:05.876] [Server thread/INFO] [net.mcreator.tloa.TloaMod/]: Max Stamina50.0
[08Mar2025 17:22:05.886] [Render thread/INFO] [net.mcreator.tloa.TloaMod/]: Current Stamina:8.2
[08Mar2025 17:22:05.886] [Render thread/INFO] [net.mcreator.tloa.TloaMod/]: Rounded Stamina8
[08Mar2025 17:22:05.886] [Render thread/INFO] [net.mcreator.tloa.TloaMod/]: Can Stamina:true
[08Mar2025 17:22:05.886] [Render thread/INFO] [net.mcreator.tloa.TloaMod/]: Max Stamina50.0
[08Mar2025 17:22:05.927] [Server thread/INFO] [net.mcreator.tloa.TloaMod/]: Current Stamina:8.2
[08Mar2025 17:22:05.927] [Server thread/INFO] [net.mcreator.tloa.TloaMod/]: Rounded Stamina8
[08Mar2025 17:22:05.927] [Server thread/INFO] [net.mcreator.tloa.TloaMod/]: Can Stamina:true
[08Mar2025 17:22:05.927] [Server thread/INFO] [net.mcreator.tloa.TloaMod/]: Max Stamina50.0
[08Mar2025 17:22:05.936] [Render thread/INFO] [net.mcreator.tloa.TloaMod/]: Current Stamina:7.9
[08Mar2025 17:22:05.936] [Render thread/INFO] [net.mcreator.tloa.TloaMod/]: Rounded Stamina8
[08Mar2025 17:22:05.936] [Render thread/INFO] [net.mcreator.tloa.TloaMod/]: Can Stamina:true
[08Mar2025 17:22:05.937] [Render thread/INFO] [net.mcreator.tloa.TloaMod/]: Max Stamina50.0
[08Mar2025 17:22:05.978] [Server thread/INFO] [net.mcreator.tloa.TloaMod/]: Current Stamina:7.9
[08Mar2025 17:22:05.978] [Server thread/INFO] [net.mcreator.tloa.TloaMod/]: Rounded Stamina8
[08Mar2025 17:22:05.978] [Server thread/INFO] [net.mcreator.tloa.TloaMod/]: Can Stamina:true
[08Mar2025 17:22:05.978] [Server thread/INFO] [net.mcreator.tloa.TloaMod/]: Max Stamina50.0
[08Mar2025 17:22:05.987] [Render thread/INFO] [net.mcreator.tloa.TloaMod/]: Current Stamina:7.6
[08Mar2025 17:22:05.987] [Render thread/INFO] [net.mcreator.tloa.TloaMod/]: Rounded Stamina8
[08Mar2025 17:22:05.987] [Render thread/INFO] [net.mcreator.tloa.TloaMod/]: Can Stamina:true
[08Mar2025 17:22:05.987] [Render thread/INFO] [net.mcreator.tloa.TloaMod/]: Max Stamina50.0
[08Mar2025 17:22:06.026] [Server thread/INFO] [net.mcreator.tloa.TloaMod/]: Current Stamina:7.6
[08Mar2025 17:22:06.026] [Server thread/INFO] [net.mcreator.tloa.TloaMod/]: Rounded Stamina8
[08Mar2025 17:22:06.026] [Server thread/INFO] [net.mcreator.tloa.TloaMod/]: Can Stamina:true
[08Mar2025 17:22:06.026] [Server thread/INFO] [net.mcreator.tloa.TloaMod/]: Max Stamina50.0
[08Mar2025 17:22:06.036] [Render thread/INFO] [net.mcreator.tloa.TloaMod/]: Current Stamina:7.3
[08Mar2025 17:22:06.036] [Render thread/INFO] [net.mcreator.tloa.TloaMod/]: Rounded Stamina7
[08Mar2025 17:22:06.036] [Render thread/INFO] [net.mcreator.tloa.TloaMod/]: Can Stamina:true
[08Mar2025 17:22:06.036] [Render thread/INFO] [net.mcreator.tloa.TloaMod/]: Max Stamina50.0
[08Mar2025 17:22:06.073] [Server thread/INFO] [net.mcreator.tloa.TloaMod/]: Current Stamina:7.3
[08Mar2025 17:22:06.074] [Server thread/INFO] [net.mcreator.tloa.TloaMod/]: Rounded Stamina7
[08Mar2025 17:22:06.074] [Server thread/INFO] [net.mcreator.tloa.TloaMod/]: Can Stamina:true
[08Mar2025 17:22:06.074] [Server thread/INFO] [net.mcreator.tloa.TloaMod/]: Max Stamina50.0
[08Mar2025 17:22:06.086] [Render thread/INFO] [net.mcreator.tloa.TloaMod/]: Current Stamina:7
[08Mar2025 17:22:06.086] [Render thread/INFO] [net.mcreator.tloa.TloaMod/]: Rounded Stamina7
[08Mar2025 17:22:06.086] [Render thread/INFO] [net.mcreator.tloa.TloaMod/]: Can Stamina:true
[08Mar2025 17:22:06.086] [Render thread/INFO] [net.mcreator.tloa.TloaMod/]: Max Stamina50.0
[08Mar2025 17:22:06.126] [Server thread/INFO] [net.mcreator.tloa.TloaMod/]: Current Stamina:7
[08Mar2025 17:22:06.127] [Server thread/INFO] [net.mcreator.tloa.TloaMod/]: Rounded Stamina7
[08Mar2025 17:22:06.127] [Server thread/INFO] [net.mcreator.tloa.TloaMod/]: Can Stamina:true
[08Mar2025 17:22:06.127] [Server thread/INFO] [net.mcreator.tloa.TloaMod/]: Max Stamina50.0
[08Mar2025 17:22:06.136] [Render thread/INFO] [net.mcreator.tloa.TloaMod/]: Current Stamina:6.7
[08Mar2025 17:22:06.136] [Render thread/INFO] [net.mcreator.tloa.TloaMod/]: Rounded Stamina7
[08Mar2025 17:22:06.136] [Render thread/INFO] [net.mcreator.tloa.TloaMod/]: Can Stamina:true
[08Mar2025 17:22:06.136] [Render thread/INFO] [net.mcreator.tloa.TloaMod/]: Max Stamina50.0
[08Mar2025 17:22:06.175] [Server thread/INFO] [net.mcreator.tloa.TloaMod/]: Current Stamina:6.7
[08Mar2025 17:22:06.175] [Server thread/INFO] [net.mcreator.tloa.TloaMod/]: Rounded Stamina7
[08Mar2025 17:22:06.175] [Server thread/INFO] [net.mcreator.tloa.TloaMod/]: Can Stamina:true
[08Mar2025 17:22:06.175] [Server thread/INFO] [net.mcreator.tloa.TloaMod/]: Max Stamina50.0
[08Mar2025 17:22:06.186] [Render thread/INFO] [net.mcreator.tloa.TloaMod/]: Current Stamina:6.4
[08Mar2025 17:22:06.186] [Render thread/INFO] [net.mcreator.tloa.TloaMod/]: Rounded Stamina6
[08Mar2025 17:22:06.186] [Render thread/INFO] [net.mcreator.tloa.TloaMod/]: Can Stamina:true
[08Mar2025 17:22:06.186] [Render thread/INFO] [net.mcreator.tloa.TloaMod/]: Max Stamina50.0
[08Mar2025 17:22:06.228] [Server thread/INFO] [net.mcreator.tloa.TloaMod/]: Current Stamina:6.4
[08Mar2025 17:22:06.228] [Server thread/INFO] [net.mcreator.tloa.TloaMod/]: Rounded Stamina6
[08Mar2025 17:22:06.228] [Server thread/INFO] [net.mcreator.tloa.TloaMod/]: Can Stamina:true
[08Mar2025 17:22:06.228] [Server thread/INFO] [net.mcreator.tloa.TloaMod/]: Max Stamina50.0
[08Mar2025 17:22:06.236] [Render thread/INFO] [net.mcreator.tloa.TloaMod/]: Current Stamina:6.1
[08Mar2025 17:22:06.236] [Render thread/INFO] [net.mcreator.tloa.TloaMod/]: Rounded Stamina6
[08Mar2025 17:22:06.236] [Render thread/INFO] [net.mcreator.tloa.TloaMod/]: Can Stamina:true
[08Mar2025 17:22:06.236] [Render thread/INFO] [net.mcreator.tloa.TloaMod/]: Max Stamina50.0
[08Mar2025 17:22:06.275] [Server thread/INFO] [net.mcreator.tloa.TloaMod/]: Current Stamina:6.1
[08Mar2025 17:22:06.275] [Server thread/INFO] [net.mcreator.tloa.TloaMod/]: Rounded Stamina6
[08Mar2025 17:22:06.275] [Server thread/INFO] [net.mcreator.tloa.TloaMod/]: Can Stamina:true
[08Mar2025 17:22:06.275] [Server thread/INFO] [net.mcreator.tloa.TloaMod/]: Max Stamina50.0
[08Mar2025 17:22:06.285] [Render thread/INFO] [net.mcreator.tloa.TloaMod/]: Current Stamina:5.8
[08Mar2025 17:22:06.285] [Render thread/INFO] [net.mcreator.tloa.TloaMod/]: Rounded Stamina6
[08Mar2025 17:22:06.285] [Render thread/INFO] [net.mcreator.tloa.TloaMod/]: Can Stamina:true
[08Mar2025 17:22:06.285] [Render thread/INFO] [net.mcreator.tloa.TloaMod/]: Max Stamina50.0
[08Mar2025 17:22:06.333] [Server thread/INFO] [net.mcreator.tloa.TloaMod/]: Current Stamina:5.8
[08Mar2025 17:22:06.333] [Server thread/INFO] [net.mcreator.tloa.TloaMod/]: Rounded Stamina6
[08Mar2025 17:22:06.333] [Server thread/INFO] [net.mcreator.tloa.TloaMod/]: Can Stamina:true
[08Mar2025 17:22:06.333] [Server thread/INFO] [net.mcreator.tloa.TloaMod/]: Max Stamina50.0
[08Mar2025 17:22:06.337] [Render thread/INFO] [net.mcreator.tloa.TloaMod/]: Current Stamina:5.5
[08Mar2025 17:22:06.337] [Render thread/INFO] [net.mcreator.tloa.TloaMod/]: Rounded Stamina6
[08Mar2025 17:22:06.337] [Render thread/INFO] [net.mcreator.tloa.TloaMod/]: Can Stamina:true
[08Mar2025 17:22:06.337] [Render thread/INFO] [net.mcreator.tloa.TloaMod/]: Max Stamina50.0
[08Mar2025 17:22:06.374] [Server thread/INFO] [net.mcreator.tloa.TloaMod/]: Current Stamina:5.5
[08Mar2025 17:22:06.374] [Server thread/INFO] [net.mcreator.tloa.TloaMod/]: Rounded Stamina6
[08Mar2025 17:22:06.374] [Server thread/INFO] [net.mcreator.tloa.TloaMod/]: Can Stamina:true
[08Mar2025 17:22:06.374] [Server thread/INFO] [net.mcreator.tloa.TloaMod/]: Max Stamina50.0
[08Mar2025 17:22:06.386] [Render thread/INFO] [net.mcreator.tloa.TloaMod/]: Current Stamina:5.2
[08Mar2025 17:22:06.386] [Render thread/INFO] [net.mcreator.tloa.TloaMod/]: Rounded Stamina5
[08Mar2025 17:22:06.386] [Render thread/INFO] [net.mcreator.tloa.TloaMod/]: Can Stamina:true
[08Mar2025 17:22:06.386] [Render thread/INFO] [net.mcreator.tloa.TloaMod/]: Max Stamina50.0
[08Mar2025 17:22:06.427] [Server thread/INFO] [net.mcreator.tloa.TloaMod/]: Current Stamina:5.2
[08Mar2025 17:22:06.427] [Server thread/INFO] [net.mcreator.tloa.TloaMod/]: Rounded Stamina5
[08Mar2025 17:22:06.427] [Server thread/INFO] [net.mcreator.tloa.TloaMod/]: Can Stamina:true
[08Mar2025 17:22:06.427] [Server thread/INFO] [net.mcreator.tloa.TloaMod/]: Max Stamina50.0
[08Mar2025 17:22:06.436] [Render thread/INFO] [net.mcreator.tloa.TloaMod/]: Current Stamina:4.9
[08Mar2025 17:22:06.436] [Render thread/INFO] [net.mcreator.tloa.TloaMod/]: Rounded Stamina5
[08Mar2025 17:22:06.436] [Render thread/INFO] [net.mcreator.tloa.TloaMod/]: Can Stamina:true
[08Mar2025 17:22:06.436] [Render thread/INFO] [net.mcreator.tloa.TloaMod/]: Max Stamina50.0
[08Mar2025 17:22:06.475] [Server thread/INFO] [net.mcreator.tloa.TloaMod/]: Current Stamina:4.9
[08Mar2025 17:22:06.475] [Server thread/INFO] [net.mcreator.tloa.TloaMod/]: Rounded Stamina5
[08Mar2025 17:22:06.475] [Server thread/INFO] [net.mcreator.tloa.TloaMod/]: Can Stamina:true
[08Mar2025 17:22:06.476] [Server thread/INFO] [net.mcreator.tloa.TloaMod/]: Max Stamina50.0
[08Mar2025 17:22:06.486] [Render thread/INFO] [net.mcreator.tloa.TloaMod/]: Current Stamina:4.6
[08Mar2025 17:22:06.486] [Render thread/INFO] [net.mcreator.tloa.TloaMod/]: Rounded Stamina5
[08Mar2025 17:22:06.487] [Render thread/INFO] [net.mcreator.tloa.TloaMod/]: Can Stamina:true
[08Mar2025 17:22:06.487] [Render thread/INFO] [net.mcreator.tloa.TloaMod/]: Max Stamina50.0
[08Mar2025 17:22:06.527] [Server thread/INFO] [net.mcreator.tloa.TloaMod/]: Current Stamina:4.6
[08Mar2025 17:22:06.527] [Server thread/INFO] [net.mcreator.tloa.TloaMod/]: Rounded Stamina5
[08Mar2025 17:22:06.527] [Server thread/INFO] [net.mcreator.tloa.TloaMod/]: Can Stamina:true
[08Mar2025 17:22:06.527] [Server thread/INFO] [net.mcreator.tloa.TloaMod/]: Max Stamina50.0
[08Mar2025 17:22:06.538] [Render thread/INFO] [net.mcreator.tloa.TloaMod/]: Current Stamina:4.3
[08Mar2025 17:22:06.539] [Render thread/INFO] [net.mcreator.tloa.TloaMod/]: Rounded Stamina4
[08Mar2025 17:22:06.539] [Render thread/INFO] [net.mcreator.tloa.TloaMod/]: Can Stamina:true
[08Mar2025 17:22:06.539] [Render thread/INFO] [net.mcreator.tloa.TloaMod/]: Max Stamina50.0
[08Mar2025 17:22:06.577] [Server thread/INFO] [net.mcreator.tloa.TloaMod/]: Current Stamina:4.3
[08Mar2025 17:22:06.577] [Server thread/INFO] [net.mcreator.tloa.TloaMod/]: Rounded Stamina4
[08Mar2025 17:22:06.577] [Server thread/INFO] [net.mcreator.tloa.TloaMod/]: Can Stamina:true
[08Mar2025 17:22:06.577] [Server thread/INFO] [net.mcreator.tloa.TloaMod/]: Max Stamina50.0
[08Mar2025 17:22:06.586] [Render thread/INFO] [net.mcreator.tloa.TloaMod/]: Current Stamina:4
[08Mar2025 17:22:06.587] [Render thread/INFO] [net.mcreator.tloa.TloaMod/]: Rounded Stamina4
[08Mar2025 17:22:06.587] [Render thread/INFO] [net.mcreator.tloa.TloaMod/]: Can Stamina:true
[08Mar2025 17:22:06.587] [Render thread/INFO] [net.mcreator.tloa.TloaMod/]: Max Stamina50.0
[08Mar2025 17:22:06.629] [Server thread/INFO] [net.mcreator.tloa.TloaMod/]: Current Stamina:4
[08Mar2025 17:22:06.629] [Server thread/INFO] [net.mcreator.tloa.TloaMod/]: Rounded Stamina4
[08Mar2025 17:22:06.629] [Server thread/INFO] [net.mcreator.tloa.TloaMod/]: Can Stamina:true
[08Mar2025 17:22:06.629] [Server thread/INFO] [net.mcreator.tloa.TloaMod/]: Max Stamina50.0
[08Mar2025 17:22:06.636] [Render thread/INFO] [net.mcreator.tloa.TloaMod/]: Current Stamina:3.7
[08Mar2025 17:22:06.637] [Render thread/INFO] [net.mcreator.tloa.TloaMod/]: Rounded Stamina4
[08Mar2025 17:22:06.637] [Render thread/INFO] [net.mcreator.tloa.TloaMod/]: Can Stamina:true
[08Mar2025 17:22:06.637] [Render thread/INFO] [net.mcreator.tloa.TloaMod/]: Max Stamina50.0
[08Mar2025 17:22:06.676] [Server thread/INFO] [net.mcreator.tloa.TloaMod/]: Current Stamina:3.7
[08Mar2025 17:22:06.677] [Server thread/INFO] [net.mcreator.tloa.TloaMod/]: Rounded Stamina4
[08Mar2025 17:22:06.677] [Server thread/INFO] [net.mcreator.tloa.TloaMod/]: Can Stamina:true
[08Mar2025 17:22:06.677] [Server thread/INFO] [net.mcreator.tloa.TloaMod/]: Max Stamina50.0
[08Mar2025 17:22:06.686] [Render thread/INFO] [net.mcreator.tloa.TloaMod/]: Current Stamina:3.4
[08Mar2025 17:22:06.686] [Render thread/INFO] [net.mcreator.tloa.TloaMod/]: Rounded Stamina3
[08Mar2025 17:22:06.686] [Render thread/INFO] [net.mcreator.tloa.TloaMod/]: Can Stamina:true
[08Mar2025 17:22:06.686] [Render thread/INFO] [net.mcreator.tloa.TloaMod/]: Max Stamina50.0
[08Mar2025 17:22:06.727] [Server thread/INFO] [net.mcreator.tloa.TloaMod/]: Current Stamina:3.4
[08Mar2025 17:22:06.727] [Server thread/INFO] [net.mcreator.tloa.TloaMod/]: Rounded Stamina3
[08Mar2025 17:22:06.727] [Server thread/INFO] [net.mcreator.tloa.TloaMod/]: Can Stamina:true
[08Mar2025 17:22:06.727] [Server thread/INFO] [net.mcreator.tloa.TloaMod/]: Max Stamina50.0
[08Mar2025 17:22:06.738] [Render thread/INFO] [net.mcreator.tloa.TloaMod/]: Current Stamina:3.1
[08Mar2025 17:22:06.738] [Render thread/INFO] [net.mcreator.tloa.TloaMod/]: Rounded Stamina3
[08Mar2025 17:22:06.738] [Render thread/INFO] [net.mcreator.tloa.TloaMod/]: Can Stamina:true
[08Mar2025 17:22:06.738] [Render thread/INFO] [net.mcreator.tloa.TloaMod/]: Max Stamina50.0
[08Mar2025 17:22:06.774] [Server thread/INFO] [net.mcreator.tloa.TloaMod/]: Current Stamina:3.1
[08Mar2025 17:22:06.774] [Server thread/INFO] [net.mcreator.tloa.TloaMod/]: Rounded Stamina3
[08Mar2025 17:22:06.774] [Server thread/INFO] [net.mcreator.tloa.TloaMod/]: Can Stamina:true
[08Mar2025 17:22:06.774] [Server thread/INFO] [net.mcreator.tloa.TloaMod/]: Max Stamina50.0
[08Mar2025 17:22:06.786] [Render thread/INFO] [net.mcreator.tloa.TloaMod/]: Current Stamina:2.8
[08Mar2025 17:22:06.786] [Render thread/INFO] [net.mcreator.tloa.TloaMod/]: Rounded Stamina3
[08Mar2025 17:22:06.786] [Render thread/INFO] [net.mcreator.tloa.TloaMod/]: Can Stamina:true
[08Mar2025 17:22:06.786] [Render thread/INFO] [net.mcreator.tloa.TloaMod/]: Max Stamina50.0
[08Mar2025 17:22:06.826] [Server thread/INFO] [net.mcreator.tloa.TloaMod/]: Current Stamina:2.8
[08Mar2025 17:22:06.826] [Server thread/INFO] [net.mcreator.tloa.TloaMod/]: Rounded Stamina3
[08Mar2025 17:22:06.826] [Server thread/INFO] [net.mcreator.tloa.TloaMod/]: Can Stamina:true
[08Mar2025 17:22:06.826] [Server thread/INFO] [net.mcreator.tloa.TloaMod/]: Max Stamina50.0
[08Mar2025 17:22:06.835] [Render thread/INFO] [net.mcreator.tloa.TloaMod/]: Current Stamina:2.5
[08Mar2025 17:22:06.835] [Render thread/INFO] [net.mcreator.tloa.TloaMod/]: Rounded Stamina3
[08Mar2025 17:22:06.836] [Render thread/INFO] [net.mcreator.tloa.TloaMod/]: Can Stamina:true
[08Mar2025 17:22:06.836] [Render thread/INFO] [net.mcreator.tloa.TloaMod/]: Max Stamina50.0
[08Mar2025 17:22:06.875] [Server thread/INFO] [net.mcreator.tloa.TloaMod/]: Current Stamina:2.5
[08Mar2025 17:22:06.875] [Server thread/INFO] [net.mcreator.tloa.TloaMod/]: Rounded Stamina3
[08Mar2025 17:22:06.875] [Server thread/INFO] [net.mcreator.tloa.TloaMod/]: Can Stamina:true
[08Mar2025 17:22:06.875] [Server thread/INFO] [net.mcreator.tloa.TloaMod/]: Max Stamina50.0
[08Mar2025 17:22:06.886] [Render thread/INFO] [net.mcreator.tloa.TloaMod/]: Current Stamina:2.2
[08Mar2025 17:22:06.886] [Render thread/INFO] [net.mcreator.tloa.TloaMod/]: Rounded Stamina2
[08Mar2025 17:22:06.886] [Render thread/INFO] [net.mcreator.tloa.TloaMod/]: Can Stamina:true
[08Mar2025 17:22:06.886] [Render thread/INFO] [net.mcreator.tloa.TloaMod/]: Max Stamina50.0
[08Mar2025 17:22:06.925] [Server thread/INFO] [net.mcreator.tloa.TloaMod/]: Current Stamina:2.2
[08Mar2025 17:22:06.926] [Server thread/INFO] [net.mcreator.tloa.TloaMod/]: Rounded Stamina2
[08Mar2025 17:22:06.926] [Server thread/INFO] [net.mcreator.tloa.TloaMod/]: Can Stamina:true
[08Mar2025 17:22:06.926] [Server thread/INFO] [net.mcreator.tloa.TloaMod/]: Max Stamina50.0
[08Mar2025 17:22:06.937] [Render thread/INFO] [net.mcreator.tloa.TloaMod/]: Current Stamina:1.9
[08Mar2025 17:22:06.937] [Render thread/INFO] [net.mcreator.tloa.TloaMod/]: Rounded Stamina2
[08Mar2025 17:22:06.937] [Render thread/INFO] [net.mcreator.tloa.TloaMod/]: Can Stamina:true
[08Mar2025 17:22:06.937] [Render thread/INFO] [net.mcreator.tloa.TloaMod/]: Max Stamina50.0
[08Mar2025 17:22:06.975] [Server thread/INFO] [net.mcreator.tloa.TloaMod/]: Current Stamina:1.9
[08Mar2025 17:22:06.975] [Server thread/INFO] [net.mcreator.tloa.TloaMod/]: Rounded Stamina2
[08Mar2025 17:22:06.975] [Server thread/INFO] [net.mcreator.tloa.TloaMod/]: Can Stamina:true
[08Mar2025 17:22:06.975] [Server thread/INFO] [net.mcreator.tloa.TloaMod/]: Max Stamina50.0
[08Mar2025 17:22:06.987] [Render thread/INFO] [net.mcreator.tloa.TloaMod/]: Current Stamina:1.6
[08Mar2025 17:22:06.987] [Render thread/INFO] [net.mcreator.tloa.TloaMod/]: Rounded Stamina2
[08Mar2025 17:22:06.987] [Render thread/INFO] [net.mcreator.tloa.TloaMod/]: Can Stamina:true
[08Mar2025 17:22:06.987] [Render thread/INFO] [net.mcreator.tloa.TloaMod/]: Max Stamina50.0
[08Mar2025 17:22:07.024] [Server thread/INFO] [net.mcreator.tloa.TloaMod/]: Current Stamina:1.6
[08Mar2025 17:22:07.025] [Server thread/INFO] [net.mcreator.tloa.TloaMod/]: Rounded Stamina2
[08Mar2025 17:22:07.025] [Server thread/INFO] [net.mcreator.tloa.TloaMod/]: Can Stamina:true
[08Mar2025 17:22:07.025] [Server thread/INFO] [net.mcreator.tloa.TloaMod/]: Max Stamina50.0
[08Mar2025 17:22:07.036] [Render thread/INFO] [net.mcreator.tloa.TloaMod/]: Current Stamina:1.3
[08Mar2025 17:22:07.037] [Render thread/INFO] [net.mcreator.tloa.TloaMod/]: Rounded Stamina1
[08Mar2025 17:22:07.037] [Render thread/INFO] [net.mcreator.tloa.TloaMod/]: Can Stamina:true
[08Mar2025 17:22:07.037] [Render thread/INFO] [net.mcreator.tloa.TloaMod/]: Max Stamina50.0
[08Mar2025 17:22:07.075] [Server thread/INFO] [net.mcreator.tloa.TloaMod/]: Current Stamina:1.3
[08Mar2025 17:22:07.076] [Server thread/INFO] [net.mcreator.tloa.TloaMod/]: Rounded Stamina1
[08Mar2025 17:22:07.076] [Server thread/INFO] [net.mcreator.tloa.TloaMod/]: Can Stamina:true
[08Mar2025 17:22:07.076] [Server thread/INFO] [net.mcreator.tloa.TloaMod/]: Max Stamina50.0
[08Mar2025 17:22:07.086] [Render thread/INFO] [net.mcreator.tloa.TloaMod/]: Current Stamina:1
[08Mar2025 17:22:07.086] [Render thread/INFO] [net.mcreator.tloa.TloaMod/]: Rounded Stamina1
[08Mar2025 17:22:07.086] [Render thread/INFO] [net.mcreator.tloa.TloaMod/]: Can Stamina:true
[08Mar2025 17:22:07.086] [Render thread/INFO] [net.mcreator.tloa.TloaMod/]: Max Stamina50.0
[08Mar2025 17:22:07.126] [Server thread/INFO] [net.mcreator.tloa.TloaMod/]: Current Stamina:1
[08Mar2025 17:22:07.126] [Server thread/INFO] [net.mcreator.tloa.TloaMod/]: Rounded Stamina1
[08Mar2025 17:22:07.126] [Server thread/INFO] [net.mcreator.tloa.TloaMod/]: Can Stamina:true
[08Mar2025 17:22:07.126] [Server thread/INFO] [net.mcreator.tloa.TloaMod/]: Max Stamina50.0
[08Mar2025 17:22:07.136] [Render thread/INFO] [net.mcreator.tloa.TloaMod/]: Current Stamina:0.7
[08Mar2025 17:22:07.136] [Render thread/INFO] [net.mcreator.tloa.TloaMod/]: Rounded Stamina1
[08Mar2025 17:22:07.136] [Render thread/INFO] [net.mcreator.tloa.TloaMod/]: Can Stamina:true
[08Mar2025 17:22:07.136] [Render thread/INFO] [net.mcreator.tloa.TloaMod/]: Max Stamina50.0
[08Mar2025 17:22:07.175] [Server thread/INFO] [net.mcreator.tloa.TloaMod/]: Current Stamina:0.7
[08Mar2025 17:22:07.175] [Server thread/INFO] [net.mcreator.tloa.TloaMod/]: Rounded Stamina1
[08Mar2025 17:22:07.175] [Server thread/INFO] [net.mcreator.tloa.TloaMod/]: Can Stamina:true
[08Mar2025 17:22:07.176] [Server thread/INFO] [net.mcreator.tloa.TloaMod/]: Max Stamina50.0
[08Mar2025 17:22:07.186] [Render thread/INFO] [net.mcreator.tloa.TloaMod/]: Current Stamina:0.4
[08Mar2025 17:22:07.186] [Render thread/INFO] [net.mcreator.tloa.TloaMod/]: Rounded Stamina0
[08Mar2025 17:22:07.186] [Render thread/INFO] [net.mcreator.tloa.TloaMod/]: Can Stamina:true
[08Mar2025 17:22:07.186] [Render thread/INFO] [net.mcreator.tloa.TloaMod/]: Max Stamina50.0
[08Mar2025 17:22:07.227] [Server thread/INFO] [net.mcreator.tloa.TloaMod/]: Current Stamina:0.4
[08Mar2025 17:22:07.227] [Server thread/INFO] [net.mcreator.tloa.TloaMod/]: Rounded Stamina0
[08Mar2025 17:22:07.227] [Server thread/INFO] [net.mcreator.tloa.TloaMod/]: Can Stamina:true
[08Mar2025 17:22:07.227] [Server thread/INFO] [net.mcreator.tloa.TloaMod/]: Max Stamina50.0
[08Mar2025 17:22:07.236] [Render thread/INFO] [net.mcreator.tloa.TloaMod/]: Current Stamina:0.1
[08Mar2025 17:22:07.236] [Render thread/INFO] [net.mcreator.tloa.TloaMod/]: Rounded Stamina0
[08Mar2025 17:22:07.236] [Render thread/INFO] [net.mcreator.tloa.TloaMod/]: Can Stamina:true
[08Mar2025 17:22:07.236] [Render thread/INFO] [net.mcreator.tloa.TloaMod/]: Max Stamina50.0
[08Mar2025 17:22:07.275] [Server thread/INFO] [net.mcreator.tloa.TloaMod/]: Current Stamina:0.1
[08Mar2025 17:22:07.275] [Server thread/INFO] [net.mcreator.tloa.TloaMod/]: Rounded Stamina0
[08Mar2025 17:22:07.275] [Server thread/INFO] [net.mcreator.tloa.TloaMod/]: Can Stamina:true
[08Mar2025 17:22:07.275] [Server thread/INFO] [net.mcreator.tloa.TloaMod/]: Max Stamina50.0
[08Mar2025 17:22:07.285] [Render thread/INFO] [net.mcreator.tloa.TloaMod/]: Current Stamina:-0.2
[08Mar2025 17:22:07.285] [Render thread/INFO] [net.mcreator.tloa.TloaMod/]: Rounded Stamina0
[08Mar2025 17:22:07.286] [Render thread/INFO] [net.mcreator.tloa.TloaMod/]: Can Stamina:true
[08Mar2025 17:22:07.286] [Render thread/INFO] [net.mcreator.tloa.TloaMod/]: Max Stamina50.0
[08Mar2025 17:22:07.326] [Server thread/INFO] [net.mcreator.tloa.TloaMod/]: Current Stamina:-0.2
[08Mar2025 17:22:07.326] [Server thread/INFO] [net.mcreator.tloa.TloaMod/]: Rounded Stamina0
[08Mar2025 17:22:07.326] [Server thread/INFO] [net.mcreator.tloa.TloaMod/]: Can Stamina:true
[08Mar2025 17:22:07.326] [Server thread/INFO] [net.mcreator.tloa.TloaMod/]: Max Stamina50.0
[08Mar2025 17:22:07.336] [Render thread/INFO] [net.mcreator.tloa.TloaMod/]: Current Stamina:0.3
[08Mar2025 17:22:07.336] [Render thread/INFO] [net.mcreator.tloa.TloaMod/]: Rounded Stamina0
[08Mar2025 17:22:07.336] [Render thread/INFO] [net.mcreator.tloa.TloaMod/]: Can Stamina:false
[08Mar2025 17:22:07.336] [Render thread/INFO] [net.mcreator.tloa.TloaMod/]: Max Stamina50.0
[08Mar2025 17:22:07.377] [Server thread/INFO] [net.mcreator.tloa.TloaMod/]: Current Stamina:0.3
[08Mar2025 17:22:07.377] [Server thread/INFO] [net.mcreator.tloa.TloaMod/]: Rounded Stamina0
[08Mar2025 17:22:07.377] [Server thread/INFO] [net.mcreator.tloa.TloaMod/]: Can Stamina:false
[08Mar2025 17:22:07.377] [Server thread/INFO] [net.mcreator.tloa.TloaMod/]: Max Stamina50.0
[08Mar2025 17:22:07.387] [Render thread/INFO] [net.mcreator.tloa.TloaMod/]: Current Stamina:0.8
[08Mar2025 17:22:07.387] [Render thread/INFO] [net.mcreator.tloa.TloaMod/]: Rounded Stamina1
[08Mar2025 17:22:07.387] [Render thread/INFO] [net.mcreator.tloa.TloaMod/]: Can Stamina:false
[08Mar2025 17:22:07.387] [Render thread/INFO] [net.mcreator.tloa.TloaMod/]: Max Stamina50.0
[08Mar2025 17:22:07.429] [Server thread/INFO] [net.mcreator.tloa.TloaMod/]: Current Stamina:0.8
[08Mar2025 17:22:07.429] [Server thread/INFO] [net.mcreator.tloa.TloaMod/]: Rounded Stamina1
[08Mar2025 17:22:07.429] [Server thread/INFO] [net.mcreator.tloa.TloaMod/]: Can Stamina:false
[08Mar2025 17:22:07.429] [Server thread/INFO] [net.mcreator.tloa.TloaMod/]: Max Stamina50.0
[08Mar2025 17:22:07.436] [Render thread/INFO] [net.mcreator.tloa.TloaMod/]: Current Stamina:1.3
[08Mar2025 17:22:07.437] [Render thread/INFO] [net.mcreator.tloa.TloaMod/]: Rounded Stamina1
[08Mar2025 17:22:07.437] [Render thread/INFO] [net.mcreator.tloa.TloaMod/]: Can Stamina:false
[08Mar2025 17:22:07.437] [Render thread/INFO] [net.mcreator.tloa.TloaMod/]: Max Stamina50.0
[08Mar2025 17:22:07.476] [Server thread/INFO] [net.mcreator.tloa.TloaMod/]: Current Stamina:1.3
[08Mar2025 17:22:07.476] [Server thread/INFO] [net.mcreator.tloa.TloaMod/]: Rounded Stamina1
[08Mar2025 17:22:07.476] [Server thread/INFO] [net.mcreator.tloa.TloaMod/]: Can Stamina:false
[08Mar2025 17:22:07.476] [Server thread/INFO] [net.mcreator.tloa.TloaMod/]: Max Stamina50.0
[08Mar2025 17:22:07.486] [Render thread/INFO] [net.mcreator.tloa.TloaMod/]: Current Stamina:1.8
[08Mar2025 17:22:07.486] [Render thread/INFO] [net.mcreator.tloa.TloaMod/]: Rounded Stamina2
[08Mar2025 17:22:07.486] [Render thread/INFO] [net.mcreator.tloa.TloaMod/]: Can Stamina:false
[08Mar2025 17:22:07.486] [Render thread/INFO] [net.mcreator.tloa.TloaMod/]: Max Stamina50.0
[08Mar2025 17:22:07.528] [Server thread/INFO] [net.mcreator.tloa.TloaMod/]: Current Stamina:1.8
[08Mar2025 17:22:07.528] [Server thread/INFO] [net.mcreator.tloa.TloaMod/]: Rounded Stamina2
[08Mar2025 17:22:07.528] [Server thread/INFO] [net.mcreator.tloa.TloaMod/]: Can Stamina:false
[08Mar2025 17:22:07.528] [Server thread/INFO] [net.mcreator.tloa.TloaMod/]: Max Stamina50.0
[08Mar2025 17:22:07.536] [Render thread/INFO] [net.mcreator.tloa.TloaMod/]: Current Stamina:2.3
[08Mar2025 17:22:07.536] [Render thread/INFO] [net.mcreator.tloa.TloaMod/]: Rounded Stamina2
[08Mar2025 17:22:07.536] [Render thread/INFO] [net.mcreator.tloa.TloaMod/]: Can Stamina:false
[08Mar2025 17:22:07.536] [Render thread/INFO] [net.mcreator.tloa.TloaMod/]: Max Stamina50.0
[08Mar2025 17:22:07.579] [Server thread/INFO] [net.mcreator.tloa.TloaMod/]: Current Stamina:2.3
[08Mar2025 17:22:07.579] [Server thread/INFO] [net.mcreator.tloa.TloaMod/]: Rounded Stamina2
[08Mar2025 17:22:07.579] [Server thread/INFO] [net.mcreator.tloa.TloaMod/]: Can Stamina:false
[08Mar2025 17:22:07.579] [Server thread/INFO] [net.mcreator.tloa.TloaMod/]: Max Stamina50.0
[08Mar2025 17:22:07.586] [Render thread/INFO] [net.mcreator.tloa.TloaMod/]: Current Stamina:2.8
[08Mar2025 17:22:07.586] [Render thread/INFO] [net.mcreator.tloa.TloaMod/]: Rounded Stamina3
[08Mar2025 17:22:07.587] [Render thread/INFO] [net.mcreator.tloa.TloaMod/]: Can Stamina:false
[08Mar2025 17:22:07.587] [Render thread/INFO] [net.mcreator.tloa.TloaMod/]: Max Stamina50.0
[08Mar2025 17:22:07.627] [Server thread/INFO] [net.mcreator.tloa.TloaMod/]: Current Stamina:2.8
[08Mar2025 17:22:07.627] [Server thread/INFO] [net.mcreator.tloa.TloaMod/]: Rounded Stamina3
[08Mar2025 17:22:07.627] [Server thread/INFO] [net.mcreator.tloa.TloaMod/]: Can Stamina:false
[08Mar2025 17:22:07.627] [Server thread/INFO] [net.mcreator.tloa.TloaMod/]: Max Stamina50.0
[08Mar2025 17:22:07.637] [Render thread/INFO] [net.mcreator.tloa.TloaMod/]: Current Stamina:3.3
[08Mar2025 17:22:07.637] [Render thread/INFO] [net.mcreator.tloa.TloaMod/]: Rounded Stamina3
[08Mar2025 17:22:07.637] [Render thread/INFO] [net.mcreator.tloa.TloaMod/]: Can Stamina:false
[08Mar2025 17:22:07.637] [Render thread/INFO] [net.mcreator.tloa.TloaMod/]: Max Stamina50.0
[08Mar2025 17:22:07.676] [Server thread/INFO] [net.mcreator.tloa.TloaMod/]: Current Stamina:3.3
[08Mar2025 17:22:07.676] [Server thread/INFO] [net.mcreator.tloa.TloaMod/]: Rounded Stamina3
[08Mar2025 17:22:07.676] [Server thread/INFO] [net.mcreator.tloa.TloaMod/]: Can Stamina:false
[08Mar2025 17:22:07.677] [Server thread/INFO] [net.mcreator.tloa.TloaMod/]: Max Stamina50.0
[08Mar2025 17:22:07.686] [Render thread/INFO] [net.mcreator.tloa.TloaMod/]: Current Stamina:3.8
[08Mar2025 17:22:07.686] [Render thread/INFO] [net.mcreator.tloa.TloaMod/]: Rounded Stamina4
[08Mar2025 17:22:07.687] [Render thread/INFO] [net.mcreator.tloa.TloaMod/]: Can Stamina:false
[08Mar2025 17:22:07.687] [Render thread/INFO] [net.mcreator.tloa.TloaMod/]: Max Stamina50.0
[08Mar2025 17:22:07.731] [Server thread/INFO] [net.mcreator.tloa.TloaMod/]: Current Stamina:3.8
[08Mar2025 17:22:07.732] [Server thread/INFO] [net.mcreator.tloa.TloaMod/]: Rounded Stamina4
[08Mar2025 17:22:07.732] [Server thread/INFO] [net.mcreator.tloa.TloaMod/]: Can Stamina:false
[08Mar2025 17:22:07.732] [Server thread/INFO] [net.mcreator.tloa.TloaMod/]: Max Stamina50.0
[08Mar2025 17:22:07.736] [Render thread/INFO] [net.mcreator.tloa.TloaMod/]: Current Stamina:4.3
[08Mar2025 17:22:07.736] [Render thread/INFO] [net.mcreator.tloa.TloaMod/]: Rounded Stamina4
[08Mar2025 17:22:07.736] [Render thread/INFO] [net.mcreator.tloa.TloaMod/]: Can Stamina:false
[08Mar2025 17:22:07.736] [Render thread/INFO] [net.mcreator.tloa.TloaMod/]: Max Stamina50.0
[08Mar2025 17:22:07.779] [Server thread/INFO] [net.mcreator.tloa.TloaMod/]: Current Stamina:4.3
[08Mar2025 17:22:07.779] [Server thread/INFO] [net.mcreator.tloa.TloaMod/]: Rounded Stamina4
[08Mar2025 17:22:07.779] [Server thread/INFO] [net.mcreator.tloa.TloaMod/]: Can Stamina:false
[08Mar2025 17:22:07.780] [Server thread/INFO] [net.mcreator.tloa.TloaMod/]: Max Stamina50.0
[08Mar2025 17:22:07.786] [Render thread/INFO] [net.mcreator.tloa.TloaMod/]: Current Stamina:4.8
[08Mar2025 17:22:07.786] [Render thread/INFO] [net.mcreator.tloa.TloaMod/]: Rounded Stamina5
[08Mar2025 17:22:07.786] [Render thread/INFO] [net.mcreator.tloa.TloaMod/]: Can Stamina:false
[08Mar2025 17:22:07.786] [Render thread/INFO] [net.mcreator.tloa.TloaMod/]: Max Stamina50.0
[08Mar2025 17:22:07.828] [Server thread/INFO] [net.mcreator.tloa.TloaMod/]: Current Stamina:4.8
[08Mar2025 17:22:07.829] [Server thread/INFO] [net.mcreator.tloa.TloaMod/]: Rounded Stamina5
[08Mar2025 17:22:07.829] [Server thread/INFO] [net.mcreator.tloa.TloaMod/]: Can Stamina:false
[08Mar2025 17:22:07.829] [Server thread/INFO] [net.mcreator.tloa.TloaMod/]: Max Stamina50.0
[08Mar2025 17:22:07.836] [Render thread/INFO] [net.mcreator.tloa.TloaMod/]: Current Stamina:5.3
[08Mar2025 17:22:07.836] [Render thread/INFO] [net.mcreator.tloa.TloaMod/]: Rounded Stamina5
[08Mar2025 17:22:07.836] [Render thread/INFO] [net.mcreator.tloa.TloaMod/]: Can Stamina:false
[08Mar2025 17:22:07.836] [Render thread/INFO] [net.mcreator.tloa.TloaMod/]: Max Stamina50.0
[08Mar2025 17:22:07.880] [Server thread/INFO] [net.mcreator.tloa.TloaMod/]: Current Stamina:5.3
[08Mar2025 17:22:07.880] [Server thread/INFO] [net.mcreator.tloa.TloaMod/]: Rounded Stamina5
[08Mar2025 17:22:07.880] [Server thread/INFO] [net.mcreator.tloa.TloaMod/]: Can Stamina:false
[08Mar2025 17:22:07.880] [Server thread/INFO] [net.mcreator.tloa.TloaMod/]: Max Stamina50.0
[08Mar2025 17:22:07.888] [Render thread/INFO] [net.mcreator.tloa.TloaMod/]: Current Stamina:5.8
[08Mar2025 17:22:07.888] [Render thread/INFO] [net.mcreator.tloa.TloaMod/]: Rounded Stamina6
[08Mar2025 17:22:07.888] [Render thread/INFO] [net.mcreator.tloa.TloaMod/]: Can Stamina:false
[08Mar2025 17:22:07.888] [Render thread/INFO] [net.mcreator.tloa.TloaMod/]: Max Stamina50.0
[08Mar2025 17:22:07.927] [Server thread/INFO] [net.mcreator.tloa.TloaMod/]: Current Stamina:5.8
[08Mar2025 17:22:07.927] [Server thread/INFO] [net.mcreator.tloa.TloaMod/]: Rounded Stamina6
[08Mar2025 17:22:07.928] [Server thread/INFO] [net.mcreator.tloa.TloaMod/]: Can Stamina:false
[08Mar2025 17:22:07.928] [Server thread/INFO] [net.mcreator.tloa.TloaMod/]: Max Stamina50.0
[08Mar2025 17:22:07.936] [Render thread/INFO] [net.mcreator.tloa.TloaMod/]: Current Stamina:6.3
[08Mar2025 17:22:07.936] [Render thread/INFO] [net.mcreator.tloa.TloaMod/]: Rounded Stamina6
[08Mar2025 17:22:07.936] [Render thread/INFO] [net.mcreator.tloa.TloaMod/]: Can Stamina:false
[08Mar2025 17:22:07.937] [Render thread/INFO] [net.mcreator.tloa.TloaMod/]: Max Stamina50.0
[08Mar2025 17:22:07.979] [Server thread/INFO] [net.mcreator.tloa.TloaMod/]: Current Stamina:6.3
[08Mar2025 17:22:07.979] [Server thread/INFO] [net.mcreator.tloa.TloaMod/]: Rounded Stamina6
[08Mar2025 17:22:07.979] [Server thread/INFO] [net.mcreator.tloa.TloaMod/]: Can Stamina:false
[08Mar2025 17:22:07.979] [Server thread/INFO] [net.mcreator.tloa.TloaMod/]: Max Stamina50.0
[08Mar2025 17:22:07.987] [Render thread/INFO] [net.mcreator.tloa.TloaMod/]: Current Stamina:6.8
[08Mar2025 17:22:07.987] [Render thread/INFO] [net.mcreator.tloa.TloaMod/]: Rounded Stamina7
[08Mar2025 17:22:07.987] [Render thread/INFO] [net.mcreator.tloa.TloaMod/]: Can Stamina:false
[08Mar2025 17:22:07.987] [Render thread/INFO] [net.mcreator.tloa.TloaMod/]: Max Stamina50.0
[08Mar2025 17:22:08.027] [Server thread/INFO] [net.mcreator.tloa.TloaMod/]: Current Stamina:6.8
[08Mar2025 17:22:08.027] [Server thread/INFO] [net.mcreator.tloa.TloaMod/]: Rounded Stamina7
[08Mar2025 17:22:08.027] [Server thread/INFO] [net.mcreator.tloa.TloaMod/]: Can Stamina:false
[08Mar2025 17:22:08.027] [Server thread/INFO] [net.mcreator.tloa.TloaMod/]: Max Stamina50.0
[08Mar2025 17:22:08.037] [Render thread/INFO] [net.mcreator.tloa.TloaMod/]: Current Stamina:7.3
[08Mar2025 17:22:08.037] [Render thread/INFO] [net.mcreator.tloa.TloaMod/]: Rounded Stamina7
[08Mar2025 17:22:08.037] [Render thread/INFO] [net.mcreator.tloa.TloaMod/]: Can Stamina:false
[08Mar2025 17:22:08.037] [Render thread/INFO] [net.mcreator.tloa.TloaMod/]: Max Stamina50.0
[08Mar2025 17:22:08.079] [Server thread/INFO] [net.mcreator.tloa.TloaMod/]: Current Stamina:7.3
[08Mar2025 17:22:08.080] [Server thread/INFO] [net.mcreator.tloa.TloaMod/]: Rounded Stamina7
[08Mar2025 17:22:08.080] [Server thread/INFO] [net.mcreator.tloa.TloaMod/]: Can Stamina:false
[08Mar2025 17:22:08.080] [Server thread/INFO] [net.mcreator.tloa.TloaMod/]: Max Stamina50.0
[08Mar2025 17:22:08.087] [Render thread/INFO] [net.mcreator.tloa.TloaMod/]: Current Stamina:7.8
[08Mar2025 17:22:08.087] [Render thread/INFO] [net.mcreator.tloa.TloaMod/]: Rounded Stamina8
[08Mar2025 17:22:08.087] [Render thread/INFO] [net.mcreator.tloa.TloaMod/]: Can Stamina:false
[08Mar2025 17:22:08.087] [Render thread/INFO] [net.mcreator.tloa.TloaMod/]: Max Stamina50.0
[08Mar2025 17:22:08.127] [Server thread/INFO] [net.mcreator.tloa.TloaMod/]: Current Stamina:7.8
[08Mar2025 17:22:08.127] [Server thread/INFO] [net.mcreator.tloa.TloaMod/]: Rounded Stamina8
[08Mar2025 17:22:08.127] [Server thread/INFO] [net.mcreator.tloa.TloaMod/]: Can Stamina:false
[08Mar2025 17:22:08.127] [Server thread/INFO] [net.mcreator.tloa.TloaMod/]: Max Stamina50.0
[08Mar2025 17:22:08.138] [Render thread/INFO] [net.mcreator.tloa.TloaMod/]: Current Stamina:8.3
[08Mar2025 17:22:08.138] [Render thread/INFO] [net.mcreator.tloa.TloaMod/]: Rounded Stamina8
[08Mar2025 17:22:08.139] [Render thread/INFO] [net.mcreator.tloa.TloaMod/]: Can Stamina:false
[08Mar2025 17:22:08.139] [Render thread/INFO] [net.mcreator.tloa.TloaMod/]: Max Stamina50.0
[08Mar2025 17:22:08.177] [Server thread/INFO] [net.mcreator.tloa.TloaMod/]: Current Stamina:8.3
[08Mar2025 17:22:08.178] [Server thread/INFO] [net.mcreator.tloa.TloaMod/]: Rounded Stamina8
[08Mar2025 17:22:08.178] [Server thread/INFO] [net.mcreator.tloa.TloaMod/]: Can Stamina:false
[08Mar2025 17:22:08.178] [Server thread/INFO] [net.mcreator.tloa.TloaMod/]: Max Stamina50.0
[08Mar2025 17:22:08.187] [Render thread/INFO] [net.mcreator.tloa.TloaMod/]: Current Stamina:8.8
[08Mar2025 17:22:08.187] [Render thread/INFO] [net.mcreator.tloa.TloaMod/]: Rounded Stamina9
[08Mar2025 17:22:08.187] [Render thread/INFO] [net.mcreator.tloa.TloaMod/]: Can Stamina:false
[08Mar2025 17:22:08.187] [Render thread/INFO] [net.mcreator.tloa.TloaMod/]: Max Stamina50.0
[08Mar2025 17:22:08.226] [Server thread/INFO] [net.mcreator.tloa.TloaMod/]: Current Stamina:8.8
[08Mar2025 17:22:08.226] [Server thread/INFO] [net.mcreator.tloa.TloaMod/]: Rounded Stamina9
[08Mar2025 17:22:08.226] [Server thread/INFO] [net.mcreator.tloa.TloaMod/]: Can Stamina:false
[08Mar2025 17:22:08.226] [Server thread/INFO] [net.mcreator.tloa.TloaMod/]: Max Stamina50.0
[08Mar2025 17:22:08.237] [Render thread/INFO] [net.mcreator.tloa.TloaMod/]: Current Stamina:9.3
[08Mar2025 17:22:08.237] [Render thread/INFO] [net.mcreator.tloa.TloaMod/]: Rounded Stamina9
[08Mar2025 17:22:08.237] [Render thread/INFO] [net.mcreator.tloa.TloaMod/]: Can Stamina:false
[08Mar2025 17:22:08.237] [Render thread/INFO] [net.mcreator.tloa.TloaMod/]: Max Stamina50.0
[08Mar2025 17:22:08.279] [Server thread/INFO] [net.mcreator.tloa.TloaMod/]: Current Stamina:9.3
[08Mar2025 17:22:08.279] [Server thread/INFO] [net.mcreator.tloa.TloaMod/]: Rounded Stamina9
[08Mar2025 17:22:08.279] [Server thread/INFO] [net.mcreator.tloa.TloaMod/]: Can Stamina:false
[08Mar2025 17:22:08.279] [Server thread/INFO] [net.mcreator.tloa.TloaMod/]: Max Stamina50.0
[08Mar2025 17:22:08.286] [Render thread/INFO] [net.mcreator.tloa.TloaMod/]: Current Stamina:9.8
[08Mar2025 17:22:08.286] [Render thread/INFO] [net.mcreator.tloa.TloaMod/]: Rounded Stamina10
[08Mar2025 17:22:08.286] [Render thread/INFO] [net.mcreator.tloa.TloaMod/]: Can Stamina:false
[08Mar2025 17:22:08.286] [Render thread/INFO] [net.mcreator.tloa.TloaMod/]: Max Stamina50.0
[08Mar2025 17:22:08.324] [Server thread/INFO] [net.mcreator.tloa.TloaMod/]: Current Stamina:9.8
[08Mar2025 17:22:08.326] [Server thread/INFO] [net.mcreator.tloa.TloaMod/]: Rounded Stamina10
[08Mar2025 17:22:08.326] [Server thread/INFO] [net.mcreator.tloa.TloaMod/]: Can Stamina:false
[08Mar2025 17:22:08.326] [Server thread/INFO] [net.mcreator.tloa.TloaMod/]: Max Stamina50.0
[08Mar2025 17:22:08.336] [Render thread/INFO] [net.mcreator.tloa.TloaMod/]: Current Stamina:10.3
[08Mar2025 17:22:08.337] [Render thread/INFO] [net.mcreator.tloa.TloaMod/]: Rounded Stamina10
[08Mar2025 17:22:08.337] [Render thread/INFO] [net.mcreator.tloa.TloaMod/]: Can Stamina:false
[08Mar2025 17:22:08.337] [Render thread/INFO] [net.mcreator.tloa.TloaMod/]: Max Stamina50.0
[08Mar2025 17:22:08.377] [Server thread/INFO] [net.mcreator.tloa.TloaMod/]: Current Stamina:10.3
[08Mar2025 17:22:08.377] [Server thread/INFO] [net.mcreator.tloa.TloaMod/]: Rounded Stamina10
[08Mar2025 17:22:08.377] [Server thread/INFO] [net.mcreator.tloa.TloaMod/]: Can Stamina:false
[08Mar2025 17:22:08.377] [Server thread/INFO] [net.mcreator.tloa.TloaMod/]: Max Stamina50.0
[08Mar2025 17:22:08.386] [Render thread/INFO] [net.mcreator.tloa.TloaMod/]: Current Stamina:10.8
[08Mar2025 17:22:08.386] [Render thread/INFO] [net.mcreator.tloa.TloaMod/]: Rounded Stamina11
[08Mar2025 17:22:08.386] [Render thread/INFO] [net.mcreator.tloa.TloaMod/]: Can Stamina:false
[08Mar2025 17:22:08.386] [Render thread/INFO] [net.mcreator.tloa.TloaMod/]: Max Stamina50.0
[08Mar2025 17:22:08.427] [Server thread/INFO] [net.mcreator.tloa.TloaMod/]: Current Stamina:10.8
[08Mar2025 17:22:08.427] [Server thread/INFO] [net.mcreator.tloa.TloaMod/]: Rounded Stamina11
[08Mar2025 17:22:08.427] [Server thread/INFO] [net.mcreator.tloa.TloaMod/]: Can Stamina:false
[08Mar2025 17:22:08.427] [Server thread/INFO] [net.mcreator.tloa.TloaMod/]: Max Stamina50.0
[08Mar2025 17:22:08.437] [Render thread/INFO] [net.mcreator.tloa.TloaMod/]: Current Stamina:11.3
[08Mar2025 17:22:08.437] [Render thread/INFO] [net.mcreator.tloa.TloaMod/]: Rounded Stamina11
[08Mar2025 17:22:08.437] [Render thread/INFO] [net.mcreator.tloa.TloaMod/]: Can Stamina:false
[08Mar2025 17:22:08.437] [Render thread/INFO] [net.mcreator.tloa.TloaMod/]: Max Stamina50.0
[08Mar2025 17:22:08.476] [Server thread/INFO] [net.mcreator.tloa.TloaMod/]: Current Stamina:11.3
[08Mar2025 17:22:08.477] [Server thread/INFO] [net.mcreator.tloa.TloaMod/]: Rounded Stamina11
[08Mar2025 17:22:08.477] [Server thread/INFO] [net.mcreator.tloa.TloaMod/]: Can Stamina:false
[08Mar2025 17:22:08.477] [Server thread/INFO] [net.mcreator.tloa.TloaMod/]: Max Stamina50.0
[08Mar2025 17:22:08.485] [Render thread/INFO] [net.mcreator.tloa.TloaMod/]: Current Stamina:11.8
[08Mar2025 17:22:08.485] [Render thread/INFO] [net.mcreator.tloa.TloaMod/]: Rounded Stamina12
[08Mar2025 17:22:08.485] [Render thread/INFO] [net.mcreator.tloa.TloaMod/]: Can Stamina:false
[08Mar2025 17:22:08.485] [Render thread/INFO] [net.mcreator.tloa.TloaMod/]: Max Stamina50.0
[08Mar2025 17:22:08.527] [Server thread/INFO] [net.mcreator.tloa.TloaMod/]: Current Stamina:11.8
[08Mar2025 17:22:08.529] [Server thread/INFO] [net.mcreator.tloa.TloaMod/]: Rounded Stamina12
[08Mar2025 17:22:08.529] [Server thread/INFO] [net.mcreator.tloa.TloaMod/]: Can Stamina:false
[08Mar2025 17:22:08.529] [Server thread/INFO] [net.mcreator.tloa.TloaMod/]: Max Stamina50.0
[08Mar2025 17:22:08.536] [Render thread/INFO] [net.mcreator.tloa.TloaMod/]: Current Stamina:12.3
[08Mar2025 17:22:08.537] [Render thread/INFO] [net.mcreator.tloa.TloaMod/]: Rounded Stamina12
[08Mar2025 17:22:08.537] [Render thread/INFO] [net.mcreator.tloa.TloaMod/]: Can Stamina:false
[08Mar2025 17:22:08.537] [Render thread/INFO] [net.mcreator.tloa.TloaMod/]: Max Stamina50.0
[08Mar2025 17:22:08.579] [Server thread/INFO] [net.mcreator.tloa.TloaMod/]: Current Stamina:12.3
[08Mar2025 17:22:08.579] [Server thread/INFO] [net.mcreator.tloa.TloaMod/]: Rounded Stamina12
[08Mar2025 17:22:08.579] [Server thread/INFO] [net.mcreator.tloa.TloaMod/]: Can Stamina:false
[08Mar2025 17:22:08.579] [Server thread/INFO] [net.mcreator.tloa.TloaMod/]: Max Stamina50.0
[08Mar2025 17:22:08.585] [Render thread/INFO] [net.mcreator.tloa.TloaMod/]: Current Stamina:12.8
[08Mar2025 17:22:08.585] [Render thread/INFO] [net.mcreator.tloa.TloaMod/]: Rounded Stamina13
[08Mar2025 17:22:08.585] [Render thread/INFO] [net.mcreator.tloa.TloaMod/]: Can Stamina:false
[08Mar2025 17:22:08.585] [Render thread/INFO] [net.mcreator.tloa.TloaMod/]: Max Stamina50.0
[08Mar2025 17:22:08.628] [Server thread/INFO] [net.mcreator.tloa.TloaMod/]: Current Stamina:12.8
[08Mar2025 17:22:08.628] [Server thread/INFO] [net.mcreator.tloa.TloaMod/]: Rounded Stamina13
[08Mar2025 17:22:08.628] [Server thread/INFO] [net.mcreator.tloa.TloaMod/]: Can Stamina:false
[08Mar2025 17:22:08.628] [Server thread/INFO] [net.mcreator.tloa.TloaMod/]: Max Stamina50.0
[08Mar2025 17:22:08.635] [Render thread/INFO] [net.mcreator.tloa.TloaMod/]: Current Stamina:13.3
[08Mar2025 17:22:08.635] [Render thread/INFO] [net.mcreator.tloa.TloaMod/]: Rounded Stamina13
[08Mar2025 17:22:08.635] [Render thread/INFO] [net.mcreator.tloa.TloaMod/]: Can Stamina:false
[08Mar2025 17:22:08.635] [Render thread/INFO] [net.mcreator.tloa.TloaMod/]: Max Stamina50.0
[08Mar2025 17:22:08.677] [Server thread/INFO] [net.mcreator.tloa.TloaMod/]: Current Stamina:13.3
[08Mar2025 17:22:08.677] [Server thread/INFO] [net.mcreator.tloa.TloaMod/]: Rounded Stamina13
[08Mar2025 17:22:08.677] [Server thread/INFO] [net.mcreator.tloa.TloaMod/]: Can Stamina:false
[08Mar2025 17:22:08.677] [Server thread/INFO] [net.mcreator.tloa.TloaMod/]: Max Stamina50.0
[08Mar2025 17:22:08.688] [Render thread/INFO] [net.mcreator.tloa.TloaMod/]: Current Stamina:13.8
[08Mar2025 17:22:08.688] [Render thread/INFO] [net.mcreator.tloa.TloaMod/]: Rounded Stamina14
[08Mar2025 17:22:08.688] [Render thread/INFO] [net.mcreator.tloa.TloaMod/]: Can Stamina:false
[08Mar2025 17:22:08.688] [Render thread/INFO] [net.mcreator.tloa.TloaMod/]: Max Stamina50.0
[08Mar2025 17:22:08.693] [Server thread/INFO] [net.minecraft.server.MinecraftServer/]: Dev fell from a high place
[08Mar2025 17:22:08.723] [Render thread/INFO] [net.minecraft.client.gui.components.ChatComponent/]: [System] [CHAT] Dev fell from a high place
[08Mar2025 17:22:08.724] [Server thread/INFO] [net.mcreator.tloa.TloaMod/]: Current Stamina:13.8
[08Mar2025 17:22:08.724] [Server thread/INFO] [net.mcreator.tloa.TloaMod/]: Rounded Stamina14
[08Mar2025 17:22:08.724] [Server thread/INFO] [net.mcreator.tloa.TloaMod/]: Can Stamina:false
[08Mar2025 17:22:08.724] [Server thread/INFO] [net.mcreator.tloa.TloaMod/]: Max Stamina50.0
[08Mar2025 17:22:08.740] [Render thread/INFO] [net.mcreator.tloa.TloaMod/]: Current Stamina:14.3
[08Mar2025 17:22:08.741] [Render thread/INFO] [net.mcreator.tloa.TloaMod/]: Rounded Stamina14
[08Mar2025 17:22:08.741] [Render thread/INFO] [net.mcreator.tloa.TloaMod/]: Can Stamina:false
[08Mar2025 17:22:08.741] [Render thread/INFO] [net.mcreator.tloa.TloaMod/]: Max Stamina50.0
[08Mar2025 17:22:08.774] [Server thread/INFO] [net.mcreator.tloa.TloaMod/]: Current Stamina:14.3
[08Mar2025 17:22:08.775] [Server thread/INFO] [net.mcreator.tloa.TloaMod/]: Rounded Stamina14
[08Mar2025 17:22:08.775] [Server thread/INFO] [net.mcreator.tloa.TloaMod/]: Can Stamina:false
[08Mar2025 17:22:08.775] [Server thread/INFO] [net.mcreator.tloa.TloaMod/]: Max Stamina50.0
[08Mar2025 17:22:08.786] [Render thread/INFO] [net.mcreator.tloa.TloaMod/]: Current Stamina:14.8
[08Mar2025 17:22:08.786] [Render thread/INFO] [net.mcreator.tloa.TloaMod/]: Rounded Stamina15
[08Mar2025 17:22:08.786] [Render thread/INFO] [net.mcreator.tloa.TloaMod/]: Can Stamina:false
[08Mar2025 17:22:08.786] [Render thread/INFO] [net.mcreator.tloa.TloaMod/]: Max Stamina50.0
[08Mar2025 17:22:08.827] [Server thread/INFO] [net.mcreator.tloa.TloaMod/]: Current Stamina:14.8
[08Mar2025 17:22:08.827] [Server thread/INFO] [net.mcreator.tloa.TloaMod/]: Rounded Stamina15
[08Mar2025 17:22:08.827] [Server thread/INFO] [net.mcreator.tloa.TloaMod/]: Can Stamina:false
[08Mar2025 17:22:08.827] [Server thread/INFO] [net.mcreator.tloa.TloaMod/]: Max Stamina50.0
[08Mar2025 17:22:08.836] [Render thread/INFO] [net.mcreator.tloa.TloaMod/]: Current Stamina:15.3
[08Mar2025 17:22:08.836] [Render thread/INFO] [net.mcreator.tloa.TloaMod/]: Rounded Stamina15
[08Mar2025 17:22:08.836] [Render thread/INFO] [net.mcreator.tloa.TloaMod/]: Can Stamina:false
[08Mar2025 17:22:08.836] [Render thread/INFO] [net.mcreator.tloa.TloaMod/]: Max Stamina50.0
[08Mar2025 17:22:08.877] [Server thread/INFO] [net.mcreator.tloa.TloaMod/]: Current Stamina:15.3
[08Mar2025 17:22:08.877] [Server thread/INFO] [net.mcreator.tloa.TloaMod/]: Rounded Stamina15
[08Mar2025 17:22:08.877] [Server thread/INFO] [net.mcreator.tloa.TloaMod/]: Can Stamina:false
[08Mar2025 17:22:08.877] [Server thread/INFO] [net.mcreator.tloa.TloaMod/]: Max Stamina50.0
[08Mar2025 17:22:08.885] [Render thread/INFO] [net.mcreator.tloa.TloaMod/]: Current Stamina:15.8
[08Mar2025 17:22:08.885] [Render thread/INFO] [net.mcreator.tloa.TloaMod/]: Rounded Stamina16
[08Mar2025 17:22:08.885] [Render thread/INFO] [net.mcreator.tloa.TloaMod/]: Can Stamina:false
[08Mar2025 17:22:08.885] [Render thread/INFO] [net.mcreator.tloa.TloaMod/]: Max Stamina50.0
[08Mar2025 17:22:08.927] [Server thread/INFO] [net.mcreator.tloa.TloaMod/]: Current Stamina:15.8
[08Mar2025 17:22:08.927] [Server thread/INFO] [net.mcreator.tloa.TloaMod/]: Rounded Stamina16
[08Mar2025 17:22:08.927] [Server thread/INFO] [net.mcreator.tloa.TloaMod/]: Can Stamina:false
[08Mar2025 17:22:08.927] [Server thread/INFO] [net.mcreator.tloa.TloaMod/]: Max Stamina50.0
[08Mar2025 17:22:08.936] [Render thread/INFO] [net.mcreator.tloa.TloaMod/]: Current Stamina:16.3
[08Mar2025 17:22:08.937] [Render thread/INFO] [net.mcreator.tloa.TloaMod/]: Rounded Stamina16
[08Mar2025 17:22:08.937] [Render thread/INFO] [net.mcreator.tloa.TloaMod/]: Can Stamina:false
[08Mar2025 17:22:08.937] [Render thread/INFO] [net.mcreator.tloa.TloaMod/]: Max Stamina50.0
[08Mar2025 17:22:08.976] [Server thread/INFO] [net.mcreator.tloa.TloaMod/]: Current Stamina:16.3
[08Mar2025 17:22:08.977] [Server thread/INFO] [net.mcreator.tloa.TloaMod/]: Rounded Stamina16
[08Mar2025 17:22:08.977] [Server thread/INFO] [net.mcreator.tloa.TloaMod/]: Can Stamina:false
[08Mar2025 17:22:08.977] [Server thread/INFO] [net.mcreator.tloa.TloaMod/]: Max Stamina50.0
[08Mar2025 17:22:08.986] [Render thread/INFO] [net.mcreator.tloa.TloaMod/]: Current Stamina:16.8
[08Mar2025 17:22:08.986] [Render thread/INFO] [net.mcreator.tloa.TloaMod/]: Rounded Stamina17
[08Mar2025 17:22:08.986] [Render thread/INFO] [net.mcreator.tloa.TloaMod/]: Can Stamina:false
[08Mar2025 17:22:08.986] [Render thread/INFO] [net.mcreator.tloa.TloaMod/]: Max Stamina50.0
[08Mar2025 17:22:09.027] [Server thread/INFO] [net.mcreator.tloa.TloaMod/]: Current Stamina:16.8
[08Mar2025 17:22:09.027] [Server thread/INFO] [net.mcreator.tloa.TloaMod/]: Rounded Stamina17
[08Mar2025 17:22:09.027] [Server thread/INFO] [net.mcreator.tloa.TloaMod/]: Can Stamina:false
[08Mar2025 17:22:09.027] [Server thread/INFO] [net.mcreator.tloa.TloaMod/]: Max Stamina50.0
[08Mar2025 17:22:09.035] [Render thread/INFO] [net.mcreator.tloa.TloaMod/]: Current Stamina:17.3
[08Mar2025 17:22:09.036] [Render thread/INFO] [net.mcreator.tloa.TloaMod/]: Rounded Stamina17
[08Mar2025 17:22:09.036] [Render thread/INFO] [net.mcreator.tloa.TloaMod/]: Can Stamina:false
[08Mar2025 17:22:09.036] [Render thread/INFO] [net.mcreator.tloa.TloaMod/]: Max Stamina50.0
[08Mar2025 17:22:09.075] [Server thread/INFO] [net.mcreator.tloa.TloaMod/]: Current Stamina:17.3
[08Mar2025 17:22:09.075] [Server thread/INFO] [net.mcreator.tloa.TloaMod/]: Rounded Stamina17
[08Mar2025 17:22:09.075] [Server thread/INFO] [net.mcreator.tloa.TloaMod/]: Can Stamina:false
[08Mar2025 17:22:09.075] [Server thread/INFO] [net.mcreator.tloa.TloaMod/]: Max Stamina50.0
[08Mar2025 17:22:09.086] [Render thread/INFO] [net.mcreator.tloa.TloaMod/]: Current Stamina:17.8
[08Mar2025 17:22:09.086] [Render thread/INFO] [net.mcreator.tloa.TloaMod/]: Rounded Stamina18
[08Mar2025 17:22:09.086] [Render thread/INFO] [net.mcreator.tloa.TloaMod/]: Can Stamina:false
[08Mar2025 17:22:09.086] [Render thread/INFO] [net.mcreator.tloa.TloaMod/]: Max Stamina50.0
[08Mar2025 17:22:09.129] [Server thread/INFO] [net.mcreator.tloa.TloaMod/]: Current Stamina:17.8
[08Mar2025 17:22:09.129] [Server thread/INFO] [net.mcreator.tloa.TloaMod/]: Rounded Stamina18
[08Mar2025 17:22:09.129] [Server thread/INFO] [net.mcreator.tloa.TloaMod/]: Can Stamina:false
[08Mar2025 17:22:09.129] [Server thread/INFO] [net.mcreator.tloa.TloaMod/]: Max Stamina50.0
[08Mar2025 17:22:09.136] [Render thread/INFO] [net.mcreator.tloa.TloaMod/]: Current Stamina:18.3
[08Mar2025 17:22:09.136] [Render thread/INFO] [net.mcreator.tloa.TloaMod/]: Rounded Stamina18
[08Mar2025 17:22:09.136] [Render thread/INFO] [net.mcreator.tloa.TloaMod/]: Can Stamina:false
[08Mar2025 17:22:09.137] [Render thread/INFO] [net.mcreator.tloa.TloaMod/]: Max Stamina50.0
[08Mar2025 17:22:09.178] [Server thread/INFO] [net.mcreator.tloa.TloaMod/]: Current Stamina:18.3
[08Mar2025 17:22:09.178] [Server thread/INFO] [net.mcreator.tloa.TloaMod/]: Rounded Stamina18
[08Mar2025 17:22:09.178] [Server thread/INFO] [net.mcreator.tloa.TloaMod/]: Can Stamina:false
[08Mar2025 17:22:09.178] [Server thread/INFO] [net.mcreator.tloa.TloaMod/]: Max Stamina50.0
[08Mar2025 17:22:09.185] [Render thread/INFO] [net.mcreator.tloa.TloaMod/]: Current Stamina:18.8
[08Mar2025 17:22:09.185] [Render thread/INFO] [net.mcreator.tloa.TloaMod/]: Rounded Stamina19
[08Mar2025 17:22:09.185] [Render thread/INFO] [net.mcreator.tloa.TloaMod/]: Can Stamina:false
[08Mar2025 17:22:09.185] [Render thread/INFO] [net.mcreator.tloa.TloaMod/]: Max Stamina50.0
[08Mar2025 17:22:09.228] [Server thread/INFO] [net.mcreator.tloa.TloaMod/]: Current Stamina:18.8
[08Mar2025 17:22:09.229] [Server thread/INFO] [net.mcreator.tloa.TloaMod/]: Rounded Stamina19
[08Mar2025 17:22:09.229] [Server thread/INFO] [net.mcreator.tloa.TloaMod/]: Can Stamina:false
[08Mar2025 17:22:09.229] [Server thread/INFO] [net.mcreator.tloa.TloaMod/]: Max Stamina50.0
[08Mar2025 17:22:09.235] [Render thread/INFO] [net.mcreator.tloa.TloaMod/]: Current Stamina:19.3
[08Mar2025 17:22:09.235] [Render thread/INFO] [net.mcreator.tloa.TloaMod/]: Rounded Stamina19
[08Mar2025 17:22:09.236] [Render thread/INFO] [net.mcreator.tloa.TloaMod/]: Can Stamina:false
[08Mar2025 17:22:09.236] [Render thread/INFO] [net.mcreator.tloa.TloaMod/]: Max Stamina50.0
[08Mar2025 17:22:09.276] [Server thread/INFO] [net.mcreator.tloa.TloaMod/]: Current Stamina:19.3
[08Mar2025 17:22:09.276] [Server thread/INFO] [net.mcreator.tloa.TloaMod/]: Rounded Stamina19
[08Mar2025 17:22:09.276] [Server thread/INFO] [net.mcreator.tloa.TloaMod/]: Can Stamina:false
[08Mar2025 17:22:09.276] [Server thread/INFO] [net.mcreator.tloa.TloaMod/]: Max Stamina50.0
[08Mar2025 17:22:09.286] [Render thread/INFO] [net.mcreator.tloa.TloaMod/]: Current Stamina:19.8
[08Mar2025 17:22:09.287] [Render thread/INFO] [net.mcreator.tloa.TloaMod/]: Rounded Stamina20
[08Mar2025 17:22:09.287] [Render thread/INFO] [net.mcreator.tloa.TloaMod/]: Can Stamina:false
[08Mar2025 17:22:09.287] [Render thread/INFO] [net.mcreator.tloa.TloaMod/]: Max Stamina50.0
[08Mar2025 17:22:09.326] [Server thread/INFO] [net.mcreator.tloa.TloaMod/]: Current Stamina:19.8
[08Mar2025 17:22:09.326] [Server thread/INFO] [net.mcreator.tloa.TloaMod/]: Rounded Stamina20
[08Mar2025 17:22:09.326] [Server thread/INFO] [net.mcreator.tloa.TloaMod/]: Can Stamina:false
[08Mar2025 17:22:09.326] [Server thread/INFO] [net.mcreator.tloa.TloaMod/]: Max Stamina50.0
[08Mar2025 17:22:09.337] [Render thread/INFO] [net.mcreator.tloa.TloaMod/]: Current Stamina:20.3
[08Mar2025 17:22:09.337] [Render thread/INFO] [net.mcreator.tloa.TloaMod/]: Rounded Stamina20
[08Mar2025 17:22:09.337] [Render thread/INFO] [net.mcreator.tloa.TloaMod/]: Can Stamina:false
[08Mar2025 17:22:09.337] [Render thread/INFO] [net.mcreator.tloa.TloaMod/]: Max Stamina50.0
[08Mar2025 17:22:09.376] [Server thread/INFO] [net.mcreator.tloa.TloaMod/]: Current Stamina:20.3
[08Mar2025 17:22:09.377] [Server thread/INFO] [net.mcreator.tloa.TloaMod/]: Rounded Stamina20
[08Mar2025 17:22:09.377] [Server thread/INFO] [net.mcreator.tloa.TloaMod/]: Can Stamina:false
[08Mar2025 17:22:09.377] [Server thread/INFO] [net.mcreator.tloa.TloaMod/]: Max Stamina50.0
[08Mar2025 17:22:09.387] [Render thread/INFO] [net.mcreator.tloa.TloaMod/]: Current Stamina:20.8
[08Mar2025 17:22:09.387] [Render thread/INFO] [net.mcreator.tloa.TloaMod/]: Rounded Stamina21
[08Mar2025 17:22:09.387] [Render thread/INFO] [net.mcreator.tloa.TloaMod/]: Can Stamina:false
[08Mar2025 17:22:09.387] [Render thread/INFO] [net.mcreator.tloa.TloaMod/]: Max Stamina50.0
[08Mar2025 17:22:09.429] [Server thread/INFO] [net.mcreator.tloa.TloaMod/]: Current Stamina:20.8
[08Mar2025 17:22:09.429] [Server thread/INFO] [net.mcreator.tloa.TloaMod/]: Rounded Stamina21
[08Mar2025 17:22:09.429] [Server thread/INFO] [net.mcreator.tloa.TloaMod/]: Can Stamina:false
[08Mar2025 17:22:09.429] [Server thread/INFO] [net.mcreator.tloa.TloaMod/]: Max Stamina50.0
[08Mar2025 17:22:09.438] [Render thread/INFO] [net.mcreator.tloa.TloaMod/]: Current Stamina:21.3
[08Mar2025 17:22:09.438] [Render thread/INFO] [net.mcreator.tloa.TloaMod/]: Rounded Stamina21
[08Mar2025 17:22:09.438] [Render thread/INFO] [net.mcreator.tloa.TloaMod/]: Can Stamina:false
[08Mar2025 17:22:09.438] [Render thread/INFO] [net.mcreator.tloa.TloaMod/]: Max Stamina50.0
[08Mar2025 17:22:09.476] [Server thread/INFO] [net.mcreator.tloa.TloaMod/]: Current Stamina:21.3
[08Mar2025 17:22:09.476] [Server thread/INFO] [net.mcreator.tloa.TloaMod/]: Rounded Stamina21
[08Mar2025 17:22:09.476] [Server thread/INFO] [net.mcreator.tloa.TloaMod/]: Can Stamina:false
[08Mar2025 17:22:09.476] [Server thread/INFO] [net.mcreator.tloa.TloaMod/]: Max Stamina50.0
[08Mar2025 17:22:09.485] [Render thread/INFO] [net.mcreator.tloa.TloaMod/]: Current Stamina:21.8
[08Mar2025 17:22:09.485] [Render thread/INFO] [net.mcreator.tloa.TloaMod/]: Rounded Stamina22
[08Mar2025 17:22:09.485] [Render thread/INFO] [net.mcreator.tloa.TloaMod/]: Can Stamina:false
[08Mar2025 17:22:09.485] [Render thread/INFO] [net.mcreator.tloa.TloaMod/]: Max Stamina50.0
[08Mar2025 17:22:09.527] [Server thread/INFO] [net.mcreator.tloa.TloaMod/]: Current Stamina:21.8
[08Mar2025 17:22:09.528] [Server thread/INFO] [net.mcreator.tloa.TloaMod/]: Rounded Stamina22
[08Mar2025 17:22:09.528] [Server thread/INFO] [net.mcreator.tloa.TloaMod/]: Can Stamina:false
[08Mar2025 17:22:09.528] [Server thread/INFO] [net.mcreator.tloa.TloaMod/]: Max Stamina50.0
[08Mar2025 17:22:09.536] [Render thread/INFO] [net.mcreator.tloa.TloaMod/]: Current Stamina:22.3
[08Mar2025 17:22:09.536] [Render thread/INFO] [net.mcreator.tloa.TloaMod/]: Rounded Stamina22
[08Mar2025 17:22:09.536] [Render thread/INFO] [net.mcreator.tloa.TloaMod/]: Can Stamina:false
[08Mar2025 17:22:09.536] [Render thread/INFO] [net.mcreator.tloa.TloaMod/]: Max Stamina50.0
[08Mar2025 17:22:09.579] [Server thread/INFO] [net.mcreator.tloa.TloaMod/]: Current Stamina:22.3
[08Mar2025 17:22:09.579] [Server thread/INFO] [net.mcreator.tloa.TloaMod/]: Rounded Stamina22
[08Mar2025 17:22:09.579] [Server thread/INFO] [net.mcreator.tloa.TloaMod/]: Can Stamina:false
[08Mar2025 17:22:09.579] [Server thread/INFO] [net.mcreator.tloa.TloaMod/]: Max Stamina50.0
[08Mar2025 17:22:09.585] [Render thread/INFO] [net.mcreator.tloa.TloaMod/]: Current Stamina:22.8
[08Mar2025 17:22:09.586] [Render thread/INFO] [net.mcreator.tloa.TloaMod/]: Rounded Stamina23
[08Mar2025 17:22:09.586] [Render thread/INFO] [net.mcreator.tloa.TloaMod/]: Can Stamina:false
[08Mar2025 17:22:09.586] [Render thread/INFO] [net.mcreator.tloa.TloaMod/]: Max Stamina50.0
[08Mar2025 17:22:09.627] [Server thread/INFO] [net.mcreator.tloa.TloaMod/]: Current Stamina:22.8
[08Mar2025 17:22:09.627] [Server thread/INFO] [net.mcreator.tloa.TloaMod/]: Rounded Stamina23
[08Mar2025 17:22:09.627] [Server thread/INFO] [net.mcreator.tloa.TloaMod/]: Can Stamina:false
[08Mar2025 17:22:09.627] [Server thread/INFO] [net.mcreator.tloa.TloaMod/]: Max Stamina50.0
[08Mar2025 17:22:09.636] [Render thread/INFO] [net.mcreator.tloa.TloaMod/]: Current Stamina:23.3
[08Mar2025 17:22:09.636] [Render thread/INFO] [net.mcreator.tloa.TloaMod/]: Rounded Stamina23
[08Mar2025 17:22:09.636] [Render thread/INFO] [net.mcreator.tloa.TloaMod/]: Can Stamina:false
[08Mar2025 17:22:09.636] [Render thread/INFO] [net.mcreator.tloa.TloaMod/]: Max Stamina50.0
[08Mar2025 17:22:09.684] [Server thread/INFO] [net.mcreator.tloa.TloaMod/]: Current Stamina:23.3
[08Mar2025 17:22:09.685] [Server thread/INFO] [net.mcreator.tloa.TloaMod/]: Rounded Stamina23
[08Mar2025 17:22:09.685] [Server thread/INFO] [net.mcreator.tloa.TloaMod/]: Can Stamina:false
[08Mar2025 17:22:09.685] [Server thread/INFO] [net.mcreator.tloa.TloaMod/]: Max Stamina50.0
[08Mar2025 17:22:09.686] [Render thread/INFO] [net.mcreator.tloa.TloaMod/]: Current Stamina:23.8
[08Mar2025 17:22:09.686] [Render thread/INFO] [net.mcreator.tloa.TloaMod/]: Rounded Stamina24
[08Mar2025 17:22:09.686] [Render thread/INFO] [net.mcreator.tloa.TloaMod/]: Can Stamina:false
[08Mar2025 17:22:09.686] [Render thread/INFO] [net.mcreator.tloa.TloaMod/]: Max Stamina50.0
[08Mar2025 17:22:09.755] [Server thread/INFO] [net.mcreator.tloa.TloaMod/]: Current Stamina:23.8
[08Mar2025 17:22:09.756] [Server thread/INFO] [net.mcreator.tloa.TloaMod/]: Rounded Stamina24
[08Mar2025 17:22:09.756] [Server thread/INFO] [net.mcreator.tloa.TloaMod/]: Can Stamina:false
[08Mar2025 17:22:09.756] [Server thread/INFO] [net.mcreator.tloa.TloaMod/]: Max Stamina50.0
[08Mar2025 17:22:09.771] [Server thread/INFO] [net.mcreator.tloa.TloaMod/]: Current Stamina:24.3
[08Mar2025 17:22:09.772] [Server thread/INFO] [net.mcreator.tloa.TloaMod/]: Rounded Stamina24
[08Mar2025 17:22:09.772] [Server thread/INFO] [net.mcreator.tloa.TloaMod/]: Can Stamina:false
[08Mar2025 17:22:09.772] [Server thread/INFO] [net.mcreator.tloa.TloaMod/]: Max Stamina50.0
[08Mar2025 17:22:09.854] [Server thread/INFO] [net.mcreator.tloa.TloaMod/]: Current Stamina:24.8
[08Mar2025 17:22:09.854] [Server thread/INFO] [net.mcreator.tloa.TloaMod/]: Rounded Stamina25
[08Mar2025 17:22:09.855] [Server thread/INFO] [net.mcreator.tloa.TloaMod/]: Can Stamina:false
[08Mar2025 17:22:09.855] [Server thread/INFO] [net.mcreator.tloa.TloaMod/]: Max Stamina50.0
[08Mar2025 17:22:09.889] [Server thread/INFO] [net.mcreator.tloa.TloaMod/]: Current Stamina:25.3
[08Mar2025 17:22:09.890] [Server thread/INFO] [net.mcreator.tloa.TloaMod/]: Rounded Stamina25
[08Mar2025 17:22:09.890] [Server thread/INFO] [net.mcreator.tloa.TloaMod/]: Can Stamina:false
[08Mar2025 17:22:09.890] [Server thread/INFO] [net.mcreator.tloa.TloaMod/]: Max Stamina50.0
[08Mar2025 17:22:09.921] [Server thread/INFO] [net.mcreator.tloa.TloaMod/]: Current Stamina:25.8
[08Mar2025 17:22:09.921] [Server thread/INFO] [net.mcreator.tloa.TloaMod/]: Rounded Stamina26
[08Mar2025 17:22:09.921] [Server thread/INFO] [net.mcreator.tloa.TloaMod/]: Can Stamina:false
[08Mar2025 17:22:09.922] [Server thread/INFO] [net.mcreator.tloa.TloaMod/]: Max Stamina50.0
[08Mar2025 17:22:09.989] [Server thread/INFO] [net.mcreator.tloa.TloaMod/]: Current Stamina:40.5
[08Mar2025 17:22:09.989] [Server thread/INFO] [net.mcreator.tloa.TloaMod/]: Rounded Stamina41
[08Mar2025 17:22:09.989] [Server thread/INFO] [net.mcreator.tloa.TloaMod/]: Can Stamina:true
[08Mar2025 17:22:09.989] [Server thread/INFO] [net.mcreator.tloa.TloaMod/]: Max Stamina50.0
[08Mar2025 17:22:09.998] [Render thread/INFO] [net.mcreator.tloa.TloaMod/]: Current Stamina:41
[08Mar2025 17:22:09.998] [Render thread/INFO] [net.mcreator.tloa.TloaMod/]: Rounded Stamina41
[08Mar2025 17:22:09.998] [Render thread/INFO] [net.mcreator.tloa.TloaMod/]: Can Stamina:true
[08Mar2025 17:22:09.998] [Render thread/INFO] [net.mcreator.tloa.TloaMod/]: Max Stamina50.0
[08Mar2025 17:22:10.024] [Server thread/INFO] [net.mcreator.tloa.TloaMod/]: Current Stamina:41
[08Mar2025 17:22:10.024] [Server thread/INFO] [net.mcreator.tloa.TloaMod/]: Rounded Stamina41
[08Mar2025 17:22:10.025] [Server thread/INFO] [net.mcreator.tloa.TloaMod/]: Can Stamina:true
[08Mar2025 17:22:10.025] [Server thread/INFO] [net.mcreator.tloa.TloaMod/]: Max Stamina50.0
[08Mar2025 17:22:10.055] [Render thread/INFO] [net.mcreator.tloa.TloaMod/]: Current Stamina:41.5
[08Mar2025 17:22:10.056] [Render thread/INFO] [net.mcreator.tloa.TloaMod/]: Rounded Stamina42
[08Mar2025 17:22:10.056] [Render thread/INFO] [net.mcreator.tloa.TloaMod/]: Can Stamina:true
[08Mar2025 17:22:10.056] [Render thread/INFO] [net.mcreator.tloa.TloaMod/]: Max Stamina50.0
[08Mar2025 17:22:10.079] [Server thread/INFO] [net.mcreator.tloa.TloaMod/]: Current Stamina:41.5
[08Mar2025 17:22:10.080] [Server thread/INFO] [net.mcreator.tloa.TloaMod/]: Rounded Stamina42
[08Mar2025 17:22:10.080] [Server thread/INFO] [net.mcreator.tloa.TloaMod/]: Can Stamina:true
[08Mar2025 17:22:10.080] [Server thread/INFO] [net.mcreator.tloa.TloaMod/]: Max Stamina50.0
[08Mar2025 17:22:10.092] [Render thread/INFO] [net.mcreator.tloa.TloaMod/]: Current Stamina:42
[08Mar2025 17:22:10.093] [Render thread/INFO] [net.mcreator.tloa.TloaMod/]: Rounded Stamina42
[08Mar2025 17:22:10.093] [Render thread/INFO] [net.mcreator.tloa.TloaMod/]: Can Stamina:true
[08Mar2025 17:22:10.093] [Render thread/INFO] [net.mcreator.tloa.TloaMod/]: Max Stamina50.0
[08Mar2025 17:22:10.126] [Server thread/INFO] [net.mcreator.tloa.TloaMod/]: Current Stamina:42
[08Mar2025 17:22:10.127] [Server thread/INFO] [net.mcreator.tloa.TloaMod/]: Rounded Stamina42
[08Mar2025 17:22:10.127] [Server thread/INFO] [net.mcreator.tloa.TloaMod/]: Can Stamina:true
[08Mar2025 17:22:10.127] [Server thread/INFO] [net.mcreator.tloa.TloaMod/]: Max Stamina50.0
[08Mar2025 17:22:10.141] [Render thread/INFO] [net.mcreator.tloa.TloaMod/]: Current Stamina:42.5
[08Mar2025 17:22:10.141] [Render thread/INFO] [net.mcreator.tloa.TloaMod/]: Rounded Stamina43
[08Mar2025 17:22:10.141] [Render thread/INFO] [net.mcreator.tloa.TloaMod/]: Can Stamina:true
[08Mar2025 17:22:10.142] [Render thread/INFO] [net.mcreator.tloa.TloaMod/]: Max Stamina50.0
[08Mar2025 17:22:10.185] [Render thread/INFO] [net.mcreator.tloa.TloaMod/]: Current Stamina:43
[08Mar2025 17:22:10.185] [Render thread/INFO] [net.mcreator.tloa.TloaMod/]: Rounded Stamina43
[08Mar2025 17:22:10.185] [Render thread/INFO] [net.mcreator.tloa.TloaMod/]: Can Stamina:true
[08Mar2025 17:22:10.185] [Render thread/INFO] [net.mcreator.tloa.TloaMod/]: Max Stamina50.0
[08Mar2025 17:22:10.185] [Server thread/INFO] [net.mcreator.tloa.TloaMod/]: Current Stamina:42.5
[08Mar2025 17:22:10.185] [Server thread/INFO] [net.mcreator.tloa.TloaMod/]: Rounded Stamina43
[08Mar2025 17:22:10.185] [Server thread/INFO] [net.mcreator.tloa.TloaMod/]: Can Stamina:true
[08Mar2025 17:22:10.185] [Server thread/INFO] [net.mcreator.tloa.TloaMod/]: Max Stamina50.0
[08Mar2025 17:22:10.230] [Server thread/INFO] [net.mcreator.tloa.TloaMod/]: Current Stamina:43
[08Mar2025 17:22:10.230] [Server thread/INFO] [net.mcreator.tloa.TloaMod/]: Rounded Stamina43
[08Mar2025 17:22:10.230] [Server thread/INFO] [net.mcreator.tloa.TloaMod/]: Can Stamina:true
[08Mar2025 17:22:10.230] [Server thread/INFO] [net.mcreator.tloa.TloaMod/]: Max Stamina50.0
[08Mar2025 17:22:10.243] [Render thread/INFO] [net.mcreator.tloa.TloaMod/]: Current Stamina:43.5
[08Mar2025 17:22:10.243] [Render thread/INFO] [net.mcreator.tloa.TloaMod/]: Rounded Stamina44
[08Mar2025 17:22:10.243] [Render thread/INFO] [net.mcreator.tloa.TloaMod/]: Can Stamina:true
[08Mar2025 17:22:10.244] [Render thread/INFO] [net.mcreator.tloa.TloaMod/]: Max Stamina50.0
[08Mar2025 17:22:10.287] [Render thread/INFO] [net.mcreator.tloa.TloaMod/]: Current Stamina:44
[08Mar2025 17:22:10.288] [Render thread/INFO] [net.mcreator.tloa.TloaMod/]: Rounded Stamina44
[08Mar2025 17:22:10.288] [Render thread/INFO] [net.mcreator.tloa.TloaMod/]: Can Stamina:true
[08Mar2025 17:22:10.288] [Render thread/INFO] [net.mcreator.tloa.TloaMod/]: Max Stamina50.0
[08Mar2025 17:22:10.297] [Server thread/INFO] [net.mcreator.tloa.TloaMod/]: Current Stamina:43.5
[08Mar2025 17:22:10.297] [Server thread/INFO] [net.mcreator.tloa.TloaMod/]: Rounded Stamina44
[08Mar2025 17:22:10.298] [Server thread/INFO] [net.mcreator.tloa.TloaMod/]: Can Stamina:true
[08Mar2025 17:22:10.298] [Server thread/INFO] [net.mcreator.tloa.TloaMod/]: Max Stamina50.0
[08Mar2025 17:22:10.338] [Render thread/INFO] [net.mcreator.tloa.TloaMod/]: Current Stamina:44
[08Mar2025 17:22:10.338] [Render thread/INFO] [net.mcreator.tloa.TloaMod/]: Rounded Stamina44
[08Mar2025 17:22:10.338] [Render thread/INFO] [net.mcreator.tloa.TloaMod/]: Can Stamina:true
[08Mar2025 17:22:10.338] [Render thread/INFO] [net.mcreator.tloa.TloaMod/]: Max Stamina50.0
[08Mar2025 17:22:10.387] [Render thread/INFO] [net.mcreator.tloa.TloaMod/]: Current Stamina:44.5
[08Mar2025 17:22:10.387] [Render thread/INFO] [net.mcreator.tloa.TloaMod/]: Rounded Stamina45
[08Mar2025 17:22:10.387] [Render thread/INFO] [net.mcreator.tloa.TloaMod/]: Can Stamina:true
[08Mar2025 17:22:10.387] [Render thread/INFO] [net.mcreator.tloa.TloaMod/]: Max Stamina50.0
[08Mar2025 17:22:10.393] [Server thread/INFO] [net.mcreator.tloa.TloaMod/]: Current Stamina:44
[08Mar2025 17:22:10.393] [Server thread/INFO] [net.mcreator.tloa.TloaMod/]: Rounded Stamina44
[08Mar2025 17:22:10.393] [Server thread/INFO] [net.mcreator.tloa.TloaMod/]: Can Stamina:true
[08Mar2025 17:22:10.393] [Server thread/INFO] [net.mcreator.tloa.TloaMod/]: Max Stamina50.0
[08Mar2025 17:22:10.425] [Server thread/INFO] [net.mcreator.tloa.TloaMod/]: Current Stamina:44.5
[08Mar2025 17:22:10.425] [Server thread/INFO] [net.mcreator.tloa.TloaMod/]: Rounded Stamina45
[08Mar2025 17:22:10.425] [Server thread/INFO] [net.mcreator.tloa.TloaMod/]: Can Stamina:true
[08Mar2025 17:22:10.425] [Server thread/INFO] [net.mcreator.tloa.TloaMod/]: Max Stamina50.0
[08Mar2025 17:22:10.438] [Render thread/INFO] [net.mcreator.tloa.TloaMod/]: Current Stamina:45
[08Mar2025 17:22:10.438] [Render thread/INFO] [net.mcreator.tloa.TloaMod/]: Rounded Stamina45
[08Mar2025 17:22:10.438] [Render thread/INFO] [net.mcreator.tloa.TloaMod/]: Can Stamina:true
[08Mar2025 17:22:10.438] [Render thread/INFO] [net.mcreator.tloa.TloaMod/]: Max Stamina50.0
[08Mar2025 17:22:10.444] [Server thread/INFO] [net.mcreator.tloa.TloaMod/]: Current Stamina:45
[08Mar2025 17:22:10.444] [Server thread/INFO] [net.mcreator.tloa.TloaMod/]: Rounded Stamina45
[08Mar2025 17:22:10.444] [Server thread/INFO] [net.mcreator.tloa.TloaMod/]: Can Stamina:true
[08Mar2025 17:22:10.444] [Server thread/INFO] [net.mcreator.tloa.TloaMod/]: Max Stamina50.0
[08Mar2025 17:22:10.492] [Render thread/INFO] [net.mcreator.tloa.TloaMod/]: Current Stamina:45.5
[08Mar2025 17:22:10.492] [Render thread/INFO] [net.mcreator.tloa.TloaMod/]: Rounded Stamina46
[08Mar2025 17:22:10.492] [Render thread/INFO] [net.mcreator.tloa.TloaMod/]: Can Stamina:true
[08Mar2025 17:22:10.492] [Render thread/INFO] [net.mcreator.tloa.TloaMod/]: Max Stamina50.0
[08Mar2025 17:22:10.500] [Server thread/INFO] [net.mcreator.tloa.TloaMod/]: Current Stamina:45.5
[08Mar2025 17:22:10.500] [Server thread/INFO] [net.mcreator.tloa.TloaMod/]: Rounded Stamina46
[08Mar2025 17:22:10.500] [Server thread/INFO] [net.mcreator.tloa.TloaMod/]: Can Stamina:true
[08Mar2025 17:22:10.500] [Server thread/INFO] [net.mcreator.tloa.TloaMod/]: Max Stamina50.0
[08Mar2025 17:22:10.535] [Render thread/INFO] [net.mcreator.tloa.TloaMod/]: Current Stamina:46
[08Mar2025 17:22:10.535] [Render thread/INFO] [net.mcreator.tloa.TloaMod/]: Rounded Stamina46
[08Mar2025 17:22:10.535] [Render thread/INFO] [net.mcreator.tloa.TloaMod/]: Can Stamina:true
[08Mar2025 17:22:10.535] [Render thread/INFO] [net.mcreator.tloa.TloaMod/]: Max Stamina50.0
[08Mar2025 17:22:10.537] [Server thread/INFO] [net.mcreator.tloa.TloaMod/]: Current Stamina:46
[08Mar2025 17:22:10.537] [Server thread/INFO] [net.mcreator.tloa.TloaMod/]: Rounded Stamina46
[08Mar2025 17:22:10.537] [Server thread/INFO] [net.mcreator.tloa.TloaMod/]: Can Stamina:true
[08Mar2025 17:22:10.537] [Server thread/INFO] [net.mcreator.tloa.TloaMod/]: Max Stamina50.0
[08Mar2025 17:22:10.589] [Server thread/INFO] [net.mcreator.tloa.TloaMod/]: Current Stamina:46.5
[08Mar2025 17:22:10.589] [Server thread/INFO] [net.mcreator.tloa.TloaMod/]: Rounded Stamina47
[08Mar2025 17:22:10.589] [Server thread/INFO] [net.mcreator.tloa.TloaMod/]: Can Stamina:true
[08Mar2025 17:22:10.589] [Server thread/INFO] [net.mcreator.tloa.TloaMod/]: Max Stamina50.0
[08Mar2025 17:22:10.596] [Render thread/INFO] [net.mcreator.tloa.TloaMod/]: Current Stamina:47
[08Mar2025 17:22:10.597] [Render thread/INFO] [net.mcreator.tloa.TloaMod/]: Rounded Stamina47
[08Mar2025 17:22:10.597] [Render thread/INFO] [net.mcreator.tloa.TloaMod/]: Can Stamina:true
[08Mar2025 17:22:10.597] [Render thread/INFO] [net.mcreator.tloa.TloaMod/]: Max Stamina50.0
[08Mar2025 17:22:10.637] [Render thread/INFO] [net.mcreator.tloa.TloaMod/]: Current Stamina:47.5
[08Mar2025 17:22:10.637] [Render thread/INFO] [net.mcreator.tloa.TloaMod/]: Rounded Stamina48
[08Mar2025 17:22:10.637] [Render thread/INFO] [net.mcreator.tloa.TloaMod/]: Can Stamina:true
[08Mar2025 17:22:10.637] [Render thread/INFO] [net.mcreator.tloa.TloaMod/]: Max Stamina50.0
[08Mar2025 17:22:10.638] [Server thread/INFO] [net.mcreator.tloa.TloaMod/]: Current Stamina:47
[08Mar2025 17:22:10.638] [Server thread/INFO] [net.mcreator.tloa.TloaMod/]: Rounded Stamina47
[08Mar2025 17:22:10.638] [Server thread/INFO] [net.mcreator.tloa.TloaMod/]: Can Stamina:true
[08Mar2025 17:22:10.638] [Server thread/INFO] [net.mcreator.tloa.TloaMod/]: Max Stamina50.0
[08Mar2025 17:22:10.686] [Render thread/INFO] [net.mcreator.tloa.TloaMod/]: Current Stamina:47.5
[08Mar2025 17:22:10.686] [Render thread/INFO] [net.mcreator.tloa.TloaMod/]: Rounded Stamina48
[08Mar2025 17:22:10.686] [Render thread/INFO] [net.mcreator.tloa.TloaMod/]: Can Stamina:true
[08Mar2025 17:22:10.686] [Render thread/INFO] [net.mcreator.tloa.TloaMod/]: Max Stamina50.0
[08Mar2025 17:22:10.705] [Server thread/INFO] [net.mcreator.tloa.TloaMod/]: Current Stamina:47.5
[08Mar2025 17:22:10.705] [Server thread/INFO] [net.mcreator.tloa.TloaMod/]: Rounded Stamina48
[08Mar2025 17:22:10.705] [Server thread/INFO] [net.mcreator.tloa.TloaMod/]: Can Stamina:true
[08Mar2025 17:22:10.705] [Server thread/INFO] [net.mcreator.tloa.TloaMod/]: Max Stamina50.0
[08Mar2025 17:22:10.736] [Render thread/INFO] [net.mcreator.tloa.TloaMod/]: Current Stamina:48
[08Mar2025 17:22:10.737] [Render thread/INFO] [net.mcreator.tloa.TloaMod/]: Rounded Stamina48
[08Mar2025 17:22:10.737] [Render thread/INFO] [net.mcreator.tloa.TloaMod/]: Can Stamina:true
[08Mar2025 17:22:10.737] [Render thread/INFO] [net.mcreator.tloa.TloaMod/]: Max Stamina50.0
[08Mar2025 17:22:10.760] [Server thread/INFO] [net.mcreator.tloa.TloaMod/]: Current Stamina:48
[08Mar2025 17:22:10.760] [Server thread/INFO] [net.mcreator.tloa.TloaMod/]: Rounded Stamina48
[08Mar2025 17:22:10.760] [Server thread/INFO] [net.mcreator.tloa.TloaMod/]: Can Stamina:true
[08Mar2025 17:22:10.760] [Server thread/INFO] [net.mcreator.tloa.TloaMod/]: Max Stamina50.0
[08Mar2025 17:22:10.786] [Render thread/INFO] [net.mcreator.tloa.TloaMod/]: Current Stamina:48.5
[08Mar2025 17:22:10.786] [Render thread/INFO] [net.mcreator.tloa.TloaMod/]: Rounded Stamina49
[08Mar2025 17:22:10.786] [Render thread/INFO] [net.mcreator.tloa.TloaMod/]: Can Stamina:true
[08Mar2025 17:22:10.786] [Render thread/INFO] [net.mcreator.tloa.TloaMod/]: Max Stamina50.0
[08Mar2025 17:22:10.805] [Server thread/INFO] [net.mcreator.tloa.TloaMod/]: Current Stamina:48.5
[08Mar2025 17:22:10.805] [Server thread/INFO] [net.mcreator.tloa.TloaMod/]: Rounded Stamina49
[08Mar2025 17:22:10.805] [Server thread/INFO] [net.mcreator.tloa.TloaMod/]: Can Stamina:true
[08Mar2025 17:22:10.805] [Server thread/INFO] [net.mcreator.tloa.TloaMod/]: Max Stamina50.0
[08Mar2025 17:22:10.837] [Render thread/INFO] [net.mcreator.tloa.TloaMod/]: Current Stamina:49
[08Mar2025 17:22:10.837] [Render thread/INFO] [net.mcreator.tloa.TloaMod/]: Rounded Stamina49
[08Mar2025 17:22:10.837] [Render thread/INFO] [net.mcreator.tloa.TloaMod/]: Can Stamina:true
[08Mar2025 17:22:10.837] [Render thread/INFO] [net.mcreator.tloa.TloaMod/]: Max Stamina50.0
[08Mar2025 17:22:10.845] [Server thread/INFO] [net.mcreator.tloa.TloaMod/]: Current Stamina:49
[08Mar2025 17:22:10.846] [Server thread/INFO] [net.mcreator.tloa.TloaMod/]: Rounded Stamina49
[08Mar2025 17:22:10.846] [Server thread/INFO] [net.mcreator.tloa.TloaMod/]: Can Stamina:true
[08Mar2025 17:22:10.846] [Server thread/INFO] [net.mcreator.tloa.TloaMod/]: Max Stamina50.0
[08Mar2025 17:22:10.886] [Server thread/INFO] [net.mcreator.tloa.TloaMod/]: Current Stamina:49.5
[08Mar2025 17:22:10.886] [Server thread/INFO] [net.mcreator.tloa.TloaMod/]: Rounded Stamina50
[08Mar2025 17:22:10.886] [Server thread/INFO] [net.mcreator.tloa.TloaMod/]: Can Stamina:true
[08Mar2025 17:22:10.886] [Server thread/INFO] [net.mcreator.tloa.TloaMod/]: Max Stamina50.0
[08Mar2025 17:22:10.887] [Render thread/INFO] [net.mcreator.tloa.TloaMod/]: Current Stamina:49.5
[08Mar2025 17:22:10.887] [Render thread/INFO] [net.mcreator.tloa.TloaMod/]: Rounded Stamina50
[08Mar2025 17:22:10.887] [Render thread/INFO] [net.mcreator.tloa.TloaMod/]: Can Stamina:true
[08Mar2025 17:22:10.887] [Render thread/INFO] [net.mcreator.tloa.TloaMod/]: Max Stamina50.0
[08Mar2025 17:22:10.932] [Server thread/INFO] [net.mcreator.tloa.TloaMod/]: Current Stamina:50
[08Mar2025 17:22:10.932] [Server thread/INFO] [net.mcreator.tloa.TloaMod/]: Rounded Stamina50
[08Mar2025 17:22:10.932] [Server thread/INFO] [net.mcreator.tloa.TloaMod/]: Can Stamina:true
[08Mar2025 17:22:10.932] [Server thread/INFO] [net.mcreator.tloa.TloaMod/]: Max Stamina50.0
[08Mar2025 17:22:10.937] [Render thread/INFO] [net.mcreator.tloa.TloaMod/]: Current Stamina:50
[08Mar2025 17:22:10.938] [Render thread/INFO] [net.mcreator.tloa.TloaMod/]: Rounded Stamina50
[08Mar2025 17:22:10.938] [Render thread/INFO] [net.mcreator.tloa.TloaMod/]: Can Stamina:true
[08Mar2025 17:22:10.938] [Render thread/INFO] [net.mcreator.tloa.TloaMod/]: Max Stamina50.0
[08Mar2025 17:22:10.993] [Server thread/INFO] [net.mcreator.tloa.TloaMod/]: Current Stamina:50
[08Mar2025 17:22:10.993] [Server thread/INFO] [net.mcreator.tloa.TloaMod/]: Rounded Stamina50
[08Mar2025 17:22:10.993] [Server thread/INFO] [net.mcreator.tloa.TloaMod/]: Can Stamina:true
[08Mar2025 17:22:10.993] [Server thread/INFO] [net.mcreator.tloa.TloaMod/]: Max Stamina50.0
[08Mar2025 17:22:10.996] [Render thread/INFO] [net.mcreator.tloa.TloaMod/]: Current Stamina:50
[08Mar2025 17:22:10.996] [Render thread/INFO] [net.mcreator.tloa.TloaMod/]: Rounded Stamina50
[08Mar2025 17:22:10.996] [Render thread/INFO] [net.mcreator.tloa.TloaMod/]: Can Stamina:true
[08Mar2025 17:22:10.996] [Render thread/INFO] [net.mcreator.tloa.TloaMod/]: Max Stamina50.0
[08Mar2025 17:22:11.036] [Server thread/INFO] [net.mcreator.tloa.TloaMod/]: Current Stamina:50
[08Mar2025 17:22:11.037] [Server thread/INFO] [net.mcreator.tloa.TloaMod/]: Rounded Stamina50
[08Mar2025 17:22:11.037] [Server thread/INFO] [net.mcreator.tloa.TloaMod/]: Can Stamina:true
[08Mar2025 17:22:11.037] [Server thread/INFO] [net.mcreator.tloa.TloaMod/]: Max Stamina50.0
[08Mar2025 17:22:11.038] [Render thread/INFO] [net.mcreator.tloa.TloaMod/]: Current Stamina:50
[08Mar2025 17:22:11.038] [Render thread/INFO] [net.mcreator.tloa.TloaMod/]: Rounded Stamina50
[08Mar2025 17:22:11.038] [Render thread/INFO] [net.mcreator.tloa.TloaMod/]: Can Stamina:true
[08Mar2025 17:22:11.038] [Render thread/INFO] [net.mcreator.tloa.TloaMod/]: Max Stamina50.0
[08Mar2025 17:22:11.079] [Server thread/INFO] [net.mcreator.tloa.TloaMod/]: Current Stamina:50
[08Mar2025 17:22:11.080] [Server thread/INFO] [net.mcreator.tloa.TloaMod/]: Rounded Stamina50
[08Mar2025 17:22:11.080] [Server thread/INFO] [net.mcreator.tloa.TloaMod/]: Can Stamina:true
[08Mar2025 17:22:11.080] [Server thread/INFO] [net.mcreator.tloa.TloaMod/]: Max Stamina50.0
[08Mar2025 17:22:11.086] [Render thread/INFO] [net.mcreator.tloa.TloaMod/]: Current Stamina:50
[08Mar2025 17:22:11.087] [Render thread/INFO] [net.mcreator.tloa.TloaMod/]: Rounded Stamina50
[08Mar2025 17:22:11.087] [Render thread/INFO] [net.mcreator.tloa.TloaMod/]: Can Stamina:true
[08Mar2025 17:22:11.087] [Render thread/INFO] [net.mcreator.tloa.TloaMod/]: Max Stamina50.0
[08Mar2025 17:22:11.129] [Server thread/INFO] [net.mcreator.tloa.TloaMod/]: Current Stamina:50
[08Mar2025 17:22:11.130] [Server thread/INFO] [net.mcreator.tloa.TloaMod/]: Rounded Stamina50
[08Mar2025 17:22:11.130] [Server thread/INFO] [net.mcreator.tloa.TloaMod/]: Can Stamina:true
[08Mar2025 17:22:11.130] [Server thread/INFO] [net.mcreator.tloa.TloaMod/]: Max Stamina50.0
[08Mar2025 17:22:11.144] [Render thread/INFO] [net.mcreator.tloa.TloaMod/]: Current Stamina:50
[08Mar2025 17:22:11.144] [Render thread/INFO] [net.mcreator.tloa.TloaMod/]: Rounded Stamina50
[08Mar2025 17:22:11.144] [Render thread/INFO] [net.mcreator.tloa.TloaMod/]: Can Stamina:true
[08Mar2025 17:22:11.144] [Render thread/INFO] [net.mcreator.tloa.TloaMod/]: Max Stamina50.0
[08Mar2025 17:22:11.180] [Server thread/INFO] [net.mcreator.tloa.TloaMod/]: Current Stamina:50
[08Mar2025 17:22:11.180] [Server thread/INFO] [net.mcreator.tloa.TloaMod/]: Rounded Stamina50
[08Mar2025 17:22:11.180] [Server thread/INFO] [net.mcreator.tloa.TloaMod/]: Can Stamina:true
[08Mar2025 17:22:11.180] [Server thread/INFO] [net.mcreator.tloa.TloaMod/]: Max Stamina50.0
[08Mar2025 17:22:11.186] [Render thread/INFO] [net.mcreator.tloa.TloaMod/]: Current Stamina:50
[08Mar2025 17:22:11.186] [Render thread/INFO] [net.mcreator.tloa.TloaMod/]: Rounded Stamina50
[08Mar2025 17:22:11.186] [Render thread/INFO] [net.mcreator.tloa.TloaMod/]: Can Stamina:true
[08Mar2025 17:22:11.186] [Render thread/INFO] [net.mcreator.tloa.TloaMod/]: Max Stamina50.0
[08Mar2025 17:22:11.229] [Server thread/INFO] [net.mcreator.tloa.TloaMod/]: Current Stamina:50
[08Mar2025 17:22:11.230] [Server thread/INFO] [net.mcreator.tloa.TloaMod/]: Rounded Stamina50
[08Mar2025 17:22:11.230] [Server thread/INFO] [net.mcreator.tloa.TloaMod/]: Can Stamina:true
[08Mar2025 17:22:11.230] [Server thread/INFO] [net.mcreator.tloa.TloaMod/]: Max Stamina50.0
[08Mar2025 17:22:11.241] [Render thread/INFO] [net.mcreator.tloa.TloaMod/]: Current Stamina:50
[08Mar2025 17:22:11.241] [Render thread/INFO] [net.mcreator.tloa.TloaMod/]: Rounded Stamina50
[08Mar2025 17:22:11.241] [Render thread/INFO] [net.mcreator.tloa.TloaMod/]: Can Stamina:true
[08Mar2025 17:22:11.241] [Render thread/INFO] [net.mcreator.tloa.TloaMod/]: Max Stamina50.0
[08Mar2025 17:22:11.283] [Server thread/INFO] [net.mcreator.tloa.TloaMod/]: Current Stamina:50
[08Mar2025 17:22:11.284] [Server thread/INFO] [net.mcreator.tloa.TloaMod/]: Rounded Stamina50
[08Mar2025 17:22:11.284] [Server thread/INFO] [net.mcreator.tloa.TloaMod/]: Can Stamina:true
[08Mar2025 17:22:11.284] [Server thread/INFO] [net.mcreator.tloa.TloaMod/]: Max Stamina50.0
[08Mar2025 17:22:11.285] [Render thread/INFO] [net.mcreator.tloa.TloaMod/]: Current Stamina:50
[08Mar2025 17:22:11.285] [Render thread/INFO] [net.mcreator.tloa.TloaMod/]: Rounded Stamina50
[08Mar2025 17:22:11.285] [Render thread/INFO] [net.mcreator.tloa.TloaMod/]: Can Stamina:true
[08Mar2025 17:22:11.285] [Render thread/INFO] [net.mcreator.tloa.TloaMod/]: Max Stamina50.0
[08Mar2025 17:22:11.331] [Server thread/INFO] [net.mcreator.tloa.TloaMod/]: Current Stamina:50
[08Mar2025 17:22:11.331] [Server thread/INFO] [net.mcreator.tloa.TloaMod/]: Rounded Stamina50
[08Mar2025 17:22:11.331] [Server thread/INFO] [net.mcreator.tloa.TloaMod/]: Can Stamina:true
[08Mar2025 17:22:11.331] [Server thread/INFO] [net.mcreator.tloa.TloaMod/]: Max Stamina50.0
[08Mar2025 17:22:11.338] [Render thread/INFO] [net.mcreator.tloa.TloaMod/]: Current Stamina:50
[08Mar2025 17:22:11.338] [Render thread/INFO] [net.mcreator.tloa.TloaMod/]: Rounded Stamina50
[08Mar2025 17:22:11.339] [Render thread/INFO] [net.mcreator.tloa.TloaMod/]: Can Stamina:true
[08Mar2025 17:22:11.339] [Render thread/INFO] [net.mcreator.tloa.TloaMod/]: Max Stamina50.0
[08Mar2025 17:22:11.382] [Server thread/INFO] [net.mcreator.tloa.TloaMod/]: Current Stamina:50
[08Mar2025 17:22:11.382] [Server thread/INFO] [net.mcreator.tloa.TloaMod/]: Rounded Stamina50
[08Mar2025 17:22:11.382] [Server thread/INFO] [net.mcreator.tloa.TloaMod/]: Can Stamina:true
[08Mar2025 17:22:11.382] [Server thread/INFO] [net.mcreator.tloa.TloaMod/]: Max Stamina50.0
[08Mar2025 17:22:11.387] [Render thread/INFO] [net.mcreator.tloa.TloaMod/]: Current Stamina:50
[08Mar2025 17:22:11.387] [Render thread/INFO] [net.mcreator.tloa.TloaMod/]: Rounded Stamina50
[08Mar2025 17:22:11.387] [Render thread/INFO] [net.mcreator.tloa.TloaMod/]: Can Stamina:true
[08Mar2025 17:22:11.387] [Render thread/INFO] [net.mcreator.tloa.TloaMod/]: Max Stamina50.0
[08Mar2025 17:22:11.433] [Server thread/INFO] [net.mcreator.tloa.TloaMod/]: Current Stamina:50
[08Mar2025 17:22:11.433] [Server thread/INFO] [net.mcreator.tloa.TloaMod/]: Rounded Stamina50
[08Mar2025 17:22:11.433] [Server thread/INFO] [net.mcreator.tloa.TloaMod/]: Can Stamina:true
[08Mar2025 17:22:11.433] [Server thread/INFO] [net.mcreator.tloa.TloaMod/]: Max Stamina50.0
[08Mar2025 17:22:11.436] [Render thread/INFO] [net.mcreator.tloa.TloaMod/]: Current Stamina:50
[08Mar2025 17:22:11.437] [Render thread/INFO] [net.mcreator.tloa.TloaMod/]: Rounded Stamina50
[08Mar2025 17:22:11.437] [Render thread/INFO] [net.mcreator.tloa.TloaMod/]: Can Stamina:true
[08Mar2025 17:22:11.437] [Render thread/INFO] [net.mcreator.tloa.TloaMod/]: Max Stamina50.0
[08Mar2025 17:22:11.478] [Server thread/INFO] [net.mcreator.tloa.TloaMod/]: Current Stamina:50
[08Mar2025 17:22:11.478] [Server thread/INFO] [net.mcreator.tloa.TloaMod/]: Rounded Stamina50
[08Mar2025 17:22:11.478] [Server thread/INFO] [net.mcreator.tloa.TloaMod/]: Can Stamina:true
[08Mar2025 17:22:11.478] [Server thread/INFO] [net.mcreator.tloa.TloaMod/]: Max Stamina50.0
[08Mar2025 17:22:11.485] [Render thread/INFO] [net.mcreator.tloa.TloaMod/]: Current Stamina:50
[08Mar2025 17:22:11.486] [Render thread/INFO] [net.mcreator.tloa.TloaMod/]: Rounded Stamina50
[08Mar2025 17:22:11.486] [Render thread/INFO] [net.mcreator.tloa.TloaMod/]: Can Stamina:true
[08Mar2025 17:22:11.486] [Render thread/INFO] [net.mcreator.tloa.TloaMod/]: Max Stamina50.0
[08Mar2025 17:22:11.529] [Server thread/INFO] [net.mcreator.tloa.TloaMod/]: Current Stamina:50
[08Mar2025 17:22:11.530] [Server thread/INFO] [net.mcreator.tloa.TloaMod/]: Rounded Stamina50
[08Mar2025 17:22:11.530] [Server thread/INFO] [net.mcreator.tloa.TloaMod/]: Can Stamina:true
[08Mar2025 17:22:11.530] [Server thread/INFO] [net.mcreator.tloa.TloaMod/]: Max Stamina50.0
[08Mar2025 17:22:11.537] [Render thread/INFO] [net.mcreator.tloa.TloaMod/]: Current Stamina:50
[08Mar2025 17:22:11.538] [Render thread/INFO] [net.mcreator.tloa.TloaMod/]: Rounded Stamina50
[08Mar2025 17:22:11.538] [Render thread/INFO] [net.mcreator.tloa.TloaMod/]: Can Stamina:true
[08Mar2025 17:22:11.538] [Render thread/INFO] [net.mcreator.tloa.TloaMod/]: Max Stamina50.0
[08Mar2025 17:22:11.576] [Server thread/INFO] [net.mcreator.tloa.TloaMod/]: Current Stamina:50
[08Mar2025 17:22:11.577] [Server thread/INFO] [net.mcreator.tloa.TloaMod/]: Rounded Stamina50
[08Mar2025 17:22:11.577] [Server thread/INFO] [net.mcreator.tloa.TloaMod/]: Can Stamina:true
[08Mar2025 17:22:11.577] [Server thread/INFO] [net.mcreator.tloa.TloaMod/]: Max Stamina50.0
[08Mar2025 17:22:11.586] [Render thread/INFO] [net.mcreator.tloa.TloaMod/]: Current Stamina:50
[08Mar2025 17:22:11.586] [Render thread/INFO] [net.mcreator.tloa.TloaMod/]: Rounded Stamina50
[08Mar2025 17:22:11.586] [Render thread/INFO] [net.mcreator.tloa.TloaMod/]: Can Stamina:true
[08Mar2025 17:22:11.586] [Render thread/INFO] [net.mcreator.tloa.TloaMod/]: Max Stamina50.0
[08Mar2025 17:22:11.632] [Server thread/INFO] [net.mcreator.tloa.TloaMod/]: Current Stamina:50
[08Mar2025 17:22:11.632] [Server thread/INFO] [net.mcreator.tloa.TloaMod/]: Rounded Stamina50
[08Mar2025 17:22:11.632] [Server thread/INFO] [net.mcreator.tloa.TloaMod/]: Can Stamina:true
[08Mar2025 17:22:11.632] [Server thread/INFO] [net.mcreator.tloa.TloaMod/]: Max Stamina50.0
[08Mar2025 17:22:11.636] [Render thread/INFO] [net.mcreator.tloa.TloaMod/]: Current Stamina:50
[08Mar2025 17:22:11.637] [Render thread/INFO] [net.mcreator.tloa.TloaMod/]: Rounded Stamina50
[08Mar2025 17:22:11.637] [Render thread/INFO] [net.mcreator.tloa.TloaMod/]: Can Stamina:true
[08Mar2025 17:22:11.637] [Render thread/INFO] [net.mcreator.tloa.TloaMod/]: Max Stamina50.0
[08Mar2025 17:22:11.683] [Server thread/INFO] [net.mcreator.tloa.TloaMod/]: Current Stamina:50
[08Mar2025 17:22:11.683] [Server thread/INFO] [net.mcreator.tloa.TloaMod/]: Rounded Stamina50
[08Mar2025 17:22:11.683] [Server thread/INFO] [net.mcreator.tloa.TloaMod/]: Can Stamina:true
[08Mar2025 17:22:11.683] [Server thread/INFO] [net.mcreator.tloa.TloaMod/]: Max Stamina50.0
[08Mar2025 17:22:11.685] [Render thread/INFO] [net.mcreator.tloa.TloaMod/]: Current Stamina:50
[08Mar2025 17:22:11.685] [Render thread/INFO] [net.mcreator.tloa.TloaMod/]: Rounded Stamina50
[08Mar2025 17:22:11.685] [Render thread/INFO] [net.mcreator.tloa.TloaMod/]: Can Stamina:true
[08Mar2025 17:22:11.685] [Render thread/INFO] [net.mcreator.tloa.TloaMod/]: Max Stamina50.0
[08Mar2025 17:22:11.735] [Server thread/INFO] [net.mcreator.tloa.TloaMod/]: Current Stamina:50
[08Mar2025 17:22:11.735] [Server thread/INFO] [net.mcreator.tloa.TloaMod/]: Rounded Stamina50
[08Mar2025 17:22:11.735] [Server thread/INFO] [net.mcreator.tloa.TloaMod/]: Can Stamina:true
[08Mar2025 17:22:11.735] [Server thread/INFO] [net.mcreator.tloa.TloaMod/]: Max Stamina50.0
[08Mar2025 17:22:11.737] [Render thread/INFO] [net.mcreator.tloa.TloaMod/]: Current Stamina:50
[08Mar2025 17:22:11.737] [Render thread/INFO] [net.mcreator.tloa.TloaMod/]: Rounded Stamina50
[08Mar2025 17:22:11.737] [Render thread/INFO] [net.mcreator.tloa.TloaMod/]: Can Stamina:true
[08Mar2025 17:22:11.737] [Render thread/INFO] [net.mcreator.tloa.TloaMod/]: Max Stamina50.0
[08Mar2025 17:22:11.782] [Server thread/INFO] [net.mcreator.tloa.TloaMod/]: Current Stamina:50
[08Mar2025 17:22:11.782] [Server thread/INFO] [net.mcreator.tloa.TloaMod/]: Rounded Stamina50
[08Mar2025 17:22:11.783] [Server thread/INFO] [net.mcreator.tloa.TloaMod/]: Can Stamina:true
[08Mar2025 17:22:11.783] [Server thread/INFO] [net.mcreator.tloa.TloaMod/]: Max Stamina50.0
[08Mar2025 17:22:11.785] [Render thread/INFO] [net.mcreator.tloa.TloaMod/]: Current Stamina:50
[08Mar2025 17:22:11.785] [Render thread/INFO] [net.mcreator.tloa.TloaMod/]: Rounded Stamina50
[08Mar2025 17:22:11.785] [Render thread/INFO] [net.mcreator.tloa.TloaMod/]: Can Stamina:true
[08Mar2025 17:22:11.785] [Render thread/INFO] [net.mcreator.tloa.TloaMod/]: Max Stamina50.0
[08Mar2025 17:22:11.835] [Render thread/INFO] [net.mcreator.tloa.TloaMod/]: Current Stamina:50
[08Mar2025 17:22:11.836] [Render thread/INFO] [net.mcreator.tloa.TloaMod/]: Rounded Stamina50
[08Mar2025 17:22:11.836] [Render thread/INFO] [net.mcreator.tloa.TloaMod/]: Can Stamina:true
[08Mar2025 17:22:11.836] [Render thread/INFO] [net.mcreator.tloa.TloaMod/]: Max Stamina50.0
[08Mar2025 17:22:11.848] [Server thread/INFO] [net.mcreator.tloa.TloaMod/]: Current Stamina:50
[08Mar2025 17:22:11.850] [Server thread/INFO] [net.mcreator.tloa.TloaMod/]: Rounded Stamina50
[08Mar2025 17:22:11.850] [Server thread/INFO] [net.mcreator.tloa.TloaMod/]: Can Stamina:true
[08Mar2025 17:22:11.850] [Server thread/INFO] [net.mcreator.tloa.TloaMod/]: Max Stamina50.0
[08Mar2025 17:22:11.891] [Render thread/INFO] [net.mcreator.tloa.TloaMod/]: Current Stamina:50
[08Mar2025 17:22:11.891] [Render thread/INFO] [net.mcreator.tloa.TloaMod/]: Rounded Stamina50
[08Mar2025 17:22:11.891] [Render thread/INFO] [net.mcreator.tloa.TloaMod/]: Can Stamina:true
[08Mar2025 17:22:11.891] [Render thread/INFO] [net.mcreator.tloa.TloaMod/]: Max Stamina50.0
[08Mar2025 17:22:11.914] [Server thread/INFO] [net.mcreator.tloa.TloaMod/]: Current Stamina:50
[08Mar2025 17:22:11.915] [Server thread/INFO] [net.mcreator.tloa.TloaMod/]: Rounded Stamina50
[08Mar2025 17:22:11.915] [Server thread/INFO] [net.mcreator.tloa.TloaMod/]: Can Stamina:true
[08Mar2025 17:22:11.915] [Server thread/INFO] [net.mcreator.tloa.TloaMod/]: Max Stamina50.0
[08Mar2025 17:22:11.936] [Render thread/INFO] [net.mcreator.tloa.TloaMod/]: Current Stamina:50
[08Mar2025 17:22:11.937] [Render thread/INFO] [net.mcreator.tloa.TloaMod/]: Rounded Stamina50
[08Mar2025 17:22:11.937] [Render thread/INFO] [net.mcreator.tloa.TloaMod/]: Can Stamina:true
[08Mar2025 17:22:11.937] [Render thread/INFO] [net.mcreator.tloa.TloaMod/]: Max Stamina50.0
[08Mar2025 17:22:11.977] [Server thread/INFO] [net.mcreator.tloa.TloaMod/]: Current Stamina:50
[08Mar2025 17:22:11.978] [Server thread/INFO] [net.mcreator.tloa.TloaMod/]: Rounded Stamina50
[08Mar2025 17:22:11.978] [Server thread/INFO] [net.mcreator.tloa.TloaMod/]: Can Stamina:true
[08Mar2025 17:22:11.978] [Server thread/INFO] [net.mcreator.tloa.TloaMod/]: Max Stamina50.0
[08Mar2025 17:22:11.988] [Render thread/INFO] [net.mcreator.tloa.TloaMod/]: Current Stamina:49.5
[08Mar2025 17:22:11.988] [Render thread/INFO] [net.mcreator.tloa.TloaMod/]: Rounded Stamina50
[08Mar2025 17:22:11.988] [Render thread/INFO] [net.mcreator.tloa.TloaMod/]: Can Stamina:true
[08Mar2025 17:22:11.988] [Render thread/INFO] [net.mcreator.tloa.TloaMod/]: Max Stamina50.0
[08Mar2025 17:22:12.035] [Render thread/INFO] [net.mcreator.tloa.TloaMod/]: Current Stamina:49
[08Mar2025 17:22:12.035] [Render thread/INFO] [net.mcreator.tloa.TloaMod/]: Rounded Stamina49
[08Mar2025 17:22:12.035] [Render thread/INFO] [net.mcreator.tloa.TloaMod/]: Can Stamina:true
[08Mar2025 17:22:12.035] [Render thread/INFO] [net.mcreator.tloa.TloaMod/]: Max Stamina50.0
[08Mar2025 17:22:12.044] [Server thread/INFO] [net.mcreator.tloa.TloaMod/]: Current Stamina:49.5
[08Mar2025 17:22:12.044] [Server thread/INFO] [net.mcreator.tloa.TloaMod/]: Rounded Stamina50
[08Mar2025 17:22:12.044] [Server thread/INFO] [net.mcreator.tloa.TloaMod/]: Can Stamina:true
[08Mar2025 17:22:12.044] [Server thread/INFO] [net.mcreator.tloa.TloaMod/]: Max Stamina50.0
[08Mar2025 17:22:12.087] [Render thread/INFO] [net.mcreator.tloa.TloaMod/]: Current Stamina:49
[08Mar2025 17:22:12.087] [Render thread/INFO] [net.mcreator.tloa.TloaMod/]: Rounded Stamina49
[08Mar2025 17:22:12.087] [Render thread/INFO] [net.mcreator.tloa.TloaMod/]: Can Stamina:true
[08Mar2025 17:22:12.087] [Render thread/INFO] [net.mcreator.tloa.TloaMod/]: Max Stamina50.0
[08Mar2025 17:22:12.103] [Server thread/INFO] [net.mcreator.tloa.TloaMod/]: Current Stamina:49
[08Mar2025 17:22:12.103] [Server thread/INFO] [net.mcreator.tloa.TloaMod/]: Rounded Stamina49
[08Mar2025 17:22:12.103] [Server thread/INFO] [net.mcreator.tloa.TloaMod/]: Can Stamina:true
[08Mar2025 17:22:12.103] [Server thread/INFO] [net.mcreator.tloa.TloaMod/]: Max Stamina50.0
[08Mar2025 17:22:12.136] [Render thread/INFO] [net.mcreator.tloa.TloaMod/]: Current Stamina:48.5
[08Mar2025 17:22:12.137] [Render thread/INFO] [net.mcreator.tloa.TloaMod/]: Rounded Stamina49
[08Mar2025 17:22:12.137] [Render thread/INFO] [net.mcreator.tloa.TloaMod/]: Can Stamina:true
[08Mar2025 17:22:12.137] [Render thread/INFO] [net.mcreator.tloa.TloaMod/]: Max Stamina50.0
[08Mar2025 17:22:12.166] [Server thread/INFO] [net.mcreator.tloa.TloaMod/]: Current Stamina:48.5
[08Mar2025 17:22:12.166] [Server thread/INFO] [net.mcreator.tloa.TloaMod/]: Rounded Stamina49
[08Mar2025 17:22:12.166] [Server thread/INFO] [net.mcreator.tloa.TloaMod/]: Can Stamina:true
[08Mar2025 17:22:12.167] [Server thread/INFO] [net.mcreator.tloa.TloaMod/]: Max Stamina50.0
[08Mar2025 17:22:12.186] [Render thread/INFO] [net.mcreator.tloa.TloaMod/]: Current Stamina:48
[08Mar2025 17:22:12.186] [Render thread/INFO] [net.mcreator.tloa.TloaMod/]: Rounded Stamina48
[08Mar2025 17:22:12.186] [Render thread/INFO] [net.mcreator.tloa.TloaMod/]: Can Stamina:true
[08Mar2025 17:22:12.186] [Render thread/INFO] [net.mcreator.tloa.TloaMod/]: Max Stamina50.0
[08Mar2025 17:22:12.230] [Server thread/INFO] [net.mcreator.tloa.TloaMod/]: Current Stamina:48
[08Mar2025 17:22:12.230] [Server thread/INFO] [net.mcreator.tloa.TloaMod/]: Rounded Stamina48
[08Mar2025 17:22:12.231] [Server thread/INFO] [net.mcreator.tloa.TloaMod/]: Can Stamina:true
[08Mar2025 17:22:12.231] [Server thread/INFO] [net.mcreator.tloa.TloaMod/]: Max Stamina50.0
[08Mar2025 17:22:12.239] [Render thread/INFO] [net.mcreator.tloa.TloaMod/]: Current Stamina:47.5
[08Mar2025 17:22:12.239] [Render thread/INFO] [net.mcreator.tloa.TloaMod/]: Rounded Stamina48
[08Mar2025 17:22:12.239] [Render thread/INFO] [net.mcreator.tloa.TloaMod/]: Can Stamina:true
[08Mar2025 17:22:12.239] [Render thread/INFO] [net.mcreator.tloa.TloaMod/]: Max Stamina50.0
[08Mar2025 17:22:12.249] [Server thread/INFO] [net.mcreator.tloa.TloaMod/]: Current Stamina:47.5
[08Mar2025 17:22:12.250] [Server thread/INFO] [net.mcreator.tloa.TloaMod/]: Rounded Stamina48
[08Mar2025 17:22:12.250] [Server thread/INFO] [net.mcreator.tloa.TloaMod/]: Can Stamina:true
[08Mar2025 17:22:12.250] [Server thread/INFO] [net.mcreator.tloa.TloaMod/]: Max Stamina50.0
[08Mar2025 17:22:12.266] [Server thread/INFO] [net.mcreator.tloa.TloaMod/]: Current Stamina:47
[08Mar2025 17:22:12.266] [Server thread/INFO] [net.mcreator.tloa.TloaMod/]: Rounded Stamina47
[08Mar2025 17:22:12.266] [Server thread/INFO] [net.mcreator.tloa.TloaMod/]: Can Stamina:true
[08Mar2025 17:22:12.266] [Server thread/INFO] [net.mcreator.tloa.TloaMod/]: Max Stamina50.0
[08Mar2025 17:22:12.286] [Render thread/INFO] [net.mcreator.tloa.TloaMod/]: Current Stamina:46.5
[08Mar2025 17:22:12.287] [Render thread/INFO] [net.mcreator.tloa.TloaMod/]: Rounded Stamina47
[08Mar2025 17:22:12.287] [Render thread/INFO] [net.mcreator.tloa.TloaMod/]: Can Stamina:true
[08Mar2025 17:22:12.287] [Render thread/INFO] [net.mcreator.tloa.TloaMod/]: Max Stamina50.0
[08Mar2025 17:22:12.287] [Server thread/INFO] [net.mcreator.tloa.TloaMod/]: Current Stamina:46.5
[08Mar2025 17:22:12.289] [Server thread/INFO] [net.mcreator.tloa.TloaMod/]: Rounded Stamina47
[08Mar2025 17:22:12.289] [Server thread/INFO] [net.mcreator.tloa.TloaMod/]: Can Stamina:true
[08Mar2025 17:22:12.289] [Server thread/INFO] [net.mcreator.tloa.TloaMod/]: Max Stamina50.0
[08Mar2025 17:22:12.335] [Server thread/INFO] [net.mcreator.tloa.TloaMod/]: Current Stamina:46
[08Mar2025 17:22:12.335] [Server thread/INFO] [net.mcreator.tloa.TloaMod/]: Rounded Stamina46
[08Mar2025 17:22:12.335] [Server thread/INFO] [net.mcreator.tloa.TloaMod/]: Can Stamina:true
[08Mar2025 17:22:12.335] [Server thread/INFO] [net.mcreator.tloa.TloaMod/]: Max Stamina50.0
[08Mar2025 17:22:12.337] [Render thread/INFO] [net.mcreator.tloa.TloaMod/]: Current Stamina:45.5
[08Mar2025 17:22:12.337] [Render thread/INFO] [net.mcreator.tloa.TloaMod/]: Rounded Stamina46
[08Mar2025 17:22:12.337] [Render thread/INFO] [net.mcreator.tloa.TloaMod/]: Can Stamina:true
[08Mar2025 17:22:12.337] [Render thread/INFO] [net.mcreator.tloa.TloaMod/]: Max Stamina50.0
[08Mar2025 17:22:12.381] [Server thread/INFO] [net.mcreator.tloa.TloaMod/]: Current Stamina:45.5
[08Mar2025 17:22:12.381] [Server thread/INFO] [net.mcreator.tloa.TloaMod/]: Rounded Stamina46
[08Mar2025 17:22:12.381] [Server thread/INFO] [net.mcreator.tloa.TloaMod/]: Can Stamina:true
[08Mar2025 17:22:12.381] [Server thread/INFO] [net.mcreator.tloa.TloaMod/]: Max Stamina50.0
[08Mar2025 17:22:12.386] [Render thread/INFO] [net.mcreator.tloa.TloaMod/]: Current Stamina:45
[08Mar2025 17:22:12.386] [Render thread/INFO] [net.mcreator.tloa.TloaMod/]: Rounded Stamina45
[08Mar2025 17:22:12.386] [Render thread/INFO] [net.mcreator.tloa.TloaMod/]: Can Stamina:true
[08Mar2025 17:22:12.386] [Render thread/INFO] [net.mcreator.tloa.TloaMod/]: Max Stamina50.0
[08Mar2025 17:22:12.433] [Server thread/INFO] [net.mcreator.tloa.TloaMod/]: Current Stamina:45
[08Mar2025 17:22:12.433] [Server thread/INFO] [net.mcreator.tloa.TloaMod/]: Rounded Stamina45
[08Mar2025 17:22:12.433] [Server thread/INFO] [net.mcreator.tloa.TloaMod/]: Can Stamina:true
[08Mar2025 17:22:12.433] [Server thread/INFO] [net.mcreator.tloa.TloaMod/]: Max Stamina50.0
[08Mar2025 17:22:12.436] [Render thread/INFO] [net.mcreator.tloa.TloaMod/]: Current Stamina:44.5
[08Mar2025 17:22:12.437] [Render thread/INFO] [net.mcreator.tloa.TloaMod/]: Rounded Stamina45
[08Mar2025 17:22:12.437] [Render thread/INFO] [net.mcreator.tloa.TloaMod/]: Can Stamina:true
[08Mar2025 17:22:12.437] [Render thread/INFO] [net.mcreator.tloa.TloaMod/]: Max Stamina50.0
[08Mar2025 17:22:12.480] [Server thread/INFO] [net.mcreator.tloa.TloaMod/]: Current Stamina:44.5
[08Mar2025 17:22:12.481] [Server thread/INFO] [net.mcreator.tloa.TloaMod/]: Rounded Stamina45
[08Mar2025 17:22:12.481] [Server thread/INFO] [net.mcreator.tloa.TloaMod/]: Can Stamina:true
[08Mar2025 17:22:12.481] [Server thread/INFO] [net.mcreator.tloa.TloaMod/]: Max Stamina50.0
[08Mar2025 17:22:12.487] [Render thread/INFO] [net.mcreator.tloa.TloaMod/]: Current Stamina:44
[08Mar2025 17:22:12.487] [Render thread/INFO] [net.mcreator.tloa.TloaMod/]: Rounded Stamina44
[08Mar2025 17:22:12.487] [Render thread/INFO] [net.mcreator.tloa.TloaMod/]: Can Stamina:true
[08Mar2025 17:22:12.487] [Render thread/INFO] [net.mcreator.tloa.TloaMod/]: Max Stamina50.0
[08Mar2025 17:22:12.537] [Render thread/INFO] [net.mcreator.tloa.TloaMod/]: Current Stamina:43.5
[08Mar2025 17:22:12.537] [Render thread/INFO] [net.mcreator.tloa.TloaMod/]: Rounded Stamina44
[08Mar2025 17:22:12.537] [Render thread/INFO] [net.mcreator.tloa.TloaMod/]: Can Stamina:true
[08Mar2025 17:22:12.537] [Render thread/INFO] [net.mcreator.tloa.TloaMod/]: Max Stamina50.0
[08Mar2025 17:22:12.544] [Server thread/INFO] [net.mcreator.tloa.TloaMod/]: Current Stamina:44
[08Mar2025 17:22:12.544] [Server thread/INFO] [net.mcreator.tloa.TloaMod/]: Rounded Stamina44
[08Mar2025 17:22:12.544] [Server thread/INFO] [net.mcreator.tloa.TloaMod/]: Can Stamina:true
[08Mar2025 17:22:12.544] [Server thread/INFO] [net.mcreator.tloa.TloaMod/]: Max Stamina50.0
[08Mar2025 17:22:12.581] [Server thread/INFO] [net.mcreator.tloa.TloaMod/]: Current Stamina:43.5
[08Mar2025 17:22:12.581] [Server thread/INFO] [net.mcreator.tloa.TloaMod/]: Rounded Stamina44
[08Mar2025 17:22:12.581] [Server thread/INFO] [net.mcreator.tloa.TloaMod/]: Can Stamina:true
[08Mar2025 17:22:12.581] [Server thread/INFO] [net.mcreator.tloa.TloaMod/]: Max Stamina50.0
[08Mar2025 17:22:12.586] [Render thread/INFO] [net.mcreator.tloa.TloaMod/]: Current Stamina:43
[08Mar2025 17:22:12.587] [Render thread/INFO] [net.mcreator.tloa.TloaMod/]: Rounded Stamina43
[08Mar2025 17:22:12.587] [Render thread/INFO] [net.mcreator.tloa.TloaMod/]: Can Stamina:true
[08Mar2025 17:22:12.587] [Render thread/INFO] [net.mcreator.tloa.TloaMod/]: Max Stamina50.0
[08Mar2025 17:22:12.635] [Server thread/INFO] [net.mcreator.tloa.TloaMod/]: Current Stamina:43
[08Mar2025 17:22:12.636] [Server thread/INFO] [net.mcreator.tloa.TloaMod/]: Rounded Stamina43
[08Mar2025 17:22:12.636] [Server thread/INFO] [net.mcreator.tloa.TloaMod/]: Can Stamina:true
[08Mar2025 17:22:12.636] [Server thread/INFO] [net.mcreator.tloa.TloaMod/]: Max Stamina50.0
[08Mar2025 17:22:12.636] [Render thread/INFO] [net.mcreator.tloa.TloaMod/]: Current Stamina:42.5
[08Mar2025 17:22:12.637] [Render thread/INFO] [net.mcreator.tloa.TloaMod/]: Rounded Stamina43
[08Mar2025 17:22:12.637] [Render thread/INFO] [net.mcreator.tloa.TloaMod/]: Can Stamina:true
[08Mar2025 17:22:12.637] [Render thread/INFO] [net.mcreator.tloa.TloaMod/]: Max Stamina50.0
[08Mar2025 17:22:12.679] [Server thread/INFO] [net.mcreator.tloa.TloaMod/]: Current Stamina:42.5
[08Mar2025 17:22:12.679] [Server thread/INFO] [net.mcreator.tloa.TloaMod/]: Rounded Stamina43
[08Mar2025 17:22:12.679] [Server thread/INFO] [net.mcreator.tloa.TloaMod/]: Can Stamina:true
[08Mar2025 17:22:12.679] [Server thread/INFO] [net.mcreator.tloa.TloaMod/]: Max Stamina50.0
[08Mar2025 17:22:12.686] [Render thread/INFO] [net.mcreator.tloa.TloaMod/]: Current Stamina:42
[08Mar2025 17:22:12.686] [Render thread/INFO] [net.mcreator.tloa.TloaMod/]: Rounded Stamina42
[08Mar2025 17:22:12.686] [Render thread/INFO] [net.mcreator.tloa.TloaMod/]: Can Stamina:true
[08Mar2025 17:22:12.686] [Render thread/INFO] [net.mcreator.tloa.TloaMod/]: Max Stamina50.0
[08Mar2025 17:22:12.732] [Server thread/INFO] [net.mcreator.tloa.TloaMod/]: Current Stamina:42
[08Mar2025 17:22:12.733] [Server thread/INFO] [net.mcreator.tloa.TloaMod/]: Rounded Stamina42
[08Mar2025 17:22:12.733] [Server thread/INFO] [net.mcreator.tloa.TloaMod/]: Can Stamina:true
[08Mar2025 17:22:12.733] [Server thread/INFO] [net.mcreator.tloa.TloaMod/]: Max Stamina50.0
[08Mar2025 17:22:12.737] [Render thread/INFO] [net.mcreator.tloa.TloaMod/]: Current Stamina:41.5
[08Mar2025 17:22:12.737] [Render thread/INFO] [net.mcreator.tloa.TloaMod/]: Rounded Stamina42
[08Mar2025 17:22:12.737] [Render thread/INFO] [net.mcreator.tloa.TloaMod/]: Can Stamina:true
[08Mar2025 17:22:12.738] [Render thread/INFO] [net.mcreator.tloa.TloaMod/]: Max Stamina50.0
[08Mar2025 17:22:12.780] [Server thread/INFO] [net.mcreator.tloa.TloaMod/]: Current Stamina:41.5
[08Mar2025 17:22:12.781] [Server thread/INFO] [net.mcreator.tloa.TloaMod/]: Rounded Stamina42
[08Mar2025 17:22:12.781] [Server thread/INFO] [net.mcreator.tloa.TloaMod/]: Can Stamina:true
[08Mar2025 17:22:12.781] [Server thread/INFO] [net.mcreator.tloa.TloaMod/]: Max Stamina50.0
[08Mar2025 17:22:12.786] [Render thread/INFO] [net.mcreator.tloa.TloaMod/]: Current Stamina:41
[08Mar2025 17:22:12.786] [Render thread/INFO] [net.mcreator.tloa.TloaMod/]: Rounded Stamina41
[08Mar2025 17:22:12.786] [Render thread/INFO] [net.mcreator.tloa.TloaMod/]: Can Stamina:true
[08Mar2025 17:22:12.786] [Render thread/INFO] [net.mcreator.tloa.TloaMod/]: Max Stamina50.0
[08Mar2025 17:22:12.832] [Server thread/INFO] [net.mcreator.tloa.TloaMod/]: Current Stamina:41
[08Mar2025 17:22:12.832] [Server thread/INFO] [net.mcreator.tloa.TloaMod/]: Rounded Stamina41
[08Mar2025 17:22:12.832] [Server thread/INFO] [net.mcreator.tloa.TloaMod/]: Can Stamina:true
[08Mar2025 17:22:12.832] [Server thread/INFO] [net.mcreator.tloa.TloaMod/]: Max Stamina50.0
[08Mar2025 17:22:12.837] [Render thread/INFO] [net.mcreator.tloa.TloaMod/]: Current Stamina:40.5
[08Mar2025 17:22:12.837] [Render thread/INFO] [net.mcreator.tloa.TloaMod/]: Rounded Stamina41
[08Mar2025 17:22:12.837] [Render thread/INFO] [net.mcreator.tloa.TloaMod/]: Can Stamina:true
[08Mar2025 17:22:12.837] [Render thread/INFO] [net.mcreator.tloa.TloaMod/]: Max Stamina50.0
[08Mar2025 17:22:12.884] [Server thread/INFO] [net.mcreator.tloa.TloaMod/]: Current Stamina:40.5
[08Mar2025 17:22:12.884] [Server thread/INFO] [net.mcreator.tloa.TloaMod/]: Rounded Stamina41
[08Mar2025 17:22:12.884] [Server thread/INFO] [net.mcreator.tloa.TloaMod/]: Can Stamina:true
[08Mar2025 17:22:12.884] [Server thread/INFO] [net.mcreator.tloa.TloaMod/]: Max Stamina50.0
[08Mar2025 17:22:12.886] [Render thread/INFO] [net.mcreator.tloa.TloaMod/]: Current Stamina:40
[08Mar2025 17:22:12.886] [Render thread/INFO] [net.mcreator.tloa.TloaMod/]: Rounded Stamina40
[08Mar2025 17:22:12.886] [Render thread/INFO] [net.mcreator.tloa.TloaMod/]: Can Stamina:true
[08Mar2025 17:22:12.886] [Render thread/INFO] [net.mcreator.tloa.TloaMod/]: Max Stamina50.0
[08Mar2025 17:22:12.932] [Server thread/INFO] [net.mcreator.tloa.TloaMod/]: Current Stamina:40
[08Mar2025 17:22:12.933] [Server thread/INFO] [net.mcreator.tloa.TloaMod/]: Rounded Stamina40
[08Mar2025 17:22:12.933] [Server thread/INFO] [net.mcreator.tloa.TloaMod/]: Can Stamina:true
[08Mar2025 17:22:12.933] [Server thread/INFO] [net.mcreator.tloa.TloaMod/]: Max Stamina50.0
[08Mar2025 17:22:12.936] [Render thread/INFO] [net.mcreator.tloa.TloaMod/]: Current Stamina:39.5
[08Mar2025 17:22:12.936] [Render thread/INFO] [net.mcreator.tloa.TloaMod/]: Rounded Stamina40
[08Mar2025 17:22:12.936] [Render thread/INFO] [net.mcreator.tloa.TloaMod/]: Can Stamina:true
[08Mar2025 17:22:12.936] [Render thread/INFO] [net.mcreator.tloa.TloaMod/]: Max Stamina50.0
[08Mar2025 17:22:12.981] [Server thread/INFO] [net.mcreator.tloa.TloaMod/]: Current Stamina:39.5
[08Mar2025 17:22:12.981] [Server thread/INFO] [net.mcreator.tloa.TloaMod/]: Rounded Stamina40
[08Mar2025 17:22:12.981] [Server thread/INFO] [net.mcreator.tloa.TloaMod/]: Can Stamina:true
[08Mar2025 17:22:12.983] [Server thread/INFO] [net.mcreator.tloa.TloaMod/]: Max Stamina50.0
[08Mar2025 17:22:12.985] [Render thread/INFO] [net.mcreator.tloa.TloaMod/]: Current Stamina:39
[08Mar2025 17:22:12.986] [Render thread/INFO] [net.mcreator.tloa.TloaMod/]: Rounded Stamina39
[08Mar2025 17:22:12.986] [Render thread/INFO] [net.mcreator.tloa.TloaMod/]: Can Stamina:true
[08Mar2025 17:22:12.986] [Render thread/INFO] [net.mcreator.tloa.TloaMod/]: Max Stamina50.0
[08Mar2025 17:22:13.030] [Server thread/INFO] [net.mcreator.tloa.TloaMod/]: Current Stamina:39
[08Mar2025 17:22:13.030] [Server thread/INFO] [net.mcreator.tloa.TloaMod/]: Rounded Stamina39
[08Mar2025 17:22:13.030] [Server thread/INFO] [net.mcreator.tloa.TloaMod/]: Can Stamina:true
[08Mar2025 17:22:13.030] [Server thread/INFO] [net.mcreator.tloa.TloaMod/]: Max Stamina50.0
[08Mar2025 17:22:13.039] [Render thread/INFO] [net.mcreator.tloa.TloaMod/]: Current Stamina:38.5
[08Mar2025 17:22:13.039] [Render thread/INFO] [net.mcreator.tloa.TloaMod/]: Rounded Stamina39
[08Mar2025 17:22:13.039] [Render thread/INFO] [net.mcreator.tloa.TloaMod/]: Can Stamina:true
[08Mar2025 17:22:13.039] [Render thread/INFO] [net.mcreator.tloa.TloaMod/]: Max Stamina50.0
[08Mar2025 17:22:13.082] [Server thread/INFO] [net.mcreator.tloa.TloaMod/]: Current Stamina:38.5
[08Mar2025 17:22:13.082] [Server thread/INFO] [net.mcreator.tloa.TloaMod/]: Rounded Stamina39
[08Mar2025 17:22:13.082] [Server thread/INFO] [net.mcreator.tloa.TloaMod/]: Can Stamina:true
[08Mar2025 17:22:13.082] [Server thread/INFO] [net.mcreator.tloa.TloaMod/]: Max Stamina50.0
[08Mar2025 17:22:13.086] [Render thread/INFO] [net.mcreator.tloa.TloaMod/]: Current Stamina:38
[08Mar2025 17:22:13.086] [Render thread/INFO] [net.mcreator.tloa.TloaMod/]: Rounded Stamina38
[08Mar2025 17:22:13.086] [Render thread/INFO] [net.mcreator.tloa.TloaMod/]: Can Stamina:true
[08Mar2025 17:22:13.086] [Render thread/INFO] [net.mcreator.tloa.TloaMod/]: Max Stamina50.0
[08Mar2025 17:22:13.134] [Server thread/INFO] [net.mcreator.tloa.TloaMod/]: Current Stamina:38
[08Mar2025 17:22:13.134] [Server thread/INFO] [net.mcreator.tloa.TloaMod/]: Rounded Stamina38
[08Mar2025 17:22:13.134] [Server thread/INFO] [net.mcreator.tloa.TloaMod/]: Can Stamina:true
[08Mar2025 17:22:13.134] [Server thread/INFO] [net.mcreator.tloa.TloaMod/]: Max Stamina50.0
[08Mar2025 17:22:13.136] [Render thread/INFO] [net.mcreator.tloa.TloaMod/]: Current Stamina:37.5
[08Mar2025 17:22:13.137] [Render thread/INFO] [net.mcreator.tloa.TloaMod/]: Rounded Stamina38
[08Mar2025 17:22:13.137] [Render thread/INFO] [net.mcreator.tloa.TloaMod/]: Can Stamina:true
[08Mar2025 17:22:13.137] [Render thread/INFO] [net.mcreator.tloa.TloaMod/]: Max Stamina50.0
[08Mar2025 17:22:13.181] [Server thread/INFO] [net.mcreator.tloa.TloaMod/]: Current Stamina:37.5
[08Mar2025 17:22:13.181] [Server thread/INFO] [net.mcreator.tloa.TloaMod/]: Rounded Stamina38
[08Mar2025 17:22:13.181] [Server thread/INFO] [net.mcreator.tloa.TloaMod/]: Can Stamina:true
[08Mar2025 17:22:13.181] [Server thread/INFO] [net.mcreator.tloa.TloaMod/]: Max Stamina50.0
[08Mar2025 17:22:13.186] [Render thread/INFO] [net.mcreator.tloa.TloaMod/]: Current Stamina:37
[08Mar2025 17:22:13.186] [Render thread/INFO] [net.mcreator.tloa.TloaMod/]: Rounded Stamina37
[08Mar2025 17:22:13.186] [Render thread/INFO] [net.mcreator.tloa.TloaMod/]: Can Stamina:true
[08Mar2025 17:22:13.186] [Render thread/INFO] [net.mcreator.tloa.TloaMod/]: Max Stamina50.0
[08Mar2025 17:22:13.232] [Server thread/INFO] [net.mcreator.tloa.TloaMod/]: Current Stamina:37
[08Mar2025 17:22:13.232] [Server thread/INFO] [net.mcreator.tloa.TloaMod/]: Rounded Stamina37
[08Mar2025 17:22:13.232] [Server thread/INFO] [net.mcreator.tloa.TloaMod/]: Can Stamina:true
[08Mar2025 17:22:13.232] [Server thread/INFO] [net.mcreator.tloa.TloaMod/]: Max Stamina50.0
[08Mar2025 17:22:13.236] [Render thread/INFO] [net.mcreator.tloa.TloaMod/]: Current Stamina:36.5
[08Mar2025 17:22:13.236] [Render thread/INFO] [net.mcreator.tloa.TloaMod/]: Rounded Stamina37
[08Mar2025 17:22:13.236] [Render thread/INFO] [net.mcreator.tloa.TloaMod/]: Can Stamina:true
[08Mar2025 17:22:13.236] [Render thread/INFO] [net.mcreator.tloa.TloaMod/]: Max Stamina50.0
[08Mar2025 17:22:13.280] [Server thread/INFO] [net.mcreator.tloa.TloaMod/]: Current Stamina:36.5
[08Mar2025 17:22:13.280] [Server thread/INFO] [net.mcreator.tloa.TloaMod/]: Rounded Stamina37
[08Mar2025 17:22:13.280] [Server thread/INFO] [net.mcreator.tloa.TloaMod/]: Can Stamina:true
[08Mar2025 17:22:13.280] [Server thread/INFO] [net.mcreator.tloa.TloaMod/]: Max Stamina50.0
[08Mar2025 17:22:13.286] [Render thread/INFO] [net.mcreator.tloa.TloaMod/]: Current Stamina:36
[08Mar2025 17:22:13.286] [Render thread/INFO] [net.mcreator.tloa.TloaMod/]: Rounded Stamina36
[08Mar2025 17:22:13.286] [Render thread/INFO] [net.mcreator.tloa.TloaMod/]: Can Stamina:true
[08Mar2025 17:22:13.287] [Render thread/INFO] [net.mcreator.tloa.TloaMod/]: Max Stamina50.0
[08Mar2025 17:22:13.335] [Server thread/INFO] [net.mcreator.tloa.TloaMod/]: Current Stamina:36
[08Mar2025 17:22:13.335] [Server thread/INFO] [net.mcreator.tloa.TloaMod/]: Rounded Stamina36
[08Mar2025 17:22:13.335] [Server thread/INFO] [net.mcreator.tloa.TloaMod/]: Can Stamina:true
[08Mar2025 17:22:13.335] [Server thread/INFO] [net.mcreator.tloa.TloaMod/]: Max Stamina50.0
[08Mar2025 17:22:13.338] [Render thread/INFO] [net.mcreator.tloa.TloaMod/]: Current Stamina:35.5
[08Mar2025 17:22:13.338] [Render thread/INFO] [net.mcreator.tloa.TloaMod/]: Rounded Stamina36
[08Mar2025 17:22:13.338] [Render thread/INFO] [net.mcreator.tloa.TloaMod/]: Can Stamina:true
[08Mar2025 17:22:13.338] [Render thread/INFO] [net.mcreator.tloa.TloaMod/]: Max Stamina50.0
[08Mar2025 17:22:13.377] [Server thread/INFO] [net.mcreator.tloa.TloaMod/]: Current Stamina:35.5
[08Mar2025 17:22:13.377] [Server thread/INFO] [net.mcreator.tloa.TloaMod/]: Rounded Stamina36
[08Mar2025 17:22:13.377] [Server thread/INFO] [net.mcreator.tloa.TloaMod/]: Can Stamina:true
[08Mar2025 17:22:13.377] [Server thread/INFO] [net.mcreator.tloa.TloaMod/]: Max Stamina50.0
[08Mar2025 17:22:13.387] [Render thread/INFO] [net.mcreator.tloa.TloaMod/]: Current Stamina:35
[08Mar2025 17:22:13.388] [Render thread/INFO] [net.mcreator.tloa.TloaMod/]: Rounded Stamina35
[08Mar2025 17:22:13.388] [Render thread/INFO] [net.mcreator.tloa.TloaMod/]: Can Stamina:true
[08Mar2025 17:22:13.388] [Render thread/INFO] [net.mcreator.tloa.TloaMod/]: Max Stamina50.0
[08Mar2025 17:22:13.430] [Server thread/INFO] [net.mcreator.tloa.TloaMod/]: Current Stamina:35
[08Mar2025 17:22:13.431] [Server thread/INFO] [net.mcreator.tloa.TloaMod/]: Rounded Stamina35
[08Mar2025 17:22:13.431] [Server thread/INFO] [net.mcreator.tloa.TloaMod/]: Can Stamina:true
[08Mar2025 17:22:13.431] [Server thread/INFO] [net.mcreator.tloa.TloaMod/]: Max Stamina50.0
[08Mar2025 17:22:13.437] [Render thread/INFO] [net.mcreator.tloa.TloaMod/]: Current Stamina:34.5
[08Mar2025 17:22:13.437] [Render thread/INFO] [net.mcreator.tloa.TloaMod/]: Rounded Stamina35
[08Mar2025 17:22:13.437] [Render thread/INFO] [net.mcreator.tloa.TloaMod/]: Can Stamina:true
[08Mar2025 17:22:13.437] [Render thread/INFO] [net.mcreator.tloa.TloaMod/]: Max Stamina50.0
[08Mar2025 17:22:13.481] [Server thread/INFO] [net.mcreator.tloa.TloaMod/]: Current Stamina:34.5
[08Mar2025 17:22:13.481] [Server thread/INFO] [net.mcreator.tloa.TloaMod/]: Rounded Stamina35
[08Mar2025 17:22:13.481] [Server thread/INFO] [net.mcreator.tloa.TloaMod/]: Can Stamina:true
[08Mar2025 17:22:13.481] [Server thread/INFO] [net.mcreator.tloa.TloaMod/]: Max Stamina50.0
[08Mar2025 17:22:13.486] [Render thread/INFO] [net.mcreator.tloa.TloaMod/]: Current Stamina:34
[08Mar2025 17:22:13.486] [Render thread/INFO] [net.mcreator.tloa.TloaMod/]: Rounded Stamina34
[08Mar2025 17:22:13.486] [Render thread/INFO] [net.mcreator.tloa.TloaMod/]: Can Stamina:true
[08Mar2025 17:22:13.487] [Render thread/INFO] [net.mcreator.tloa.TloaMod/]: Max Stamina50.0
[08Mar2025 17:22:13.528] [Server thread/INFO] [net.mcreator.tloa.TloaMod/]: Current Stamina:34
[08Mar2025 17:22:13.529] [Server thread/INFO] [net.mcreator.tloa.TloaMod/]: Rounded Stamina34
[08Mar2025 17:22:13.529] [Server thread/INFO] [net.mcreator.tloa.TloaMod/]: Can Stamina:true
[08Mar2025 17:22:13.529] [Server thread/INFO] [net.mcreator.tloa.TloaMod/]: Max Stamina50.0
[08Mar2025 17:22:13.536] [Render thread/INFO] [net.mcreator.tloa.TloaMod/]: Current Stamina:33.5
[08Mar2025 17:22:13.536] [Render thread/INFO] [net.mcreator.tloa.TloaMod/]: Rounded Stamina34
[08Mar2025 17:22:13.536] [Render thread/INFO] [net.mcreator.tloa.TloaMod/]: Can Stamina:true
[08Mar2025 17:22:13.536] [Render thread/INFO] [net.mcreator.tloa.TloaMod/]: Max Stamina50.0
[08Mar2025 17:22:13.581] [Server thread/INFO] [net.mcreator.tloa.TloaMod/]: Current Stamina:33.5
[08Mar2025 17:22:13.581] [Server thread/INFO] [net.mcreator.tloa.TloaMod/]: Rounded Stamina34
[08Mar2025 17:22:13.581] [Server thread/INFO] [net.mcreator.tloa.TloaMod/]: Can Stamina:true
[08Mar2025 17:22:13.581] [Server thread/INFO] [net.mcreator.tloa.TloaMod/]: Max Stamina50.0
[08Mar2025 17:22:13.586] [Render thread/INFO] [net.mcreator.tloa.TloaMod/]: Current Stamina:33
[08Mar2025 17:22:13.586] [Render thread/INFO] [net.mcreator.tloa.TloaMod/]: Rounded Stamina33
[08Mar2025 17:22:13.586] [Render thread/INFO] [net.mcreator.tloa.TloaMod/]: Can Stamina:true
[08Mar2025 17:22:13.586] [Render thread/INFO] [net.mcreator.tloa.TloaMod/]: Max Stamina50.0
[08Mar2025 17:22:13.634] [Server thread/INFO] [net.mcreator.tloa.TloaMod/]: Current Stamina:33
[08Mar2025 17:22:13.634] [Server thread/INFO] [net.mcreator.tloa.TloaMod/]: Rounded Stamina33
[08Mar2025 17:22:13.634] [Server thread/INFO] [net.mcreator.tloa.TloaMod/]: Can Stamina:true
[08Mar2025 17:22:13.634] [Server thread/INFO] [net.mcreator.tloa.TloaMod/]: Max Stamina50.0
[08Mar2025 17:22:13.635] [Render thread/INFO] [net.mcreator.tloa.TloaMod/]: Current Stamina:32.5
[08Mar2025 17:22:13.635] [Render thread/INFO] [net.mcreator.tloa.TloaMod/]: Rounded Stamina33
[08Mar2025 17:22:13.635] [Render thread/INFO] [net.mcreator.tloa.TloaMod/]: Can Stamina:true
[08Mar2025 17:22:13.635] [Render thread/INFO] [net.mcreator.tloa.TloaMod/]: Max Stamina50.0
[08Mar2025 17:22:13.679] [Server thread/INFO] [net.mcreator.tloa.TloaMod/]: Current Stamina:32.5
[08Mar2025 17:22:13.679] [Server thread/INFO] [net.mcreator.tloa.TloaMod/]: Rounded Stamina33
[08Mar2025 17:22:13.679] [Server thread/INFO] [net.mcreator.tloa.TloaMod/]: Can Stamina:true
[08Mar2025 17:22:13.679] [Server thread/INFO] [net.mcreator.tloa.TloaMod/]: Max Stamina50.0
[08Mar2025 17:22:13.686] [Render thread/INFO] [net.mcreator.tloa.TloaMod/]: Current Stamina:32
[08Mar2025 17:22:13.686] [Render thread/INFO] [net.mcreator.tloa.TloaMod/]: Rounded Stamina32
[08Mar2025 17:22:13.686] [Render thread/INFO] [net.mcreator.tloa.TloaMod/]: Can Stamina:true
[08Mar2025 17:22:13.686] [Render thread/INFO] [net.mcreator.tloa.TloaMod/]: Max Stamina50.0
[08Mar2025 17:22:13.730] [Server thread/INFO] [net.mcreator.tloa.TloaMod/]: Current Stamina:32
[08Mar2025 17:22:13.731] [Server thread/INFO] [net.mcreator.tloa.TloaMod/]: Rounded Stamina32
[08Mar2025 17:22:13.731] [Server thread/INFO] [net.mcreator.tloa.TloaMod/]: Can Stamina:true
[08Mar2025 17:22:13.731] [Server thread/INFO] [net.mcreator.tloa.TloaMod/]: Max Stamina50.0
[08Mar2025 17:22:13.737] [Render thread/INFO] [net.mcreator.tloa.TloaMod/]: Current Stamina:31.5
[08Mar2025 17:22:13.737] [Render thread/INFO] [net.mcreator.tloa.TloaMod/]: Rounded Stamina32
[08Mar2025 17:22:13.737] [Render thread/INFO] [net.mcreator.tloa.TloaMod/]: Can Stamina:true
[08Mar2025 17:22:13.737] [Render thread/INFO] [net.mcreator.tloa.TloaMod/]: Max Stamina50.0
[08Mar2025 17:22:13.779] [Server thread/INFO] [net.mcreator.tloa.TloaMod/]: Current Stamina:31.5
[08Mar2025 17:22:13.779] [Server thread/INFO] [net.mcreator.tloa.TloaMod/]: Rounded Stamina32
[08Mar2025 17:22:13.779] [Server thread/INFO] [net.mcreator.tloa.TloaMod/]: Can Stamina:true
[08Mar2025 17:22:13.779] [Server thread/INFO] [net.mcreator.tloa.TloaMod/]: Max Stamina50.0
[08Mar2025 17:22:13.786] [Render thread/INFO] [net.mcreator.tloa.TloaMod/]: Current Stamina:31
[08Mar2025 17:22:13.786] [Render thread/INFO] [net.mcreator.tloa.TloaMod/]: Rounded Stamina31
[08Mar2025 17:22:13.786] [Render thread/INFO] [net.mcreator.tloa.TloaMod/]: Can Stamina:true
[08Mar2025 17:22:13.786] [Render thread/INFO] [net.mcreator.tloa.TloaMod/]: Max Stamina50.0
[08Mar2025 17:22:13.827] [Server thread/INFO] [net.mcreator.tloa.TloaMod/]: Current Stamina:31
[08Mar2025 17:22:13.827] [Server thread/INFO] [net.mcreator.tloa.TloaMod/]: Rounded Stamina31
[08Mar2025 17:22:13.827] [Server thread/INFO] [net.mcreator.tloa.TloaMod/]: Can Stamina:true
[08Mar2025 17:22:13.827] [Server thread/INFO] [net.mcreator.tloa.TloaMod/]: Max Stamina50.0
[08Mar2025 17:22:13.837] [Render thread/INFO] [net.mcreator.tloa.TloaMod/]: Current Stamina:30.5
[08Mar2025 17:22:13.837] [Render thread/INFO] [net.mcreator.tloa.TloaMod/]: Rounded Stamina31
[08Mar2025 17:22:13.837] [Render thread/INFO] [net.mcreator.tloa.TloaMod/]: Can Stamina:true
[08Mar2025 17:22:13.837] [Render thread/INFO] [net.mcreator.tloa.TloaMod/]: Max Stamina50.0
[08Mar2025 17:22:13.879] [Server thread/INFO] [net.mcreator.tloa.TloaMod/]: Current Stamina:30.5
[08Mar2025 17:22:13.879] [Server thread/INFO] [net.mcreator.tloa.TloaMod/]: Rounded Stamina31
[08Mar2025 17:22:13.879] [Server thread/INFO] [net.mcreator.tloa.TloaMod/]: Can Stamina:true
[08Mar2025 17:22:13.879] [Server thread/INFO] [net.mcreator.tloa.TloaMod/]: Max Stamina50.0
[08Mar2025 17:22:13.886] [Render thread/INFO] [net.mcreator.tloa.TloaMod/]: Current Stamina:30
[08Mar2025 17:22:13.886] [Render thread/INFO] [net.mcreator.tloa.TloaMod/]: Rounded Stamina30
[08Mar2025 17:22:13.886] [Render thread/INFO] [net.mcreator.tloa.TloaMod/]: Can Stamina:true
[08Mar2025 17:22:13.886] [Render thread/INFO] [net.mcreator.tloa.TloaMod/]: Max Stamina50.0
[08Mar2025 17:22:13.928] [Server thread/INFO] [net.mcreator.tloa.TloaMod/]: Current Stamina:30
[08Mar2025 17:22:13.928] [Server thread/INFO] [net.mcreator.tloa.TloaMod/]: Rounded Stamina30
[08Mar2025 17:22:13.929] [Server thread/INFO] [net.mcreator.tloa.TloaMod/]: Can Stamina:true
[08Mar2025 17:22:13.929] [Server thread/INFO] [net.mcreator.tloa.TloaMod/]: Max Stamina50.0
[08Mar2025 17:22:13.936] [Render thread/INFO] [net.mcreator.tloa.TloaMod/]: Current Stamina:29.5
[08Mar2025 17:22:13.936] [Render thread/INFO] [net.mcreator.tloa.TloaMod/]: Rounded Stamina30
[08Mar2025 17:22:13.936] [Render thread/INFO] [net.mcreator.tloa.TloaMod/]: Can Stamina:true
[08Mar2025 17:22:13.936] [Render thread/INFO] [net.mcreator.tloa.TloaMod/]: Max Stamina50.0
[08Mar2025 17:22:13.977] [Server thread/INFO] [net.mcreator.tloa.TloaMod/]: Current Stamina:29.5
[08Mar2025 17:22:13.977] [Server thread/INFO] [net.mcreator.tloa.TloaMod/]: Rounded Stamina30
[08Mar2025 17:22:13.977] [Server thread/INFO] [net.mcreator.tloa.TloaMod/]: Can Stamina:true
[08Mar2025 17:22:13.977] [Server thread/INFO] [net.mcreator.tloa.TloaMod/]: Max Stamina50.0
[08Mar2025 17:22:13.985] [Render thread/INFO] [net.mcreator.tloa.TloaMod/]: Current Stamina:29
[08Mar2025 17:22:13.986] [Render thread/INFO] [net.mcreator.tloa.TloaMod/]: Rounded Stamina29
[08Mar2025 17:22:13.986] [Render thread/INFO] [net.mcreator.tloa.TloaMod/]: Can Stamina:true
[08Mar2025 17:22:13.986] [Render thread/INFO] [net.mcreator.tloa.TloaMod/]: Max Stamina50.0
[08Mar2025 17:22:14.029] [Server thread/INFO] [net.mcreator.tloa.TloaMod/]: Current Stamina:29
[08Mar2025 17:22:14.029] [Server thread/INFO] [net.mcreator.tloa.TloaMod/]: Rounded Stamina29
[08Mar2025 17:22:14.029] [Server thread/INFO] [net.mcreator.tloa.TloaMod/]: Can Stamina:true
[08Mar2025 17:22:14.029] [Server thread/INFO] [net.mcreator.tloa.TloaMod/]: Max Stamina50.0
[08Mar2025 17:22:14.037] [Render thread/INFO] [net.mcreator.tloa.TloaMod/]: Current Stamina:28.5
[08Mar2025 17:22:14.037] [Render thread/INFO] [net.mcreator.tloa.TloaMod/]: Rounded Stamina29
[08Mar2025 17:22:14.037] [Render thread/INFO] [net.mcreator.tloa.TloaMod/]: Can Stamina:true
[08Mar2025 17:22:14.037] [Render thread/INFO] [net.mcreator.tloa.TloaMod/]: Max Stamina50.0
[08Mar2025 17:22:14.081] [Server thread/INFO] [net.mcreator.tloa.TloaMod/]: Current Stamina:28.5
[08Mar2025 17:22:14.081] [Server thread/INFO] [net.mcreator.tloa.TloaMod/]: Rounded Stamina29
[08Mar2025 17:22:14.081] [Server thread/INFO] [net.mcreator.tloa.TloaMod/]: Can Stamina:true
[08Mar2025 17:22:14.081] [Server thread/INFO] [net.mcreator.tloa.TloaMod/]: Max Stamina50.0
[08Mar2025 17:22:14.085] [Render thread/INFO] [net.mcreator.tloa.TloaMod/]: Current Stamina:28
[08Mar2025 17:22:14.086] [Render thread/INFO] [net.mcreator.tloa.TloaMod/]: Rounded Stamina28
[08Mar2025 17:22:14.086] [Render thread/INFO] [net.mcreator.tloa.TloaMod/]: Can Stamina:true
[08Mar2025 17:22:14.086] [Render thread/INFO] [net.mcreator.tloa.TloaMod/]: Max Stamina50.0
[08Mar2025 17:22:14.127] [Server thread/INFO] [net.mcreator.tloa.TloaMod/]: Current Stamina:28
[08Mar2025 17:22:14.127] [Server thread/INFO] [net.mcreator.tloa.TloaMod/]: Rounded Stamina28
[08Mar2025 17:22:14.127] [Server thread/INFO] [net.mcreator.tloa.TloaMod/]: Can Stamina:true
[08Mar2025 17:22:14.127] [Server thread/INFO] [net.mcreator.tloa.TloaMod/]: Max Stamina50.0
[08Mar2025 17:22:14.137] [Render thread/INFO] [net.mcreator.tloa.TloaMod/]: Current Stamina:27.5
[08Mar2025 17:22:14.137] [Render thread/INFO] [net.mcreator.tloa.TloaMod/]: Rounded Stamina28
[08Mar2025 17:22:14.137] [Render thread/INFO] [net.mcreator.tloa.TloaMod/]: Can Stamina:true
[08Mar2025 17:22:14.137] [Render thread/INFO] [net.mcreator.tloa.TloaMod/]: Max Stamina50.0
[08Mar2025 17:22:14.179] [Server thread/INFO] [net.mcreator.tloa.TloaMod/]: Current Stamina:27.5
[08Mar2025 17:22:14.179] [Server thread/INFO] [net.mcreator.tloa.TloaMod/]: Rounded Stamina28
[08Mar2025 17:22:14.179] [Server thread/INFO] [net.mcreator.tloa.TloaMod/]: Can Stamina:true
[08Mar2025 17:22:14.179] [Server thread/INFO] [net.mcreator.tloa.TloaMod/]: Max Stamina50.0
[08Mar2025 17:22:14.186] [Render thread/INFO] [net.mcreator.tloa.TloaMod/]: Current Stamina:27
[08Mar2025 17:22:14.186] [Render thread/INFO] [net.mcreator.tloa.TloaMod/]: Rounded Stamina27
[08Mar2025 17:22:14.186] [Render thread/INFO] [net.mcreator.tloa.TloaMod/]: Can Stamina:true
[08Mar2025 17:22:14.187] [Render thread/INFO] [net.mcreator.tloa.TloaMod/]: Max Stamina50.0
[08Mar2025 17:22:14.228] [Server thread/INFO] [net.mcreator.tloa.TloaMod/]: Current Stamina:27
[08Mar2025 17:22:14.228] [Server thread/INFO] [net.mcreator.tloa.TloaMod/]: Rounded Stamina27
[08Mar2025 17:22:14.228] [Server thread/INFO] [net.mcreator.tloa.TloaMod/]: Can Stamina:true
[08Mar2025 17:22:14.228] [Server thread/INFO] [net.mcreator.tloa.TloaMod/]: Max Stamina50.0
[08Mar2025 17:22:14.236] [Render thread/INFO] [net.mcreator.tloa.TloaMod/]: Current Stamina:26.5
[08Mar2025 17:22:14.236] [Render thread/INFO] [net.mcreator.tloa.TloaMod/]: Rounded Stamina27
[08Mar2025 17:22:14.236] [Render thread/INFO] [net.mcreator.tloa.TloaMod/]: Can Stamina:true
[08Mar2025 17:22:14.236] [Render thread/INFO] [net.mcreator.tloa.TloaMod/]: Max Stamina50.0
[08Mar2025 17:22:14.280] [Server thread/INFO] [net.mcreator.tloa.TloaMod/]: Current Stamina:26.5
[08Mar2025 17:22:14.281] [Server thread/INFO] [net.mcreator.tloa.TloaMod/]: Rounded Stamina27
[08Mar2025 17:22:14.281] [Server thread/INFO] [net.mcreator.tloa.TloaMod/]: Can Stamina:true
[08Mar2025 17:22:14.281] [Server thread/INFO] [net.mcreator.tloa.TloaMod/]: Max Stamina50.0
[08Mar2025 17:22:14.285] [Render thread/INFO] [net.mcreator.tloa.TloaMod/]: Current Stamina:26
[08Mar2025 17:22:14.285] [Render thread/INFO] [net.mcreator.tloa.TloaMod/]: Rounded Stamina26
[08Mar2025 17:22:14.285] [Render thread/INFO] [net.mcreator.tloa.TloaMod/]: Can Stamina:true
[08Mar2025 17:22:14.285] [Render thread/INFO] [net.mcreator.tloa.TloaMod/]: Max Stamina50.0
[08Mar2025 17:22:14.331] [Server thread/INFO] [net.mcreator.tloa.TloaMod/]: Current Stamina:26
[08Mar2025 17:22:14.331] [Server thread/INFO] [net.mcreator.tloa.TloaMod/]: Rounded Stamina26
[08Mar2025 17:22:14.331] [Server thread/INFO] [net.mcreator.tloa.TloaMod/]: Can Stamina:true
[08Mar2025 17:22:14.331] [Server thread/INFO] [net.mcreator.tloa.TloaMod/]: Max Stamina50.0
[08Mar2025 17:22:14.336] [Render thread/INFO] [net.mcreator.tloa.TloaMod/]: Current Stamina:25.5
[08Mar2025 17:22:14.338] [Render thread/INFO] [net.mcreator.tloa.TloaMod/]: Rounded Stamina26
[08Mar2025 17:22:14.338] [Render thread/INFO] [net.mcreator.tloa.TloaMod/]: Can Stamina:true
[08Mar2025 17:22:14.338] [Render thread/INFO] [net.mcreator.tloa.TloaMod/]: Max Stamina50.0
[08Mar2025 17:22:14.381] [Server thread/INFO] [net.mcreator.tloa.TloaMod/]: Current Stamina:25.5
[08Mar2025 17:22:14.381] [Server thread/INFO] [net.mcreator.tloa.TloaMod/]: Rounded Stamina26
[08Mar2025 17:22:14.381] [Server thread/INFO] [net.mcreator.tloa.TloaMod/]: Can Stamina:true
[08Mar2025 17:22:14.381] [Server thread/INFO] [net.mcreator.tloa.TloaMod/]: Max Stamina50.0
[08Mar2025 17:22:14.386] [Render thread/INFO] [net.mcreator.tloa.TloaMod/]: Current Stamina:25
[08Mar2025 17:22:14.387] [Render thread/INFO] [net.mcreator.tloa.TloaMod/]: Rounded Stamina25
[08Mar2025 17:22:14.387] [Render thread/INFO] [net.mcreator.tloa.TloaMod/]: Can Stamina:true
[08Mar2025 17:22:14.387] [Render thread/INFO] [net.mcreator.tloa.TloaMod/]: Max Stamina50.0
[08Mar2025 17:22:14.433] [Server thread/INFO] [net.mcreator.tloa.TloaMod/]: Current Stamina:25
[08Mar2025 17:22:14.433] [Server thread/INFO] [net.mcreator.tloa.TloaMod/]: Rounded Stamina25
[08Mar2025 17:22:14.433] [Server thread/INFO] [net.mcreator.tloa.TloaMod/]: Can Stamina:true
[08Mar2025 17:22:14.433] [Server thread/INFO] [net.mcreator.tloa.TloaMod/]: Max Stamina50.0
[08Mar2025 17:22:14.437] [Render thread/INFO] [net.mcreator.tloa.TloaMod/]: Current Stamina:24.5
[08Mar2025 17:22:14.437] [Render thread/INFO] [net.mcreator.tloa.TloaMod/]: Rounded Stamina25
[08Mar2025 17:22:14.437] [Render thread/INFO] [net.mcreator.tloa.TloaMod/]: Can Stamina:true
[08Mar2025 17:22:14.437] [Render thread/INFO] [net.mcreator.tloa.TloaMod/]: Max Stamina50.0
[08Mar2025 17:22:14.481] [Server thread/INFO] [net.mcreator.tloa.TloaMod/]: Current Stamina:24.5
[08Mar2025 17:22:14.481] [Server thread/INFO] [net.mcreator.tloa.TloaMod/]: Rounded Stamina25
[08Mar2025 17:22:14.481] [Server thread/INFO] [net.mcreator.tloa.TloaMod/]: Can Stamina:true
[08Mar2025 17:22:14.481] [Server thread/INFO] [net.mcreator.tloa.TloaMod/]: Max Stamina50.0
[08Mar2025 17:22:14.485] [Render thread/INFO] [net.mcreator.tloa.TloaMod/]: Current Stamina:24
[08Mar2025 17:22:14.486] [Render thread/INFO] [net.mcreator.tloa.TloaMod/]: Rounded Stamina24
[08Mar2025 17:22:14.486] [Render thread/INFO] [net.mcreator.tloa.TloaMod/]: Can Stamina:true
[08Mar2025 17:22:14.486] [Render thread/INFO] [net.mcreator.tloa.TloaMod/]: Max Stamina50.0
[08Mar2025 17:22:14.534] [Server thread/INFO] [net.mcreator.tloa.TloaMod/]: Current Stamina:24
[08Mar2025 17:22:14.535] [Server thread/INFO] [net.mcreator.tloa.TloaMod/]: Rounded Stamina24
[08Mar2025 17:22:14.535] [Server thread/INFO] [net.mcreator.tloa.TloaMod/]: Can Stamina:true
[08Mar2025 17:22:14.535] [Server thread/INFO] [net.mcreator.tloa.TloaMod/]: Max Stamina50.0
[08Mar2025 17:22:14.536] [Render thread/INFO] [net.mcreator.tloa.TloaMod/]: Current Stamina:23.5
[08Mar2025 17:22:14.536] [Render thread/INFO] [net.mcreator.tloa.TloaMod/]: Rounded Stamina24
[08Mar2025 17:22:14.536] [Render thread/INFO] [net.mcreator.tloa.TloaMod/]: Can Stamina:true
[08Mar2025 17:22:14.536] [Render thread/INFO] [net.mcreator.tloa.TloaMod/]: Max Stamina50.0
[08Mar2025 17:22:14.581] [Server thread/INFO] [net.mcreator.tloa.TloaMod/]: Current Stamina:23.5
[08Mar2025 17:22:14.581] [Server thread/INFO] [net.mcreator.tloa.TloaMod/]: Rounded Stamina24
[08Mar2025 17:22:14.581] [Server thread/INFO] [net.mcreator.tloa.TloaMod/]: Can Stamina:true
[08Mar2025 17:22:14.582] [Server thread/INFO] [net.mcreator.tloa.TloaMod/]: Max Stamina50.0
[08Mar2025 17:22:14.587] [Render thread/INFO] [net.mcreator.tloa.TloaMod/]: Current Stamina:23
[08Mar2025 17:22:14.587] [Render thread/INFO] [net.mcreator.tloa.TloaMod/]: Rounded Stamina23
[08Mar2025 17:22:14.587] [Render thread/INFO] [net.mcreator.tloa.TloaMod/]: Can Stamina:true
[08Mar2025 17:22:14.587] [Render thread/INFO] [net.mcreator.tloa.TloaMod/]: Max Stamina50.0
[08Mar2025 17:22:14.636] [Render thread/INFO] [net.mcreator.tloa.TloaMod/]: Current Stamina:22.5
[08Mar2025 17:22:14.636] [Render thread/INFO] [net.mcreator.tloa.TloaMod/]: Rounded Stamina23
[08Mar2025 17:22:14.636] [Render thread/INFO] [net.mcreator.tloa.TloaMod/]: Can Stamina:true
[08Mar2025 17:22:14.636] [Render thread/INFO] [net.mcreator.tloa.TloaMod/]: Max Stamina50.0
[08Mar2025 17:22:14.637] [Server thread/INFO] [net.mcreator.tloa.TloaMod/]: Current Stamina:23
[08Mar2025 17:22:14.638] [Server thread/INFO] [net.mcreator.tloa.TloaMod/]: Rounded Stamina23
[08Mar2025 17:22:14.638] [Server thread/INFO] [net.mcreator.tloa.TloaMod/]: Can Stamina:true
[08Mar2025 17:22:14.638] [Server thread/INFO] [net.mcreator.tloa.TloaMod/]: Max Stamina50.0
[08Mar2025 17:22:14.679] [Server thread/INFO] [net.mcreator.tloa.TloaMod/]: Current Stamina:22.5
[08Mar2025 17:22:14.679] [Server thread/INFO] [net.mcreator.tloa.TloaMod/]: Rounded Stamina23
[08Mar2025 17:22:14.679] [Server thread/INFO] [net.mcreator.tloa.TloaMod/]: Can Stamina:true
[08Mar2025 17:22:14.679] [Server thread/INFO] [net.mcreator.tloa.TloaMod/]: Max Stamina50.0
[08Mar2025 17:22:14.687] [Render thread/INFO] [net.mcreator.tloa.TloaMod/]: Current Stamina:22
[08Mar2025 17:22:14.687] [Render thread/INFO] [net.mcreator.tloa.TloaMod/]: Rounded Stamina22
[08Mar2025 17:22:14.687] [Render thread/INFO] [net.mcreator.tloa.TloaMod/]: Can Stamina:true
[08Mar2025 17:22:14.687] [Render thread/INFO] [net.mcreator.tloa.TloaMod/]: Max Stamina50.0
[08Mar2025 17:22:14.732] [Server thread/INFO] [net.mcreator.tloa.TloaMod/]: Current Stamina:22
[08Mar2025 17:22:14.732] [Server thread/INFO] [net.mcreator.tloa.TloaMod/]: Rounded Stamina22
[08Mar2025 17:22:14.732] [Server thread/INFO] [net.mcreator.tloa.TloaMod/]: Can Stamina:true
[08Mar2025 17:22:14.732] [Server thread/INFO] [net.mcreator.tloa.TloaMod/]: Max Stamina50.0
[08Mar2025 17:22:14.736] [Render thread/INFO] [net.mcreator.tloa.TloaMod/]: Current Stamina:21.5
[08Mar2025 17:22:14.736] [Render thread/INFO] [net.mcreator.tloa.TloaMod/]: Rounded Stamina22
[08Mar2025 17:22:14.736] [Render thread/INFO] [net.mcreator.tloa.TloaMod/]: Can Stamina:true
[08Mar2025 17:22:14.736] [Render thread/INFO] [net.mcreator.tloa.TloaMod/]: Max Stamina50.0
[08Mar2025 17:22:14.780] [Server thread/INFO] [net.mcreator.tloa.TloaMod/]: Current Stamina:21.5
[08Mar2025 17:22:14.780] [Server thread/INFO] [net.mcreator.tloa.TloaMod/]: Rounded Stamina22
[08Mar2025 17:22:14.780] [Server thread/INFO] [net.mcreator.tloa.TloaMod/]: Can Stamina:true
[08Mar2025 17:22:14.780] [Server thread/INFO] [net.mcreator.tloa.TloaMod/]: Max Stamina50.0
[08Mar2025 17:22:14.786] [Render thread/INFO] [net.mcreator.tloa.TloaMod/]: Current Stamina:21
[08Mar2025 17:22:14.787] [Render thread/INFO] [net.mcreator.tloa.TloaMod/]: Rounded Stamina21
[08Mar2025 17:22:14.787] [Render thread/INFO] [net.mcreator.tloa.TloaMod/]: Can Stamina:true
[08Mar2025 17:22:14.787] [Render thread/INFO] [net.mcreator.tloa.TloaMod/]: Max Stamina50.0
[08Mar2025 17:22:14.835] [Server thread/INFO] [net.mcreator.tloa.TloaMod/]: Current Stamina:21
[08Mar2025 17:22:14.835] [Server thread/INFO] [net.mcreator.tloa.TloaMod/]: Rounded Stamina21
[08Mar2025 17:22:14.835] [Server thread/INFO] [net.mcreator.tloa.TloaMod/]: Can Stamina:true
[08Mar2025 17:22:14.835] [Server thread/INFO] [net.mcreator.tloa.TloaMod/]: Max Stamina50.0
[08Mar2025 17:22:14.836] [Render thread/INFO] [net.mcreator.tloa.TloaMod/]: Current Stamina:20.5
[08Mar2025 17:22:14.836] [Render thread/INFO] [net.mcreator.tloa.TloaMod/]: Rounded Stamina21
[08Mar2025 17:22:14.836] [Render thread/INFO] [net.mcreator.tloa.TloaMod/]: Can Stamina:true
[08Mar2025 17:22:14.836] [Render thread/INFO] [net.mcreator.tloa.TloaMod/]: Max Stamina50.0
[08Mar2025 17:22:14.879] [Server thread/INFO] [net.mcreator.tloa.TloaMod/]: Current Stamina:20.5
[08Mar2025 17:22:14.879] [Server thread/INFO] [net.mcreator.tloa.TloaMod/]: Rounded Stamina21
[08Mar2025 17:22:14.879] [Server thread/INFO] [net.mcreator.tloa.TloaMod/]: Can Stamina:true
[08Mar2025 17:22:14.879] [Server thread/INFO] [net.mcreator.tloa.TloaMod/]: Max Stamina50.0
[08Mar2025 17:22:14.886] [Render thread/INFO] [net.mcreator.tloa.TloaMod/]: Current Stamina:20
[08Mar2025 17:22:14.886] [Render thread/INFO] [net.mcreator.tloa.TloaMod/]: Rounded Stamina20
[08Mar2025 17:22:14.886] [Render thread/INFO] [net.mcreator.tloa.TloaMod/]: Can Stamina:true
[08Mar2025 17:22:14.886] [Render thread/INFO] [net.mcreator.tloa.TloaMod/]: Max Stamina50.0
[08Mar2025 17:22:14.929] [Server thread/INFO] [net.mcreator.tloa.TloaMod/]: Current Stamina:20
[08Mar2025 17:22:14.929] [Server thread/INFO] [net.mcreator.tloa.TloaMod/]: Rounded Stamina20
[08Mar2025 17:22:14.929] [Server thread/INFO] [net.mcreator.tloa.TloaMod/]: Can Stamina:true
[08Mar2025 17:22:14.929] [Server thread/INFO] [net.mcreator.tloa.TloaMod/]: Max Stamina50.0
[08Mar2025 17:22:14.936] [Render thread/INFO] [net.mcreator.tloa.TloaMod/]: Current Stamina:19.5
[08Mar2025 17:22:14.937] [Render thread/INFO] [net.mcreator.tloa.TloaMod/]: Rounded Stamina20
[08Mar2025 17:22:14.937] [Render thread/INFO] [net.mcreator.tloa.TloaMod/]: Can Stamina:true
[08Mar2025 17:22:14.937] [Render thread/INFO] [net.mcreator.tloa.TloaMod/]: Max Stamina50.0
[08Mar2025 17:22:14.980] [Server thread/INFO] [net.mcreator.tloa.TloaMod/]: Current Stamina:19.5
[08Mar2025 17:22:14.980] [Server thread/INFO] [net.mcreator.tloa.TloaMod/]: Rounded Stamina20
[08Mar2025 17:22:14.980] [Server thread/INFO] [net.mcreator.tloa.TloaMod/]: Can Stamina:true
[08Mar2025 17:22:14.980] [Server thread/INFO] [net.mcreator.tloa.TloaMod/]: Max Stamina50.0
[08Mar2025 17:22:14.986] [Render thread/INFO] [net.mcreator.tloa.TloaMod/]: Current Stamina:19
[08Mar2025 17:22:14.986] [Render thread/INFO] [net.mcreator.tloa.TloaMod/]: Rounded Stamina19
[08Mar2025 17:22:14.986] [Render thread/INFO] [net.mcreator.tloa.TloaMod/]: Can Stamina:true
[08Mar2025 17:22:14.986] [Render thread/INFO] [net.mcreator.tloa.TloaMod/]: Max Stamina50.0
[08Mar2025 17:22:15.029] [Server thread/INFO] [net.mcreator.tloa.TloaMod/]: Current Stamina:19
[08Mar2025 17:22:15.030] [Server thread/INFO] [net.mcreator.tloa.TloaMod/]: Rounded Stamina19
[08Mar2025 17:22:15.030] [Server thread/INFO] [net.mcreator.tloa.TloaMod/]: Can Stamina:true
[08Mar2025 17:22:15.030] [Server thread/INFO] [net.mcreator.tloa.TloaMod/]: Max Stamina50.0
[08Mar2025 17:22:15.036] [Render thread/INFO] [net.mcreator.tloa.TloaMod/]: Current Stamina:18.5
[08Mar2025 17:22:15.036] [Render thread/INFO] [net.mcreator.tloa.TloaMod/]: Rounded Stamina19
[08Mar2025 17:22:15.036] [Render thread/INFO] [net.mcreator.tloa.TloaMod/]: Can Stamina:true
[08Mar2025 17:22:15.036] [Render thread/INFO] [net.mcreator.tloa.TloaMod/]: Max Stamina50.0
[08Mar2025 17:22:15.077] [Server thread/INFO] [net.mcreator.tloa.TloaMod/]: Current Stamina:18.5
[08Mar2025 17:22:15.077] [Server thread/INFO] [net.mcreator.tloa.TloaMod/]: Rounded Stamina19
[08Mar2025 17:22:15.077] [Server thread/INFO] [net.mcreator.tloa.TloaMod/]: Can Stamina:true
[08Mar2025 17:22:15.077] [Server thread/INFO] [net.mcreator.tloa.TloaMod/]: Max Stamina50.0
[08Mar2025 17:22:15.085] [Render thread/INFO] [net.mcreator.tloa.TloaMod/]: Current Stamina:18
[08Mar2025 17:22:15.086] [Render thread/INFO] [net.mcreator.tloa.TloaMod/]: Rounded Stamina18
[08Mar2025 17:22:15.086] [Render thread/INFO] [net.mcreator.tloa.TloaMod/]: Can Stamina:true
[08Mar2025 17:22:15.086] [Render thread/INFO] [net.mcreator.tloa.TloaMod/]: Max Stamina50.0
[08Mar2025 17:22:15.135] [Server thread/INFO] [net.mcreator.tloa.TloaMod/]: Current Stamina:18
[08Mar2025 17:22:15.135] [Server thread/INFO] [net.mcreator.tloa.TloaMod/]: Rounded Stamina18
[08Mar2025 17:22:15.135] [Server thread/INFO] [net.mcreator.tloa.TloaMod/]: Can Stamina:true
[08Mar2025 17:22:15.135] [Server thread/INFO] [net.mcreator.tloa.TloaMod/]: Max Stamina50.0
[08Mar2025 17:22:15.137] [Render thread/INFO] [net.mcreator.tloa.TloaMod/]: Current Stamina:17.5
[08Mar2025 17:22:15.137] [Render thread/INFO] [net.mcreator.tloa.TloaMod/]: Rounded Stamina18
[08Mar2025 17:22:15.137] [Render thread/INFO] [net.mcreator.tloa.TloaMod/]: Can Stamina:true
[08Mar2025 17:22:15.137] [Render thread/INFO] [net.mcreator.tloa.TloaMod/]: Max Stamina50.0
[08Mar2025 17:22:15.184] [Server thread/INFO] [net.mcreator.tloa.TloaMod/]: Current Stamina:17.5
[08Mar2025 17:22:15.184] [Server thread/INFO] [net.mcreator.tloa.TloaMod/]: Rounded Stamina18
[08Mar2025 17:22:15.184] [Server thread/INFO] [net.mcreator.tloa.TloaMod/]: Can Stamina:true
[08Mar2025 17:22:15.184] [Server thread/INFO] [net.mcreator.tloa.TloaMod/]: Max Stamina50.0
[08Mar2025 17:22:15.187] [Render thread/INFO] [net.mcreator.tloa.TloaMod/]: Current Stamina:17
[08Mar2025 17:22:15.187] [Render thread/INFO] [net.mcreator.tloa.TloaMod/]: Rounded Stamina17
[08Mar2025 17:22:15.187] [Render thread/INFO] [net.mcreator.tloa.TloaMod/]: Can Stamina:true
[08Mar2025 17:22:15.187] [Render thread/INFO] [net.mcreator.tloa.TloaMod/]: Max Stamina50.0
[08Mar2025 17:22:15.227] [Server thread/INFO] [net.mcreator.tloa.TloaMod/]: Current Stamina:17
[08Mar2025 17:22:15.227] [Server thread/INFO] [net.mcreator.tloa.TloaMod/]: Rounded Stamina17
[08Mar2025 17:22:15.227] [Server thread/INFO] [net.mcreator.tloa.TloaMod/]: Can Stamina:true
[08Mar2025 17:22:15.227] [Server thread/INFO] [net.mcreator.tloa.TloaMod/]: Max Stamina50.0
[08Mar2025 17:22:15.237] [Render thread/INFO] [net.mcreator.tloa.TloaMod/]: Current Stamina:16.5
[08Mar2025 17:22:15.237] [Render thread/INFO] [net.mcreator.tloa.TloaMod/]: Rounded Stamina17
[08Mar2025 17:22:15.237] [Render thread/INFO] [net.mcreator.tloa.TloaMod/]: Can Stamina:true
[08Mar2025 17:22:15.237] [Render thread/INFO] [net.mcreator.tloa.TloaMod/]: Max Stamina50.0
[08Mar2025 17:22:15.281] [Server thread/INFO] [net.mcreator.tloa.TloaMod/]: Current Stamina:16.5
[08Mar2025 17:22:15.281] [Server thread/INFO] [net.mcreator.tloa.TloaMod/]: Rounded Stamina17
[08Mar2025 17:22:15.281] [Server thread/INFO] [net.mcreator.tloa.TloaMod/]: Can Stamina:true
[08Mar2025 17:22:15.281] [Server thread/INFO] [net.mcreator.tloa.TloaMod/]: Max Stamina50.0
[08Mar2025 17:22:15.286] [Render thread/INFO] [net.mcreator.tloa.TloaMod/]: Current Stamina:16
[08Mar2025 17:22:15.286] [Render thread/INFO] [net.mcreator.tloa.TloaMod/]: Rounded Stamina16
[08Mar2025 17:22:15.286] [Render thread/INFO] [net.mcreator.tloa.TloaMod/]: Can Stamina:true
[08Mar2025 17:22:15.286] [Render thread/INFO] [net.mcreator.tloa.TloaMod/]: Max Stamina50.0
[08Mar2025 17:22:15.329] [Server thread/INFO] [net.mcreator.tloa.TloaMod/]: Current Stamina:16
[08Mar2025 17:22:15.330] [Server thread/INFO] [net.mcreator.tloa.TloaMod/]: Rounded Stamina16
[08Mar2025 17:22:15.330] [Server thread/INFO] [net.mcreator.tloa.TloaMod/]: Can Stamina:true
[08Mar2025 17:22:15.330] [Server thread/INFO] [net.mcreator.tloa.TloaMod/]: Max Stamina50.0
[08Mar2025 17:22:15.336] [Render thread/INFO] [net.mcreator.tloa.TloaMod/]: Current Stamina:15.5
[08Mar2025 17:22:15.337] [Render thread/INFO] [net.mcreator.tloa.TloaMod/]: Rounded Stamina16
[08Mar2025 17:22:15.337] [Render thread/INFO] [net.mcreator.tloa.TloaMod/]: Can Stamina:true
[08Mar2025 17:22:15.337] [Render thread/INFO] [net.mcreator.tloa.TloaMod/]: Max Stamina50.0
[08Mar2025 17:22:15.382] [Server thread/INFO] [net.mcreator.tloa.TloaMod/]: Current Stamina:15.5
[08Mar2025 17:22:15.383] [Server thread/INFO] [net.mcreator.tloa.TloaMod/]: Rounded Stamina16
[08Mar2025 17:22:15.383] [Server thread/INFO] [net.mcreator.tloa.TloaMod/]: Can Stamina:true
[08Mar2025 17:22:15.383] [Server thread/INFO] [net.mcreator.tloa.TloaMod/]: Max Stamina50.0
[08Mar2025 17:22:15.387] [Render thread/INFO] [net.mcreator.tloa.TloaMod/]: Current Stamina:15
[08Mar2025 17:22:15.387] [Render thread/INFO] [net.mcreator.tloa.TloaMod/]: Rounded Stamina15
[08Mar2025 17:22:15.387] [Render thread/INFO] [net.mcreator.tloa.TloaMod/]: Can Stamina:true
[08Mar2025 17:22:15.387] [Render thread/INFO] [net.mcreator.tloa.TloaMod/]: Max Stamina50.0
[08Mar2025 17:22:15.436] [Render thread/INFO] [net.mcreator.tloa.TloaMod/]: Current Stamina:14.5
[08Mar2025 17:22:15.437] [Server thread/INFO] [net.mcreator.tloa.TloaMod/]: Current Stamina:15
[08Mar2025 17:22:15.437] [Render thread/INFO] [net.mcreator.tloa.TloaMod/]: Rounded Stamina15
[08Mar2025 17:22:15.437] [Server thread/INFO] [net.mcreator.tloa.TloaMod/]: Rounded Stamina15
[08Mar2025 17:22:15.437] [Render thread/INFO] [net.mcreator.tloa.TloaMod/]: Can Stamina:true
[08Mar2025 17:22:15.437] [Server thread/INFO] [net.mcreator.tloa.TloaMod/]: Can Stamina:true
[08Mar2025 17:22:15.437] [Render thread/INFO] [net.mcreator.tloa.TloaMod/]: Max Stamina50.0
[08Mar2025 17:22:15.437] [Server thread/INFO] [net.mcreator.tloa.TloaMod/]: Max Stamina50.0
[08Mar2025 17:22:15.481] [Server thread/INFO] [net.mcreator.tloa.TloaMod/]: Current Stamina:14.5
[08Mar2025 17:22:15.481] [Server thread/INFO] [net.mcreator.tloa.TloaMod/]: Rounded Stamina15
[08Mar2025 17:22:15.481] [Server thread/INFO] [net.mcreator.tloa.TloaMod/]: Can Stamina:true
[08Mar2025 17:22:15.482] [Server thread/INFO] [net.mcreator.tloa.TloaMod/]: Max Stamina50.0
[08Mar2025 17:22:15.486] [Render thread/INFO] [net.mcreator.tloa.TloaMod/]: Current Stamina:14
[08Mar2025 17:22:15.486] [Render thread/INFO] [net.mcreator.tloa.TloaMod/]: Rounded Stamina14
[08Mar2025 17:22:15.486] [Render thread/INFO] [net.mcreator.tloa.TloaMod/]: Can Stamina:true
[08Mar2025 17:22:15.486] [Render thread/INFO] [net.mcreator.tloa.TloaMod/]: Max Stamina50.0
[08Mar2025 17:22:15.534] [Server thread/INFO] [net.mcreator.tloa.TloaMod/]: Current Stamina:14
[08Mar2025 17:22:15.534] [Server thread/INFO] [net.mcreator.tloa.TloaMod/]: Rounded Stamina14
[08Mar2025 17:22:15.534] [Server thread/INFO] [net.mcreator.tloa.TloaMod/]: Can Stamina:true
[08Mar2025 17:22:15.534] [Server thread/INFO] [net.mcreator.tloa.TloaMod/]: Max Stamina50.0
[08Mar2025 17:22:15.537] [Render thread/INFO] [net.mcreator.tloa.TloaMod/]: Current Stamina:13.5
[08Mar2025 17:22:15.537] [Render thread/INFO] [net.mcreator.tloa.TloaMod/]: Rounded Stamina14
[08Mar2025 17:22:15.537] [Render thread/INFO] [net.mcreator.tloa.TloaMod/]: Can Stamina:true
[08Mar2025 17:22:15.537] [Render thread/INFO] [net.mcreator.tloa.TloaMod/]: Max Stamina50.0
[08Mar2025 17:22:15.581] [Server thread/INFO] [net.mcreator.tloa.TloaMod/]: Current Stamina:13.5
[08Mar2025 17:22:15.581] [Server thread/INFO] [net.mcreator.tloa.TloaMod/]: Rounded Stamina14
[08Mar2025 17:22:15.581] [Server thread/INFO] [net.mcreator.tloa.TloaMod/]: Can Stamina:true
[08Mar2025 17:22:15.581] [Server thread/INFO] [net.mcreator.tloa.TloaMod/]: Max Stamina50.0
[08Mar2025 17:22:15.586] [Render thread/INFO] [net.mcreator.tloa.TloaMod/]: Current Stamina:13
[08Mar2025 17:22:15.586] [Render thread/INFO] [net.mcreator.tloa.TloaMod/]: Rounded Stamina13
[08Mar2025 17:22:15.586] [Render thread/INFO] [net.mcreator.tloa.TloaMod/]: Can Stamina:true
[08Mar2025 17:22:15.586] [Render thread/INFO] [net.mcreator.tloa.TloaMod/]: Max Stamina50.0
[08Mar2025 17:22:15.631] [Server thread/INFO] [net.mcreator.tloa.TloaMod/]: Current Stamina:13
[08Mar2025 17:22:15.631] [Server thread/INFO] [net.mcreator.tloa.TloaMod/]: Rounded Stamina13
[08Mar2025 17:22:15.631] [Server thread/INFO] [net.mcreator.tloa.TloaMod/]: Can Stamina:true
[08Mar2025 17:22:15.632] [Server thread/INFO] [net.mcreator.tloa.TloaMod/]: Max Stamina50.0
[08Mar2025 17:22:15.636] [Render thread/INFO] [net.mcreator.tloa.TloaMod/]: Current Stamina:12.5
[08Mar2025 17:22:15.636] [Render thread/INFO] [net.mcreator.tloa.TloaMod/]: Rounded Stamina13
[08Mar2025 17:22:15.636] [Render thread/INFO] [net.mcreator.tloa.TloaMod/]: Can Stamina:true
[08Mar2025 17:22:15.636] [Render thread/INFO] [net.mcreator.tloa.TloaMod/]: Max Stamina50.0
[08Mar2025 17:22:15.677] [Server thread/INFO] [net.mcreator.tloa.TloaMod/]: Current Stamina:12.5
[08Mar2025 17:22:15.677] [Server thread/INFO] [net.mcreator.tloa.TloaMod/]: Rounded Stamina13
[08Mar2025 17:22:15.677] [Server thread/INFO] [net.mcreator.tloa.TloaMod/]: Can Stamina:true
[08Mar2025 17:22:15.677] [Server thread/INFO] [net.mcreator.tloa.TloaMod/]: Max Stamina50.0
[08Mar2025 17:22:15.686] [Render thread/INFO] [net.mcreator.tloa.TloaMod/]: Current Stamina:12
[08Mar2025 17:22:15.686] [Render thread/INFO] [net.mcreator.tloa.TloaMod/]: Rounded Stamina12
[08Mar2025 17:22:15.686] [Render thread/INFO] [net.mcreator.tloa.TloaMod/]: Can Stamina:true
[08Mar2025 17:22:15.686] [Render thread/INFO] [net.mcreator.tloa.TloaMod/]: Max Stamina50.0
[08Mar2025 17:22:15.732] [Server thread/INFO] [net.mcreator.tloa.TloaMod/]: Current Stamina:12
[08Mar2025 17:22:15.733] [Server thread/INFO] [net.mcreator.tloa.TloaMod/]: Rounded Stamina12
[08Mar2025 17:22:15.733] [Server thread/INFO] [net.mcreator.tloa.TloaMod/]: Can Stamina:true
[08Mar2025 17:22:15.733] [Server thread/INFO] [net.mcreator.tloa.TloaMod/]: Max Stamina50.0
[08Mar2025 17:22:15.735] [Render thread/INFO] [net.mcreator.tloa.TloaMod/]: Current Stamina:11.5
[08Mar2025 17:22:15.735] [Render thread/INFO] [net.mcreator.tloa.TloaMod/]: Rounded Stamina12
[08Mar2025 17:22:15.735] [Render thread/INFO] [net.mcreator.tloa.TloaMod/]: Can Stamina:true
[08Mar2025 17:22:15.735] [Render thread/INFO] [net.mcreator.tloa.TloaMod/]: Max Stamina50.0
[08Mar2025 17:22:15.786] [Render thread/INFO] [net.mcreator.tloa.TloaMod/]: Current Stamina:11
[08Mar2025 17:22:15.787] [Render thread/INFO] [net.mcreator.tloa.TloaMod/]: Rounded Stamina11
[08Mar2025 17:22:15.787] [Render thread/INFO] [net.mcreator.tloa.TloaMod/]: Can Stamina:true
[08Mar2025 17:22:15.787] [Render thread/INFO] [net.mcreator.tloa.TloaMod/]: Max Stamina50.0
[08Mar2025 17:22:15.824] [Server thread/INFO] [net.mcreator.tloa.TloaMod/]: Current Stamina:11.5
[08Mar2025 17:22:15.825] [Server thread/INFO] [net.mcreator.tloa.TloaMod/]: Rounded Stamina12
[08Mar2025 17:22:15.825] [Server thread/INFO] [net.mcreator.tloa.TloaMod/]: Can Stamina:true
[08Mar2025 17:22:15.825] [Server thread/INFO] [net.mcreator.tloa.TloaMod/]: Max Stamina50.0
[08Mar2025 17:22:15.836] [Render thread/INFO] [net.mcreator.tloa.TloaMod/]: Current Stamina:11
[08Mar2025 17:22:15.836] [Render thread/INFO] [net.mcreator.tloa.TloaMod/]: Rounded Stamina11
[08Mar2025 17:22:15.836] [Render thread/INFO] [net.mcreator.tloa.TloaMod/]: Can Stamina:true
[08Mar2025 17:22:15.836] [Render thread/INFO] [net.mcreator.tloa.TloaMod/]: Max Stamina50.0
[08Mar2025 17:22:15.839] [Server thread/INFO] [net.mcreator.tloa.TloaMod/]: Current Stamina:11
[08Mar2025 17:22:15.839] [Server thread/INFO] [net.mcreator.tloa.TloaMod/]: Rounded Stamina11
[08Mar2025 17:22:15.839] [Server thread/INFO] [net.mcreator.tloa.TloaMod/]: Can Stamina:true
[08Mar2025 17:22:15.839] [Server thread/INFO] [net.mcreator.tloa.TloaMod/]: Max Stamina50.0
[08Mar2025 17:22:15.879] [Server thread/INFO] [net.mcreator.tloa.TloaMod/]: Current Stamina:10.5
[08Mar2025 17:22:15.879] [Server thread/INFO] [net.mcreator.tloa.TloaMod/]: Rounded Stamina11
[08Mar2025 17:22:15.879] [Server thread/INFO] [net.mcreator.tloa.TloaMod/]: Can Stamina:true
[08Mar2025 17:22:15.879] [Server thread/INFO] [net.mcreator.tloa.TloaMod/]: Max Stamina50.0
[08Mar2025 17:22:15.886] [Render thread/INFO] [net.mcreator.tloa.TloaMod/]: Current Stamina:10
[08Mar2025 17:22:15.887] [Render thread/INFO] [net.mcreator.tloa.TloaMod/]: Rounded Stamina10
[08Mar2025 17:22:15.887] [Render thread/INFO] [net.mcreator.tloa.TloaMod/]: Can Stamina:true
[08Mar2025 17:22:15.887] [Render thread/INFO] [net.mcreator.tloa.TloaMod/]: Max Stamina50.0
[08Mar2025 17:22:15.929] [Server thread/INFO] [net.mcreator.tloa.TloaMod/]: Current Stamina:10
[08Mar2025 17:22:15.930] [Server thread/INFO] [net.mcreator.tloa.TloaMod/]: Rounded Stamina10
[08Mar2025 17:22:15.930] [Server thread/INFO] [net.mcreator.tloa.TloaMod/]: Can Stamina:true
[08Mar2025 17:22:15.930] [Server thread/INFO] [net.mcreator.tloa.TloaMod/]: Max Stamina50.0
[08Mar2025 17:22:15.937] [Render thread/INFO] [net.mcreator.tloa.TloaMod/]: Current Stamina:9.5
[08Mar2025 17:22:15.937] [Render thread/INFO] [net.mcreator.tloa.TloaMod/]: Rounded Stamina10
[08Mar2025 17:22:15.937] [Render thread/INFO] [net.mcreator.tloa.TloaMod/]: Can Stamina:true
[08Mar2025 17:22:15.937] [Render thread/INFO] [net.mcreator.tloa.TloaMod/]: Max Stamina50.0
[08Mar2025 17:22:15.978] [Server thread/INFO] [net.mcreator.tloa.TloaMod/]: Current Stamina:9.5
[08Mar2025 17:22:15.979] [Server thread/INFO] [net.mcreator.tloa.TloaMod/]: Rounded Stamina10
[08Mar2025 17:22:15.979] [Server thread/INFO] [net.mcreator.tloa.TloaMod/]: Can Stamina:true
[08Mar2025 17:22:15.979] [Server thread/INFO] [net.mcreator.tloa.TloaMod/]: Max Stamina50.0
[08Mar2025 17:22:15.986] [Render thread/INFO] [net.mcreator.tloa.TloaMod/]: Current Stamina:9
[08Mar2025 17:22:15.987] [Render thread/INFO] [net.mcreator.tloa.TloaMod/]: Rounded Stamina9
[08Mar2025 17:22:15.987] [Render thread/INFO] [net.mcreator.tloa.TloaMod/]: Can Stamina:true
[08Mar2025 17:22:15.987] [Render thread/INFO] [net.mcreator.tloa.TloaMod/]: Max Stamina50.0
[08Mar2025 17:22:16.037] [Render thread/INFO] [net.mcreator.tloa.TloaMod/]: Current Stamina:8.5
[08Mar2025 17:22:16.037] [Server thread/INFO] [net.mcreator.tloa.TloaMod/]: Current Stamina:9
[08Mar2025 17:22:16.037] [Render thread/INFO] [net.mcreator.tloa.TloaMod/]: Rounded Stamina9
[08Mar2025 17:22:16.037] [Render thread/INFO] [net.mcreator.tloa.TloaMod/]: Can Stamina:true
[08Mar2025 17:22:16.037] [Server thread/INFO] [net.mcreator.tloa.TloaMod/]: Rounded Stamina9
[08Mar2025 17:22:16.037] [Server thread/INFO] [net.mcreator.tloa.TloaMod/]: Can Stamina:true
[08Mar2025 17:22:16.037] [Render thread/INFO] [net.mcreator.tloa.TloaMod/]: Max Stamina50.0
[08Mar2025 17:22:16.037] [Server thread/INFO] [net.mcreator.tloa.TloaMod/]: Max Stamina50.0
[08Mar2025 17:22:16.080] [Server thread/INFO] [net.mcreator.tloa.TloaMod/]: Current Stamina:8.5
[08Mar2025 17:22:16.080] [Server thread/INFO] [net.mcreator.tloa.TloaMod/]: Rounded Stamina9
[08Mar2025 17:22:16.080] [Server thread/INFO] [net.mcreator.tloa.TloaMod/]: Can Stamina:true
[08Mar2025 17:22:16.080] [Server thread/INFO] [net.mcreator.tloa.TloaMod/]: Max Stamina50.0
[08Mar2025 17:22:16.087] [Render thread/INFO] [net.mcreator.tloa.TloaMod/]: Current Stamina:8
[08Mar2025 17:22:16.087] [Render thread/INFO] [net.mcreator.tloa.TloaMod/]: Rounded Stamina8
[08Mar2025 17:22:16.087] [Render thread/INFO] [net.mcreator.tloa.TloaMod/]: Can Stamina:true
[08Mar2025 17:22:16.087] [Render thread/INFO] [net.mcreator.tloa.TloaMod/]: Max Stamina50.0
[08Mar2025 17:22:16.130] [Server thread/INFO] [net.mcreator.tloa.TloaMod/]: Current Stamina:8
[08Mar2025 17:22:16.130] [Server thread/INFO] [net.mcreator.tloa.TloaMod/]: Rounded Stamina8
[08Mar2025 17:22:16.131] [Server thread/INFO] [net.mcreator.tloa.TloaMod/]: Can Stamina:true
[08Mar2025 17:22:16.131] [Server thread/INFO] [net.mcreator.tloa.TloaMod/]: Max Stamina50.0
[08Mar2025 17:22:16.137] [Render thread/INFO] [net.mcreator.tloa.TloaMod/]: Current Stamina:7.5
[08Mar2025 17:22:16.137] [Render thread/INFO] [net.mcreator.tloa.TloaMod/]: Rounded Stamina8
[08Mar2025 17:22:16.137] [Render thread/INFO] [net.mcreator.tloa.TloaMod/]: Can Stamina:true
[08Mar2025 17:22:16.137] [Render thread/INFO] [net.mcreator.tloa.TloaMod/]: Max Stamina50.0
[08Mar2025 17:22:16.179] [Server thread/INFO] [net.mcreator.tloa.TloaMod/]: Current Stamina:7.5
[08Mar2025 17:22:16.179] [Server thread/INFO] [net.mcreator.tloa.TloaMod/]: Rounded Stamina8
[08Mar2025 17:22:16.179] [Server thread/INFO] [net.mcreator.tloa.TloaMod/]: Can Stamina:true
[08Mar2025 17:22:16.179] [Server thread/INFO] [net.mcreator.tloa.TloaMod/]: Max Stamina50.0
[08Mar2025 17:22:16.186] [Render thread/INFO] [net.mcreator.tloa.TloaMod/]: Current Stamina:7
[08Mar2025 17:22:16.186] [Render thread/INFO] [net.mcreator.tloa.TloaMod/]: Rounded Stamina7
[08Mar2025 17:22:16.186] [Render thread/INFO] [net.mcreator.tloa.TloaMod/]: Can Stamina:true
[08Mar2025 17:22:16.186] [Render thread/INFO] [net.mcreator.tloa.TloaMod/]: Max Stamina50.0
[08Mar2025 17:22:16.232] [Server thread/INFO] [net.mcreator.tloa.TloaMod/]: Current Stamina:7
[08Mar2025 17:22:16.232] [Server thread/INFO] [net.mcreator.tloa.TloaMod/]: Rounded Stamina7
[08Mar2025 17:22:16.232] [Server thread/INFO] [net.mcreator.tloa.TloaMod/]: Can Stamina:true
[08Mar2025 17:22:16.232] [Server thread/INFO] [net.mcreator.tloa.TloaMod/]: Max Stamina50.0
[08Mar2025 17:22:16.236] [Render thread/INFO] [net.mcreator.tloa.TloaMod/]: Current Stamina:6.5
[08Mar2025 17:22:16.236] [Render thread/INFO] [net.mcreator.tloa.TloaMod/]: Rounded Stamina7
[08Mar2025 17:22:16.236] [Render thread/INFO] [net.mcreator.tloa.TloaMod/]: Can Stamina:true
[08Mar2025 17:22:16.236] [Render thread/INFO] [net.mcreator.tloa.TloaMod/]: Max Stamina50.0
[08Mar2025 17:22:16.280] [Server thread/INFO] [net.mcreator.tloa.TloaMod/]: Current Stamina:6.5
[08Mar2025 17:22:16.281] [Server thread/INFO] [net.mcreator.tloa.TloaMod/]: Rounded Stamina7
[08Mar2025 17:22:16.281] [Server thread/INFO] [net.mcreator.tloa.TloaMod/]: Can Stamina:true
[08Mar2025 17:22:16.281] [Server thread/INFO] [net.mcreator.tloa.TloaMod/]: Max Stamina50.0
[08Mar2025 17:22:16.285] [Render thread/INFO] [net.mcreator.tloa.TloaMod/]: Current Stamina:7
[08Mar2025 17:22:16.286] [Render thread/INFO] [net.mcreator.tloa.TloaMod/]: Rounded Stamina7
[08Mar2025 17:22:16.286] [Render thread/INFO] [net.mcreator.tloa.TloaMod/]: Can Stamina:true
[08Mar2025 17:22:16.286] [Render thread/INFO] [net.mcreator.tloa.TloaMod/]: Max Stamina50.0
[08Mar2025 17:22:16.337] [Render thread/INFO] [net.mcreator.tloa.TloaMod/]: Current Stamina:7.5
[08Mar2025 17:22:16.339] [Render thread/INFO] [net.mcreator.tloa.TloaMod/]: Rounded Stamina8
[08Mar2025 17:22:16.339] [Render thread/INFO] [net.mcreator.tloa.TloaMod/]: Can Stamina:true
[08Mar2025 17:22:16.339] [Render thread/INFO] [net.mcreator.tloa.TloaMod/]: Max Stamina50.0
[08Mar2025 17:22:16.339] [Server thread/INFO] [net.mcreator.tloa.TloaMod/]: Current Stamina:7
[08Mar2025 17:22:16.339] [Server thread/INFO] [net.mcreator.tloa.TloaMod/]: Rounded Stamina7
[08Mar2025 17:22:16.339] [Server thread/INFO] [net.mcreator.tloa.TloaMod/]: Can Stamina:true
[08Mar2025 17:22:16.339] [Server thread/INFO] [net.mcreator.tloa.TloaMod/]: Max Stamina50.0
[08Mar2025 17:22:16.378] [Server thread/INFO] [net.mcreator.tloa.TloaMod/]: Current Stamina:7.5
[08Mar2025 17:22:16.378] [Server thread/INFO] [net.mcreator.tloa.TloaMod/]: Rounded Stamina8
[08Mar2025 17:22:16.378] [Server thread/INFO] [net.mcreator.tloa.TloaMod/]: Can Stamina:true
[08Mar2025 17:22:16.378] [Server thread/INFO] [net.mcreator.tloa.TloaMod/]: Max Stamina50.0
[08Mar2025 17:22:16.386] [Render thread/INFO] [net.mcreator.tloa.TloaMod/]: Current Stamina:8
[08Mar2025 17:22:16.386] [Render thread/INFO] [net.mcreator.tloa.TloaMod/]: Rounded Stamina8
[08Mar2025 17:22:16.386] [Render thread/INFO] [net.mcreator.tloa.TloaMod/]: Can Stamina:true
[08Mar2025 17:22:16.386] [Render thread/INFO] [net.mcreator.tloa.TloaMod/]: Max Stamina50.0
[08Mar2025 17:22:16.431] [Server thread/INFO] [net.mcreator.tloa.TloaMod/]: Current Stamina:8
[08Mar2025 17:22:16.432] [Server thread/INFO] [net.mcreator.tloa.TloaMod/]: Rounded Stamina8
[08Mar2025 17:22:16.432] [Server thread/INFO] [net.mcreator.tloa.TloaMod/]: Can Stamina:true
[08Mar2025 17:22:16.432] [Server thread/INFO] [net.mcreator.tloa.TloaMod/]: Max Stamina50.0
[08Mar2025 17:22:16.436] [Render thread/INFO] [net.mcreator.tloa.TloaMod/]: Current Stamina:8.5
[08Mar2025 17:22:16.438] [Render thread/INFO] [net.mcreator.tloa.TloaMod/]: Rounded Stamina9
[08Mar2025 17:22:16.438] [Render thread/INFO] [net.mcreator.tloa.TloaMod/]: Can Stamina:true
[08Mar2025 17:22:16.438] [Render thread/INFO] [net.mcreator.tloa.TloaMod/]: Max Stamina50.0
[08Mar2025 17:22:16.477] [Server thread/INFO] [net.mcreator.tloa.TloaMod/]: Current Stamina:8.5
[08Mar2025 17:22:16.479] [Server thread/INFO] [net.mcreator.tloa.TloaMod/]: Rounded Stamina9
[08Mar2025 17:22:16.479] [Server thread/INFO] [net.mcreator.tloa.TloaMod/]: Can Stamina:true
[08Mar2025 17:22:16.479] [Server thread/INFO] [net.mcreator.tloa.TloaMod/]: Max Stamina50.0
[08Mar2025 17:22:16.486] [Render thread/INFO] [net.mcreator.tloa.TloaMod/]: Current Stamina:9
[08Mar2025 17:22:16.486] [Render thread/INFO] [net.mcreator.tloa.TloaMod/]: Rounded Stamina9
[08Mar2025 17:22:16.486] [Render thread/INFO] [net.mcreator.tloa.TloaMod/]: Can Stamina:true
[08Mar2025 17:22:16.486] [Render thread/INFO] [net.mcreator.tloa.TloaMod/]: Max Stamina50.0
[08Mar2025 17:22:16.532] [Server thread/INFO] [net.mcreator.tloa.TloaMod/]: Current Stamina:9
[08Mar2025 17:22:16.532] [Server thread/INFO] [net.mcreator.tloa.TloaMod/]: Rounded Stamina9
[08Mar2025 17:22:16.533] [Server thread/INFO] [net.mcreator.tloa.TloaMod/]: Can Stamina:true
[08Mar2025 17:22:16.533] [Server thread/INFO] [net.mcreator.tloa.TloaMod/]: Max Stamina50.0
[08Mar2025 17:22:16.535] [Render thread/INFO] [net.mcreator.tloa.TloaMod/]: Current Stamina:9.5
[08Mar2025 17:22:16.535] [Render thread/INFO] [net.mcreator.tloa.TloaMod/]: Rounded Stamina10
[08Mar2025 17:22:16.535] [Render thread/INFO] [net.mcreator.tloa.TloaMod/]: Can Stamina:true
[08Mar2025 17:22:16.535] [Render thread/INFO] [net.mcreator.tloa.TloaMod/]: Max Stamina50.0
[08Mar2025 17:22:16.581] [Server thread/INFO] [net.mcreator.tloa.TloaMod/]: Current Stamina:9.5
[08Mar2025 17:22:16.581] [Server thread/INFO] [net.mcreator.tloa.TloaMod/]: Rounded Stamina10
[08Mar2025 17:22:16.581] [Server thread/INFO] [net.mcreator.tloa.TloaMod/]: Can Stamina:true
[08Mar2025 17:22:16.581] [Server thread/INFO] [net.mcreator.tloa.TloaMod/]: Max Stamina50.0
[08Mar2025 17:22:16.586] [Render thread/INFO] [net.mcreator.tloa.TloaMod/]: Current Stamina:10
[08Mar2025 17:22:16.586] [Render thread/INFO] [net.mcreator.tloa.TloaMod/]: Rounded Stamina10
[08Mar2025 17:22:16.586] [Render thread/INFO] [net.mcreator.tloa.TloaMod/]: Can Stamina:true
[08Mar2025 17:22:16.586] [Render thread/INFO] [net.mcreator.tloa.TloaMod/]: Max Stamina50.0
[08Mar2025 17:22:16.632] [Server thread/INFO] [net.mcreator.tloa.TloaMod/]: Current Stamina:10
[08Mar2025 17:22:16.633] [Server thread/INFO] [net.mcreator.tloa.TloaMod/]: Rounded Stamina10
[08Mar2025 17:22:16.633] [Server thread/INFO] [net.mcreator.tloa.TloaMod/]: Can Stamina:true
[08Mar2025 17:22:16.633] [Server thread/INFO] [net.mcreator.tloa.TloaMod/]: Max Stamina50.0
[08Mar2025 17:22:16.637] [Render thread/INFO] [net.mcreator.tloa.TloaMod/]: Current Stamina:10.5
[08Mar2025 17:22:16.637] [Render thread/INFO] [net.mcreator.tloa.TloaMod/]: Rounded Stamina11
[08Mar2025 17:22:16.637] [Render thread/INFO] [net.mcreator.tloa.TloaMod/]: Can Stamina:true
[08Mar2025 17:22:16.637] [Render thread/INFO] [net.mcreator.tloa.TloaMod/]: Max Stamina50.0
[08Mar2025 17:22:16.681] [Server thread/INFO] [net.mcreator.tloa.TloaMod/]: Current Stamina:10.5
[08Mar2025 17:22:16.681] [Server thread/INFO] [net.mcreator.tloa.TloaMod/]: Rounded Stamina11
[08Mar2025 17:22:16.681] [Server thread/INFO] [net.mcreator.tloa.TloaMod/]: Can Stamina:true
[08Mar2025 17:22:16.682] [Server thread/INFO] [net.mcreator.tloa.TloaMod/]: Max Stamina50.0
[08Mar2025 17:22:16.685] [Render thread/INFO] [net.mcreator.tloa.TloaMod/]: Current Stamina:11
[08Mar2025 17:22:16.686] [Render thread/INFO] [net.mcreator.tloa.TloaMod/]: Rounded Stamina11
[08Mar2025 17:22:16.686] [Render thread/INFO] [net.mcreator.tloa.TloaMod/]: Can Stamina:true
[08Mar2025 17:22:16.686] [Render thread/INFO] [net.mcreator.tloa.TloaMod/]: Max Stamina50.0
[08Mar2025 17:22:16.731] [Server thread/INFO] [net.mcreator.tloa.TloaMod/]: Current Stamina:11
[08Mar2025 17:22:16.731] [Server thread/INFO] [net.mcreator.tloa.TloaMod/]: Rounded Stamina11
[08Mar2025 17:22:16.731] [Server thread/INFO] [net.mcreator.tloa.TloaMod/]: Can Stamina:true
[08Mar2025 17:22:16.731] [Server thread/INFO] [net.mcreator.tloa.TloaMod/]: Max Stamina50.0
[08Mar2025 17:22:16.737] [Render thread/INFO] [net.mcreator.tloa.TloaMod/]: Current Stamina:11.5
[08Mar2025 17:22:16.737] [Render thread/INFO] [net.mcreator.tloa.TloaMod/]: Rounded Stamina12
[08Mar2025 17:22:16.737] [Render thread/INFO] [net.mcreator.tloa.TloaMod/]: Can Stamina:true
[08Mar2025 17:22:16.737] [Render thread/INFO] [net.mcreator.tloa.TloaMod/]: Max Stamina50.0
[08Mar2025 17:22:16.780] [Server thread/INFO] [net.mcreator.tloa.TloaMod/]: Current Stamina:11.5
[08Mar2025 17:22:16.780] [Server thread/INFO] [net.mcreator.tloa.TloaMod/]: Rounded Stamina12
[08Mar2025 17:22:16.780] [Server thread/INFO] [net.mcreator.tloa.TloaMod/]: Can Stamina:true
[08Mar2025 17:22:16.780] [Server thread/INFO] [net.mcreator.tloa.TloaMod/]: Max Stamina50.0
[08Mar2025 17:22:16.785] [Render thread/INFO] [net.mcreator.tloa.TloaMod/]: Current Stamina:12
[08Mar2025 17:22:16.786] [Render thread/INFO] [net.mcreator.tloa.TloaMod/]: Rounded Stamina12
[08Mar2025 17:22:16.786] [Render thread/INFO] [net.mcreator.tloa.TloaMod/]: Can Stamina:true
[08Mar2025 17:22:16.786] [Render thread/INFO] [net.mcreator.tloa.TloaMod/]: Max Stamina50.0
[08Mar2025 17:22:16.829] [Server thread/INFO] [net.mcreator.tloa.TloaMod/]: Current Stamina:12
[08Mar2025 17:22:16.829] [Server thread/INFO] [net.mcreator.tloa.TloaMod/]: Rounded Stamina12
[08Mar2025 17:22:16.829] [Server thread/INFO] [net.mcreator.tloa.TloaMod/]: Can Stamina:true
[08Mar2025 17:22:16.829] [Server thread/INFO] [net.mcreator.tloa.TloaMod/]: Max Stamina50.0
[08Mar2025 17:22:16.837] [Render thread/INFO] [net.mcreator.tloa.TloaMod/]: Current Stamina:12.5
[08Mar2025 17:22:16.837] [Render thread/INFO] [net.mcreator.tloa.TloaMod/]: Rounded Stamina13
[08Mar2025 17:22:16.837] [Render thread/INFO] [net.mcreator.tloa.TloaMod/]: Can Stamina:true
[08Mar2025 17:22:16.837] [Render thread/INFO] [net.mcreator.tloa.TloaMod/]: Max Stamina50.0
[08Mar2025 17:22:16.879] [Server thread/INFO] [net.mcreator.tloa.TloaMod/]: Current Stamina:12.5
[08Mar2025 17:22:16.880] [Server thread/INFO] [net.mcreator.tloa.TloaMod/]: Rounded Stamina13
[08Mar2025 17:22:16.880] [Server thread/INFO] [net.mcreator.tloa.TloaMod/]: Can Stamina:true
[08Mar2025 17:22:16.880] [Server thread/INFO] [net.mcreator.tloa.TloaMod/]: Max Stamina50.0
[08Mar2025 17:22:16.887] [Render thread/INFO] [net.mcreator.tloa.TloaMod/]: Current Stamina:13
[08Mar2025 17:22:16.887] [Render thread/INFO] [net.mcreator.tloa.TloaMod/]: Rounded Stamina13
[08Mar2025 17:22:16.887] [Render thread/INFO] [net.mcreator.tloa.TloaMod/]: Can Stamina:true
[08Mar2025 17:22:16.887] [Render thread/INFO] [net.mcreator.tloa.TloaMod/]: Max Stamina50.0
[08Mar2025 17:22:16.926] [Server thread/INFO] [net.mcreator.tloa.TloaMod/]: Current Stamina:13
[08Mar2025 17:22:16.928] [Server thread/INFO] [net.mcreator.tloa.TloaMod/]: Rounded Stamina13
[08Mar2025 17:22:16.928] [Server thread/INFO] [net.mcreator.tloa.TloaMod/]: Can Stamina:true
[08Mar2025 17:22:16.928] [Server thread/INFO] [net.mcreator.tloa.TloaMod/]: Max Stamina50.0
[08Mar2025 17:22:16.936] [Render thread/INFO] [net.mcreator.tloa.TloaMod/]: Current Stamina:13.5
[08Mar2025 17:22:16.936] [Render thread/INFO] [net.mcreator.tloa.TloaMod/]: Rounded Stamina14
[08Mar2025 17:22:16.936] [Render thread/INFO] [net.mcreator.tloa.TloaMod/]: Can Stamina:true
[08Mar2025 17:22:16.937] [Render thread/INFO] [net.mcreator.tloa.TloaMod/]: Max Stamina50.0
[08Mar2025 17:22:16.978] [Server thread/INFO] [net.mcreator.tloa.TloaMod/]: Current Stamina:13.5
[08Mar2025 17:22:16.979] [Server thread/INFO] [net.mcreator.tloa.TloaMod/]: Rounded Stamina14
[08Mar2025 17:22:16.979] [Server thread/INFO] [net.mcreator.tloa.TloaMod/]: Can Stamina:true
[08Mar2025 17:22:16.979] [Server thread/INFO] [net.mcreator.tloa.TloaMod/]: Max Stamina50.0
[08Mar2025 17:22:16.986] [Render thread/INFO] [net.mcreator.tloa.TloaMod/]: Current Stamina:14
[08Mar2025 17:22:16.986] [Render thread/INFO] [net.mcreator.tloa.TloaMod/]: Rounded Stamina14
[08Mar2025 17:22:16.986] [Render thread/INFO] [net.mcreator.tloa.TloaMod/]: Can Stamina:true
[08Mar2025 17:22:16.986] [Render thread/INFO] [net.mcreator.tloa.TloaMod/]: Max Stamina50.0
[08Mar2025 17:22:17.030] [Server thread/INFO] [net.mcreator.tloa.TloaMod/]: Current Stamina:14
[08Mar2025 17:22:17.030] [Server thread/INFO] [net.mcreator.tloa.TloaMod/]: Rounded Stamina14
[08Mar2025 17:22:17.030] [Server thread/INFO] [net.mcreator.tloa.TloaMod/]: Can Stamina:true
[08Mar2025 17:22:17.030] [Server thread/INFO] [net.mcreator.tloa.TloaMod/]: Max Stamina50.0
[08Mar2025 17:22:17.036] [Render thread/INFO] [net.mcreator.tloa.TloaMod/]: Current Stamina:14.5
[08Mar2025 17:22:17.036] [Render thread/INFO] [net.mcreator.tloa.TloaMod/]: Rounded Stamina15
[08Mar2025 17:22:17.036] [Render thread/INFO] [net.mcreator.tloa.TloaMod/]: Can Stamina:true
[08Mar2025 17:22:17.036] [Render thread/INFO] [net.mcreator.tloa.TloaMod/]: Max Stamina50.0
[08Mar2025 17:22:17.079] [Server thread/INFO] [net.mcreator.tloa.TloaMod/]: Current Stamina:14.5
[08Mar2025 17:22:17.079] [Server thread/INFO] [net.mcreator.tloa.TloaMod/]: Rounded Stamina15
[08Mar2025 17:22:17.079] [Server thread/INFO] [net.mcreator.tloa.TloaMod/]: Can Stamina:true
[08Mar2025 17:22:17.079] [Server thread/INFO] [net.mcreator.tloa.TloaMod/]: Max Stamina50.0
[08Mar2025 17:22:17.086] [Render thread/INFO] [net.mcreator.tloa.TloaMod/]: Current Stamina:15
[08Mar2025 17:22:17.086] [Render thread/INFO] [net.mcreator.tloa.TloaMod/]: Rounded Stamina15
[08Mar2025 17:22:17.086] [Render thread/INFO] [net.mcreator.tloa.TloaMod/]: Can Stamina:true
[08Mar2025 17:22:17.086] [Render thread/INFO] [net.mcreator.tloa.TloaMod/]: Max Stamina50.0
[08Mar2025 17:22:17.130] [Server thread/INFO] [net.mcreator.tloa.TloaMod/]: Current Stamina:15
[08Mar2025 17:22:17.130] [Server thread/INFO] [net.mcreator.tloa.TloaMod/]: Rounded Stamina15
[08Mar2025 17:22:17.130] [Server thread/INFO] [net.mcreator.tloa.TloaMod/]: Can Stamina:true
[08Mar2025 17:22:17.130] [Server thread/INFO] [net.mcreator.tloa.TloaMod/]: Max Stamina50.0
[08Mar2025 17:22:17.136] [Render thread/INFO] [net.mcreator.tloa.TloaMod/]: Current Stamina:15.5
[08Mar2025 17:22:17.136] [Render thread/INFO] [net.mcreator.tloa.TloaMod/]: Rounded Stamina16
[08Mar2025 17:22:17.136] [Render thread/INFO] [net.mcreator.tloa.TloaMod/]: Can Stamina:true
[08Mar2025 17:22:17.136] [Render thread/INFO] [net.mcreator.tloa.TloaMod/]: Max Stamina50.0
[08Mar2025 17:22:17.179] [Server thread/INFO] [net.mcreator.tloa.TloaMod/]: Current Stamina:15.5
[08Mar2025 17:22:17.179] [Server thread/INFO] [net.mcreator.tloa.TloaMod/]: Rounded Stamina16
[08Mar2025 17:22:17.179] [Server thread/INFO] [net.mcreator.tloa.TloaMod/]: Can Stamina:true
[08Mar2025 17:22:17.179] [Server thread/INFO] [net.mcreator.tloa.TloaMod/]: Max Stamina50.0
[08Mar2025 17:22:17.186] [Render thread/INFO] [net.mcreator.tloa.TloaMod/]: Current Stamina:15
[08Mar2025 17:22:17.186] [Render thread/INFO] [net.mcreator.tloa.TloaMod/]: Rounded Stamina15
[08Mar2025 17:22:17.186] [Render thread/INFO] [net.mcreator.tloa.TloaMod/]: Can Stamina:true
[08Mar2025 17:22:17.186] [Render thread/INFO] [net.mcreator.tloa.TloaMod/]: Max Stamina50.0
[08Mar2025 17:22:17.227] [Server thread/INFO] [net.mcreator.tloa.TloaMod/]: Current Stamina:15
[08Mar2025 17:22:17.227] [Server thread/INFO] [net.mcreator.tloa.TloaMod/]: Rounded Stamina15
[08Mar2025 17:22:17.227] [Server thread/INFO] [net.mcreator.tloa.TloaMod/]: Can Stamina:true
[08Mar2025 17:22:17.227] [Server thread/INFO] [net.mcreator.tloa.TloaMod/]: Max Stamina50.0
[08Mar2025 17:22:17.237] [Render thread/INFO] [net.mcreator.tloa.TloaMod/]: Current Stamina:14.5
[08Mar2025 17:22:17.237] [Render thread/INFO] [net.mcreator.tloa.TloaMod/]: Rounded Stamina15
[08Mar2025 17:22:17.237] [Render thread/INFO] [net.mcreator.tloa.TloaMod/]: Can Stamina:true
[08Mar2025 17:22:17.237] [Render thread/INFO] [net.mcreator.tloa.TloaMod/]: Max Stamina50.0
[08Mar2025 17:22:17.279] [Server thread/INFO] [net.mcreator.tloa.TloaMod/]: Current Stamina:14.5
[08Mar2025 17:22:17.279] [Server thread/INFO] [net.mcreator.tloa.TloaMod/]: Rounded Stamina15
[08Mar2025 17:22:17.279] [Server thread/INFO] [net.mcreator.tloa.TloaMod/]: Can Stamina:true
[08Mar2025 17:22:17.280] [Server thread/INFO] [net.mcreator.tloa.TloaMod/]: Max Stamina50.0
[08Mar2025 17:22:17.286] [Render thread/INFO] [net.mcreator.tloa.TloaMod/]: Current Stamina:14
[08Mar2025 17:22:17.286] [Render thread/INFO] [net.mcreator.tloa.TloaMod/]: Rounded Stamina14
[08Mar2025 17:22:17.286] [Render thread/INFO] [net.mcreator.tloa.TloaMod/]: Can Stamina:true
[08Mar2025 17:22:17.286] [Render thread/INFO] [net.mcreator.tloa.TloaMod/]: Max Stamina50.0
[08Mar2025 17:22:17.331] [Server thread/INFO] [net.mcreator.tloa.TloaMod/]: Current Stamina:14
[08Mar2025 17:22:17.331] [Server thread/INFO] [net.mcreator.tloa.TloaMod/]: Rounded Stamina14
[08Mar2025 17:22:17.331] [Server thread/INFO] [net.mcreator.tloa.TloaMod/]: Can Stamina:true
[08Mar2025 17:22:17.331] [Server thread/INFO] [net.mcreator.tloa.TloaMod/]: Max Stamina50.0
[08Mar2025 17:22:17.336] [Render thread/INFO] [net.mcreator.tloa.TloaMod/]: Current Stamina:13.5
[08Mar2025 17:22:17.337] [Render thread/INFO] [net.mcreator.tloa.TloaMod/]: Rounded Stamina14
[08Mar2025 17:22:17.337] [Render thread/INFO] [net.mcreator.tloa.TloaMod/]: Can Stamina:true
[08Mar2025 17:22:17.337] [Render thread/INFO] [net.mcreator.tloa.TloaMod/]: Max Stamina50.0
[08Mar2025 17:22:17.381] [Server thread/INFO] [net.mcreator.tloa.TloaMod/]: Current Stamina:13.5
[08Mar2025 17:22:17.381] [Server thread/INFO] [net.mcreator.tloa.TloaMod/]: Rounded Stamina14
[08Mar2025 17:22:17.381] [Server thread/INFO] [net.mcreator.tloa.TloaMod/]: Can Stamina:true
[08Mar2025 17:22:17.381] [Server thread/INFO] [net.mcreator.tloa.TloaMod/]: Max Stamina50.0
[08Mar2025 17:22:17.387] [Render thread/INFO] [net.mcreator.tloa.TloaMod/]: Current Stamina:13
[08Mar2025 17:22:17.387] [Render thread/INFO] [net.mcreator.tloa.TloaMod/]: Rounded Stamina13
[08Mar2025 17:22:17.387] [Render thread/INFO] [net.mcreator.tloa.TloaMod/]: Can Stamina:true
[08Mar2025 17:22:17.387] [Render thread/INFO] [net.mcreator.tloa.TloaMod/]: Max Stamina50.0
[08Mar2025 17:22:17.433] [Server thread/INFO] [net.mcreator.tloa.TloaMod/]: Current Stamina:13
[08Mar2025 17:22:17.433] [Server thread/INFO] [net.mcreator.tloa.TloaMod/]: Rounded Stamina13
[08Mar2025 17:22:17.433] [Server thread/INFO] [net.mcreator.tloa.TloaMod/]: Can Stamina:true
[08Mar2025 17:22:17.433] [Server thread/INFO] [net.mcreator.tloa.TloaMod/]: Max Stamina50.0
[08Mar2025 17:22:17.437] [Render thread/INFO] [net.mcreator.tloa.TloaMod/]: Current Stamina:12.5
[08Mar2025 17:22:17.437] [Render thread/INFO] [net.mcreator.tloa.TloaMod/]: Rounded Stamina13
[08Mar2025 17:22:17.437] [Render thread/INFO] [net.mcreator.tloa.TloaMod/]: Can Stamina:true
[08Mar2025 17:22:17.437] [Render thread/INFO] [net.mcreator.tloa.TloaMod/]: Max Stamina50.0
[08Mar2025 17:22:17.479] [Server thread/INFO] [net.mcreator.tloa.TloaMod/]: Current Stamina:12.5
[08Mar2025 17:22:17.480] [Server thread/INFO] [net.mcreator.tloa.TloaMod/]: Rounded Stamina13
[08Mar2025 17:22:17.480] [Server thread/INFO] [net.mcreator.tloa.TloaMod/]: Can Stamina:true
[08Mar2025 17:22:17.480] [Server thread/INFO] [net.mcreator.tloa.TloaMod/]: Max Stamina50.0
[08Mar2025 17:22:17.488] [Render thread/INFO] [net.mcreator.tloa.TloaMod/]: Current Stamina:12
[08Mar2025 17:22:17.488] [Render thread/INFO] [net.mcreator.tloa.TloaMod/]: Rounded Stamina12
[08Mar2025 17:22:17.488] [Render thread/INFO] [net.mcreator.tloa.TloaMod/]: Can Stamina:true
[08Mar2025 17:22:17.488] [Render thread/INFO] [net.mcreator.tloa.TloaMod/]: Max Stamina50.0
[08Mar2025 17:22:17.531] [Server thread/INFO] [net.mcreator.tloa.TloaMod/]: Current Stamina:12
[08Mar2025 17:22:17.532] [Server thread/INFO] [net.mcreator.tloa.TloaMod/]: Rounded Stamina12
[08Mar2025 17:22:17.532] [Server thread/INFO] [net.mcreator.tloa.TloaMod/]: Can Stamina:true
[08Mar2025 17:22:17.532] [Server thread/INFO] [net.mcreator.tloa.TloaMod/]: Max Stamina50.0
[08Mar2025 17:22:17.537] [Render thread/INFO] [net.mcreator.tloa.TloaMod/]: Current Stamina:11.5
[08Mar2025 17:22:17.537] [Render thread/INFO] [net.mcreator.tloa.TloaMod/]: Rounded Stamina12
[08Mar2025 17:22:17.537] [Render thread/INFO] [net.mcreator.tloa.TloaMod/]: Can Stamina:true
[08Mar2025 17:22:17.537] [Render thread/INFO] [net.mcreator.tloa.TloaMod/]: Max Stamina50.0
[08Mar2025 17:22:17.581] [Server thread/INFO] [net.mcreator.tloa.TloaMod/]: Current Stamina:11.5
[08Mar2025 17:22:17.581] [Server thread/INFO] [net.mcreator.tloa.TloaMod/]: Rounded Stamina12
[08Mar2025 17:22:17.581] [Server thread/INFO] [net.mcreator.tloa.TloaMod/]: Can Stamina:true
[08Mar2025 17:22:17.581] [Server thread/INFO] [net.mcreator.tloa.TloaMod/]: Max Stamina50.0
[08Mar2025 17:22:17.588] [Render thread/INFO] [net.mcreator.tloa.TloaMod/]: Current Stamina:11
[08Mar2025 17:22:17.588] [Render thread/INFO] [net.mcreator.tloa.TloaMod/]: Rounded Stamina11
[08Mar2025 17:22:17.588] [Render thread/INFO] [net.mcreator.tloa.TloaMod/]: Can Stamina:true
[08Mar2025 17:22:17.588] [Render thread/INFO] [net.mcreator.tloa.TloaMod/]: Max Stamina50.0
[08Mar2025 17:22:17.629] [Server thread/INFO] [net.mcreator.tloa.TloaMod/]: Current Stamina:11
[08Mar2025 17:22:17.630] [Server thread/INFO] [net.mcreator.tloa.TloaMod/]: Rounded Stamina11
[08Mar2025 17:22:17.630] [Server thread/INFO] [net.mcreator.tloa.TloaMod/]: Can Stamina:true
[08Mar2025 17:22:17.630] [Server thread/INFO] [net.mcreator.tloa.TloaMod/]: Max Stamina50.0
[08Mar2025 17:22:17.636] [Render thread/INFO] [net.mcreator.tloa.TloaMod/]: Current Stamina:10.5
[08Mar2025 17:22:17.636] [Render thread/INFO] [net.mcreator.tloa.TloaMod/]: Rounded Stamina11
[08Mar2025 17:22:17.636] [Render thread/INFO] [net.mcreator.tloa.TloaMod/]: Can Stamina:true
[08Mar2025 17:22:17.636] [Render thread/INFO] [net.mcreator.tloa.TloaMod/]: Max Stamina50.0
[08Mar2025 17:22:17.678] [Server thread/INFO] [net.mcreator.tloa.TloaMod/]: Current Stamina:10.5
[08Mar2025 17:22:17.678] [Server thread/INFO] [net.mcreator.tloa.TloaMod/]: Rounded Stamina11
[08Mar2025 17:22:17.678] [Server thread/INFO] [net.mcreator.tloa.TloaMod/]: Can Stamina:true
[08Mar2025 17:22:17.678] [Server thread/INFO] [net.mcreator.tloa.TloaMod/]: Max Stamina50.0
[08Mar2025 17:22:17.685] [Render thread/INFO] [net.mcreator.tloa.TloaMod/]: Current Stamina:10
[08Mar2025 17:22:17.686] [Render thread/INFO] [net.mcreator.tloa.TloaMod/]: Rounded Stamina10
[08Mar2025 17:22:17.686] [Render thread/INFO] [net.mcreator.tloa.TloaMod/]: Can Stamina:true
[08Mar2025 17:22:17.686] [Render thread/INFO] [net.mcreator.tloa.TloaMod/]: Max Stamina50.0
[08Mar2025 17:22:17.729] [Server thread/INFO] [net.mcreator.tloa.TloaMod/]: Current Stamina:10
[08Mar2025 17:22:17.729] [Server thread/INFO] [net.mcreator.tloa.TloaMod/]: Rounded Stamina10
[08Mar2025 17:22:17.729] [Server thread/INFO] [net.mcreator.tloa.TloaMod/]: Can Stamina:true
[08Mar2025 17:22:17.729] [Server thread/INFO] [net.mcreator.tloa.TloaMod/]: Max Stamina50.0
[08Mar2025 17:22:17.735] [Render thread/INFO] [net.mcreator.tloa.TloaMod/]: Current Stamina:9.5
[08Mar2025 17:22:17.735] [Render thread/INFO] [net.mcreator.tloa.TloaMod/]: Rounded Stamina10
[08Mar2025 17:22:17.735] [Render thread/INFO] [net.mcreator.tloa.TloaMod/]: Can Stamina:true
[08Mar2025 17:22:17.735] [Render thread/INFO] [net.mcreator.tloa.TloaMod/]: Max Stamina50.0
[08Mar2025 17:22:17.779] [Server thread/INFO] [net.mcreator.tloa.TloaMod/]: Current Stamina:9.5
[08Mar2025 17:22:17.780] [Server thread/INFO] [net.mcreator.tloa.TloaMod/]: Rounded Stamina10
[08Mar2025 17:22:17.780] [Server thread/INFO] [net.mcreator.tloa.TloaMod/]: Can Stamina:true
[08Mar2025 17:22:17.780] [Server thread/INFO] [net.mcreator.tloa.TloaMod/]: Max Stamina50.0
[08Mar2025 17:22:17.786] [Render thread/INFO] [net.mcreator.tloa.TloaMod/]: Current Stamina:9
[08Mar2025 17:22:17.786] [Render thread/INFO] [net.mcreator.tloa.TloaMod/]: Rounded Stamina9
[08Mar2025 17:22:17.786] [Render thread/INFO] [net.mcreator.tloa.TloaMod/]: Can Stamina:true
[08Mar2025 17:22:17.787] [Render thread/INFO] [net.mcreator.tloa.TloaMod/]: Max Stamina50.0
[08Mar2025 17:22:17.831] [Server thread/INFO] [net.mcreator.tloa.TloaMod/]: Current Stamina:9
[08Mar2025 17:22:17.831] [Server thread/INFO] [net.mcreator.tloa.TloaMod/]: Rounded Stamina9
[08Mar2025 17:22:17.831] [Server thread/INFO] [net.mcreator.tloa.TloaMod/]: Can Stamina:true
[08Mar2025 17:22:17.831] [Server thread/INFO] [net.mcreator.tloa.TloaMod/]: Max Stamina50.0
[08Mar2025 17:22:17.839] [Render thread/INFO] [net.mcreator.tloa.TloaMod/]: Current Stamina:8.5
[08Mar2025 17:22:17.839] [Render thread/INFO] [net.mcreator.tloa.TloaMod/]: Rounded Stamina9
[08Mar2025 17:22:17.839] [Render thread/INFO] [net.mcreator.tloa.TloaMod/]: Can Stamina:true
[08Mar2025 17:22:17.839] [Render thread/INFO] [net.mcreator.tloa.TloaMod/]: Max Stamina50.0
[08Mar2025 17:22:17.878] [Server thread/INFO] [net.mcreator.tloa.TloaMod/]: Current Stamina:8.5
[08Mar2025 17:22:17.879] [Server thread/INFO] [net.mcreator.tloa.TloaMod/]: Rounded Stamina9
[08Mar2025 17:22:17.879] [Server thread/INFO] [net.mcreator.tloa.TloaMod/]: Can Stamina:true
[08Mar2025 17:22:17.879] [Server thread/INFO] [net.mcreator.tloa.TloaMod/]: Max Stamina50.0
[08Mar2025 17:22:17.885] [Render thread/INFO] [net.mcreator.tloa.TloaMod/]: Current Stamina:8
[08Mar2025 17:22:17.885] [Render thread/INFO] [net.mcreator.tloa.TloaMod/]: Rounded Stamina8
[08Mar2025 17:22:17.885] [Render thread/INFO] [net.mcreator.tloa.TloaMod/]: Can Stamina:true
[08Mar2025 17:22:17.885] [Render thread/INFO] [net.mcreator.tloa.TloaMod/]: Max Stamina50.0
[08Mar2025 17:22:17.930] [Server thread/INFO] [net.mcreator.tloa.TloaMod/]: Current Stamina:8
[08Mar2025 17:22:17.930] [Server thread/INFO] [net.mcreator.tloa.TloaMod/]: Rounded Stamina8
[08Mar2025 17:22:17.930] [Server thread/INFO] [net.mcreator.tloa.TloaMod/]: Can Stamina:true
[08Mar2025 17:22:17.930] [Server thread/INFO] [net.mcreator.tloa.TloaMod/]: Max Stamina50.0
[08Mar2025 17:22:17.937] [Render thread/INFO] [net.mcreator.tloa.TloaMod/]: Current Stamina:7.5
[08Mar2025 17:22:17.937] [Render thread/INFO] [net.mcreator.tloa.TloaMod/]: Rounded Stamina8
[08Mar2025 17:22:17.937] [Render thread/INFO] [net.mcreator.tloa.TloaMod/]: Can Stamina:true
[08Mar2025 17:22:17.937] [Render thread/INFO] [net.mcreator.tloa.TloaMod/]: Max Stamina50.0
[08Mar2025 17:22:17.980] [Server thread/INFO] [net.mcreator.tloa.TloaMod/]: Current Stamina:7.5
[08Mar2025 17:22:17.981] [Server thread/INFO] [net.mcreator.tloa.TloaMod/]: Rounded Stamina8
[08Mar2025 17:22:17.981] [Server thread/INFO] [net.mcreator.tloa.TloaMod/]: Can Stamina:true
[08Mar2025 17:22:17.981] [Server thread/INFO] [net.mcreator.tloa.TloaMod/]: Max Stamina50.0
[08Mar2025 17:22:17.986] [Render thread/INFO] [net.mcreator.tloa.TloaMod/]: Current Stamina:7
[08Mar2025 17:22:17.987] [Render thread/INFO] [net.mcreator.tloa.TloaMod/]: Rounded Stamina7
[08Mar2025 17:22:17.987] [Render thread/INFO] [net.mcreator.tloa.TloaMod/]: Can Stamina:true
[08Mar2025 17:22:17.987] [Render thread/INFO] [net.mcreator.tloa.TloaMod/]: Max Stamina50.0
[08Mar2025 17:22:18.035] [Server thread/INFO] [net.mcreator.tloa.TloaMod/]: Current Stamina:7
[08Mar2025 17:22:18.035] [Server thread/INFO] [net.mcreator.tloa.TloaMod/]: Rounded Stamina7
[08Mar2025 17:22:18.035] [Server thread/INFO] [net.mcreator.tloa.TloaMod/]: Can Stamina:true
[08Mar2025 17:22:18.035] [Server thread/INFO] [net.mcreator.tloa.TloaMod/]: Max Stamina50.0
[08Mar2025 17:22:18.036] [Render thread/INFO] [net.mcreator.tloa.TloaMod/]: Current Stamina:6.5
[08Mar2025 17:22:18.036] [Render thread/INFO] [net.mcreator.tloa.TloaMod/]: Rounded Stamina7
[08Mar2025 17:22:18.036] [Render thread/INFO] [net.mcreator.tloa.TloaMod/]: Can Stamina:true
[08Mar2025 17:22:18.036] [Render thread/INFO] [net.mcreator.tloa.TloaMod/]: Max Stamina50.0
[08Mar2025 17:22:18.079] [Server thread/INFO] [net.mcreator.tloa.TloaMod/]: Current Stamina:6.5
[08Mar2025 17:22:18.079] [Server thread/INFO] [net.mcreator.tloa.TloaMod/]: Rounded Stamina7
[08Mar2025 17:22:18.079] [Server thread/INFO] [net.mcreator.tloa.TloaMod/]: Can Stamina:true
[08Mar2025 17:22:18.079] [Server thread/INFO] [net.mcreator.tloa.TloaMod/]: Max Stamina50.0
[08Mar2025 17:22:18.086] [Render thread/INFO] [net.mcreator.tloa.TloaMod/]: Current Stamina:6
[08Mar2025 17:22:18.086] [Render thread/INFO] [net.mcreator.tloa.TloaMod/]: Rounded Stamina6
[08Mar2025 17:22:18.086] [Render thread/INFO] [net.mcreator.tloa.TloaMod/]: Can Stamina:true
[08Mar2025 17:22:18.086] [Render thread/INFO] [net.mcreator.tloa.TloaMod/]: Max Stamina50.0
[08Mar2025 17:22:18.129] [Server thread/INFO] [net.mcreator.tloa.TloaMod/]: Current Stamina:6
[08Mar2025 17:22:18.130] [Server thread/INFO] [net.mcreator.tloa.TloaMod/]: Rounded Stamina6
[08Mar2025 17:22:18.130] [Server thread/INFO] [net.mcreator.tloa.TloaMod/]: Can Stamina:true
[08Mar2025 17:22:18.130] [Server thread/INFO] [net.mcreator.tloa.TloaMod/]: Max Stamina50.0
[08Mar2025 17:22:18.137] [Render thread/INFO] [net.mcreator.tloa.TloaMod/]: Current Stamina:5.5
[08Mar2025 17:22:18.137] [Render thread/INFO] [net.mcreator.tloa.TloaMod/]: Rounded Stamina6
[08Mar2025 17:22:18.137] [Render thread/INFO] [net.mcreator.tloa.TloaMod/]: Can Stamina:true
[08Mar2025 17:22:18.137] [Render thread/INFO] [net.mcreator.tloa.TloaMod/]: Max Stamina50.0
[08Mar2025 17:22:18.182] [Server thread/INFO] [net.mcreator.tloa.TloaMod/]: Current Stamina:5.5
[08Mar2025 17:22:18.182] [Server thread/INFO] [net.mcreator.tloa.TloaMod/]: Rounded Stamina6
[08Mar2025 17:22:18.182] [Server thread/INFO] [net.mcreator.tloa.TloaMod/]: Can Stamina:true
[08Mar2025 17:22:18.182] [Server thread/INFO] [net.mcreator.tloa.TloaMod/]: Max Stamina50.0
[08Mar2025 17:22:18.185] [Render thread/INFO] [net.mcreator.tloa.TloaMod/]: Current Stamina:5
[08Mar2025 17:22:18.185] [Render thread/INFO] [net.mcreator.tloa.TloaMod/]: Rounded Stamina5
[08Mar2025 17:22:18.186] [Render thread/INFO] [net.mcreator.tloa.TloaMod/]: Can Stamina:true
[08Mar2025 17:22:18.186] [Render thread/INFO] [net.mcreator.tloa.TloaMod/]: Max Stamina50.0
[08Mar2025 17:22:18.231] [Server thread/INFO] [net.mcreator.tloa.TloaMod/]: Current Stamina:5
[08Mar2025 17:22:18.231] [Server thread/INFO] [net.mcreator.tloa.TloaMod/]: Rounded Stamina5
[08Mar2025 17:22:18.231] [Server thread/INFO] [net.mcreator.tloa.TloaMod/]: Can Stamina:true
[08Mar2025 17:22:18.231] [Server thread/INFO] [net.mcreator.tloa.TloaMod/]: Max Stamina50.0
[08Mar2025 17:22:18.239] [Render thread/INFO] [net.mcreator.tloa.TloaMod/]: Current Stamina:4.5
[08Mar2025 17:22:18.239] [Render thread/INFO] [net.mcreator.tloa.TloaMod/]: Rounded Stamina5
[08Mar2025 17:22:18.239] [Render thread/INFO] [net.mcreator.tloa.TloaMod/]: Can Stamina:true
[08Mar2025 17:22:18.239] [Render thread/INFO] [net.mcreator.tloa.TloaMod/]: Max Stamina50.0
[08Mar2025 17:22:18.280] [Server thread/INFO] [net.mcreator.tloa.TloaMod/]: Current Stamina:4.5
[08Mar2025 17:22:18.280] [Server thread/INFO] [net.mcreator.tloa.TloaMod/]: Rounded Stamina5
[08Mar2025 17:22:18.280] [Server thread/INFO] [net.mcreator.tloa.TloaMod/]: Can Stamina:true
[08Mar2025 17:22:18.280] [Server thread/INFO] [net.mcreator.tloa.TloaMod/]: Max Stamina50.0
[08Mar2025 17:22:18.286] [Render thread/INFO] [net.mcreator.tloa.TloaMod/]: Current Stamina:4
[08Mar2025 17:22:18.286] [Render thread/INFO] [net.mcreator.tloa.TloaMod/]: Rounded Stamina4
[08Mar2025 17:22:18.286] [Render thread/INFO] [net.mcreator.tloa.TloaMod/]: Can Stamina:true
[08Mar2025 17:22:18.286] [Render thread/INFO] [net.mcreator.tloa.TloaMod/]: Max Stamina50.0
[08Mar2025 17:22:18.331] [Server thread/INFO] [net.mcreator.tloa.TloaMod/]: Current Stamina:4
[08Mar2025 17:22:18.331] [Server thread/INFO] [net.mcreator.tloa.TloaMod/]: Rounded Stamina4
[08Mar2025 17:22:18.331] [Server thread/INFO] [net.mcreator.tloa.TloaMod/]: Can Stamina:true
[08Mar2025 17:22:18.331] [Server thread/INFO] [net.mcreator.tloa.TloaMod/]: Max Stamina50.0
[08Mar2025 17:22:18.335] [Render thread/INFO] [net.mcreator.tloa.TloaMod/]: Current Stamina:3.5
[08Mar2025 17:22:18.336] [Render thread/INFO] [net.mcreator.tloa.TloaMod/]: Rounded Stamina4
[08Mar2025 17:22:18.336] [Render thread/INFO] [net.mcreator.tloa.TloaMod/]: Can Stamina:true
[08Mar2025 17:22:18.336] [Render thread/INFO] [net.mcreator.tloa.TloaMod/]: Max Stamina50.0
[08Mar2025 17:22:18.379] [Server thread/INFO] [net.mcreator.tloa.TloaMod/]: Current Stamina:3.5
[08Mar2025 17:22:18.379] [Server thread/INFO] [net.mcreator.tloa.TloaMod/]: Rounded Stamina4
[08Mar2025 17:22:18.379] [Server thread/INFO] [net.mcreator.tloa.TloaMod/]: Can Stamina:true
[08Mar2025 17:22:18.379] [Server thread/INFO] [net.mcreator.tloa.TloaMod/]: Max Stamina50.0
[08Mar2025 17:22:18.386] [Render thread/INFO] [net.mcreator.tloa.TloaMod/]: Current Stamina:3
[08Mar2025 17:22:18.386] [Render thread/INFO] [net.mcreator.tloa.TloaMod/]: Rounded Stamina3
[08Mar2025 17:22:18.386] [Render thread/INFO] [net.mcreator.tloa.TloaMod/]: Can Stamina:true
[08Mar2025 17:22:18.386] [Render thread/INFO] [net.mcreator.tloa.TloaMod/]: Max Stamina50.0
[08Mar2025 17:22:18.432] [Server thread/INFO] [net.mcreator.tloa.TloaMod/]: Current Stamina:3
[08Mar2025 17:22:18.432] [Server thread/INFO] [net.mcreator.tloa.TloaMod/]: Rounded Stamina3
[08Mar2025 17:22:18.432] [Server thread/INFO] [net.mcreator.tloa.TloaMod/]: Can Stamina:true
[08Mar2025 17:22:18.432] [Server thread/INFO] [net.mcreator.tloa.TloaMod/]: Max Stamina50.0
[08Mar2025 17:22:18.436] [Render thread/INFO] [net.mcreator.tloa.TloaMod/]: Current Stamina:2.5
[08Mar2025 17:22:18.436] [Render thread/INFO] [net.mcreator.tloa.TloaMod/]: Rounded Stamina3
[08Mar2025 17:22:18.436] [Render thread/INFO] [net.mcreator.tloa.TloaMod/]: Can Stamina:true
[08Mar2025 17:22:18.436] [Render thread/INFO] [net.mcreator.tloa.TloaMod/]: Max Stamina50.0
[08Mar2025 17:22:18.479] [Server thread/INFO] [net.mcreator.tloa.TloaMod/]: Current Stamina:2.5
[08Mar2025 17:22:18.479] [Server thread/INFO] [net.mcreator.tloa.TloaMod/]: Rounded Stamina3
[08Mar2025 17:22:18.479] [Server thread/INFO] [net.mcreator.tloa.TloaMod/]: Can Stamina:true
[08Mar2025 17:22:18.479] [Server thread/INFO] [net.mcreator.tloa.TloaMod/]: Max Stamina50.0
[08Mar2025 17:22:18.486] [Render thread/INFO] [net.mcreator.tloa.TloaMod/]: Current Stamina:2
[08Mar2025 17:22:18.486] [Render thread/INFO] [net.mcreator.tloa.TloaMod/]: Rounded Stamina2
[08Mar2025 17:22:18.486] [Render thread/INFO] [net.mcreator.tloa.TloaMod/]: Can Stamina:true
[08Mar2025 17:22:18.486] [Render thread/INFO] [net.mcreator.tloa.TloaMod/]: Max Stamina50.0
[08Mar2025 17:22:18.535] [Server thread/INFO] [net.mcreator.tloa.TloaMod/]: Current Stamina:2
[08Mar2025 17:22:18.536] [Server thread/INFO] [net.mcreator.tloa.TloaMod/]: Rounded Stamina2
[08Mar2025 17:22:18.536] [Server thread/INFO] [net.mcreator.tloa.TloaMod/]: Can Stamina:true
[08Mar2025 17:22:18.536] [Server thread/INFO] [net.mcreator.tloa.TloaMod/]: Max Stamina50.0
[08Mar2025 17:22:18.536] [Render thread/INFO] [net.mcreator.tloa.TloaMod/]: Current Stamina:1.5
[08Mar2025 17:22:18.536] [Render thread/INFO] [net.mcreator.tloa.TloaMod/]: Rounded Stamina2
[08Mar2025 17:22:18.536] [Render thread/INFO] [net.mcreator.tloa.TloaMod/]: Can Stamina:true
[08Mar2025 17:22:18.536] [Render thread/INFO] [net.mcreator.tloa.TloaMod/]: Max Stamina50.0
[08Mar2025 17:22:18.582] [Server thread/INFO] [net.mcreator.tloa.TloaMod/]: Current Stamina:1.5
[08Mar2025 17:22:18.582] [Server thread/INFO] [net.mcreator.tloa.TloaMod/]: Rounded Stamina2
[08Mar2025 17:22:18.582] [Server thread/INFO] [net.mcreator.tloa.TloaMod/]: Can Stamina:true
[08Mar2025 17:22:18.582] [Server thread/INFO] [net.mcreator.tloa.TloaMod/]: Max Stamina50.0
[08Mar2025 17:22:18.586] [Render thread/INFO] [net.mcreator.tloa.TloaMod/]: Current Stamina:1
[08Mar2025 17:22:18.586] [Render thread/INFO] [net.mcreator.tloa.TloaMod/]: Rounded Stamina1
[08Mar2025 17:22:18.586] [Render thread/INFO] [net.mcreator.tloa.TloaMod/]: Can Stamina:true
[08Mar2025 17:22:18.586] [Render thread/INFO] [net.mcreator.tloa.TloaMod/]: Max Stamina50.0
[08Mar2025 17:22:18.631] [Server thread/INFO] [net.mcreator.tloa.TloaMod/]: Current Stamina:1
[08Mar2025 17:22:18.631] [Server thread/INFO] [net.mcreator.tloa.TloaMod/]: Rounded Stamina1
[08Mar2025 17:22:18.632] [Server thread/INFO] [net.mcreator.tloa.TloaMod/]: Can Stamina:true
[08Mar2025 17:22:18.632] [Server thread/INFO] [net.mcreator.tloa.TloaMod/]: Max Stamina50.0
[08Mar2025 17:22:18.635] [Render thread/INFO] [net.mcreator.tloa.TloaMod/]: Current Stamina:0.5
[08Mar2025 17:22:18.635] [Render thread/INFO] [net.mcreator.tloa.TloaMod/]: Rounded Stamina1
[08Mar2025 17:22:18.635] [Render thread/INFO] [net.mcreator.tloa.TloaMod/]: Can Stamina:true
[08Mar2025 17:22:18.636] [Render thread/INFO] [net.mcreator.tloa.TloaMod/]: Max Stamina50.0
[08Mar2025 17:22:18.679] [Server thread/INFO] [net.mcreator.tloa.TloaMod/]: Current Stamina:0.5
[08Mar2025 17:22:18.679] [Server thread/INFO] [net.mcreator.tloa.TloaMod/]: Rounded Stamina1
[08Mar2025 17:22:18.679] [Server thread/INFO] [net.mcreator.tloa.TloaMod/]: Can Stamina:true
[08Mar2025 17:22:18.679] [Server thread/INFO] [net.mcreator.tloa.TloaMod/]: Max Stamina50.0
[08Mar2025 17:22:18.687] [Render thread/INFO] [net.mcreator.tloa.TloaMod/]: Current Stamina:0
[08Mar2025 17:22:18.687] [Render thread/INFO] [net.mcreator.tloa.TloaMod/]: Rounded Stamina0
[08Mar2025 17:22:18.687] [Render thread/INFO] [net.mcreator.tloa.TloaMod/]: Can Stamina:true
[08Mar2025 17:22:18.687] [Render thread/INFO] [net.mcreator.tloa.TloaMod/]: Max Stamina50.0
[08Mar2025 17:22:18.729] [Server thread/INFO] [net.mcreator.tloa.TloaMod/]: Current Stamina:0
[08Mar2025 17:22:18.729] [Server thread/INFO] [net.mcreator.tloa.TloaMod/]: Rounded Stamina0
[08Mar2025 17:22:18.729] [Server thread/INFO] [net.mcreator.tloa.TloaMod/]: Can Stamina:true
[08Mar2025 17:22:18.729] [Server thread/INFO] [net.mcreator.tloa.TloaMod/]: Max Stamina50.0
[08Mar2025 17:22:18.736] [Render thread/INFO] [net.mcreator.tloa.TloaMod/]: Current Stamina:0.5
[08Mar2025 17:22:18.736] [Render thread/INFO] [net.mcreator.tloa.TloaMod/]: Rounded Stamina1
[08Mar2025 17:22:18.736] [Render thread/INFO] [net.mcreator.tloa.TloaMod/]: Can Stamina:false
[08Mar2025 17:22:18.736] [Render thread/INFO] [net.mcreator.tloa.TloaMod/]: Max Stamina50.0
[08Mar2025 17:22:18.780] [Server thread/INFO] [net.mcreator.tloa.TloaMod/]: Current Stamina:0.5
[08Mar2025 17:22:18.781] [Server thread/INFO] [net.mcreator.tloa.TloaMod/]: Rounded Stamina1
[08Mar2025 17:22:18.781] [Server thread/INFO] [net.mcreator.tloa.TloaMod/]: Can Stamina:false
[08Mar2025 17:22:18.781] [Server thread/INFO] [net.mcreator.tloa.TloaMod/]: Max Stamina50.0
[08Mar2025 17:22:18.786] [Render thread/INFO] [net.mcreator.tloa.TloaMod/]: Current Stamina:1
[08Mar2025 17:22:18.786] [Render thread/INFO] [net.mcreator.tloa.TloaMod/]: Rounded Stamina1
[08Mar2025 17:22:18.786] [Render thread/INFO] [net.mcreator.tloa.TloaMod/]: Can Stamina:false
[08Mar2025 17:22:18.786] [Render thread/INFO] [net.mcreator.tloa.TloaMod/]: Max Stamina50.0
[08Mar2025 17:22:18.829] [Server thread/INFO] [net.mcreator.tloa.TloaMod/]: Current Stamina:1
[08Mar2025 17:22:18.830] [Server thread/INFO] [net.mcreator.tloa.TloaMod/]: Rounded Stamina1
[08Mar2025 17:22:18.830] [Server thread/INFO] [net.mcreator.tloa.TloaMod/]: Can Stamina:false
[08Mar2025 17:22:18.830] [Server thread/INFO] [net.mcreator.tloa.TloaMod/]: Max Stamina50.0
[08Mar2025 17:22:18.835] [Render thread/INFO] [net.mcreator.tloa.TloaMod/]: Current Stamina:1.5
[08Mar2025 17:22:18.836] [Render thread/INFO] [net.mcreator.tloa.TloaMod/]: Rounded Stamina2
[08Mar2025 17:22:18.836] [Render thread/INFO] [net.mcreator.tloa.TloaMod/]: Can Stamina:false
[08Mar2025 17:22:18.836] [Render thread/INFO] [net.mcreator.tloa.TloaMod/]: Max Stamina50.0
[08Mar2025 17:22:18.880] [Server thread/INFO] [net.mcreator.tloa.TloaMod/]: Current Stamina:1.5
[08Mar2025 17:22:18.881] [Server thread/INFO] [net.mcreator.tloa.TloaMod/]: Rounded Stamina2
[08Mar2025 17:22:18.881] [Server thread/INFO] [net.mcreator.tloa.TloaMod/]: Can Stamina:false
[08Mar2025 17:22:18.881] [Server thread/INFO] [net.mcreator.tloa.TloaMod/]: Max Stamina50.0
[08Mar2025 17:22:18.885] [Render thread/INFO] [net.mcreator.tloa.TloaMod/]: Current Stamina:2
[08Mar2025 17:22:18.886] [Render thread/INFO] [net.mcreator.tloa.TloaMod/]: Rounded Stamina2
[08Mar2025 17:22:18.886] [Render thread/INFO] [net.mcreator.tloa.TloaMod/]: Can Stamina:false
[08Mar2025 17:22:18.886] [Render thread/INFO] [net.mcreator.tloa.TloaMod/]: Max Stamina50.0
[08Mar2025 17:22:18.931] [Server thread/INFO] [net.mcreator.tloa.TloaMod/]: Current Stamina:2
[08Mar2025 17:22:18.931] [Server thread/INFO] [net.mcreator.tloa.TloaMod/]: Rounded Stamina2
[08Mar2025 17:22:18.931] [Server thread/INFO] [net.mcreator.tloa.TloaMod/]: Can Stamina:false
[08Mar2025 17:22:18.931] [Server thread/INFO] [net.mcreator.tloa.TloaMod/]: Max Stamina50.0
[08Mar2025 17:22:18.940] [Render thread/INFO] [net.mcreator.tloa.TloaMod/]: Current Stamina:2.5
[08Mar2025 17:22:18.941] [Render thread/INFO] [net.mcreator.tloa.TloaMod/]: Rounded Stamina3
[08Mar2025 17:22:18.941] [Render thread/INFO] [net.mcreator.tloa.TloaMod/]: Can Stamina:false
[08Mar2025 17:22:18.941] [Render thread/INFO] [net.mcreator.tloa.TloaMod/]: Max Stamina50.0
[08Mar2025 17:22:18.985] [Render thread/INFO] [net.mcreator.tloa.TloaMod/]: Current Stamina:3
[08Mar2025 17:22:18.985] [Render thread/INFO] [net.mcreator.tloa.TloaMod/]: Rounded Stamina3
[08Mar2025 17:22:18.985] [Render thread/INFO] [net.mcreator.tloa.TloaMod/]: Can Stamina:false
[08Mar2025 17:22:18.985] [Render thread/INFO] [net.mcreator.tloa.TloaMod/]: Max Stamina50.0
[08Mar2025 17:22:19.027] [Server thread/INFO] [net.mcreator.tloa.TloaMod/]: Current Stamina:2.5
[08Mar2025 17:22:19.028] [Server thread/INFO] [net.mcreator.tloa.TloaMod/]: Rounded Stamina3
[08Mar2025 17:22:19.028] [Server thread/INFO] [net.mcreator.tloa.TloaMod/]: Can Stamina:false
[08Mar2025 17:22:19.028] [Server thread/INFO] [net.mcreator.tloa.TloaMod/]: Max Stamina50.0
[08Mar2025 17:22:19.035] [Render thread/INFO] [net.mcreator.tloa.TloaMod/]: Current Stamina:3
[08Mar2025 17:22:19.036] [Render thread/INFO] [net.mcreator.tloa.TloaMod/]: Rounded Stamina3
[08Mar2025 17:22:19.036] [Render thread/INFO] [net.mcreator.tloa.TloaMod/]: Can Stamina:false
[08Mar2025 17:22:19.036] [Render thread/INFO] [net.mcreator.tloa.TloaMod/]: Max Stamina50.0
[08Mar2025 17:22:19.039] [Server thread/INFO] [net.mcreator.tloa.TloaMod/]: Current Stamina:3
[08Mar2025 17:22:19.039] [Server thread/INFO] [net.mcreator.tloa.TloaMod/]: Rounded Stamina3
[08Mar2025 17:22:19.039] [Server thread/INFO] [net.mcreator.tloa.TloaMod/]: Can Stamina:false
[08Mar2025 17:22:19.039] [Server thread/INFO] [net.mcreator.tloa.TloaMod/]: Max Stamina50.0
[08Mar2025 17:22:19.076] [Server thread/INFO] [net.mcreator.tloa.TloaMod/]: Current Stamina:3.5
[08Mar2025 17:22:19.077] [Server thread/INFO] [net.mcreator.tloa.TloaMod/]: Rounded Stamina4
[08Mar2025 17:22:19.077] [Server thread/INFO] [net.mcreator.tloa.TloaMod/]: Can Stamina:false
[08Mar2025 17:22:19.077] [Server thread/INFO] [net.mcreator.tloa.TloaMod/]: Max Stamina50.0
[08Mar2025 17:22:19.085] [Render thread/INFO] [net.mcreator.tloa.TloaMod/]: Current Stamina:4
[08Mar2025 17:22:19.086] [Render thread/INFO] [net.mcreator.tloa.TloaMod/]: Rounded Stamina4
[08Mar2025 17:22:19.086] [Render thread/INFO] [net.mcreator.tloa.TloaMod/]: Can Stamina:false
[08Mar2025 17:22:19.086] [Render thread/INFO] [net.mcreator.tloa.TloaMod/]: Max Stamina50.0
[08Mar2025 17:22:19.128] [Server thread/INFO] [net.mcreator.tloa.TloaMod/]: Current Stamina:4
[08Mar2025 17:22:19.128] [Server thread/INFO] [net.mcreator.tloa.TloaMod/]: Rounded Stamina4
[08Mar2025 17:22:19.128] [Server thread/INFO] [net.mcreator.tloa.TloaMod/]: Can Stamina:false
[08Mar2025 17:22:19.128] [Server thread/INFO] [net.mcreator.tloa.TloaMod/]: Max Stamina50.0
[08Mar2025 17:22:19.137] [Render thread/INFO] [net.mcreator.tloa.TloaMod/]: Current Stamina:4.5
[08Mar2025 17:22:19.137] [Render thread/INFO] [net.mcreator.tloa.TloaMod/]: Rounded Stamina5
[08Mar2025 17:22:19.138] [Render thread/INFO] [net.mcreator.tloa.TloaMod/]: Can Stamina:false
[08Mar2025 17:22:19.138] [Render thread/INFO] [net.mcreator.tloa.TloaMod/]: Max Stamina50.0
[08Mar2025 17:22:19.179] [Server thread/INFO] [net.mcreator.tloa.TloaMod/]: Current Stamina:4.5
[08Mar2025 17:22:19.179] [Server thread/INFO] [net.mcreator.tloa.TloaMod/]: Rounded Stamina5
[08Mar2025 17:22:19.179] [Server thread/INFO] [net.mcreator.tloa.TloaMod/]: Can Stamina:false
[08Mar2025 17:22:19.179] [Server thread/INFO] [net.mcreator.tloa.TloaMod/]: Max Stamina50.0
[08Mar2025 17:22:19.186] [Render thread/INFO] [net.mcreator.tloa.TloaMod/]: Current Stamina:5
[08Mar2025 17:22:19.186] [Render thread/INFO] [net.mcreator.tloa.TloaMod/]: Rounded Stamina5
[08Mar2025 17:22:19.186] [Render thread/INFO] [net.mcreator.tloa.TloaMod/]: Can Stamina:false
[08Mar2025 17:22:19.186] [Render thread/INFO] [net.mcreator.tloa.TloaMod/]: Max Stamina50.0
[08Mar2025 17:22:19.231] [Server thread/INFO] [net.mcreator.tloa.TloaMod/]: Current Stamina:5
[08Mar2025 17:22:19.231] [Server thread/INFO] [net.mcreator.tloa.TloaMod/]: Rounded Stamina5
[08Mar2025 17:22:19.231] [Server thread/INFO] [net.mcreator.tloa.TloaMod/]: Can Stamina:false
[08Mar2025 17:22:19.231] [Server thread/INFO] [net.mcreator.tloa.TloaMod/]: Max Stamina50.0
[08Mar2025 17:22:19.235] [Render thread/INFO] [net.mcreator.tloa.TloaMod/]: Current Stamina:5.5
[08Mar2025 17:22:19.237] [Render thread/INFO] [net.mcreator.tloa.TloaMod/]: Rounded Stamina6
[08Mar2025 17:22:19.237] [Render thread/INFO] [net.mcreator.tloa.TloaMod/]: Can Stamina:false
[08Mar2025 17:22:19.237] [Render thread/INFO] [net.mcreator.tloa.TloaMod/]: Max Stamina50.0
[08Mar2025 17:22:19.278] [Server thread/INFO] [net.mcreator.tloa.TloaMod/]: Current Stamina:5.5
[08Mar2025 17:22:19.278] [Server thread/INFO] [net.mcreator.tloa.TloaMod/]: Rounded Stamina6
[08Mar2025 17:22:19.278] [Server thread/INFO] [net.mcreator.tloa.TloaMod/]: Can Stamina:false
[08Mar2025 17:22:19.279] [Server thread/INFO] [net.mcreator.tloa.TloaMod/]: Max Stamina50.0
[08Mar2025 17:22:19.286] [Render thread/INFO] [net.mcreator.tloa.TloaMod/]: Current Stamina:6
[08Mar2025 17:22:19.286] [Render thread/INFO] [net.mcreator.tloa.TloaMod/]: Rounded Stamina6
[08Mar2025 17:22:19.286] [Render thread/INFO] [net.mcreator.tloa.TloaMod/]: Can Stamina:false
[08Mar2025 17:22:19.286] [Render thread/INFO] [net.mcreator.tloa.TloaMod/]: Max Stamina50.0
[08Mar2025 17:22:19.330] [Server thread/INFO] [net.mcreator.tloa.TloaMod/]: Current Stamina:6
[08Mar2025 17:22:19.330] [Server thread/INFO] [net.mcreator.tloa.TloaMod/]: Rounded Stamina6
[08Mar2025 17:22:19.330] [Server thread/INFO] [net.mcreator.tloa.TloaMod/]: Can Stamina:false
[08Mar2025 17:22:19.330] [Server thread/INFO] [net.mcreator.tloa.TloaMod/]: Max Stamina50.0
[08Mar2025 17:22:19.336] [Render thread/INFO] [net.mcreator.tloa.TloaMod/]: Current Stamina:6.5
[08Mar2025 17:22:19.336] [Render thread/INFO] [net.mcreator.tloa.TloaMod/]: Rounded Stamina7
[08Mar2025 17:22:19.336] [Render thread/INFO] [net.mcreator.tloa.TloaMod/]: Can Stamina:false
[08Mar2025 17:22:19.336] [Render thread/INFO] [net.mcreator.tloa.TloaMod/]: Max Stamina50.0
[08Mar2025 17:22:19.379] [Server thread/INFO] [net.mcreator.tloa.TloaMod/]: Current Stamina:6.5
[08Mar2025 17:22:19.379] [Server thread/INFO] [net.mcreator.tloa.TloaMod/]: Rounded Stamina7
[08Mar2025 17:22:19.379] [Server thread/INFO] [net.mcreator.tloa.TloaMod/]: Can Stamina:false
[08Mar2025 17:22:19.379] [Server thread/INFO] [net.mcreator.tloa.TloaMod/]: Max Stamina50.0
[08Mar2025 17:22:19.385] [Render thread/INFO] [net.mcreator.tloa.TloaMod/]: Current Stamina:7
[08Mar2025 17:22:19.385] [Render thread/INFO] [net.mcreator.tloa.TloaMod/]: Rounded Stamina7
[08Mar2025 17:22:19.385] [Render thread/INFO] [net.mcreator.tloa.TloaMod/]: Can Stamina:false
[08Mar2025 17:22:19.385] [Render thread/INFO] [net.mcreator.tloa.TloaMod/]: Max Stamina50.0
[08Mar2025 17:22:19.432] [Server thread/INFO] [net.mcreator.tloa.TloaMod/]: Current Stamina:7
[08Mar2025 17:22:19.432] [Server thread/INFO] [net.mcreator.tloa.TloaMod/]: Rounded Stamina7
[08Mar2025 17:22:19.432] [Server thread/INFO] [net.mcreator.tloa.TloaMod/]: Can Stamina:false
[08Mar2025 17:22:19.432] [Server thread/INFO] [net.mcreator.tloa.TloaMod/]: Max Stamina50.0
[08Mar2025 17:22:19.437] [Render thread/INFO] [net.mcreator.tloa.TloaMod/]: Current Stamina:7.5
[08Mar2025 17:22:19.437] [Render thread/INFO] [net.mcreator.tloa.TloaMod/]: Rounded Stamina8
[08Mar2025 17:22:19.437] [Render thread/INFO] [net.mcreator.tloa.TloaMod/]: Can Stamina:false
[08Mar2025 17:22:19.437] [Render thread/INFO] [net.mcreator.tloa.TloaMod/]: Max Stamina50.0
[08Mar2025 17:22:19.481] [Server thread/INFO] [net.mcreator.tloa.TloaMod/]: Current Stamina:7.5
[08Mar2025 17:22:19.481] [Server thread/INFO] [net.mcreator.tloa.TloaMod/]: Rounded Stamina8
[08Mar2025 17:22:19.481] [Server thread/INFO] [net.mcreator.tloa.TloaMod/]: Can Stamina:false
[08Mar2025 17:22:19.481] [Server thread/INFO] [net.mcreator.tloa.TloaMod/]: Max Stamina50.0
[08Mar2025 17:22:19.487] [Render thread/INFO] [net.mcreator.tloa.TloaMod/]: Current Stamina:8
[08Mar2025 17:22:19.487] [Render thread/INFO] [net.mcreator.tloa.TloaMod/]: Rounded Stamina8
[08Mar2025 17:22:19.487] [Render thread/INFO] [net.mcreator.tloa.TloaMod/]: Can Stamina:false
[08Mar2025 17:22:19.487] [Render thread/INFO] [net.mcreator.tloa.TloaMod/]: Max Stamina50.0
[08Mar2025 17:22:19.527] [Server thread/INFO] [net.mcreator.tloa.TloaMod/]: Current Stamina:8
[08Mar2025 17:22:19.527] [Server thread/INFO] [net.mcreator.tloa.TloaMod/]: Rounded Stamina8
[08Mar2025 17:22:19.527] [Server thread/INFO] [net.mcreator.tloa.TloaMod/]: Can Stamina:false
[08Mar2025 17:22:19.527] [Server thread/INFO] [net.mcreator.tloa.TloaMod/]: Max Stamina50.0
[08Mar2025 17:22:19.537] [Render thread/INFO] [net.mcreator.tloa.TloaMod/]: Current Stamina:8.5
[08Mar2025 17:22:19.538] [Render thread/INFO] [net.mcreator.tloa.TloaMod/]: Rounded Stamina9
[08Mar2025 17:22:19.538] [Render thread/INFO] [net.mcreator.tloa.TloaMod/]: Can Stamina:false
[08Mar2025 17:22:19.538] [Render thread/INFO] [net.mcreator.tloa.TloaMod/]: Max Stamina50.0
[08Mar2025 17:22:19.582] [Server thread/INFO] [net.mcreator.tloa.TloaMod/]: Current Stamina:8.5
[08Mar2025 17:22:19.582] [Server thread/INFO] [net.mcreator.tloa.TloaMod/]: Rounded Stamina9
[08Mar2025 17:22:19.582] [Server thread/INFO] [net.mcreator.tloa.TloaMod/]: Can Stamina:false
[08Mar2025 17:22:19.582] [Server thread/INFO] [net.mcreator.tloa.TloaMod/]: Max Stamina50.0
[08Mar2025 17:22:19.586] [Render thread/INFO] [net.mcreator.tloa.TloaMod/]: Current Stamina:9
[08Mar2025 17:22:19.587] [Render thread/INFO] [net.mcreator.tloa.TloaMod/]: Rounded Stamina9
[08Mar2025 17:22:19.587] [Render thread/INFO] [net.mcreator.tloa.TloaMod/]: Can Stamina:false
[08Mar2025 17:22:19.587] [Render thread/INFO] [net.mcreator.tloa.TloaMod/]: Max Stamina50.0
[08Mar2025 17:22:19.630] [Server thread/INFO] [net.mcreator.tloa.TloaMod/]: Current Stamina:9
[08Mar2025 17:22:19.631] [Server thread/INFO] [net.mcreator.tloa.TloaMod/]: Rounded Stamina9
[08Mar2025 17:22:19.631] [Server thread/INFO] [net.mcreator.tloa.TloaMod/]: Can Stamina:false
[08Mar2025 17:22:19.631] [Server thread/INFO] [net.mcreator.tloa.TloaMod/]: Max Stamina50.0
[08Mar2025 17:22:19.636] [Render thread/INFO] [net.mcreator.tloa.TloaMod/]: Current Stamina:9.5
[08Mar2025 17:22:19.636] [Render thread/INFO] [net.mcreator.tloa.TloaMod/]: Rounded Stamina10
[08Mar2025 17:22:19.636] [Render thread/INFO] [net.mcreator.tloa.TloaMod/]: Can Stamina:false
[08Mar2025 17:22:19.636] [Render thread/INFO] [net.mcreator.tloa.TloaMod/]: Max Stamina50.0
[08Mar2025 17:22:19.679] [Server thread/INFO] [net.mcreator.tloa.TloaMod/]: Current Stamina:9.5
[08Mar2025 17:22:19.679] [Server thread/INFO] [net.mcreator.tloa.TloaMod/]: Rounded Stamina10
[08Mar2025 17:22:19.679] [Server thread/INFO] [net.mcreator.tloa.TloaMod/]: Can Stamina:false
[08Mar2025 17:22:19.679] [Server thread/INFO] [net.mcreator.tloa.TloaMod/]: Max Stamina50.0
[08Mar2025 17:22:19.686] [Render thread/INFO] [net.mcreator.tloa.TloaMod/]: Current Stamina:10
[08Mar2025 17:22:19.686] [Render thread/INFO] [net.mcreator.tloa.TloaMod/]: Rounded Stamina10
[08Mar2025 17:22:19.686] [Render thread/INFO] [net.mcreator.tloa.TloaMod/]: Can Stamina:false
[08Mar2025 17:22:19.686] [Render thread/INFO] [net.mcreator.tloa.TloaMod/]: Max Stamina50.0
[08Mar2025 17:22:19.728] [Server thread/INFO] [net.mcreator.tloa.TloaMod/]: Current Stamina:10
[08Mar2025 17:22:19.729] [Server thread/INFO] [net.mcreator.tloa.TloaMod/]: Rounded Stamina10
[08Mar2025 17:22:19.729] [Server thread/INFO] [net.mcreator.tloa.TloaMod/]: Can Stamina:false
[08Mar2025 17:22:19.729] [Server thread/INFO] [net.mcreator.tloa.TloaMod/]: Max Stamina50.0
[08Mar2025 17:22:19.737] [Render thread/INFO] [net.mcreator.tloa.TloaMod/]: Current Stamina:10.5
[08Mar2025 17:22:19.738] [Render thread/INFO] [net.mcreator.tloa.TloaMod/]: Rounded Stamina11
[08Mar2025 17:22:19.738] [Render thread/INFO] [net.mcreator.tloa.TloaMod/]: Can Stamina:false
[08Mar2025 17:22:19.738] [Render thread/INFO] [net.mcreator.tloa.TloaMod/]: Max Stamina50.0
[08Mar2025 17:22:19.778] [Server thread/INFO] [net.mcreator.tloa.TloaMod/]: Current Stamina:10.5
[08Mar2025 17:22:19.778] [Server thread/INFO] [net.mcreator.tloa.TloaMod/]: Rounded Stamina11
[08Mar2025 17:22:19.778] [Server thread/INFO] [net.mcreator.tloa.TloaMod/]: Can Stamina:false
[08Mar2025 17:22:19.778] [Server thread/INFO] [net.mcreator.tloa.TloaMod/]: Max Stamina50.0
[08Mar2025 17:22:19.786] [Render thread/INFO] [net.mcreator.tloa.TloaMod/]: Current Stamina:11
[08Mar2025 17:22:19.786] [Render thread/INFO] [net.mcreator.tloa.TloaMod/]: Rounded Stamina11
[08Mar2025 17:22:19.786] [Render thread/INFO] [net.mcreator.tloa.TloaMod/]: Can Stamina:false
[08Mar2025 17:22:19.787] [Render thread/INFO] [net.mcreator.tloa.TloaMod/]: Max Stamina50.0
[08Mar2025 17:22:19.829] [Server thread/INFO] [net.mcreator.tloa.TloaMod/]: Current Stamina:11
[08Mar2025 17:22:19.830] [Server thread/INFO] [net.mcreator.tloa.TloaMod/]: Rounded Stamina11
[08Mar2025 17:22:19.830] [Server thread/INFO] [net.mcreator.tloa.TloaMod/]: Can Stamina:false
[08Mar2025 17:22:19.830] [Server thread/INFO] [net.mcreator.tloa.TloaMod/]: Max Stamina50.0
[08Mar2025 17:22:19.837] [Render thread/INFO] [net.mcreator.tloa.TloaMod/]: Current Stamina:11.5
[08Mar2025 17:22:19.837] [Render thread/INFO] [net.mcreator.tloa.TloaMod/]: Rounded Stamina12
[08Mar2025 17:22:19.837] [Render thread/INFO] [net.mcreator.tloa.TloaMod/]: Can Stamina:false
[08Mar2025 17:22:19.837] [Render thread/INFO] [net.mcreator.tloa.TloaMod/]: Max Stamina50.0
[08Mar2025 17:22:19.876] [Server thread/INFO] [net.mcreator.tloa.TloaMod/]: Current Stamina:11.5
[08Mar2025 17:22:19.877] [Server thread/INFO] [net.mcreator.tloa.TloaMod/]: Rounded Stamina12
[08Mar2025 17:22:19.877] [Server thread/INFO] [net.mcreator.tloa.TloaMod/]: Can Stamina:false
[08Mar2025 17:22:19.877] [Server thread/INFO] [net.mcreator.tloa.TloaMod/]: Max Stamina50.0
[08Mar2025 17:22:19.886] [Render thread/INFO] [net.mcreator.tloa.TloaMod/]: Current Stamina:12
[08Mar2025 17:22:19.886] [Render thread/INFO] [net.mcreator.tloa.TloaMod/]: Rounded Stamina12
[08Mar2025 17:22:19.886] [Render thread/INFO] [net.mcreator.tloa.TloaMod/]: Can Stamina:false
[08Mar2025 17:22:19.886] [Render thread/INFO] [net.mcreator.tloa.TloaMod/]: Max Stamina50.0
[08Mar2025 17:22:19.927] [Server thread/INFO] [net.mcreator.tloa.TloaMod/]: Current Stamina:12
[08Mar2025 17:22:19.927] [Server thread/INFO] [net.mcreator.tloa.TloaMod/]: Rounded Stamina12
[08Mar2025 17:22:19.927] [Server thread/INFO] [net.mcreator.tloa.TloaMod/]: Can Stamina:false
[08Mar2025 17:22:19.927] [Server thread/INFO] [net.mcreator.tloa.TloaMod/]: Max Stamina50.0
[08Mar2025 17:22:19.936] [Render thread/INFO] [net.mcreator.tloa.TloaMod/]: Current Stamina:12.5
[08Mar2025 17:22:19.936] [Render thread/INFO] [net.mcreator.tloa.TloaMod/]: Rounded Stamina13
[08Mar2025 17:22:19.936] [Render thread/INFO] [net.mcreator.tloa.TloaMod/]: Can Stamina:false
[08Mar2025 17:22:19.936] [Render thread/INFO] [net.mcreator.tloa.TloaMod/]: Max Stamina50.0
[08Mar2025 17:22:19.979] [Server thread/INFO] [net.mcreator.tloa.TloaMod/]: Current Stamina:12.5
[08Mar2025 17:22:19.980] [Server thread/INFO] [net.mcreator.tloa.TloaMod/]: Rounded Stamina13
[08Mar2025 17:22:19.980] [Server thread/INFO] [net.mcreator.tloa.TloaMod/]: Can Stamina:false
[08Mar2025 17:22:19.980] [Server thread/INFO] [net.mcreator.tloa.TloaMod/]: Max Stamina50.0
[08Mar2025 17:22:19.986] [Render thread/INFO] [net.mcreator.tloa.TloaMod/]: Current Stamina:13
[08Mar2025 17:22:19.986] [Render thread/INFO] [net.mcreator.tloa.TloaMod/]: Rounded Stamina13
[08Mar2025 17:22:19.986] [Render thread/INFO] [net.mcreator.tloa.TloaMod/]: Can Stamina:false
[08Mar2025 17:22:19.986] [Render thread/INFO] [net.mcreator.tloa.TloaMod/]: Max Stamina50.0
[08Mar2025 17:22:20.029] [Server thread/INFO] [net.mcreator.tloa.TloaMod/]: Current Stamina:13
[08Mar2025 17:22:20.029] [Server thread/INFO] [net.mcreator.tloa.TloaMod/]: Rounded Stamina13
[08Mar2025 17:22:20.030] [Server thread/INFO] [net.mcreator.tloa.TloaMod/]: Can Stamina:false
[08Mar2025 17:22:20.030] [Server thread/INFO] [net.mcreator.tloa.TloaMod/]: Max Stamina50.0
[08Mar2025 17:22:20.034] [Render thread/INFO] [net.mcreator.tloa.TloaMod/]: Current Stamina:13.5
[08Mar2025 17:22:20.035] [Render thread/INFO] [net.mcreator.tloa.TloaMod/]: Rounded Stamina14
[08Mar2025 17:22:20.035] [Render thread/INFO] [net.mcreator.tloa.TloaMod/]: Can Stamina:false
[08Mar2025 17:22:20.035] [Render thread/INFO] [net.mcreator.tloa.TloaMod/]: Max Stamina50.0
[08Mar2025 17:22:20.080] [Server thread/INFO] [net.mcreator.tloa.TloaMod/]: Current Stamina:13.5
[08Mar2025 17:22:20.081] [Server thread/INFO] [net.mcreator.tloa.TloaMod/]: Rounded Stamina14
[08Mar2025 17:22:20.081] [Server thread/INFO] [net.mcreator.tloa.TloaMod/]: Can Stamina:false
[08Mar2025 17:22:20.081] [Server thread/INFO] [net.mcreator.tloa.TloaMod/]: Max Stamina50.0
[08Mar2025 17:22:20.085] [Render thread/INFO] [net.mcreator.tloa.TloaMod/]: Current Stamina:14
[08Mar2025 17:22:20.086] [Render thread/INFO] [net.mcreator.tloa.TloaMod/]: Rounded Stamina14
[08Mar2025 17:22:20.086] [Render thread/INFO] [net.mcreator.tloa.TloaMod/]: Can Stamina:false
[08Mar2025 17:22:20.086] [Render thread/INFO] [net.mcreator.tloa.TloaMod/]: Max Stamina50.0
[08Mar2025 17:22:20.130] [Server thread/INFO] [net.mcreator.tloa.TloaMod/]: Current Stamina:14
[08Mar2025 17:22:20.130] [Server thread/INFO] [net.mcreator.tloa.TloaMod/]: Rounded Stamina14
[08Mar2025 17:22:20.130] [Server thread/INFO] [net.mcreator.tloa.TloaMod/]: Can Stamina:false
[08Mar2025 17:22:20.130] [Server thread/INFO] [net.mcreator.tloa.TloaMod/]: Max Stamina50.0
[08Mar2025 17:22:20.135] [Render thread/INFO] [net.mcreator.tloa.TloaMod/]: Current Stamina:14.5
[08Mar2025 17:22:20.135] [Render thread/INFO] [net.mcreator.tloa.TloaMod/]: Rounded Stamina15
[08Mar2025 17:22:20.135] [Render thread/INFO] [net.mcreator.tloa.TloaMod/]: Can Stamina:false
[08Mar2025 17:22:20.135] [Render thread/INFO] [net.mcreator.tloa.TloaMod/]: Max Stamina50.0
[08Mar2025 17:22:20.179] [Server thread/INFO] [net.mcreator.tloa.TloaMod/]: Current Stamina:14.5
[08Mar2025 17:22:20.179] [Server thread/INFO] [net.mcreator.tloa.TloaMod/]: Rounded Stamina15
[08Mar2025 17:22:20.179] [Server thread/INFO] [net.mcreator.tloa.TloaMod/]: Can Stamina:false
[08Mar2025 17:22:20.179] [Server thread/INFO] [net.mcreator.tloa.TloaMod/]: Max Stamina50.0
[08Mar2025 17:22:20.189] [Render thread/INFO] [net.mcreator.tloa.TloaMod/]: Current Stamina:15
[08Mar2025 17:22:20.189] [Render thread/INFO] [net.mcreator.tloa.TloaMod/]: Rounded Stamina15
[08Mar2025 17:22:20.190] [Render thread/INFO] [net.mcreator.tloa.TloaMod/]: Can Stamina:false
[08Mar2025 17:22:20.190] [Render thread/INFO] [net.mcreator.tloa.TloaMod/]: Max Stamina50.0
[08Mar2025 17:22:20.234] [Server thread/INFO] [net.mcreator.tloa.TloaMod/]: Current Stamina:15
[08Mar2025 17:22:20.234] [Server thread/INFO] [net.mcreator.tloa.TloaMod/]: Rounded Stamina15
[08Mar2025 17:22:20.234] [Server thread/INFO] [net.mcreator.tloa.TloaMod/]: Can Stamina:false
[08Mar2025 17:22:20.234] [Server thread/INFO] [net.mcreator.tloa.TloaMod/]: Max Stamina50.0
[08Mar2025 17:22:20.236] [Render thread/INFO] [net.mcreator.tloa.TloaMod/]: Current Stamina:15.5
[08Mar2025 17:22:20.236] [Render thread/INFO] [net.mcreator.tloa.TloaMod/]: Rounded Stamina16
[08Mar2025 17:22:20.236] [Render thread/INFO] [net.mcreator.tloa.TloaMod/]: Can Stamina:false
[08Mar2025 17:22:20.236] [Render thread/INFO] [net.mcreator.tloa.TloaMod/]: Max Stamina50.0
[08Mar2025 17:22:20.278] [Server thread/INFO] [net.mcreator.tloa.TloaMod/]: Current Stamina:15.5
[08Mar2025 17:22:20.278] [Server thread/INFO] [net.mcreator.tloa.TloaMod/]: Rounded Stamina16
[08Mar2025 17:22:20.278] [Server thread/INFO] [net.mcreator.tloa.TloaMod/]: Can Stamina:false
[08Mar2025 17:22:20.278] [Server thread/INFO] [net.mcreator.tloa.TloaMod/]: Max Stamina50.0
[08Mar2025 17:22:20.286] [Render thread/INFO] [net.mcreator.tloa.TloaMod/]: Current Stamina:16
[08Mar2025 17:22:20.286] [Render thread/INFO] [net.mcreator.tloa.TloaMod/]: Rounded Stamina16
[08Mar2025 17:22:20.286] [Render thread/INFO] [net.mcreator.tloa.TloaMod/]: Can Stamina:false
[08Mar2025 17:22:20.286] [Render thread/INFO] [net.mcreator.tloa.TloaMod/]: Max Stamina50.0
[08Mar2025 17:22:20.330] [Server thread/INFO] [net.mcreator.tloa.TloaMod/]: Current Stamina:16
[08Mar2025 17:22:20.330] [Server thread/INFO] [net.mcreator.tloa.TloaMod/]: Rounded Stamina16
[08Mar2025 17:22:20.330] [Server thread/INFO] [net.mcreator.tloa.TloaMod/]: Can Stamina:false
[08Mar2025 17:22:20.332] [Server thread/INFO] [net.mcreator.tloa.TloaMod/]: Max Stamina50.0
[08Mar2025 17:22:20.337] [Render thread/INFO] [net.mcreator.tloa.TloaMod/]: Current Stamina:16.5
[08Mar2025 17:22:20.338] [Render thread/INFO] [net.mcreator.tloa.TloaMod/]: Rounded Stamina17
[08Mar2025 17:22:20.338] [Render thread/INFO] [net.mcreator.tloa.TloaMod/]: Can Stamina:false
[08Mar2025 17:22:20.338] [Render thread/INFO] [net.mcreator.tloa.TloaMod/]: Max Stamina50.0
[08Mar2025 17:22:20.377] [Server thread/INFO] [net.mcreator.tloa.TloaMod/]: Current Stamina:16.5
[08Mar2025 17:22:20.377] [Server thread/INFO] [net.mcreator.tloa.TloaMod/]: Rounded Stamina17
[08Mar2025 17:22:20.377] [Server thread/INFO] [net.mcreator.tloa.TloaMod/]: Can Stamina:false
[08Mar2025 17:22:20.377] [Server thread/INFO] [net.mcreator.tloa.TloaMod/]: Max Stamina50.0
[08Mar2025 17:22:20.386] [Render thread/INFO] [net.mcreator.tloa.TloaMod/]: Current Stamina:17
[08Mar2025 17:22:20.386] [Render thread/INFO] [net.mcreator.tloa.TloaMod/]: Rounded Stamina17
[08Mar2025 17:22:20.386] [Render thread/INFO] [net.mcreator.tloa.TloaMod/]: Can Stamina:false
[08Mar2025 17:22:20.386] [Render thread/INFO] [net.mcreator.tloa.TloaMod/]: Max Stamina50.0
[08Mar2025 17:22:20.426] [Server thread/INFO] [net.mcreator.tloa.TloaMod/]: Current Stamina:17
[08Mar2025 17:22:20.427] [Server thread/INFO] [net.mcreator.tloa.TloaMod/]: Rounded Stamina17
[08Mar2025 17:22:20.427] [Server thread/INFO] [net.mcreator.tloa.TloaMod/]: Can Stamina:false
[08Mar2025 17:22:20.427] [Server thread/INFO] [net.mcreator.tloa.TloaMod/]: Max Stamina50.0
[08Mar2025 17:22:20.435] [Render thread/INFO] [net.mcreator.tloa.TloaMod/]: Current Stamina:17.5
[08Mar2025 17:22:20.436] [Render thread/INFO] [net.mcreator.tloa.TloaMod/]: Rounded Stamina18
[08Mar2025 17:22:20.436] [Render thread/INFO] [net.mcreator.tloa.TloaMod/]: Can Stamina:false
[08Mar2025 17:22:20.436] [Render thread/INFO] [net.mcreator.tloa.TloaMod/]: Max Stamina50.0
[08Mar2025 17:22:20.477] [Server thread/INFO] [net.mcreator.tloa.TloaMod/]: Current Stamina:17.5
[08Mar2025 17:22:20.477] [Server thread/INFO] [net.mcreator.tloa.TloaMod/]: Rounded Stamina18
[08Mar2025 17:22:20.477] [Server thread/INFO] [net.mcreator.tloa.TloaMod/]: Can Stamina:false
[08Mar2025 17:22:20.477] [Server thread/INFO] [net.mcreator.tloa.TloaMod/]: Max Stamina50.0
[08Mar2025 17:22:20.486] [Render thread/INFO] [net.mcreator.tloa.TloaMod/]: Current Stamina:18
[08Mar2025 17:22:20.486] [Render thread/INFO] [net.mcreator.tloa.TloaMod/]: Rounded Stamina18
[08Mar2025 17:22:20.486] [Render thread/INFO] [net.mcreator.tloa.TloaMod/]: Can Stamina:false
[08Mar2025 17:22:20.486] [Render thread/INFO] [net.mcreator.tloa.TloaMod/]: Max Stamina50.0
[08Mar2025 17:22:20.530] [Server thread/INFO] [net.mcreator.tloa.TloaMod/]: Current Stamina:18
[08Mar2025 17:22:20.530] [Server thread/INFO] [net.mcreator.tloa.TloaMod/]: Rounded Stamina18
[08Mar2025 17:22:20.530] [Server thread/INFO] [net.mcreator.tloa.TloaMod/]: Can Stamina:false
[08Mar2025 17:22:20.530] [Server thread/INFO] [net.mcreator.tloa.TloaMod/]: Max Stamina50.0
[08Mar2025 17:22:20.537] [Render thread/INFO] [net.mcreator.tloa.TloaMod/]: Current Stamina:18.5
[08Mar2025 17:22:20.537] [Render thread/INFO] [net.mcreator.tloa.TloaMod/]: Rounded Stamina19
[08Mar2025 17:22:20.537] [Render thread/INFO] [net.mcreator.tloa.TloaMod/]: Can Stamina:false
[08Mar2025 17:22:20.537] [Render thread/INFO] [net.mcreator.tloa.TloaMod/]: Max Stamina50.0
[08Mar2025 17:22:20.582] [Server thread/INFO] [net.mcreator.tloa.TloaMod/]: Current Stamina:18.5
[08Mar2025 17:22:20.582] [Server thread/INFO] [net.mcreator.tloa.TloaMod/]: Rounded Stamina19
[08Mar2025 17:22:20.582] [Server thread/INFO] [net.mcreator.tloa.TloaMod/]: Can Stamina:false
[08Mar2025 17:22:20.582] [Server thread/INFO] [net.mcreator.tloa.TloaMod/]: Max Stamina50.0
[08Mar2025 17:22:20.586] [Render thread/INFO] [net.mcreator.tloa.TloaMod/]: Current Stamina:19
[08Mar2025 17:22:20.586] [Render thread/INFO] [net.mcreator.tloa.TloaMod/]: Rounded Stamina19
[08Mar2025 17:22:20.586] [Render thread/INFO] [net.mcreator.tloa.TloaMod/]: Can Stamina:false
[08Mar2025 17:22:20.586] [Render thread/INFO] [net.mcreator.tloa.TloaMod/]: Max Stamina50.0
[08Mar2025 17:22:20.632] [Server thread/INFO] [net.mcreator.tloa.TloaMod/]: Current Stamina:19
[08Mar2025 17:22:20.632] [Server thread/INFO] [net.mcreator.tloa.TloaMod/]: Rounded Stamina19
[08Mar2025 17:22:20.632] [Server thread/INFO] [net.mcreator.tloa.TloaMod/]: Can Stamina:false
[08Mar2025 17:22:20.632] [Server thread/INFO] [net.mcreator.tloa.TloaMod/]: Max Stamina50.0
[08Mar2025 17:22:20.636] [Render thread/INFO] [net.mcreator.tloa.TloaMod/]: Current Stamina:19.5
[08Mar2025 17:22:20.636] [Render thread/INFO] [net.mcreator.tloa.TloaMod/]: Rounded Stamina20
[08Mar2025 17:22:20.637] [Render thread/INFO] [net.mcreator.tloa.TloaMod/]: Can Stamina:false
[08Mar2025 17:22:20.637] [Render thread/INFO] [net.mcreator.tloa.TloaMod/]: Max Stamina50.0
[08Mar2025 17:22:20.678] [Server thread/INFO] [net.mcreator.tloa.TloaMod/]: Current Stamina:19.5
[08Mar2025 17:22:20.679] [Server thread/INFO] [net.mcreator.tloa.TloaMod/]: Rounded Stamina20
[08Mar2025 17:22:20.679] [Server thread/INFO] [net.mcreator.tloa.TloaMod/]: Can Stamina:false
[08Mar2025 17:22:20.679] [Server thread/INFO] [net.mcreator.tloa.TloaMod/]: Max Stamina50.0
[08Mar2025 17:22:20.691] [Render thread/INFO] [net.mcreator.tloa.TloaMod/]: Current Stamina:20
[08Mar2025 17:22:20.692] [Render thread/INFO] [net.mcreator.tloa.TloaMod/]: Rounded Stamina20
[08Mar2025 17:22:20.692] [Render thread/INFO] [net.mcreator.tloa.TloaMod/]: Can Stamina:false
[08Mar2025 17:22:20.692] [Render thread/INFO] [net.mcreator.tloa.TloaMod/]: Max Stamina50.0
[08Mar2025 17:22:20.737] [Render thread/INFO] [net.mcreator.tloa.TloaMod/]: Current Stamina:20.5
[08Mar2025 17:22:20.737] [Render thread/INFO] [net.mcreator.tloa.TloaMod/]: Rounded Stamina21
[08Mar2025 17:22:20.737] [Render thread/INFO] [net.mcreator.tloa.TloaMod/]: Can Stamina:false
[08Mar2025 17:22:20.737] [Render thread/INFO] [net.mcreator.tloa.TloaMod/]: Max Stamina50.0
[08Mar2025 17:22:20.737] [Server thread/INFO] [net.mcreator.tloa.TloaMod/]: Current Stamina:20
[08Mar2025 17:22:20.737] [Server thread/INFO] [net.mcreator.tloa.TloaMod/]: Rounded Stamina20
[08Mar2025 17:22:20.737] [Server thread/INFO] [net.mcreator.tloa.TloaMod/]: Can Stamina:false
[08Mar2025 17:22:20.737] [Server thread/INFO] [net.mcreator.tloa.TloaMod/]: Max Stamina50.0
[08Mar2025 17:22:20.789] [Render thread/INFO] [net.mcreator.tloa.TloaMod/]: Current Stamina:20.5
[08Mar2025 17:22:20.789] [Render thread/INFO] [net.mcreator.tloa.TloaMod/]: Rounded Stamina21
[08Mar2025 17:22:20.789] [Render thread/INFO] [net.mcreator.tloa.TloaMod/]: Can Stamina:false
[08Mar2025 17:22:20.789] [Render thread/INFO] [net.mcreator.tloa.TloaMod/]: Max Stamina50.0
[08Mar2025 17:22:20.793] [Server thread/INFO] [net.mcreator.tloa.TloaMod/]: Current Stamina:20.5
[08Mar2025 17:22:20.793] [Server thread/INFO] [net.mcreator.tloa.TloaMod/]: Rounded Stamina21
[08Mar2025 17:22:20.793] [Server thread/INFO] [net.mcreator.tloa.TloaMod/]: Can Stamina:false
[08Mar2025 17:22:20.794] [Server thread/INFO] [net.mcreator.tloa.TloaMod/]: Max Stamina50.0
[08Mar2025 17:22:20.831] [Server thread/INFO] [net.mcreator.tloa.TloaMod/]: Current Stamina:21
[08Mar2025 17:22:20.831] [Server thread/INFO] [net.mcreator.tloa.TloaMod/]: Rounded Stamina21
[08Mar2025 17:22:20.831] [Server thread/INFO] [net.mcreator.tloa.TloaMod/]: Can Stamina:false
[08Mar2025 17:22:20.831] [Server thread/INFO] [net.mcreator.tloa.TloaMod/]: Max Stamina50.0
[08Mar2025 17:22:20.838] [Render thread/INFO] [net.mcreator.tloa.TloaMod/]: Current Stamina:21.5
[08Mar2025 17:22:20.838] [Render thread/INFO] [net.mcreator.tloa.TloaMod/]: Rounded Stamina22
[08Mar2025 17:22:20.838] [Render thread/INFO] [net.mcreator.tloa.TloaMod/]: Can Stamina:false
[08Mar2025 17:22:20.838] [Render thread/INFO] [net.mcreator.tloa.TloaMod/]: Max Stamina50.0
[08Mar2025 17:22:20.878] [Server thread/INFO] [net.mcreator.tloa.TloaMod/]: Current Stamina:21.5
[08Mar2025 17:22:20.878] [Server thread/INFO] [net.mcreator.tloa.TloaMod/]: Rounded Stamina22
[08Mar2025 17:22:20.878] [Server thread/INFO] [net.mcreator.tloa.TloaMod/]: Can Stamina:false
[08Mar2025 17:22:20.878] [Server thread/INFO] [net.mcreator.tloa.TloaMod/]: Max Stamina50.0
[08Mar2025 17:22:20.887] [Render thread/INFO] [net.mcreator.tloa.TloaMod/]: Current Stamina:22
[08Mar2025 17:22:20.887] [Render thread/INFO] [net.mcreator.tloa.TloaMod/]: Rounded Stamina22
[08Mar2025 17:22:20.887] [Render thread/INFO] [net.mcreator.tloa.TloaMod/]: Can Stamina:false
[08Mar2025 17:22:20.887] [Render thread/INFO] [net.mcreator.tloa.TloaMod/]: Max Stamina50.0
[08Mar2025 17:22:20.929] [Server thread/INFO] [net.mcreator.tloa.TloaMod/]: Current Stamina:22
[08Mar2025 17:22:20.929] [Server thread/INFO] [net.mcreator.tloa.TloaMod/]: Rounded Stamina22
[08Mar2025 17:22:20.929] [Server thread/INFO] [net.mcreator.tloa.TloaMod/]: Can Stamina:false
[08Mar2025 17:22:20.929] [Server thread/INFO] [net.mcreator.tloa.TloaMod/]: Max Stamina50.0
[08Mar2025 17:22:20.936] [Render thread/INFO] [net.mcreator.tloa.TloaMod/]: Current Stamina:22.5
[08Mar2025 17:22:20.936] [Render thread/INFO] [net.mcreator.tloa.TloaMod/]: Rounded Stamina23
[08Mar2025 17:22:20.936] [Render thread/INFO] [net.mcreator.tloa.TloaMod/]: Can Stamina:false
[08Mar2025 17:22:20.936] [Render thread/INFO] [net.mcreator.tloa.TloaMod/]: Max Stamina50.0
[08Mar2025 17:22:20.978] [Server thread/INFO] [net.mcreator.tloa.TloaMod/]: Current Stamina:22.5
[08Mar2025 17:22:20.978] [Server thread/INFO] [net.mcreator.tloa.TloaMod/]: Rounded Stamina23
[08Mar2025 17:22:20.978] [Server thread/INFO] [net.mcreator.tloa.TloaMod/]: Can Stamina:false
[08Mar2025 17:22:20.978] [Server thread/INFO] [net.mcreator.tloa.TloaMod/]: Max Stamina50.0
[08Mar2025 17:22:20.985] [Render thread/INFO] [net.mcreator.tloa.TloaMod/]: Current Stamina:23
[08Mar2025 17:22:20.985] [Render thread/INFO] [net.mcreator.tloa.TloaMod/]: Rounded Stamina23
[08Mar2025 17:22:20.985] [Render thread/INFO] [net.mcreator.tloa.TloaMod/]: Can Stamina:false
[08Mar2025 17:22:20.985] [Render thread/INFO] [net.mcreator.tloa.TloaMod/]: Max Stamina50.0
[08Mar2025 17:22:21.031] [Server thread/INFO] [net.mcreator.tloa.TloaMod/]: Current Stamina:23
[08Mar2025 17:22:21.031] [Server thread/INFO] [net.mcreator.tloa.TloaMod/]: Rounded Stamina23
[08Mar2025 17:22:21.031] [Server thread/INFO] [net.mcreator.tloa.TloaMod/]: Can Stamina:false
[08Mar2025 17:22:21.031] [Server thread/INFO] [net.mcreator.tloa.TloaMod/]: Max Stamina50.0
[08Mar2025 17:22:21.035] [Render thread/INFO] [net.mcreator.tloa.TloaMod/]: Current Stamina:23.5
[08Mar2025 17:22:21.037] [Render thread/INFO] [net.mcreator.tloa.TloaMod/]: Rounded Stamina24
[08Mar2025 17:22:21.037] [Render thread/INFO] [net.mcreator.tloa.TloaMod/]: Can Stamina:false
[08Mar2025 17:22:21.037] [Render thread/INFO] [net.mcreator.tloa.TloaMod/]: Max Stamina50.0
[08Mar2025 17:22:21.084] [Server thread/INFO] [net.mcreator.tloa.TloaMod/]: Current Stamina:23.5
[08Mar2025 17:22:21.084] [Server thread/INFO] [net.mcreator.tloa.TloaMod/]: Rounded Stamina24
[08Mar2025 17:22:21.084] [Server thread/INFO] [net.mcreator.tloa.TloaMod/]: Can Stamina:false
[08Mar2025 17:22:21.084] [Server thread/INFO] [net.mcreator.tloa.TloaMod/]: Max Stamina50.0
[08Mar2025 17:22:21.087] [Render thread/INFO] [net.mcreator.tloa.TloaMod/]: Current Stamina:24
[08Mar2025 17:22:21.087] [Render thread/INFO] [net.mcreator.tloa.TloaMod/]: Rounded Stamina24
[08Mar2025 17:22:21.087] [Render thread/INFO] [net.mcreator.tloa.TloaMod/]: Can Stamina:false
[08Mar2025 17:22:21.087] [Render thread/INFO] [net.mcreator.tloa.TloaMod/]: Max Stamina50.0
[08Mar2025 17:22:21.130] [Server thread/INFO] [net.mcreator.tloa.TloaMod/]: Current Stamina:24
[08Mar2025 17:22:21.130] [Server thread/INFO] [net.mcreator.tloa.TloaMod/]: Rounded Stamina24
[08Mar2025 17:22:21.130] [Server thread/INFO] [net.mcreator.tloa.TloaMod/]: Can Stamina:false
[08Mar2025 17:22:21.131] [Server thread/INFO] [net.mcreator.tloa.TloaMod/]: Max Stamina50.0
[08Mar2025 17:22:21.136] [Render thread/INFO] [net.mcreator.tloa.TloaMod/]: Current Stamina:24.5
[08Mar2025 17:22:21.136] [Render thread/INFO] [net.mcreator.tloa.TloaMod/]: Rounded Stamina25
[08Mar2025 17:22:21.136] [Render thread/INFO] [net.mcreator.tloa.TloaMod/]: Can Stamina:false
[08Mar2025 17:22:21.136] [Render thread/INFO] [net.mcreator.tloa.TloaMod/]: Max Stamina50.0
[08Mar2025 17:22:21.177] [Server thread/INFO] [net.mcreator.tloa.TloaMod/]: Current Stamina:24.5
[08Mar2025 17:22:21.177] [Server thread/INFO] [net.mcreator.tloa.TloaMod/]: Rounded Stamina25
[08Mar2025 17:22:21.177] [Server thread/INFO] [net.mcreator.tloa.TloaMod/]: Can Stamina:false
[08Mar2025 17:22:21.177] [Server thread/INFO] [net.mcreator.tloa.TloaMod/]: Max Stamina50.0
[08Mar2025 17:22:21.186] [Render thread/INFO] [net.mcreator.tloa.TloaMod/]: Current Stamina:25
[08Mar2025 17:22:21.186] [Render thread/INFO] [net.mcreator.tloa.TloaMod/]: Rounded Stamina25
[08Mar2025 17:22:21.186] [Render thread/INFO] [net.mcreator.tloa.TloaMod/]: Can Stamina:false
[08Mar2025 17:22:21.186] [Render thread/INFO] [net.mcreator.tloa.TloaMod/]: Max Stamina50.0
[08Mar2025 17:22:21.228] [Server thread/INFO] [net.mcreator.tloa.TloaMod/]: Current Stamina:25
[08Mar2025 17:22:21.228] [Server thread/INFO] [net.mcreator.tloa.TloaMod/]: Rounded Stamina25
[08Mar2025 17:22:21.228] [Server thread/INFO] [net.mcreator.tloa.TloaMod/]: Can Stamina:false
[08Mar2025 17:22:21.228] [Server thread/INFO] [net.mcreator.tloa.TloaMod/]: Max Stamina50.0
[08Mar2025 17:22:21.236] [Render thread/INFO] [net.mcreator.tloa.TloaMod/]: Current Stamina:25.5
[08Mar2025 17:22:21.237] [Render thread/INFO] [net.mcreator.tloa.TloaMod/]: Rounded Stamina26
[08Mar2025 17:22:21.237] [Render thread/INFO] [net.mcreator.tloa.TloaMod/]: Can Stamina:false
[08Mar2025 17:22:21.237] [Render thread/INFO] [net.mcreator.tloa.TloaMod/]: Max Stamina50.0
[08Mar2025 17:22:21.276] [Server thread/INFO] [net.mcreator.tloa.TloaMod/]: Current Stamina:25.5
[08Mar2025 17:22:21.276] [Server thread/INFO] [net.mcreator.tloa.TloaMod/]: Rounded Stamina26
[08Mar2025 17:22:21.276] [Server thread/INFO] [net.mcreator.tloa.TloaMod/]: Can Stamina:false
[08Mar2025 17:22:21.276] [Server thread/INFO] [net.mcreator.tloa.TloaMod/]: Max Stamina50.0
[08Mar2025 17:22:21.286] [Render thread/INFO] [net.mcreator.tloa.TloaMod/]: Current Stamina:26
[08Mar2025 17:22:21.286] [Render thread/INFO] [net.mcreator.tloa.TloaMod/]: Rounded Stamina26
[08Mar2025 17:22:21.287] [Render thread/INFO] [net.mcreator.tloa.TloaMod/]: Can Stamina:false
[08Mar2025 17:22:21.287] [Render thread/INFO] [net.mcreator.tloa.TloaMod/]: Max Stamina50.0
[08Mar2025 17:22:21.328] [Server thread/INFO] [net.mcreator.tloa.TloaMod/]: Current Stamina:26
[08Mar2025 17:22:21.329] [Server thread/INFO] [net.mcreator.tloa.TloaMod/]: Rounded Stamina26
[08Mar2025 17:22:21.329] [Server thread/INFO] [net.mcreator.tloa.TloaMod/]: Can Stamina:false
[08Mar2025 17:22:21.329] [Server thread/INFO] [net.mcreator.tloa.TloaMod/]: Max Stamina50.0
[08Mar2025 17:22:21.336] [Render thread/INFO] [net.mcreator.tloa.TloaMod/]: Current Stamina:26.5
[08Mar2025 17:22:21.336] [Render thread/INFO] [net.mcreator.tloa.TloaMod/]: Rounded Stamina27
[08Mar2025 17:22:21.336] [Render thread/INFO] [net.mcreator.tloa.TloaMod/]: Can Stamina:false
[08Mar2025 17:22:21.336] [Render thread/INFO] [net.mcreator.tloa.TloaMod/]: Max Stamina50.0
[08Mar2025 17:22:21.380] [Server thread/INFO] [net.mcreator.tloa.TloaMod/]: Current Stamina:26.5
[08Mar2025 17:22:21.380] [Server thread/INFO] [net.mcreator.tloa.TloaMod/]: Rounded Stamina27
[08Mar2025 17:22:21.380] [Server thread/INFO] [net.mcreator.tloa.TloaMod/]: Can Stamina:false
[08Mar2025 17:22:21.380] [Server thread/INFO] [net.mcreator.tloa.TloaMod/]: Max Stamina50.0
[08Mar2025 17:22:21.387] [Render thread/INFO] [net.mcreator.tloa.TloaMod/]: Current Stamina:27
[08Mar2025 17:22:21.387] [Render thread/INFO] [net.mcreator.tloa.TloaMod/]: Rounded Stamina27
[08Mar2025 17:22:21.387] [Render thread/INFO] [net.mcreator.tloa.TloaMod/]: Can Stamina:false
[08Mar2025 17:22:21.387] [Render thread/INFO] [net.mcreator.tloa.TloaMod/]: Max Stamina50.0
[08Mar2025 17:22:21.432] [Server thread/INFO] [net.mcreator.tloa.TloaMod/]: Current Stamina:27
[08Mar2025 17:22:21.432] [Server thread/INFO] [net.mcreator.tloa.TloaMod/]: Rounded Stamina27
[08Mar2025 17:22:21.432] [Server thread/INFO] [net.mcreator.tloa.TloaMod/]: Can Stamina:false
[08Mar2025 17:22:21.433] [Server thread/INFO] [net.mcreator.tloa.TloaMod/]: Max Stamina50.0
[08Mar2025 17:22:21.435] [Render thread/INFO] [net.mcreator.tloa.TloaMod/]: Current Stamina:27.5
[08Mar2025 17:22:21.436] [Render thread/INFO] [net.mcreator.tloa.TloaMod/]: Rounded Stamina28
[08Mar2025 17:22:21.436] [Render thread/INFO] [net.mcreator.tloa.TloaMod/]: Can Stamina:false
[08Mar2025 17:22:21.436] [Render thread/INFO] [net.mcreator.tloa.TloaMod/]: Max Stamina50.0
[08Mar2025 17:22:21.480] [Server thread/INFO] [net.mcreator.tloa.TloaMod/]: Current Stamina:27.5
[08Mar2025 17:22:21.480] [Server thread/INFO] [net.mcreator.tloa.TloaMod/]: Rounded Stamina28
[08Mar2025 17:22:21.480] [Server thread/INFO] [net.mcreator.tloa.TloaMod/]: Can Stamina:false
[08Mar2025 17:22:21.481] [Server thread/INFO] [net.mcreator.tloa.TloaMod/]: Max Stamina50.0
[08Mar2025 17:22:21.490] [Render thread/INFO] [net.mcreator.tloa.TloaMod/]: Current Stamina:28
[08Mar2025 17:22:21.490] [Render thread/INFO] [net.mcreator.tloa.TloaMod/]: Rounded Stamina28
[08Mar2025 17:22:21.490] [Render thread/INFO] [net.mcreator.tloa.TloaMod/]: Can Stamina:false
[08Mar2025 17:22:21.490] [Render thread/INFO] [net.mcreator.tloa.TloaMod/]: Max Stamina50.0
[08Mar2025 17:22:21.529] [Server thread/INFO] [net.mcreator.tloa.TloaMod/]: Current Stamina:28
[08Mar2025 17:22:21.529] [Server thread/INFO] [net.mcreator.tloa.TloaMod/]: Rounded Stamina28
[08Mar2025 17:22:21.529] [Server thread/INFO] [net.mcreator.tloa.TloaMod/]: Can Stamina:false
[08Mar2025 17:22:21.529] [Server thread/INFO] [net.mcreator.tloa.TloaMod/]: Max Stamina50.0
[08Mar2025 17:22:21.536] [Render thread/INFO] [net.mcreator.tloa.TloaMod/]: Current Stamina:28.5
[08Mar2025 17:22:21.537] [Render thread/INFO] [net.mcreator.tloa.TloaMod/]: Rounded Stamina29
[08Mar2025 17:22:21.537] [Render thread/INFO] [net.mcreator.tloa.TloaMod/]: Can Stamina:false
[08Mar2025 17:22:21.537] [Render thread/INFO] [net.mcreator.tloa.TloaMod/]: Max Stamina50.0
[08Mar2025 17:22:21.578] [Server thread/INFO] [net.mcreator.tloa.TloaMod/]: Current Stamina:28.5
[08Mar2025 17:22:21.578] [Server thread/INFO] [net.mcreator.tloa.TloaMod/]: Rounded Stamina29
[08Mar2025 17:22:21.578] [Server thread/INFO] [net.mcreator.tloa.TloaMod/]: Can Stamina:false
[08Mar2025 17:22:21.578] [Server thread/INFO] [net.mcreator.tloa.TloaMod/]: Max Stamina50.0
[08Mar2025 17:22:21.586] [Render thread/INFO] [net.mcreator.tloa.TloaMod/]: Current Stamina:29
[08Mar2025 17:22:21.586] [Render thread/INFO] [net.mcreator.tloa.TloaMod/]: Rounded Stamina29
[08Mar2025 17:22:21.586] [Render thread/INFO] [net.mcreator.tloa.TloaMod/]: Can Stamina:false
[08Mar2025 17:22:21.586] [Render thread/INFO] [net.mcreator.tloa.TloaMod/]: Max Stamina50.0
[08Mar2025 17:22:21.633] [Server thread/INFO] [net.mcreator.tloa.TloaMod/]: Current Stamina:29
[08Mar2025 17:22:21.633] [Server thread/INFO] [net.mcreator.tloa.TloaMod/]: Rounded Stamina29
[08Mar2025 17:22:21.633] [Server thread/INFO] [net.mcreator.tloa.TloaMod/]: Can Stamina:false
[08Mar2025 17:22:21.633] [Server thread/INFO] [net.mcreator.tloa.TloaMod/]: Max Stamina50.0
[08Mar2025 17:22:21.637] [Render thread/INFO] [net.mcreator.tloa.TloaMod/]: Current Stamina:29.5
[08Mar2025 17:22:21.637] [Render thread/INFO] [net.mcreator.tloa.TloaMod/]: Rounded Stamina30
[08Mar2025 17:22:21.637] [Render thread/INFO] [net.mcreator.tloa.TloaMod/]: Can Stamina:false
[08Mar2025 17:22:21.637] [Render thread/INFO] [net.mcreator.tloa.TloaMod/]: Max Stamina50.0
[08Mar2025 17:22:21.678] [Server thread/INFO] [net.mcreator.tloa.TloaMod/]: Current Stamina:29.5
[08Mar2025 17:22:21.678] [Server thread/INFO] [net.mcreator.tloa.TloaMod/]: Rounded Stamina30
[08Mar2025 17:22:21.678] [Server thread/INFO] [net.mcreator.tloa.TloaMod/]: Can Stamina:false
[08Mar2025 17:22:21.679] [Server thread/INFO] [net.mcreator.tloa.TloaMod/]: Max Stamina50.0
[08Mar2025 17:22:21.684] [Render thread/INFO] [net.mcreator.tloa.TloaMod/]: Current Stamina:30
[08Mar2025 17:22:21.686] [Render thread/INFO] [net.mcreator.tloa.TloaMod/]: Rounded Stamina30
[08Mar2025 17:22:21.686] [Render thread/INFO] [net.mcreator.tloa.TloaMod/]: Can Stamina:false
[08Mar2025 17:22:21.686] [Render thread/INFO] [net.mcreator.tloa.TloaMod/]: Max Stamina50.0
[08Mar2025 17:22:21.728] [Server thread/INFO] [net.mcreator.tloa.TloaMod/]: Current Stamina:30
[08Mar2025 17:22:21.728] [Server thread/INFO] [net.mcreator.tloa.TloaMod/]: Rounded Stamina30
[08Mar2025 17:22:21.728] [Server thread/INFO] [net.mcreator.tloa.TloaMod/]: Can Stamina:false
[08Mar2025 17:22:21.728] [Server thread/INFO] [net.mcreator.tloa.TloaMod/]: Max Stamina50.0
[08Mar2025 17:22:21.736] [Render thread/INFO] [net.mcreator.tloa.TloaMod/]: Current Stamina:30.5
[08Mar2025 17:22:21.736] [Render thread/INFO] [net.mcreator.tloa.TloaMod/]: Rounded Stamina31
[08Mar2025 17:22:21.736] [Render thread/INFO] [net.mcreator.tloa.TloaMod/]: Can Stamina:false
[08Mar2025 17:22:21.736] [Render thread/INFO] [net.mcreator.tloa.TloaMod/]: Max Stamina50.0
[08Mar2025 17:22:21.780] [Server thread/INFO] [net.mcreator.tloa.TloaMod/]: Current Stamina:30.5
[08Mar2025 17:22:21.780] [Server thread/INFO] [net.mcreator.tloa.TloaMod/]: Rounded Stamina31
[08Mar2025 17:22:21.780] [Server thread/INFO] [net.mcreator.tloa.TloaMod/]: Can Stamina:false
[08Mar2025 17:22:21.780] [Server thread/INFO] [net.mcreator.tloa.TloaMod/]: Max Stamina50.0
[08Mar2025 17:22:21.787] [Render thread/INFO] [net.mcreator.tloa.TloaMod/]: Current Stamina:31
[08Mar2025 17:22:21.787] [Render thread/INFO] [net.mcreator.tloa.TloaMod/]: Rounded Stamina31
[08Mar2025 17:22:21.787] [Render thread/INFO] [net.mcreator.tloa.TloaMod/]: Can Stamina:false
[08Mar2025 17:22:21.787] [Render thread/INFO] [net.mcreator.tloa.TloaMod/]: Max Stamina50.0
[08Mar2025 17:22:21.832] [Server thread/INFO] [net.mcreator.tloa.TloaMod/]: Current Stamina:31
[08Mar2025 17:22:21.833] [Server thread/INFO] [net.mcreator.tloa.TloaMod/]: Rounded Stamina31
[08Mar2025 17:22:21.833] [Server thread/INFO] [net.mcreator.tloa.TloaMod/]: Can Stamina:false
[08Mar2025 17:22:21.833] [Server thread/INFO] [net.mcreator.tloa.TloaMod/]: Max Stamina50.0
[08Mar2025 17:22:21.836] [Render thread/INFO] [net.mcreator.tloa.TloaMod/]: Current Stamina:31.5
[08Mar2025 17:22:21.836] [Render thread/INFO] [net.mcreator.tloa.TloaMod/]: Rounded Stamina32
[08Mar2025 17:22:21.836] [Render thread/INFO] [net.mcreator.tloa.TloaMod/]: Can Stamina:false
[08Mar2025 17:22:21.836] [Render thread/INFO] [net.mcreator.tloa.TloaMod/]: Max Stamina50.0
[08Mar2025 17:22:21.879] [Server thread/INFO] [net.mcreator.tloa.TloaMod/]: Current Stamina:31.5
[08Mar2025 17:22:21.879] [Server thread/INFO] [net.mcreator.tloa.TloaMod/]: Rounded Stamina32
[08Mar2025 17:22:21.879] [Server thread/INFO] [net.mcreator.tloa.TloaMod/]: Can Stamina:false
[08Mar2025 17:22:21.879] [Server thread/INFO] [net.mcreator.tloa.TloaMod/]: Max Stamina50.0
[08Mar2025 17:22:21.886] [Render thread/INFO] [net.mcreator.tloa.TloaMod/]: Current Stamina:32
[08Mar2025 17:22:21.887] [Render thread/INFO] [net.mcreator.tloa.TloaMod/]: Rounded Stamina32
[08Mar2025 17:22:21.887] [Render thread/INFO] [net.mcreator.tloa.TloaMod/]: Can Stamina:false
[08Mar2025 17:22:21.887] [Render thread/INFO] [net.mcreator.tloa.TloaMod/]: Max Stamina50.0
[08Mar2025 17:22:21.930] [Server thread/INFO] [net.mcreator.tloa.TloaMod/]: Current Stamina:32
[08Mar2025 17:22:21.931] [Server thread/INFO] [net.mcreator.tloa.TloaMod/]: Rounded Stamina32
[08Mar2025 17:22:21.931] [Server thread/INFO] [net.mcreator.tloa.TloaMod/]: Can Stamina:false
[08Mar2025 17:22:21.931] [Server thread/INFO] [net.mcreator.tloa.TloaMod/]: Max Stamina50.0
[08Mar2025 17:22:21.936] [Render thread/INFO] [net.mcreator.tloa.TloaMod/]: Current Stamina:32.5
[08Mar2025 17:22:21.936] [Render thread/INFO] [net.mcreator.tloa.TloaMod/]: Rounded Stamina33
[08Mar2025 17:22:21.937] [Render thread/INFO] [net.mcreator.tloa.TloaMod/]: Can Stamina:false
[08Mar2025 17:22:21.937] [Render thread/INFO] [net.mcreator.tloa.TloaMod/]: Max Stamina50.0
[08Mar2025 17:22:21.977] [Server thread/INFO] [net.mcreator.tloa.TloaMod/]: Current Stamina:32.5
[08Mar2025 17:22:21.977] [Server thread/INFO] [net.mcreator.tloa.TloaMod/]: Rounded Stamina33
[08Mar2025 17:22:21.977] [Server thread/INFO] [net.mcreator.tloa.TloaMod/]: Can Stamina:false
[08Mar2025 17:22:21.977] [Server thread/INFO] [net.mcreator.tloa.TloaMod/]: Max Stamina50.0
[08Mar2025 17:22:21.985] [Render thread/INFO] [net.mcreator.tloa.TloaMod/]: Current Stamina:33
[08Mar2025 17:22:21.985] [Render thread/INFO] [net.mcreator.tloa.TloaMod/]: Rounded Stamina33
[08Mar2025 17:22:21.986] [Render thread/INFO] [net.mcreator.tloa.TloaMod/]: Can Stamina:false
[08Mar2025 17:22:21.986] [Render thread/INFO] [net.mcreator.tloa.TloaMod/]: Max Stamina50.0
[08Mar2025 17:22:22.029] [Server thread/INFO] [net.mcreator.tloa.TloaMod/]: Current Stamina:33
[08Mar2025 17:22:22.030] [Server thread/INFO] [net.mcreator.tloa.TloaMod/]: Rounded Stamina33
[08Mar2025 17:22:22.030] [Server thread/INFO] [net.mcreator.tloa.TloaMod/]: Can Stamina:false
[08Mar2025 17:22:22.030] [Server thread/INFO] [net.mcreator.tloa.TloaMod/]: Max Stamina50.0
[08Mar2025 17:22:22.036] [Render thread/INFO] [net.mcreator.tloa.TloaMod/]: Current Stamina:33.5
[08Mar2025 17:22:22.036] [Render thread/INFO] [net.mcreator.tloa.TloaMod/]: Rounded Stamina34
[08Mar2025 17:22:22.036] [Render thread/INFO] [net.mcreator.tloa.TloaMod/]: Can Stamina:false
[08Mar2025 17:22:22.036] [Render thread/INFO] [net.mcreator.tloa.TloaMod/]: Max Stamina50.0
[08Mar2025 17:22:22.081] [Server thread/INFO] [net.mcreator.tloa.TloaMod/]: Current Stamina:33.5
[08Mar2025 17:22:22.081] [Server thread/INFO] [net.mcreator.tloa.TloaMod/]: Rounded Stamina34
[08Mar2025 17:22:22.081] [Server thread/INFO] [net.mcreator.tloa.TloaMod/]: Can Stamina:false
[08Mar2025 17:22:22.081] [Server thread/INFO] [net.mcreator.tloa.TloaMod/]: Max Stamina50.0
[08Mar2025 17:22:22.086] [Render thread/INFO] [net.mcreator.tloa.TloaMod/]: Current Stamina:34
[08Mar2025 17:22:22.086] [Render thread/INFO] [net.mcreator.tloa.TloaMod/]: Rounded Stamina34
[08Mar2025 17:22:22.086] [Render thread/INFO] [net.mcreator.tloa.TloaMod/]: Can Stamina:false
[08Mar2025 17:22:22.086] [Render thread/INFO] [net.mcreator.tloa.TloaMod/]: Max Stamina50.0
[08Mar2025 17:22:22.132] [Server thread/INFO] [net.mcreator.tloa.TloaMod/]: Current Stamina:34
[08Mar2025 17:22:22.132] [Server thread/INFO] [net.mcreator.tloa.TloaMod/]: Rounded Stamina34
[08Mar2025 17:22:22.132] [Server thread/INFO] [net.mcreator.tloa.TloaMod/]: Can Stamina:false
[08Mar2025 17:22:22.132] [Server thread/INFO] [net.mcreator.tloa.TloaMod/]: Max Stamina50.0
[08Mar2025 17:22:22.137] [Render thread/INFO] [net.mcreator.tloa.TloaMod/]: Current Stamina:34.5
[08Mar2025 17:22:22.137] [Render thread/INFO] [net.mcreator.tloa.TloaMod/]: Rounded Stamina35
[08Mar2025 17:22:22.137] [Render thread/INFO] [net.mcreator.tloa.TloaMod/]: Can Stamina:false
[08Mar2025 17:22:22.137] [Render thread/INFO] [net.mcreator.tloa.TloaMod/]: Max Stamina50.0
[08Mar2025 17:22:22.177] [Server thread/INFO] [net.mcreator.tloa.TloaMod/]: Current Stamina:34.5
[08Mar2025 17:22:22.177] [Server thread/INFO] [net.mcreator.tloa.TloaMod/]: Rounded Stamina35
[08Mar2025 17:22:22.177] [Server thread/INFO] [net.mcreator.tloa.TloaMod/]: Can Stamina:false
[08Mar2025 17:22:22.178] [Server thread/INFO] [net.mcreator.tloa.TloaMod/]: Max Stamina50.0
[08Mar2025 17:22:22.185] [Render thread/INFO] [net.mcreator.tloa.TloaMod/]: Current Stamina:35
[08Mar2025 17:22:22.186] [Render thread/INFO] [net.mcreator.tloa.TloaMod/]: Rounded Stamina35
[08Mar2025 17:22:22.186] [Render thread/INFO] [net.mcreator.tloa.TloaMod/]: Can Stamina:false
[08Mar2025 17:22:22.186] [Render thread/INFO] [net.mcreator.tloa.TloaMod/]: Max Stamina50.0
[08Mar2025 17:22:22.227] [Server thread/INFO] [net.mcreator.tloa.TloaMod/]: Current Stamina:35
[08Mar2025 17:22:22.227] [Server thread/INFO] [net.mcreator.tloa.TloaMod/]: Rounded Stamina35
[08Mar2025 17:22:22.227] [Server thread/INFO] [net.mcreator.tloa.TloaMod/]: Can Stamina:false
[08Mar2025 17:22:22.227] [Server thread/INFO] [net.mcreator.tloa.TloaMod/]: Max Stamina50.0
[08Mar2025 17:22:22.235] [Render thread/INFO] [net.mcreator.tloa.TloaMod/]: Current Stamina:35.5
[08Mar2025 17:22:22.236] [Render thread/INFO] [net.mcreator.tloa.TloaMod/]: Rounded Stamina36
[08Mar2025 17:22:22.236] [Render thread/INFO] [net.mcreator.tloa.TloaMod/]: Can Stamina:false
[08Mar2025 17:22:22.236] [Render thread/INFO] [net.mcreator.tloa.TloaMod/]: Max Stamina50.0
[08Mar2025 17:22:22.278] [Server thread/INFO] [net.mcreator.tloa.TloaMod/]: Current Stamina:35.5
[08Mar2025 17:22:22.279] [Server thread/INFO] [net.mcreator.tloa.TloaMod/]: Rounded Stamina36
[08Mar2025 17:22:22.279] [Server thread/INFO] [net.mcreator.tloa.TloaMod/]: Can Stamina:false
[08Mar2025 17:22:22.279] [Server thread/INFO] [net.mcreator.tloa.TloaMod/]: Max Stamina50.0
[08Mar2025 17:22:22.285] [Render thread/INFO] [net.mcreator.tloa.TloaMod/]: Current Stamina:36
[08Mar2025 17:22:22.285] [Render thread/INFO] [net.mcreator.tloa.TloaMod/]: Rounded Stamina36
[08Mar2025 17:22:22.285] [Render thread/INFO] [net.mcreator.tloa.TloaMod/]: Can Stamina:false
[08Mar2025 17:22:22.285] [Render thread/INFO] [net.mcreator.tloa.TloaMod/]: Max Stamina50.0
[08Mar2025 17:22:22.334] [Server thread/INFO] [net.mcreator.tloa.TloaMod/]: Current Stamina:36
[08Mar2025 17:22:22.335] [Server thread/INFO] [net.mcreator.tloa.TloaMod/]: Rounded Stamina36
[08Mar2025 17:22:22.335] [Server thread/INFO] [net.mcreator.tloa.TloaMod/]: Can Stamina:false
[08Mar2025 17:22:22.335] [Server thread/INFO] [net.mcreator.tloa.TloaMod/]: Max Stamina50.0
[08Mar2025 17:22:22.336] [Render thread/INFO] [net.mcreator.tloa.TloaMod/]: Current Stamina:36.5
[08Mar2025 17:22:22.336] [Render thread/INFO] [net.mcreator.tloa.TloaMod/]: Rounded Stamina37
[08Mar2025 17:22:22.336] [Render thread/INFO] [net.mcreator.tloa.TloaMod/]: Can Stamina:false
[08Mar2025 17:22:22.336] [Render thread/INFO] [net.mcreator.tloa.TloaMod/]: Max Stamina50.0
[08Mar2025 17:22:22.378] [Server thread/INFO] [net.mcreator.tloa.TloaMod/]: Current Stamina:36.5
[08Mar2025 17:22:22.378] [Server thread/INFO] [net.mcreator.tloa.TloaMod/]: Rounded Stamina37
[08Mar2025 17:22:22.378] [Server thread/INFO] [net.mcreator.tloa.TloaMod/]: Can Stamina:false
[08Mar2025 17:22:22.378] [Server thread/INFO] [net.mcreator.tloa.TloaMod/]: Max Stamina50.0
[08Mar2025 17:22:22.385] [Render thread/INFO] [net.mcreator.tloa.TloaMod/]: Current Stamina:37
[08Mar2025 17:22:22.385] [Render thread/INFO] [net.mcreator.tloa.TloaMod/]: Rounded Stamina37
[08Mar2025 17:22:22.385] [Render thread/INFO] [net.mcreator.tloa.TloaMod/]: Can Stamina:false
[08Mar2025 17:22:22.385] [Render thread/INFO] [net.mcreator.tloa.TloaMod/]: Max Stamina50.0
[08Mar2025 17:22:22.431] [Server thread/INFO] [net.mcreator.tloa.TloaMod/]: Current Stamina:37
[08Mar2025 17:22:22.431] [Server thread/INFO] [net.mcreator.tloa.TloaMod/]: Rounded Stamina37
[08Mar2025 17:22:22.431] [Server thread/INFO] [net.mcreator.tloa.TloaMod/]: Can Stamina:false
[08Mar2025 17:22:22.431] [Server thread/INFO] [net.mcreator.tloa.TloaMod/]: Max Stamina50.0
[08Mar2025 17:22:22.436] [Render thread/INFO] [net.mcreator.tloa.TloaMod/]: Current Stamina:37.5
[08Mar2025 17:22:22.436] [Render thread/INFO] [net.mcreator.tloa.TloaMod/]: Rounded Stamina38
[08Mar2025 17:22:22.436] [Render thread/INFO] [net.mcreator.tloa.TloaMod/]: Can Stamina:false
[08Mar2025 17:22:22.436] [Render thread/INFO] [net.mcreator.tloa.TloaMod/]: Max Stamina50.0
[08Mar2025 17:22:22.477] [Server thread/INFO] [net.mcreator.tloa.TloaMod/]: Current Stamina:37.5
[08Mar2025 17:22:22.477] [Server thread/INFO] [net.mcreator.tloa.TloaMod/]: Rounded Stamina38
[08Mar2025 17:22:22.477] [Server thread/INFO] [net.mcreator.tloa.TloaMod/]: Can Stamina:false
[08Mar2025 17:22:22.477] [Server thread/INFO] [net.mcreator.tloa.TloaMod/]: Max Stamina50.0
[08Mar2025 17:22:22.486] [Render thread/INFO] [net.mcreator.tloa.TloaMod/]: Current Stamina:38
[08Mar2025 17:22:22.486] [Render thread/INFO] [net.mcreator.tloa.TloaMod/]: Rounded Stamina38
[08Mar2025 17:22:22.486] [Render thread/INFO] [net.mcreator.tloa.TloaMod/]: Can Stamina:false
[08Mar2025 17:22:22.486] [Render thread/INFO] [net.mcreator.tloa.TloaMod/]: Max Stamina50.0
[08Mar2025 17:22:22.528] [Server thread/INFO] [net.mcreator.tloa.TloaMod/]: Current Stamina:38
[08Mar2025 17:22:22.528] [Server thread/INFO] [net.mcreator.tloa.TloaMod/]: Rounded Stamina38
[08Mar2025 17:22:22.528] [Server thread/INFO] [net.mcreator.tloa.TloaMod/]: Can Stamina:false
[08Mar2025 17:22:22.528] [Server thread/INFO] [net.mcreator.tloa.TloaMod/]: Max Stamina50.0
[08Mar2025 17:22:22.536] [Render thread/INFO] [net.mcreator.tloa.TloaMod/]: Current Stamina:38.5
[08Mar2025 17:22:22.536] [Render thread/INFO] [net.mcreator.tloa.TloaMod/]: Rounded Stamina39
[08Mar2025 17:22:22.536] [Render thread/INFO] [net.mcreator.tloa.TloaMod/]: Can Stamina:false
[08Mar2025 17:22:22.536] [Render thread/INFO] [net.mcreator.tloa.TloaMod/]: Max Stamina50.0
[08Mar2025 17:22:22.576] [Server thread/INFO] [net.mcreator.tloa.TloaMod/]: Current Stamina:38.5
[08Mar2025 17:22:22.577] [Server thread/INFO] [net.mcreator.tloa.TloaMod/]: Rounded Stamina39
[08Mar2025 17:22:22.577] [Server thread/INFO] [net.mcreator.tloa.TloaMod/]: Can Stamina:false
[08Mar2025 17:22:22.577] [Server thread/INFO] [net.mcreator.tloa.TloaMod/]: Max Stamina50.0
[08Mar2025 17:22:22.586] [Render thread/INFO] [net.mcreator.tloa.TloaMod/]: Current Stamina:39
[08Mar2025 17:22:22.586] [Render thread/INFO] [net.mcreator.tloa.TloaMod/]: Rounded Stamina39
[08Mar2025 17:22:22.586] [Render thread/INFO] [net.mcreator.tloa.TloaMod/]: Can Stamina:false
[08Mar2025 17:22:22.586] [Render thread/INFO] [net.mcreator.tloa.TloaMod/]: Max Stamina50.0
[08Mar2025 17:22:22.629] [Server thread/INFO] [net.mcreator.tloa.TloaMod/]: Current Stamina:39
[08Mar2025 17:22:22.629] [Server thread/INFO] [net.mcreator.tloa.TloaMod/]: Rounded Stamina39
[08Mar2025 17:22:22.629] [Server thread/INFO] [net.mcreator.tloa.TloaMod/]: Can Stamina:false
[08Mar2025 17:22:22.629] [Server thread/INFO] [net.mcreator.tloa.TloaMod/]: Max Stamina50.0
[08Mar2025 17:22:22.636] [Render thread/INFO] [net.mcreator.tloa.TloaMod/]: Current Stamina:39.5
[08Mar2025 17:22:22.636] [Render thread/INFO] [net.mcreator.tloa.TloaMod/]: Rounded Stamina40
[08Mar2025 17:22:22.636] [Render thread/INFO] [net.mcreator.tloa.TloaMod/]: Can Stamina:false
[08Mar2025 17:22:22.636] [Render thread/INFO] [net.mcreator.tloa.TloaMod/]: Max Stamina50.0
[08Mar2025 17:22:22.677] [Server thread/INFO] [net.mcreator.tloa.TloaMod/]: Current Stamina:39.5
[08Mar2025 17:22:22.677] [Server thread/INFO] [net.mcreator.tloa.TloaMod/]: Rounded Stamina40
[08Mar2025 17:22:22.677] [Server thread/INFO] [net.mcreator.tloa.TloaMod/]: Can Stamina:false
[08Mar2025 17:22:22.677] [Server thread/INFO] [net.mcreator.tloa.TloaMod/]: Max Stamina50.0
[08Mar2025 17:22:22.685] [Render thread/INFO] [net.mcreator.tloa.TloaMod/]: Current Stamina:40
[08Mar2025 17:22:22.686] [Render thread/INFO] [net.mcreator.tloa.TloaMod/]: Rounded Stamina40
[08Mar2025 17:22:22.686] [Render thread/INFO] [net.mcreator.tloa.TloaMod/]: Can Stamina:true
[08Mar2025 17:22:22.686] [Render thread/INFO] [net.mcreator.tloa.TloaMod/]: Max Stamina50.0
[08Mar2025 17:22:22.729] [Server thread/INFO] [net.mcreator.tloa.TloaMod/]: Current Stamina:40
[08Mar2025 17:22:22.729] [Server thread/INFO] [net.mcreator.tloa.TloaMod/]: Rounded Stamina40
[08Mar2025 17:22:22.729] [Server thread/INFO] [net.mcreator.tloa.TloaMod/]: Can Stamina:true
[08Mar2025 17:22:22.729] [Server thread/INFO] [net.mcreator.tloa.TloaMod/]: Max Stamina50.0
[08Mar2025 17:22:22.737] [Render thread/INFO] [net.mcreator.tloa.TloaMod/]: Current Stamina:39.5
[08Mar2025 17:22:22.737] [Render thread/INFO] [net.mcreator.tloa.TloaMod/]: Rounded Stamina40
[08Mar2025 17:22:22.737] [Render thread/INFO] [net.mcreator.tloa.TloaMod/]: Can Stamina:true
[08Mar2025 17:22:22.737] [Render thread/INFO] [net.mcreator.tloa.TloaMod/]: Max Stamina50.0
[08Mar2025 17:22:22.776] [Server thread/INFO] [net.mcreator.tloa.TloaMod/]: Current Stamina:39.5
[08Mar2025 17:22:22.777] [Server thread/INFO] [net.mcreator.tloa.TloaMod/]: Rounded Stamina40
[08Mar2025 17:22:22.777] [Server thread/INFO] [net.mcreator.tloa.TloaMod/]: Can Stamina:true
[08Mar2025 17:22:22.777] [Server thread/INFO] [net.mcreator.tloa.TloaMod/]: Max Stamina50.0
[08Mar2025 17:22:22.791] [Render thread/INFO] [net.mcreator.tloa.TloaMod/]: Current Stamina:39
[08Mar2025 17:22:22.791] [Render thread/INFO] [net.mcreator.tloa.TloaMod/]: Rounded Stamina39
[08Mar2025 17:22:22.791] [Render thread/INFO] [net.mcreator.tloa.TloaMod/]: Can Stamina:true
[08Mar2025 17:22:22.791] [Render thread/INFO] [net.mcreator.tloa.TloaMod/]: Max Stamina50.0
[08Mar2025 17:22:22.827] [Server thread/INFO] [net.mcreator.tloa.TloaMod/]: Current Stamina:39
[08Mar2025 17:22:22.827] [Server thread/INFO] [net.mcreator.tloa.TloaMod/]: Rounded Stamina39
[08Mar2025 17:22:22.827] [Server thread/INFO] [net.mcreator.tloa.TloaMod/]: Can Stamina:true
[08Mar2025 17:22:22.827] [Server thread/INFO] [net.mcreator.tloa.TloaMod/]: Max Stamina50.0
[08Mar2025 17:22:22.836] [Render thread/INFO] [net.mcreator.tloa.TloaMod/]: Current Stamina:38.5
[08Mar2025 17:22:22.836] [Render thread/INFO] [net.mcreator.tloa.TloaMod/]: Rounded Stamina39
[08Mar2025 17:22:22.836] [Render thread/INFO] [net.mcreator.tloa.TloaMod/]: Can Stamina:true
[08Mar2025 17:22:22.836] [Render thread/INFO] [net.mcreator.tloa.TloaMod/]: Max Stamina50.0
[08Mar2025 17:22:22.877] [Server thread/INFO] [net.mcreator.tloa.TloaMod/]: Current Stamina:38.5
[08Mar2025 17:22:22.878] [Server thread/INFO] [net.mcreator.tloa.TloaMod/]: Rounded Stamina39
[08Mar2025 17:22:22.878] [Server thread/INFO] [net.mcreator.tloa.TloaMod/]: Can Stamina:true
[08Mar2025 17:22:22.878] [Server thread/INFO] [net.mcreator.tloa.TloaMod/]: Max Stamina50.0
[08Mar2025 17:22:22.886] [Render thread/INFO] [net.mcreator.tloa.TloaMod/]: Current Stamina:38
[08Mar2025 17:22:22.886] [Render thread/INFO] [net.mcreator.tloa.TloaMod/]: Rounded Stamina38
[08Mar2025 17:22:22.886] [Render thread/INFO] [net.mcreator.tloa.TloaMod/]: Can Stamina:true
[08Mar2025 17:22:22.886] [Render thread/INFO] [net.mcreator.tloa.TloaMod/]: Max Stamina50.0
[08Mar2025 17:22:22.928] [Server thread/INFO] [net.mcreator.tloa.TloaMod/]: Current Stamina:38
[08Mar2025 17:22:22.928] [Server thread/INFO] [net.mcreator.tloa.TloaMod/]: Rounded Stamina38
[08Mar2025 17:22:22.929] [Server thread/INFO] [net.mcreator.tloa.TloaMod/]: Can Stamina:true
[08Mar2025 17:22:22.929] [Server thread/INFO] [net.mcreator.tloa.TloaMod/]: Max Stamina50.0
[08Mar2025 17:22:22.935] [Render thread/INFO] [net.mcreator.tloa.TloaMod/]: Current Stamina:37.5
[08Mar2025 17:22:22.935] [Render thread/INFO] [net.mcreator.tloa.TloaMod/]: Rounded Stamina38
[08Mar2025 17:22:22.935] [Render thread/INFO] [net.mcreator.tloa.TloaMod/]: Can Stamina:true
[08Mar2025 17:22:22.935] [Render thread/INFO] [net.mcreator.tloa.TloaMod/]: Max Stamina50.0
[08Mar2025 17:22:22.977] [Server thread/INFO] [net.mcreator.tloa.TloaMod/]: Current Stamina:37.5
[08Mar2025 17:22:22.978] [Server thread/INFO] [net.mcreator.tloa.TloaMod/]: Rounded Stamina38
[08Mar2025 17:22:22.978] [Server thread/INFO] [net.mcreator.tloa.TloaMod/]: Can Stamina:true
[08Mar2025 17:22:22.978] [Server thread/INFO] [net.mcreator.tloa.TloaMod/]: Max Stamina50.0
[08Mar2025 17:22:22.985] [Render thread/INFO] [net.mcreator.tloa.TloaMod/]: Current Stamina:37
[08Mar2025 17:22:22.985] [Render thread/INFO] [net.mcreator.tloa.TloaMod/]: Rounded Stamina37
[08Mar2025 17:22:22.985] [Render thread/INFO] [net.mcreator.tloa.TloaMod/]: Can Stamina:true
[08Mar2025 17:22:22.985] [Render thread/INFO] [net.mcreator.tloa.TloaMod/]: Max Stamina50.0
[08Mar2025 17:22:23.026] [Server thread/INFO] [net.mcreator.tloa.TloaMod/]: Current Stamina:37
[08Mar2025 17:22:23.027] [Server thread/INFO] [net.mcreator.tloa.TloaMod/]: Rounded Stamina37
[08Mar2025 17:22:23.027] [Server thread/INFO] [net.mcreator.tloa.TloaMod/]: Can Stamina:true
[08Mar2025 17:22:23.027] [Server thread/INFO] [net.mcreator.tloa.TloaMod/]: Max Stamina50.0
[08Mar2025 17:22:23.036] [Render thread/INFO] [net.mcreator.tloa.TloaMod/]: Current Stamina:36.5
[08Mar2025 17:22:23.036] [Render thread/INFO] [net.mcreator.tloa.TloaMod/]: Rounded Stamina37
[08Mar2025 17:22:23.036] [Render thread/INFO] [net.mcreator.tloa.TloaMod/]: Can Stamina:true
[08Mar2025 17:22:23.036] [Render thread/INFO] [net.mcreator.tloa.TloaMod/]: Max Stamina50.0
[08Mar2025 17:22:23.077] [Server thread/INFO] [net.mcreator.tloa.TloaMod/]: Current Stamina:36.5
[08Mar2025 17:22:23.078] [Server thread/INFO] [net.mcreator.tloa.TloaMod/]: Rounded Stamina37
[08Mar2025 17:22:23.078] [Server thread/INFO] [net.mcreator.tloa.TloaMod/]: Can Stamina:true
[08Mar2025 17:22:23.078] [Server thread/INFO] [net.mcreator.tloa.TloaMod/]: Max Stamina50.0
[08Mar2025 17:22:23.086] [Render thread/INFO] [net.mcreator.tloa.TloaMod/]: Current Stamina:36
[08Mar2025 17:22:23.086] [Render thread/INFO] [net.mcreator.tloa.TloaMod/]: Rounded Stamina36
[08Mar2025 17:22:23.086] [Render thread/INFO] [net.mcreator.tloa.TloaMod/]: Can Stamina:true
[08Mar2025 17:22:23.086] [Render thread/INFO] [net.mcreator.tloa.TloaMod/]: Max Stamina50.0
[08Mar2025 17:22:23.129] [Server thread/INFO] [net.mcreator.tloa.TloaMod/]: Current Stamina:36
[08Mar2025 17:22:23.129] [Server thread/INFO] [net.mcreator.tloa.TloaMod/]: Rounded Stamina36
[08Mar2025 17:22:23.129] [Server thread/INFO] [net.mcreator.tloa.TloaMod/]: Can Stamina:true
[08Mar2025 17:22:23.129] [Server thread/INFO] [net.mcreator.tloa.TloaMod/]: Max Stamina50.0
[08Mar2025 17:22:23.137] [Render thread/INFO] [net.mcreator.tloa.TloaMod/]: Current Stamina:35.5
[08Mar2025 17:22:23.137] [Render thread/INFO] [net.mcreator.tloa.TloaMod/]: Rounded Stamina36
[08Mar2025 17:22:23.137] [Render thread/INFO] [net.mcreator.tloa.TloaMod/]: Can Stamina:true
[08Mar2025 17:22:23.137] [Render thread/INFO] [net.mcreator.tloa.TloaMod/]: Max Stamina50.0
[08Mar2025 17:22:23.177] [Server thread/INFO] [net.mcreator.tloa.TloaMod/]: Current Stamina:35.5
[08Mar2025 17:22:23.177] [Server thread/INFO] [net.mcreator.tloa.TloaMod/]: Rounded Stamina36
[08Mar2025 17:22:23.177] [Server thread/INFO] [net.mcreator.tloa.TloaMod/]: Can Stamina:true
[08Mar2025 17:22:23.177] [Server thread/INFO] [net.mcreator.tloa.TloaMod/]: Max Stamina50.0
[08Mar2025 17:22:23.185] [Render thread/INFO] [net.mcreator.tloa.TloaMod/]: Current Stamina:35
[08Mar2025 17:22:23.186] [Render thread/INFO] [net.mcreator.tloa.TloaMod/]: Rounded Stamina35
[08Mar2025 17:22:23.186] [Render thread/INFO] [net.mcreator.tloa.TloaMod/]: Can Stamina:true
[08Mar2025 17:22:23.186] [Render thread/INFO] [net.mcreator.tloa.TloaMod/]: Max Stamina50.0
[08Mar2025 17:22:23.228] [Server thread/INFO] [net.mcreator.tloa.TloaMod/]: Current Stamina:35
[08Mar2025 17:22:23.228] [Server thread/INFO] [net.mcreator.tloa.TloaMod/]: Rounded Stamina35
[08Mar2025 17:22:23.228] [Server thread/INFO] [net.mcreator.tloa.TloaMod/]: Can Stamina:true
[08Mar2025 17:22:23.228] [Server thread/INFO] [net.mcreator.tloa.TloaMod/]: Max Stamina50.0
[08Mar2025 17:22:23.237] [Render thread/INFO] [net.mcreator.tloa.TloaMod/]: Current Stamina:34.5
[08Mar2025 17:22:23.237] [Render thread/INFO] [net.mcreator.tloa.TloaMod/]: Rounded Stamina35
[08Mar2025 17:22:23.237] [Render thread/INFO] [net.mcreator.tloa.TloaMod/]: Can Stamina:true
[08Mar2025 17:22:23.237] [Render thread/INFO] [net.mcreator.tloa.TloaMod/]: Max Stamina50.0
[08Mar2025 17:22:23.283] [Server thread/INFO] [net.mcreator.tloa.TloaMod/]: Current Stamina:34.5
[08Mar2025 17:22:23.283] [Server thread/INFO] [net.mcreator.tloa.TloaMod/]: Rounded Stamina35
[08Mar2025 17:22:23.283] [Server thread/INFO] [net.mcreator.tloa.TloaMod/]: Can Stamina:true
[08Mar2025 17:22:23.283] [Server thread/INFO] [net.mcreator.tloa.TloaMod/]: Max Stamina50.0
[08Mar2025 17:22:23.286] [Render thread/INFO] [net.mcreator.tloa.TloaMod/]: Current Stamina:34
[08Mar2025 17:22:23.286] [Render thread/INFO] [net.mcreator.tloa.TloaMod/]: Rounded Stamina34
[08Mar2025 17:22:23.286] [Render thread/INFO] [net.mcreator.tloa.TloaMod/]: Can Stamina:true
[08Mar2025 17:22:23.286] [Render thread/INFO] [net.mcreator.tloa.TloaMod/]: Max Stamina50.0
[08Mar2025 17:22:23.336] [Render thread/INFO] [net.mcreator.tloa.TloaMod/]: Current Stamina:33.5
[08Mar2025 17:22:23.336] [Render thread/INFO] [net.mcreator.tloa.TloaMod/]: Rounded Stamina34
[08Mar2025 17:22:23.336] [Render thread/INFO] [net.mcreator.tloa.TloaMod/]: Can Stamina:true
[08Mar2025 17:22:23.336] [Render thread/INFO] [net.mcreator.tloa.TloaMod/]: Max Stamina50.0
[08Mar2025 17:22:23.367] [Server thread/INFO] [net.mcreator.tloa.TloaMod/]: Current Stamina:34
[08Mar2025 17:22:23.368] [Server thread/INFO] [net.mcreator.tloa.TloaMod/]: Rounded Stamina34
[08Mar2025 17:22:23.368] [Server thread/INFO] [net.mcreator.tloa.TloaMod/]: Can Stamina:true
[08Mar2025 17:22:23.368] [Server thread/INFO] [net.mcreator.tloa.TloaMod/]: Max Stamina50.0
[08Mar2025 17:22:23.374] [Server thread/INFO] [net.mcreator.tloa.TloaMod/]: Current Stamina:33.5
[08Mar2025 17:22:23.374] [Server thread/INFO] [net.mcreator.tloa.TloaMod/]: Rounded Stamina34
[08Mar2025 17:22:23.374] [Server thread/INFO] [net.mcreator.tloa.TloaMod/]: Can Stamina:true
[08Mar2025 17:22:23.374] [Server thread/INFO] [net.mcreator.tloa.TloaMod/]: Max Stamina50.0
[08Mar2025 17:22:23.385] [Render thread/INFO] [net.mcreator.tloa.TloaMod/]: Current Stamina:33
[08Mar2025 17:22:23.386] [Render thread/INFO] [net.mcreator.tloa.TloaMod/]: Rounded Stamina33
[08Mar2025 17:22:23.386] [Render thread/INFO] [net.mcreator.tloa.TloaMod/]: Can Stamina:true
[08Mar2025 17:22:23.386] [Render thread/INFO] [net.mcreator.tloa.TloaMod/]: Max Stamina50.0
[08Mar2025 17:22:23.425] [Server thread/INFO] [net.mcreator.tloa.TloaMod/]: Current Stamina:33
[08Mar2025 17:22:23.425] [Server thread/INFO] [net.mcreator.tloa.TloaMod/]: Rounded Stamina33
[08Mar2025 17:22:23.425] [Server thread/INFO] [net.mcreator.tloa.TloaMod/]: Can Stamina:true
[08Mar2025 17:22:23.425] [Server thread/INFO] [net.mcreator.tloa.TloaMod/]: Max Stamina50.0
[08Mar2025 17:22:23.436] [Render thread/INFO] [net.mcreator.tloa.TloaMod/]: Current Stamina:32.5
[08Mar2025 17:22:23.437] [Render thread/INFO] [net.mcreator.tloa.TloaMod/]: Rounded Stamina33
[08Mar2025 17:22:23.437] [Render thread/INFO] [net.mcreator.tloa.TloaMod/]: Can Stamina:true
[08Mar2025 17:22:23.437] [Render thread/INFO] [net.mcreator.tloa.TloaMod/]: Max Stamina50.0
[08Mar2025 17:22:23.475] [Server thread/INFO] [net.mcreator.tloa.TloaMod/]: Current Stamina:32.5
[08Mar2025 17:22:23.477] [Server thread/INFO] [net.mcreator.tloa.TloaMod/]: Rounded Stamina33
[08Mar2025 17:22:23.477] [Server thread/INFO] [net.mcreator.tloa.TloaMod/]: Can Stamina:true
[08Mar2025 17:22:23.477] [Server thread/INFO] [net.mcreator.tloa.TloaMod/]: Max Stamina50.0
[08Mar2025 17:22:23.485] [Render thread/INFO] [net.mcreator.tloa.TloaMod/]: Current Stamina:32
[08Mar2025 17:22:23.485] [Render thread/INFO] [net.mcreator.tloa.TloaMod/]: Rounded Stamina32
[08Mar2025 17:22:23.486] [Render thread/INFO] [net.mcreator.tloa.TloaMod/]: Can Stamina:true
[08Mar2025 17:22:23.486] [Render thread/INFO] [net.mcreator.tloa.TloaMod/]: Max Stamina50.0
[08Mar2025 17:22:23.526] [Server thread/INFO] [net.mcreator.tloa.TloaMod/]: Current Stamina:32
[08Mar2025 17:22:23.526] [Server thread/INFO] [net.mcreator.tloa.TloaMod/]: Rounded Stamina32
[08Mar2025 17:22:23.526] [Server thread/INFO] [net.mcreator.tloa.TloaMod/]: Can Stamina:true
[08Mar2025 17:22:23.526] [Server thread/INFO] [net.mcreator.tloa.TloaMod/]: Max Stamina50.0
[08Mar2025 17:22:23.536] [Render thread/INFO] [net.mcreator.tloa.TloaMod/]: Current Stamina:31.5
[08Mar2025 17:22:23.536] [Render thread/INFO] [net.mcreator.tloa.TloaMod/]: Rounded Stamina32
[08Mar2025 17:22:23.536] [Render thread/INFO] [net.mcreator.tloa.TloaMod/]: Can Stamina:true
[08Mar2025 17:22:23.536] [Render thread/INFO] [net.mcreator.tloa.TloaMod/]: Max Stamina50.0
[08Mar2025 17:22:23.580] [Server thread/INFO] [net.mcreator.tloa.TloaMod/]: Current Stamina:31.5
[08Mar2025 17:22:23.580] [Server thread/INFO] [net.mcreator.tloa.TloaMod/]: Rounded Stamina32
[08Mar2025 17:22:23.580] [Server thread/INFO] [net.mcreator.tloa.TloaMod/]: Can Stamina:true
[08Mar2025 17:22:23.580] [Server thread/INFO] [net.mcreator.tloa.TloaMod/]: Max Stamina50.0
[08Mar2025 17:22:23.585] [Render thread/INFO] [net.mcreator.tloa.TloaMod/]: Current Stamina:31
[08Mar2025 17:22:23.585] [Render thread/INFO] [net.mcreator.tloa.TloaMod/]: Rounded Stamina31
[08Mar2025 17:22:23.586] [Render thread/INFO] [net.mcreator.tloa.TloaMod/]: Can Stamina:true
[08Mar2025 17:22:23.586] [Render thread/INFO] [net.mcreator.tloa.TloaMod/]: Max Stamina50.0
[08Mar2025 17:22:23.623] [Server thread/INFO] [net.mcreator.tloa.TloaMod/]: Current Stamina:31
[08Mar2025 17:22:23.624] [Server thread/INFO] [net.mcreator.tloa.TloaMod/]: Rounded Stamina31
[08Mar2025 17:22:23.624] [Server thread/INFO] [net.mcreator.tloa.TloaMod/]: Can Stamina:true
[08Mar2025 17:22:23.624] [Server thread/INFO] [net.mcreator.tloa.TloaMod/]: Max Stamina50.0
[08Mar2025 17:22:23.635] [Render thread/INFO] [net.mcreator.tloa.TloaMod/]: Current Stamina:30.5
[08Mar2025 17:22:23.635] [Render thread/INFO] [net.mcreator.tloa.TloaMod/]: Rounded Stamina31
[08Mar2025 17:22:23.635] [Render thread/INFO] [net.mcreator.tloa.TloaMod/]: Can Stamina:true
[08Mar2025 17:22:23.635] [Render thread/INFO] [net.mcreator.tloa.TloaMod/]: Max Stamina50.0
[08Mar2025 17:22:23.676] [Server thread/INFO] [net.mcreator.tloa.TloaMod/]: Current Stamina:30.5
[08Mar2025 17:22:23.676] [Server thread/INFO] [net.mcreator.tloa.TloaMod/]: Rounded Stamina31
[08Mar2025 17:22:23.676] [Server thread/INFO] [net.mcreator.tloa.TloaMod/]: Can Stamina:true
[08Mar2025 17:22:23.676] [Server thread/INFO] [net.mcreator.tloa.TloaMod/]: Max Stamina50.0
[08Mar2025 17:22:23.684] [Render thread/INFO] [net.mcreator.tloa.TloaMod/]: Current Stamina:30
[08Mar2025 17:22:23.684] [Render thread/INFO] [net.mcreator.tloa.TloaMod/]: Rounded Stamina30
[08Mar2025 17:22:23.684] [Render thread/INFO] [net.mcreator.tloa.TloaMod/]: Can Stamina:true
[08Mar2025 17:22:23.684] [Render thread/INFO] [net.mcreator.tloa.TloaMod/]: Max Stamina50.0
[08Mar2025 17:22:23.725] [Server thread/INFO] [net.mcreator.tloa.TloaMod/]: Current Stamina:30
[08Mar2025 17:22:23.725] [Server thread/INFO] [net.mcreator.tloa.TloaMod/]: Rounded Stamina30
[08Mar2025 17:22:23.725] [Server thread/INFO] [net.mcreator.tloa.TloaMod/]: Can Stamina:true
[08Mar2025 17:22:23.725] [Server thread/INFO] [net.mcreator.tloa.TloaMod/]: Max Stamina50.0
[08Mar2025 17:22:23.736] [Render thread/INFO] [net.mcreator.tloa.TloaMod/]: Current Stamina:29.5
[08Mar2025 17:22:23.737] [Render thread/INFO] [net.mcreator.tloa.TloaMod/]: Rounded Stamina30
[08Mar2025 17:22:23.737] [Render thread/INFO] [net.mcreator.tloa.TloaMod/]: Can Stamina:true
[08Mar2025 17:22:23.737] [Render thread/INFO] [net.mcreator.tloa.TloaMod/]: Max Stamina50.0
[08Mar2025 17:22:23.776] [Server thread/INFO] [net.mcreator.tloa.TloaMod/]: Current Stamina:29.5
[08Mar2025 17:22:23.776] [Server thread/INFO] [net.mcreator.tloa.TloaMod/]: Rounded Stamina30
[08Mar2025 17:22:23.776] [Server thread/INFO] [net.mcreator.tloa.TloaMod/]: Can Stamina:true
[08Mar2025 17:22:23.776] [Server thread/INFO] [net.mcreator.tloa.TloaMod/]: Max Stamina50.0
[08Mar2025 17:22:23.785] [Render thread/INFO] [net.mcreator.tloa.TloaMod/]: Current Stamina:29
[08Mar2025 17:22:23.785] [Render thread/INFO] [net.mcreator.tloa.TloaMod/]: Rounded Stamina29
[08Mar2025 17:22:23.785] [Render thread/INFO] [net.mcreator.tloa.TloaMod/]: Can Stamina:true
[08Mar2025 17:22:23.785] [Render thread/INFO] [net.mcreator.tloa.TloaMod/]: Max Stamina50.0
[08Mar2025 17:22:23.826] [Server thread/INFO] [net.mcreator.tloa.TloaMod/]: Current Stamina:29
[08Mar2025 17:22:23.826] [Server thread/INFO] [net.mcreator.tloa.TloaMod/]: Rounded Stamina29
[08Mar2025 17:22:23.826] [Server thread/INFO] [net.mcreator.tloa.TloaMod/]: Can Stamina:true
[08Mar2025 17:22:23.826] [Server thread/INFO] [net.mcreator.tloa.TloaMod/]: Max Stamina50.0
[08Mar2025 17:22:23.837] [Render thread/INFO] [net.mcreator.tloa.TloaMod/]: Current Stamina:28.5
[08Mar2025 17:22:23.837] [Render thread/INFO] [net.mcreator.tloa.TloaMod/]: Rounded Stamina29
[08Mar2025 17:22:23.837] [Render thread/INFO] [net.mcreator.tloa.TloaMod/]: Can Stamina:true
[08Mar2025 17:22:23.837] [Render thread/INFO] [net.mcreator.tloa.TloaMod/]: Max Stamina50.0
[08Mar2025 17:22:23.874] [Server thread/INFO] [net.mcreator.tloa.TloaMod/]: Current Stamina:28.5
[08Mar2025 17:22:23.874] [Server thread/INFO] [net.mcreator.tloa.TloaMod/]: Rounded Stamina29
[08Mar2025 17:22:23.874] [Server thread/INFO] [net.mcreator.tloa.TloaMod/]: Can Stamina:true
[08Mar2025 17:22:23.875] [Server thread/INFO] [net.mcreator.tloa.TloaMod/]: Max Stamina50.0
[08Mar2025 17:22:23.886] [Render thread/INFO] [net.mcreator.tloa.TloaMod/]: Current Stamina:28
[08Mar2025 17:22:23.886] [Render thread/INFO] [net.mcreator.tloa.TloaMod/]: Rounded Stamina28
[08Mar2025 17:22:23.886] [Render thread/INFO] [net.mcreator.tloa.TloaMod/]: Can Stamina:true
[08Mar2025 17:22:23.886] [Render thread/INFO] [net.mcreator.tloa.TloaMod/]: Max Stamina50.0
[08Mar2025 17:22:23.928] [Server thread/INFO] [net.mcreator.tloa.TloaMod/]: Current Stamina:28
[08Mar2025 17:22:23.928] [Server thread/INFO] [net.mcreator.tloa.TloaMod/]: Rounded Stamina28
[08Mar2025 17:22:23.928] [Server thread/INFO] [net.mcreator.tloa.TloaMod/]: Can Stamina:true
[08Mar2025 17:22:23.928] [Server thread/INFO] [net.mcreator.tloa.TloaMod/]: Max Stamina50.0
[08Mar2025 17:22:23.934] [Render thread/INFO] [net.mcreator.tloa.TloaMod/]: Current Stamina:27.5
[08Mar2025 17:22:23.936] [Render thread/INFO] [net.mcreator.tloa.TloaMod/]: Rounded Stamina28
[08Mar2025 17:22:23.936] [Render thread/INFO] [net.mcreator.tloa.TloaMod/]: Can Stamina:true
[08Mar2025 17:22:23.936] [Render thread/INFO] [net.mcreator.tloa.TloaMod/]: Max Stamina50.0
[08Mar2025 17:22:23.977] [Server thread/INFO] [net.mcreator.tloa.TloaMod/]: Current Stamina:27.5
[08Mar2025 17:22:23.978] [Server thread/INFO] [net.mcreator.tloa.TloaMod/]: Rounded Stamina28
[08Mar2025 17:22:23.978] [Server thread/INFO] [net.mcreator.tloa.TloaMod/]: Can Stamina:true
[08Mar2025 17:22:23.978] [Server thread/INFO] [net.mcreator.tloa.TloaMod/]: Max Stamina50.0
[08Mar2025 17:22:23.985] [Render thread/INFO] [net.mcreator.tloa.TloaMod/]: Current Stamina:27
[08Mar2025 17:22:23.986] [Render thread/INFO] [net.mcreator.tloa.TloaMod/]: Rounded Stamina27
[08Mar2025 17:22:23.986] [Render thread/INFO] [net.mcreator.tloa.TloaMod/]: Can Stamina:true
[08Mar2025 17:22:23.986] [Render thread/INFO] [net.mcreator.tloa.TloaMod/]: Max Stamina50.0
[08Mar2025 17:22:24.025] [Server thread/INFO] [net.mcreator.tloa.TloaMod/]: Current Stamina:27
[08Mar2025 17:22:24.026] [Server thread/INFO] [net.mcreator.tloa.TloaMod/]: Rounded Stamina27
[08Mar2025 17:22:24.026] [Server thread/INFO] [net.mcreator.tloa.TloaMod/]: Can Stamina:true
[08Mar2025 17:22:24.026] [Server thread/INFO] [net.mcreator.tloa.TloaMod/]: Max Stamina50.0
[08Mar2025 17:22:24.035] [Render thread/INFO] [net.mcreator.tloa.TloaMod/]: Current Stamina:26.5
[08Mar2025 17:22:24.036] [Render thread/INFO] [net.mcreator.tloa.TloaMod/]: Rounded Stamina27
[08Mar2025 17:22:24.036] [Render thread/INFO] [net.mcreator.tloa.TloaMod/]: Can Stamina:true
[08Mar2025 17:22:24.036] [Render thread/INFO] [net.mcreator.tloa.TloaMod/]: Max Stamina50.0
[08Mar2025 17:22:24.076] [Server thread/INFO] [net.mcreator.tloa.TloaMod/]: Current Stamina:26.5
[08Mar2025 17:22:24.076] [Server thread/INFO] [net.mcreator.tloa.TloaMod/]: Rounded Stamina27
[08Mar2025 17:22:24.076] [Server thread/INFO] [net.mcreator.tloa.TloaMod/]: Can Stamina:true
[08Mar2025 17:22:24.076] [Server thread/INFO] [net.mcreator.tloa.TloaMod/]: Max Stamina50.0
[08Mar2025 17:22:24.086] [Render thread/INFO] [net.mcreator.tloa.TloaMod/]: Current Stamina:26
[08Mar2025 17:22:24.087] [Render thread/INFO] [net.mcreator.tloa.TloaMod/]: Rounded Stamina26
[08Mar2025 17:22:24.087] [Render thread/INFO] [net.mcreator.tloa.TloaMod/]: Can Stamina:true
[08Mar2025 17:22:24.087] [Render thread/INFO] [net.mcreator.tloa.TloaMod/]: Max Stamina50.0
[08Mar2025 17:22:24.126] [Server thread/INFO] [net.mcreator.tloa.TloaMod/]: Current Stamina:26
[08Mar2025 17:22:24.126] [Server thread/INFO] [net.mcreator.tloa.TloaMod/]: Rounded Stamina26
[08Mar2025 17:22:24.126] [Server thread/INFO] [net.mcreator.tloa.TloaMod/]: Can Stamina:true
[08Mar2025 17:22:24.126] [Server thread/INFO] [net.mcreator.tloa.TloaMod/]: Max Stamina50.0
[08Mar2025 17:22:24.136] [Render thread/INFO] [net.mcreator.tloa.TloaMod/]: Current Stamina:25.5
[08Mar2025 17:22:24.136] [Render thread/INFO] [net.mcreator.tloa.TloaMod/]: Rounded Stamina26
[08Mar2025 17:22:24.136] [Render thread/INFO] [net.mcreator.tloa.TloaMod/]: Can Stamina:true
[08Mar2025 17:22:24.136] [Render thread/INFO] [net.mcreator.tloa.TloaMod/]: Max Stamina50.0
[08Mar2025 17:22:24.175] [Server thread/INFO] [net.mcreator.tloa.TloaMod/]: Current Stamina:25.5
[08Mar2025 17:22:24.175] [Server thread/INFO] [net.mcreator.tloa.TloaMod/]: Rounded Stamina26
[08Mar2025 17:22:24.175] [Server thread/INFO] [net.mcreator.tloa.TloaMod/]: Can Stamina:true
[08Mar2025 17:22:24.175] [Server thread/INFO] [net.mcreator.tloa.TloaMod/]: Max Stamina50.0
[08Mar2025 17:22:24.185] [Render thread/INFO] [net.mcreator.tloa.TloaMod/]: Current Stamina:25
[08Mar2025 17:22:24.185] [Render thread/INFO] [net.mcreator.tloa.TloaMod/]: Rounded Stamina25
[08Mar2025 17:22:24.185] [Render thread/INFO] [net.mcreator.tloa.TloaMod/]: Can Stamina:true
[08Mar2025 17:22:24.185] [Render thread/INFO] [net.mcreator.tloa.TloaMod/]: Max Stamina50.0
[08Mar2025 17:22:24.226] [Server thread/INFO] [net.mcreator.tloa.TloaMod/]: Current Stamina:25
[08Mar2025 17:22:24.227] [Server thread/INFO] [net.mcreator.tloa.TloaMod/]: Rounded Stamina25
[08Mar2025 17:22:24.227] [Server thread/INFO] [net.mcreator.tloa.TloaMod/]: Can Stamina:true
[08Mar2025 17:22:24.227] [Server thread/INFO] [net.mcreator.tloa.TloaMod/]: Max Stamina50.0
[08Mar2025 17:22:24.235] [Render thread/INFO] [net.mcreator.tloa.TloaMod/]: Current Stamina:24.5
[08Mar2025 17:22:24.235] [Render thread/INFO] [net.mcreator.tloa.TloaMod/]: Rounded Stamina25
[08Mar2025 17:22:24.235] [Render thread/INFO] [net.mcreator.tloa.TloaMod/]: Can Stamina:true
[08Mar2025 17:22:24.235] [Render thread/INFO] [net.mcreator.tloa.TloaMod/]: Max Stamina50.0
[08Mar2025 17:22:24.279] [Server thread/INFO] [net.mcreator.tloa.TloaMod/]: Current Stamina:24.5
[08Mar2025 17:22:24.279] [Server thread/INFO] [net.mcreator.tloa.TloaMod/]: Rounded Stamina25
[08Mar2025 17:22:24.279] [Server thread/INFO] [net.mcreator.tloa.TloaMod/]: Can Stamina:true
[08Mar2025 17:22:24.279] [Server thread/INFO] [net.mcreator.tloa.TloaMod/]: Max Stamina50.0
[08Mar2025 17:22:24.286] [Render thread/INFO] [net.mcreator.tloa.TloaMod/]: Current Stamina:24
[08Mar2025 17:22:24.286] [Render thread/INFO] [net.mcreator.tloa.TloaMod/]: Rounded Stamina24
[08Mar2025 17:22:24.286] [Render thread/INFO] [net.mcreator.tloa.TloaMod/]: Can Stamina:true
[08Mar2025 17:22:24.286] [Render thread/INFO] [net.mcreator.tloa.TloaMod/]: Max Stamina50.0
[08Mar2025 17:22:24.328] [Server thread/INFO] [net.mcreator.tloa.TloaMod/]: Current Stamina:24
[08Mar2025 17:22:24.328] [Server thread/INFO] [net.mcreator.tloa.TloaMod/]: Rounded Stamina24
[08Mar2025 17:22:24.328] [Server thread/INFO] [net.mcreator.tloa.TloaMod/]: Can Stamina:true
[08Mar2025 17:22:24.328] [Server thread/INFO] [net.mcreator.tloa.TloaMod/]: Max Stamina50.0
[08Mar2025 17:22:24.336] [Render thread/INFO] [net.mcreator.tloa.TloaMod/]: Current Stamina:23.5
[08Mar2025 17:22:24.336] [Render thread/INFO] [net.mcreator.tloa.TloaMod/]: Rounded Stamina24
[08Mar2025 17:22:24.336] [Render thread/INFO] [net.mcreator.tloa.TloaMod/]: Can Stamina:true
[08Mar2025 17:22:24.336] [Render thread/INFO] [net.mcreator.tloa.TloaMod/]: Max Stamina50.0
[08Mar2025 17:22:24.378] [Server thread/INFO] [net.mcreator.tloa.TloaMod/]: Current Stamina:23.5
[08Mar2025 17:22:24.378] [Server thread/INFO] [net.mcreator.tloa.TloaMod/]: Rounded Stamina24
[08Mar2025 17:22:24.378] [Server thread/INFO] [net.mcreator.tloa.TloaMod/]: Can Stamina:true
[08Mar2025 17:22:24.378] [Server thread/INFO] [net.mcreator.tloa.TloaMod/]: Max Stamina50.0
[08Mar2025 17:22:24.386] [Render thread/INFO] [net.mcreator.tloa.TloaMod/]: Current Stamina:23
[08Mar2025 17:22:24.386] [Render thread/INFO] [net.mcreator.tloa.TloaMod/]: Rounded Stamina23
[08Mar2025 17:22:24.386] [Render thread/INFO] [net.mcreator.tloa.TloaMod/]: Can Stamina:true
[08Mar2025 17:22:24.386] [Render thread/INFO] [net.mcreator.tloa.TloaMod/]: Max Stamina50.0
[08Mar2025 17:22:24.429] [Server thread/INFO] [net.mcreator.tloa.TloaMod/]: Current Stamina:23
[08Mar2025 17:22:24.429] [Server thread/INFO] [net.mcreator.tloa.TloaMod/]: Rounded Stamina23
[08Mar2025 17:22:24.429] [Server thread/INFO] [net.mcreator.tloa.TloaMod/]: Can Stamina:true
[08Mar2025 17:22:24.429] [Server thread/INFO] [net.mcreator.tloa.TloaMod/]: Max Stamina50.0
[08Mar2025 17:22:24.435] [Render thread/INFO] [net.mcreator.tloa.TloaMod/]: Current Stamina:22.5
[08Mar2025 17:22:24.436] [Render thread/INFO] [net.mcreator.tloa.TloaMod/]: Rounded Stamina23
[08Mar2025 17:22:24.436] [Render thread/INFO] [net.mcreator.tloa.TloaMod/]: Can Stamina:true
[08Mar2025 17:22:24.436] [Render thread/INFO] [net.mcreator.tloa.TloaMod/]: Max Stamina50.0
[08Mar2025 17:22:24.477] [Server thread/INFO] [net.mcreator.tloa.TloaMod/]: Current Stamina:22.5
[08Mar2025 17:22:24.478] [Server thread/INFO] [net.mcreator.tloa.TloaMod/]: Rounded Stamina23
[08Mar2025 17:22:24.478] [Server thread/INFO] [net.mcreator.tloa.TloaMod/]: Can Stamina:true
[08Mar2025 17:22:24.478] [Server thread/INFO] [net.mcreator.tloa.TloaMod/]: Max Stamina50.0
[08Mar2025 17:22:24.486] [Render thread/INFO] [net.mcreator.tloa.TloaMod/]: Current Stamina:22
[08Mar2025 17:22:24.487] [Render thread/INFO] [net.mcreator.tloa.TloaMod/]: Rounded Stamina22
[08Mar2025 17:22:24.487] [Render thread/INFO] [net.mcreator.tloa.TloaMod/]: Can Stamina:true
[08Mar2025 17:22:24.487] [Render thread/INFO] [net.mcreator.tloa.TloaMod/]: Max Stamina50.0
[08Mar2025 17:22:24.525] [Server thread/INFO] [net.mcreator.tloa.TloaMod/]: Current Stamina:22
[08Mar2025 17:22:24.526] [Server thread/INFO] [net.mcreator.tloa.TloaMod/]: Rounded Stamina22
[08Mar2025 17:22:24.526] [Server thread/INFO] [net.mcreator.tloa.TloaMod/]: Can Stamina:true
[08Mar2025 17:22:24.526] [Server thread/INFO] [net.mcreator.tloa.TloaMod/]: Max Stamina50.0
[08Mar2025 17:22:24.536] [Render thread/INFO] [net.mcreator.tloa.TloaMod/]: Current Stamina:21.5
[08Mar2025 17:22:24.536] [Render thread/INFO] [net.mcreator.tloa.TloaMod/]: Rounded Stamina22
[08Mar2025 17:22:24.536] [Render thread/INFO] [net.mcreator.tloa.TloaMod/]: Can Stamina:true
[08Mar2025 17:22:24.536] [Render thread/INFO] [net.mcreator.tloa.TloaMod/]: Max Stamina50.0
[08Mar2025 17:22:24.578] [Server thread/INFO] [net.mcreator.tloa.TloaMod/]: Current Stamina:21.5
[08Mar2025 17:22:24.578] [Server thread/INFO] [net.mcreator.tloa.TloaMod/]: Rounded Stamina22
[08Mar2025 17:22:24.578] [Server thread/INFO] [net.mcreator.tloa.TloaMod/]: Can Stamina:true
[08Mar2025 17:22:24.578] [Server thread/INFO] [net.mcreator.tloa.TloaMod/]: Max Stamina50.0
[08Mar2025 17:22:24.586] [Render thread/INFO] [net.mcreator.tloa.TloaMod/]: Current Stamina:21
[08Mar2025 17:22:24.586] [Render thread/INFO] [net.mcreator.tloa.TloaMod/]: Rounded Stamina21
[08Mar2025 17:22:24.586] [Render thread/INFO] [net.mcreator.tloa.TloaMod/]: Can Stamina:true
[08Mar2025 17:22:24.586] [Render thread/INFO] [net.mcreator.tloa.TloaMod/]: Max Stamina50.0
[08Mar2025 17:22:24.628] [Server thread/INFO] [net.mcreator.tloa.TloaMod/]: Current Stamina:21
[08Mar2025 17:22:24.629] [Server thread/INFO] [net.mcreator.tloa.TloaMod/]: Rounded Stamina21
[08Mar2025 17:22:24.629] [Server thread/INFO] [net.mcreator.tloa.TloaMod/]: Can Stamina:true
[08Mar2025 17:22:24.629] [Server thread/INFO] [net.mcreator.tloa.TloaMod/]: Max Stamina50.0
[08Mar2025 17:22:24.635] [Render thread/INFO] [net.mcreator.tloa.TloaMod/]: Current Stamina:20.5
[08Mar2025 17:22:24.635] [Render thread/INFO] [net.mcreator.tloa.TloaMod/]: Rounded Stamina21
[08Mar2025 17:22:24.636] [Render thread/INFO] [net.mcreator.tloa.TloaMod/]: Can Stamina:true
[08Mar2025 17:22:24.636] [Render thread/INFO] [net.mcreator.tloa.TloaMod/]: Max Stamina50.0
[08Mar2025 17:22:24.676] [Server thread/INFO] [net.mcreator.tloa.TloaMod/]: Current Stamina:20.5
[08Mar2025 17:22:24.676] [Server thread/INFO] [net.mcreator.tloa.TloaMod/]: Rounded Stamina21
[08Mar2025 17:22:24.676] [Server thread/INFO] [net.mcreator.tloa.TloaMod/]: Can Stamina:true
[08Mar2025 17:22:24.676] [Server thread/INFO] [net.mcreator.tloa.TloaMod/]: Max Stamina50.0
[08Mar2025 17:22:24.686] [Render thread/INFO] [net.mcreator.tloa.TloaMod/]: Current Stamina:20
[08Mar2025 17:22:24.687] [Render thread/INFO] [net.mcreator.tloa.TloaMod/]: Rounded Stamina20
[08Mar2025 17:22:24.687] [Render thread/INFO] [net.mcreator.tloa.TloaMod/]: Can Stamina:true
[08Mar2025 17:22:24.687] [Render thread/INFO] [net.mcreator.tloa.TloaMod/]: Max Stamina50.0
[08Mar2025 17:22:24.729] [Server thread/INFO] [net.mcreator.tloa.TloaMod/]: Current Stamina:20
[08Mar2025 17:22:24.730] [Server thread/INFO] [net.mcreator.tloa.TloaMod/]: Rounded Stamina20
[08Mar2025 17:22:24.730] [Server thread/INFO] [net.mcreator.tloa.TloaMod/]: Can Stamina:true
[08Mar2025 17:22:24.730] [Server thread/INFO] [net.mcreator.tloa.TloaMod/]: Max Stamina50.0
[08Mar2025 17:22:24.736] [Render thread/INFO] [net.mcreator.tloa.TloaMod/]: Current Stamina:19.5
[08Mar2025 17:22:24.736] [Render thread/INFO] [net.mcreator.tloa.TloaMod/]: Rounded Stamina20
[08Mar2025 17:22:24.736] [Render thread/INFO] [net.mcreator.tloa.TloaMod/]: Can Stamina:true
[08Mar2025 17:22:24.736] [Render thread/INFO] [net.mcreator.tloa.TloaMod/]: Max Stamina50.0
[08Mar2025 17:22:24.782] [Server thread/INFO] [net.mcreator.tloa.TloaMod/]: Current Stamina:19.5
[08Mar2025 17:22:24.783] [Server thread/INFO] [net.mcreator.tloa.TloaMod/]: Rounded Stamina20
[08Mar2025 17:22:24.783] [Server thread/INFO] [net.mcreator.tloa.TloaMod/]: Can Stamina:true
[08Mar2025 17:22:24.783] [Server thread/INFO] [net.mcreator.tloa.TloaMod/]: Max Stamina50.0
[08Mar2025 17:22:24.785] [Render thread/INFO] [net.mcreator.tloa.TloaMod/]: Current Stamina:19
[08Mar2025 17:22:24.785] [Render thread/INFO] [net.mcreator.tloa.TloaMod/]: Rounded Stamina19
[08Mar2025 17:22:24.785] [Render thread/INFO] [net.mcreator.tloa.TloaMod/]: Can Stamina:true
[08Mar2025 17:22:24.785] [Render thread/INFO] [net.mcreator.tloa.TloaMod/]: Max Stamina50.0
[08Mar2025 17:22:24.828] [Server thread/INFO] [net.mcreator.tloa.TloaMod/]: Current Stamina:19
[08Mar2025 17:22:24.829] [Server thread/INFO] [net.mcreator.tloa.TloaMod/]: Rounded Stamina19
[08Mar2025 17:22:24.829] [Server thread/INFO] [net.mcreator.tloa.TloaMod/]: Can Stamina:true
[08Mar2025 17:22:24.829] [Server thread/INFO] [net.mcreator.tloa.TloaMod/]: Max Stamina50.0
[08Mar2025 17:22:24.836] [Render thread/INFO] [net.mcreator.tloa.TloaMod/]: Current Stamina:18.5
[08Mar2025 17:22:24.836] [Render thread/INFO] [net.mcreator.tloa.TloaMod/]: Rounded Stamina19
[08Mar2025 17:22:24.836] [Render thread/INFO] [net.mcreator.tloa.TloaMod/]: Can Stamina:true
[08Mar2025 17:22:24.836] [Render thread/INFO] [net.mcreator.tloa.TloaMod/]: Max Stamina50.0
[08Mar2025 17:22:24.878] [Server thread/INFO] [net.mcreator.tloa.TloaMod/]: Current Stamina:18.5
[08Mar2025 17:22:24.878] [Server thread/INFO] [net.mcreator.tloa.TloaMod/]: Rounded Stamina19
[08Mar2025 17:22:24.878] [Server thread/INFO] [net.mcreator.tloa.TloaMod/]: Can Stamina:true
[08Mar2025 17:22:24.878] [Server thread/INFO] [net.mcreator.tloa.TloaMod/]: Max Stamina50.0
[08Mar2025 17:22:24.887] [Render thread/INFO] [net.mcreator.tloa.TloaMod/]: Current Stamina:18
[08Mar2025 17:22:24.887] [Render thread/INFO] [net.mcreator.tloa.TloaMod/]: Rounded Stamina18
[08Mar2025 17:22:24.887] [Render thread/INFO] [net.mcreator.tloa.TloaMod/]: Can Stamina:true
[08Mar2025 17:22:24.887] [Render thread/INFO] [net.mcreator.tloa.TloaMod/]: Max Stamina50.0
[08Mar2025 17:22:24.928] [Server thread/INFO] [net.mcreator.tloa.TloaMod/]: Current Stamina:18
[08Mar2025 17:22:24.928] [Server thread/INFO] [net.mcreator.tloa.TloaMod/]: Rounded Stamina18
[08Mar2025 17:22:24.928] [Server thread/INFO] [net.mcreator.tloa.TloaMod/]: Can Stamina:true
[08Mar2025 17:22:24.928] [Server thread/INFO] [net.mcreator.tloa.TloaMod/]: Max Stamina50.0
[08Mar2025 17:22:24.936] [Render thread/INFO] [net.mcreator.tloa.TloaMod/]: Current Stamina:17.5
[08Mar2025 17:22:24.936] [Render thread/INFO] [net.mcreator.tloa.TloaMod/]: Rounded Stamina18
[08Mar2025 17:22:24.936] [Render thread/INFO] [net.mcreator.tloa.TloaMod/]: Can Stamina:true
[08Mar2025 17:22:24.936] [Render thread/INFO] [net.mcreator.tloa.TloaMod/]: Max Stamina50.0
[08Mar2025 17:22:24.980] [Server thread/INFO] [net.mcreator.tloa.TloaMod/]: Current Stamina:17.5
[08Mar2025 17:22:24.980] [Server thread/INFO] [net.mcreator.tloa.TloaMod/]: Rounded Stamina18
[08Mar2025 17:22:24.980] [Server thread/INFO] [net.mcreator.tloa.TloaMod/]: Can Stamina:true
[08Mar2025 17:22:24.980] [Server thread/INFO] [net.mcreator.tloa.TloaMod/]: Max Stamina50.0
[08Mar2025 17:22:24.986] [Render thread/INFO] [net.mcreator.tloa.TloaMod/]: Current Stamina:17
[08Mar2025 17:22:24.986] [Render thread/INFO] [net.mcreator.tloa.TloaMod/]: Rounded Stamina17
[08Mar2025 17:22:24.986] [Render thread/INFO] [net.mcreator.tloa.TloaMod/]: Can Stamina:true
[08Mar2025 17:22:24.986] [Render thread/INFO] [net.mcreator.tloa.TloaMod/]: Max Stamina50.0
[08Mar2025 17:22:25.037] [Server thread/INFO] [net.mcreator.tloa.TloaMod/]: Current Stamina:17
[08Mar2025 17:22:25.037] [Render thread/INFO] [net.mcreator.tloa.TloaMod/]: Current Stamina:16.5
[08Mar2025 17:22:25.038] [Server thread/INFO] [net.mcreator.tloa.TloaMod/]: Rounded Stamina17
[08Mar2025 17:22:25.038] [Render thread/INFO] [net.mcreator.tloa.TloaMod/]: Rounded Stamina17
[08Mar2025 17:22:25.038] [Render thread/INFO] [net.mcreator.tloa.TloaMod/]: Can Stamina:true
[08Mar2025 17:22:25.038] [Server thread/INFO] [net.mcreator.tloa.TloaMod/]: Can Stamina:true
[08Mar2025 17:22:25.038] [Render thread/INFO] [net.mcreator.tloa.TloaMod/]: Max Stamina50.0
[08Mar2025 17:22:25.038] [Server thread/INFO] [net.mcreator.tloa.TloaMod/]: Max Stamina50.0
[08Mar2025 17:22:25.077] [Server thread/INFO] [net.mcreator.tloa.TloaMod/]: Current Stamina:16.5
[08Mar2025 17:22:25.077] [Server thread/INFO] [net.mcreator.tloa.TloaMod/]: Rounded Stamina17
[08Mar2025 17:22:25.077] [Server thread/INFO] [net.mcreator.tloa.TloaMod/]: Can Stamina:true
[08Mar2025 17:22:25.077] [Server thread/INFO] [net.mcreator.tloa.TloaMod/]: Max Stamina50.0
[08Mar2025 17:22:25.088] [Render thread/INFO] [net.mcreator.tloa.TloaMod/]: Current Stamina:16
[08Mar2025 17:22:25.088] [Render thread/INFO] [net.mcreator.tloa.TloaMod/]: Rounded Stamina16
[08Mar2025 17:22:25.088] [Render thread/INFO] [net.mcreator.tloa.TloaMod/]: Can Stamina:true
[08Mar2025 17:22:25.088] [Render thread/INFO] [net.mcreator.tloa.TloaMod/]: Max Stamina50.0
[08Mar2025 17:22:25.129] [Server thread/INFO] [net.mcreator.tloa.TloaMod/]: Current Stamina:16
[08Mar2025 17:22:25.130] [Server thread/INFO] [net.mcreator.tloa.TloaMod/]: Rounded Stamina16
[08Mar2025 17:22:25.130] [Server thread/INFO] [net.mcreator.tloa.TloaMod/]: Can Stamina:true
[08Mar2025 17:22:25.130] [Server thread/INFO] [net.mcreator.tloa.TloaMod/]: Max Stamina50.0
[08Mar2025 17:22:25.136] [Render thread/INFO] [net.mcreator.tloa.TloaMod/]: Current Stamina:15.5
[08Mar2025 17:22:25.136] [Render thread/INFO] [net.mcreator.tloa.TloaMod/]: Rounded Stamina16
[08Mar2025 17:22:25.136] [Render thread/INFO] [net.mcreator.tloa.TloaMod/]: Can Stamina:true
[08Mar2025 17:22:25.136] [Render thread/INFO] [net.mcreator.tloa.TloaMod/]: Max Stamina50.0
[08Mar2025 17:22:25.178] [Server thread/INFO] [net.mcreator.tloa.TloaMod/]: Current Stamina:15.5
[08Mar2025 17:22:25.178] [Server thread/INFO] [net.mcreator.tloa.TloaMod/]: Rounded Stamina16
[08Mar2025 17:22:25.178] [Server thread/INFO] [net.mcreator.tloa.TloaMod/]: Can Stamina:true
[08Mar2025 17:22:25.178] [Server thread/INFO] [net.mcreator.tloa.TloaMod/]: Max Stamina50.0
[08Mar2025 17:22:25.185] [Render thread/INFO] [net.mcreator.tloa.TloaMod/]: Current Stamina:15
[08Mar2025 17:22:25.185] [Render thread/INFO] [net.mcreator.tloa.TloaMod/]: Rounded Stamina15
[08Mar2025 17:22:25.185] [Render thread/INFO] [net.mcreator.tloa.TloaMod/]: Can Stamina:true
[08Mar2025 17:22:25.185] [Render thread/INFO] [net.mcreator.tloa.TloaMod/]: Max Stamina50.0
[08Mar2025 17:22:25.228] [Server thread/INFO] [net.mcreator.tloa.TloaMod/]: Current Stamina:15
[08Mar2025 17:22:25.228] [Server thread/INFO] [net.mcreator.tloa.TloaMod/]: Rounded Stamina15
[08Mar2025 17:22:25.228] [Server thread/INFO] [net.mcreator.tloa.TloaMod/]: Can Stamina:true
[08Mar2025 17:22:25.228] [Server thread/INFO] [net.mcreator.tloa.TloaMod/]: Max Stamina50.0
[08Mar2025 17:22:25.237] [Render thread/INFO] [net.mcreator.tloa.TloaMod/]: Current Stamina:14.5
[08Mar2025 17:22:25.237] [Render thread/INFO] [net.mcreator.tloa.TloaMod/]: Rounded Stamina15
[08Mar2025 17:22:25.237] [Render thread/INFO] [net.mcreator.tloa.TloaMod/]: Can Stamina:true
[08Mar2025 17:22:25.237] [Render thread/INFO] [net.mcreator.tloa.TloaMod/]: Max Stamina50.0
[08Mar2025 17:22:25.280] [Server thread/INFO] [net.mcreator.tloa.TloaMod/]: Current Stamina:14.5
[08Mar2025 17:22:25.281] [Server thread/INFO] [net.mcreator.tloa.TloaMod/]: Rounded Stamina15
[08Mar2025 17:22:25.281] [Server thread/INFO] [net.mcreator.tloa.TloaMod/]: Can Stamina:true
[08Mar2025 17:22:25.281] [Server thread/INFO] [net.mcreator.tloa.TloaMod/]: Max Stamina50.0
[08Mar2025 17:22:25.286] [Render thread/INFO] [net.mcreator.tloa.TloaMod/]: Current Stamina:14
[08Mar2025 17:22:25.286] [Render thread/INFO] [net.mcreator.tloa.TloaMod/]: Rounded Stamina14
[08Mar2025 17:22:25.286] [Render thread/INFO] [net.mcreator.tloa.TloaMod/]: Can Stamina:true
[08Mar2025 17:22:25.286] [Render thread/INFO] [net.mcreator.tloa.TloaMod/]: Max Stamina50.0
[08Mar2025 17:22:25.327] [Server thread/INFO] [net.mcreator.tloa.TloaMod/]: Current Stamina:14
[08Mar2025 17:22:25.327] [Server thread/INFO] [net.mcreator.tloa.TloaMod/]: Rounded Stamina14
[08Mar2025 17:22:25.327] [Server thread/INFO] [net.mcreator.tloa.TloaMod/]: Can Stamina:true
[08Mar2025 17:22:25.327] [Server thread/INFO] [net.mcreator.tloa.TloaMod/]: Max Stamina50.0
[08Mar2025 17:22:25.336] [Render thread/INFO] [net.mcreator.tloa.TloaMod/]: Current Stamina:13.5
[08Mar2025 17:22:25.336] [Render thread/INFO] [net.mcreator.tloa.TloaMod/]: Rounded Stamina14
[08Mar2025 17:22:25.336] [Render thread/INFO] [net.mcreator.tloa.TloaMod/]: Can Stamina:true
[08Mar2025 17:22:25.336] [Render thread/INFO] [net.mcreator.tloa.TloaMod/]: Max Stamina50.0
[08Mar2025 17:22:25.386] [Server thread/INFO] [net.mcreator.tloa.TloaMod/]: Current Stamina:13.5
[08Mar2025 17:22:25.386] [Server thread/INFO] [net.mcreator.tloa.TloaMod/]: Rounded Stamina14
[08Mar2025 17:22:25.386] [Server thread/INFO] [net.mcreator.tloa.TloaMod/]: Can Stamina:true
[08Mar2025 17:22:25.386] [Server thread/INFO] [net.mcreator.tloa.TloaMod/]: Max Stamina50.0
[08Mar2025 17:22:25.388] [Render thread/INFO] [net.mcreator.tloa.TloaMod/]: Current Stamina:13
[08Mar2025 17:22:25.388] [Render thread/INFO] [net.mcreator.tloa.TloaMod/]: Rounded Stamina13
[08Mar2025 17:22:25.388] [Render thread/INFO] [net.mcreator.tloa.TloaMod/]: Can Stamina:true
[08Mar2025 17:22:25.388] [Render thread/INFO] [net.mcreator.tloa.TloaMod/]: Max Stamina50.0
[08Mar2025 17:22:25.429] [Server thread/INFO] [net.mcreator.tloa.TloaMod/]: Current Stamina:13
[08Mar2025 17:22:25.429] [Server thread/INFO] [net.mcreator.tloa.TloaMod/]: Rounded Stamina13
[08Mar2025 17:22:25.429] [Server thread/INFO] [net.mcreator.tloa.TloaMod/]: Can Stamina:true
[08Mar2025 17:22:25.429] [Server thread/INFO] [net.mcreator.tloa.TloaMod/]: Max Stamina50.0
[08Mar2025 17:22:25.436] [Render thread/INFO] [net.mcreator.tloa.TloaMod/]: Current Stamina:12.5
[08Mar2025 17:22:25.437] [Render thread/INFO] [net.mcreator.tloa.TloaMod/]: Rounded Stamina13
[08Mar2025 17:22:25.437] [Render thread/INFO] [net.mcreator.tloa.TloaMod/]: Can Stamina:true
[08Mar2025 17:22:25.437] [Render thread/INFO] [net.mcreator.tloa.TloaMod/]: Max Stamina50.0
[08Mar2025 17:22:25.476] [Server thread/INFO] [net.mcreator.tloa.TloaMod/]: Current Stamina:12.5
[08Mar2025 17:22:25.476] [Server thread/INFO] [net.mcreator.tloa.TloaMod/]: Rounded Stamina13
[08Mar2025 17:22:25.476] [Server thread/INFO] [net.mcreator.tloa.TloaMod/]: Can Stamina:true
[08Mar2025 17:22:25.476] [Server thread/INFO] [net.mcreator.tloa.TloaMod/]: Max Stamina50.0
[08Mar2025 17:22:25.485] [Render thread/INFO] [net.mcreator.tloa.TloaMod/]: Current Stamina:12
[08Mar2025 17:22:25.485] [Render thread/INFO] [net.mcreator.tloa.TloaMod/]: Rounded Stamina12
[08Mar2025 17:22:25.485] [Render thread/INFO] [net.mcreator.tloa.TloaMod/]: Can Stamina:true
[08Mar2025 17:22:25.486] [Render thread/INFO] [net.mcreator.tloa.TloaMod/]: Max Stamina50.0
[08Mar2025 17:22:25.529] [Server thread/INFO] [net.mcreator.tloa.TloaMod/]: Current Stamina:12
[08Mar2025 17:22:25.529] [Server thread/INFO] [net.mcreator.tloa.TloaMod/]: Rounded Stamina12
[08Mar2025 17:22:25.529] [Server thread/INFO] [net.mcreator.tloa.TloaMod/]: Can Stamina:true
[08Mar2025 17:22:25.529] [Server thread/INFO] [net.mcreator.tloa.TloaMod/]: Max Stamina50.0
[08Mar2025 17:22:25.537] [Render thread/INFO] [net.mcreator.tloa.TloaMod/]: Current Stamina:11.5
[08Mar2025 17:22:25.537] [Render thread/INFO] [net.mcreator.tloa.TloaMod/]: Rounded Stamina12
[08Mar2025 17:22:25.537] [Render thread/INFO] [net.mcreator.tloa.TloaMod/]: Can Stamina:true
[08Mar2025 17:22:25.537] [Render thread/INFO] [net.mcreator.tloa.TloaMod/]: Max Stamina50.0
[08Mar2025 17:22:25.577] [Server thread/INFO] [net.mcreator.tloa.TloaMod/]: Current Stamina:11.5
[08Mar2025 17:22:25.577] [Server thread/INFO] [net.mcreator.tloa.TloaMod/]: Rounded Stamina12
[08Mar2025 17:22:25.577] [Server thread/INFO] [net.mcreator.tloa.TloaMod/]: Can Stamina:true
[08Mar2025 17:22:25.577] [Server thread/INFO] [net.mcreator.tloa.TloaMod/]: Max Stamina50.0
[08Mar2025 17:22:25.585] [Render thread/INFO] [net.mcreator.tloa.TloaMod/]: Current Stamina:11
[08Mar2025 17:22:25.585] [Render thread/INFO] [net.mcreator.tloa.TloaMod/]: Rounded Stamina11
[08Mar2025 17:22:25.585] [Render thread/INFO] [net.mcreator.tloa.TloaMod/]: Can Stamina:true
[08Mar2025 17:22:25.585] [Render thread/INFO] [net.mcreator.tloa.TloaMod/]: Max Stamina50.0
[08Mar2025 17:22:25.627] [Server thread/INFO] [net.mcreator.tloa.TloaMod/]: Current Stamina:11
[08Mar2025 17:22:25.627] [Server thread/INFO] [net.mcreator.tloa.TloaMod/]: Rounded Stamina11
[08Mar2025 17:22:25.627] [Server thread/INFO] [net.mcreator.tloa.TloaMod/]: Can Stamina:true
[08Mar2025 17:22:25.627] [Server thread/INFO] [net.mcreator.tloa.TloaMod/]: Max Stamina50.0
[08Mar2025 17:22:25.638] [Render thread/INFO] [net.mcreator.tloa.TloaMod/]: Current Stamina:10.5
[08Mar2025 17:22:25.638] [Render thread/INFO] [net.mcreator.tloa.TloaMod/]: Rounded Stamina11
[08Mar2025 17:22:25.638] [Render thread/INFO] [net.mcreator.tloa.TloaMod/]: Can Stamina:true
[08Mar2025 17:22:25.638] [Render thread/INFO] [net.mcreator.tloa.TloaMod/]: Max Stamina50.0
[08Mar2025 17:22:25.676] [Server thread/INFO] [net.mcreator.tloa.TloaMod/]: Current Stamina:10.5
[08Mar2025 17:22:25.676] [Server thread/INFO] [net.mcreator.tloa.TloaMod/]: Rounded Stamina11
[08Mar2025 17:22:25.676] [Server thread/INFO] [net.mcreator.tloa.TloaMod/]: Can Stamina:true
[08Mar2025 17:22:25.676] [Server thread/INFO] [net.mcreator.tloa.TloaMod/]: Max Stamina50.0
[08Mar2025 17:22:25.687] [Render thread/INFO] [net.mcreator.tloa.TloaMod/]: Current Stamina:10
[08Mar2025 17:22:25.687] [Render thread/INFO] [net.mcreator.tloa.TloaMod/]: Rounded Stamina10
[08Mar2025 17:22:25.687] [Render thread/INFO] [net.mcreator.tloa.TloaMod/]: Can Stamina:true
[08Mar2025 17:22:25.687] [Render thread/INFO] [net.mcreator.tloa.TloaMod/]: Max Stamina50.0
[08Mar2025 17:22:25.727] [Server thread/INFO] [net.mcreator.tloa.TloaMod/]: Current Stamina:10
[08Mar2025 17:22:25.728] [Server thread/INFO] [net.mcreator.tloa.TloaMod/]: Rounded Stamina10
[08Mar2025 17:22:25.728] [Server thread/INFO] [net.mcreator.tloa.TloaMod/]: Can Stamina:true
[08Mar2025 17:22:25.728] [Server thread/INFO] [net.mcreator.tloa.TloaMod/]: Max Stamina50.0
[08Mar2025 17:22:25.735] [Render thread/INFO] [net.mcreator.tloa.TloaMod/]: Current Stamina:9.5
[08Mar2025 17:22:25.736] [Render thread/INFO] [net.mcreator.tloa.TloaMod/]: Rounded Stamina10
[08Mar2025 17:22:25.736] [Render thread/INFO] [net.mcreator.tloa.TloaMod/]: Can Stamina:true
[08Mar2025 17:22:25.736] [Render thread/INFO] [net.mcreator.tloa.TloaMod/]: Max Stamina50.0
[08Mar2025 17:22:25.778] [Server thread/INFO] [net.mcreator.tloa.TloaMod/]: Current Stamina:9.5
[08Mar2025 17:22:25.778] [Server thread/INFO] [net.mcreator.tloa.TloaMod/]: Rounded Stamina10
[08Mar2025 17:22:25.778] [Server thread/INFO] [net.mcreator.tloa.TloaMod/]: Can Stamina:true
[08Mar2025 17:22:25.778] [Server thread/INFO] [net.mcreator.tloa.TloaMod/]: Max Stamina50.0
[08Mar2025 17:22:25.786] [Render thread/INFO] [net.mcreator.tloa.TloaMod/]: Current Stamina:9
[08Mar2025 17:22:25.786] [Render thread/INFO] [net.mcreator.tloa.TloaMod/]: Rounded Stamina9
[08Mar2025 17:22:25.786] [Render thread/INFO] [net.mcreator.tloa.TloaMod/]: Can Stamina:true
[08Mar2025 17:22:25.786] [Render thread/INFO] [net.mcreator.tloa.TloaMod/]: Max Stamina50.0
[08Mar2025 17:22:25.830] [Server thread/INFO] [net.mcreator.tloa.TloaMod/]: Current Stamina:9
[08Mar2025 17:22:25.830] [Server thread/INFO] [net.mcreator.tloa.TloaMod/]: Rounded Stamina9
[08Mar2025 17:22:25.830] [Server thread/INFO] [net.mcreator.tloa.TloaMod/]: Can Stamina:true
[08Mar2025 17:22:25.830] [Server thread/INFO] [net.mcreator.tloa.TloaMod/]: Max Stamina50.0
[08Mar2025 17:22:25.837] [Render thread/INFO] [net.mcreator.tloa.TloaMod/]: Current Stamina:8.5
[08Mar2025 17:22:25.837] [Render thread/INFO] [net.mcreator.tloa.TloaMod/]: Rounded Stamina9
[08Mar2025 17:22:25.837] [Render thread/INFO] [net.mcreator.tloa.TloaMod/]: Can Stamina:true
[08Mar2025 17:22:25.837] [Render thread/INFO] [net.mcreator.tloa.TloaMod/]: Max Stamina50.0
[08Mar2025 17:22:25.878] [Server thread/INFO] [net.mcreator.tloa.TloaMod/]: Current Stamina:8.5
[08Mar2025 17:22:25.878] [Server thread/INFO] [net.mcreator.tloa.TloaMod/]: Rounded Stamina9
[08Mar2025 17:22:25.878] [Server thread/INFO] [net.mcreator.tloa.TloaMod/]: Can Stamina:true
[08Mar2025 17:22:25.878] [Server thread/INFO] [net.mcreator.tloa.TloaMod/]: Max Stamina50.0
[08Mar2025 17:22:25.885] [Render thread/INFO] [net.mcreator.tloa.TloaMod/]: Current Stamina:8
[08Mar2025 17:22:25.885] [Render thread/INFO] [net.mcreator.tloa.TloaMod/]: Rounded Stamina8
[08Mar2025 17:22:25.885] [Render thread/INFO] [net.mcreator.tloa.TloaMod/]: Can Stamina:true
[08Mar2025 17:22:25.885] [Render thread/INFO] [net.mcreator.tloa.TloaMod/]: Max Stamina50.0
[08Mar2025 17:22:25.928] [Server thread/INFO] [net.mcreator.tloa.TloaMod/]: Current Stamina:8
[08Mar2025 17:22:25.928] [Server thread/INFO] [net.mcreator.tloa.TloaMod/]: Rounded Stamina8
[08Mar2025 17:22:25.928] [Server thread/INFO] [net.mcreator.tloa.TloaMod/]: Can Stamina:true
[08Mar2025 17:22:25.928] [Server thread/INFO] [net.mcreator.tloa.TloaMod/]: Max Stamina50.0
[08Mar2025 17:22:25.936] [Render thread/INFO] [net.mcreator.tloa.TloaMod/]: Current Stamina:7.5
[08Mar2025 17:22:25.936] [Render thread/INFO] [net.mcreator.tloa.TloaMod/]: Rounded Stamina8
[08Mar2025 17:22:25.936] [Render thread/INFO] [net.mcreator.tloa.TloaMod/]: Can Stamina:true
[08Mar2025 17:22:25.936] [Render thread/INFO] [net.mcreator.tloa.TloaMod/]: Max Stamina50.0
[08Mar2025 17:22:25.976] [Server thread/INFO] [net.mcreator.tloa.TloaMod/]: Current Stamina:7.5
[08Mar2025 17:22:25.976] [Server thread/INFO] [net.mcreator.tloa.TloaMod/]: Rounded Stamina8
[08Mar2025 17:22:25.976] [Server thread/INFO] [net.mcreator.tloa.TloaMod/]: Can Stamina:true
[08Mar2025 17:22:25.976] [Server thread/INFO] [net.mcreator.tloa.TloaMod/]: Max Stamina50.0
[08Mar2025 17:22:25.990] [Render thread/INFO] [net.mcreator.tloa.TloaMod/]: Current Stamina:7
[08Mar2025 17:22:25.991] [Render thread/INFO] [net.mcreator.tloa.TloaMod/]: Rounded Stamina7
[08Mar2025 17:22:25.991] [Render thread/INFO] [net.mcreator.tloa.TloaMod/]: Can Stamina:true
[08Mar2025 17:22:25.991] [Render thread/INFO] [net.mcreator.tloa.TloaMod/]: Max Stamina50.0
[08Mar2025 17:22:26.038] [Render thread/INFO] [net.mcreator.tloa.TloaMod/]: Current Stamina:6.5
[08Mar2025 17:22:26.038] [Render thread/INFO] [net.mcreator.tloa.TloaMod/]: Rounded Stamina7
[08Mar2025 17:22:26.038] [Render thread/INFO] [net.mcreator.tloa.TloaMod/]: Can Stamina:true
[08Mar2025 17:22:26.038] [Render thread/INFO] [net.mcreator.tloa.TloaMod/]: Max Stamina50.0
[08Mar2025 17:22:26.072] [Server thread/INFO] [net.mcreator.tloa.TloaMod/]: Current Stamina:7
[08Mar2025 17:22:26.072] [Server thread/INFO] [net.mcreator.tloa.TloaMod/]: Rounded Stamina7
[08Mar2025 17:22:26.072] [Server thread/INFO] [net.mcreator.tloa.TloaMod/]: Can Stamina:true
[08Mar2025 17:22:26.072] [Server thread/INFO] [net.mcreator.tloa.TloaMod/]: Max Stamina50.0
[08Mar2025 17:22:26.079] [Server thread/INFO] [net.mcreator.tloa.TloaMod/]: Current Stamina:6.5
[08Mar2025 17:22:26.080] [Server thread/INFO] [net.mcreator.tloa.TloaMod/]: Rounded Stamina7
[08Mar2025 17:22:26.080] [Server thread/INFO] [net.mcreator.tloa.TloaMod/]: Can Stamina:true
[08Mar2025 17:22:26.080] [Server thread/INFO] [net.mcreator.tloa.TloaMod/]: Max Stamina50.0
[08Mar2025 17:22:26.088] [Render thread/INFO] [net.mcreator.tloa.TloaMod/]: Current Stamina:6
[08Mar2025 17:22:26.088] [Render thread/INFO] [net.mcreator.tloa.TloaMod/]: Rounded Stamina6
[08Mar2025 17:22:26.088] [Render thread/INFO] [net.mcreator.tloa.TloaMod/]: Can Stamina:true
[08Mar2025 17:22:26.088] [Render thread/INFO] [net.mcreator.tloa.TloaMod/]: Max Stamina50.0
[08Mar2025 17:22:26.128] [Server thread/INFO] [net.mcreator.tloa.TloaMod/]: Current Stamina:6
[08Mar2025 17:22:26.128] [Server thread/INFO] [net.mcreator.tloa.TloaMod/]: Rounded Stamina6
[08Mar2025 17:22:26.128] [Server thread/INFO] [net.mcreator.tloa.TloaMod/]: Can Stamina:true
[08Mar2025 17:22:26.128] [Server thread/INFO] [net.mcreator.tloa.TloaMod/]: Max Stamina50.0
[08Mar2025 17:22:26.136] [Render thread/INFO] [net.mcreator.tloa.TloaMod/]: Current Stamina:5.5
[08Mar2025 17:22:26.136] [Render thread/INFO] [net.mcreator.tloa.TloaMod/]: Rounded Stamina6
[08Mar2025 17:22:26.136] [Render thread/INFO] [net.mcreator.tloa.TloaMod/]: Can Stamina:true
[08Mar2025 17:22:26.136] [Render thread/INFO] [net.mcreator.tloa.TloaMod/]: Max Stamina50.0
[08Mar2025 17:22:26.175] [Server thread/INFO] [net.mcreator.tloa.TloaMod/]: Current Stamina:5.5
[08Mar2025 17:22:26.175] [Server thread/INFO] [net.mcreator.tloa.TloaMod/]: Rounded Stamina6
[08Mar2025 17:22:26.175] [Server thread/INFO] [net.mcreator.tloa.TloaMod/]: Can Stamina:true
[08Mar2025 17:22:26.175] [Server thread/INFO] [net.mcreator.tloa.TloaMod/]: Max Stamina50.0
[08Mar2025 17:22:26.185] [Render thread/INFO] [net.mcreator.tloa.TloaMod/]: Current Stamina:5
[08Mar2025 17:22:26.185] [Render thread/INFO] [net.mcreator.tloa.TloaMod/]: Rounded Stamina5
[08Mar2025 17:22:26.186] [Render thread/INFO] [net.mcreator.tloa.TloaMod/]: Can Stamina:true
[08Mar2025 17:22:26.186] [Render thread/INFO] [net.mcreator.tloa.TloaMod/]: Max Stamina50.0
[08Mar2025 17:22:26.225] [Server thread/INFO] [net.mcreator.tloa.TloaMod/]: Current Stamina:5
[08Mar2025 17:22:26.225] [Server thread/INFO] [net.mcreator.tloa.TloaMod/]: Rounded Stamina5
[08Mar2025 17:22:26.225] [Server thread/INFO] [net.mcreator.tloa.TloaMod/]: Can Stamina:true
[08Mar2025 17:22:26.225] [Server thread/INFO] [net.mcreator.tloa.TloaMod/]: Max Stamina50.0
[08Mar2025 17:22:26.235] [Render thread/INFO] [net.mcreator.tloa.TloaMod/]: Current Stamina:4.5
[08Mar2025 17:22:26.236] [Render thread/INFO] [net.mcreator.tloa.TloaMod/]: Rounded Stamina5
[08Mar2025 17:22:26.236] [Render thread/INFO] [net.mcreator.tloa.TloaMod/]: Can Stamina:true
[08Mar2025 17:22:26.236] [Render thread/INFO] [net.mcreator.tloa.TloaMod/]: Max Stamina50.0
[08Mar2025 17:22:26.276] [Server thread/INFO] [net.mcreator.tloa.TloaMod/]: Current Stamina:4.5
[08Mar2025 17:22:26.276] [Server thread/INFO] [net.mcreator.tloa.TloaMod/]: Rounded Stamina5
[08Mar2025 17:22:26.276] [Server thread/INFO] [net.mcreator.tloa.TloaMod/]: Can Stamina:true
[08Mar2025 17:22:26.276] [Server thread/INFO] [net.mcreator.tloa.TloaMod/]: Max Stamina50.0
[08Mar2025 17:22:26.286] [Render thread/INFO] [net.mcreator.tloa.TloaMod/]: Current Stamina:4
[08Mar2025 17:22:26.286] [Render thread/INFO] [net.mcreator.tloa.TloaMod/]: Rounded Stamina4
[08Mar2025 17:22:26.286] [Render thread/INFO] [net.mcreator.tloa.TloaMod/]: Can Stamina:true
[08Mar2025 17:22:26.286] [Render thread/INFO] [net.mcreator.tloa.TloaMod/]: Max Stamina50.0
[08Mar2025 17:22:26.327] [Server thread/INFO] [net.mcreator.tloa.TloaMod/]: Current Stamina:4
[08Mar2025 17:22:26.328] [Server thread/INFO] [net.mcreator.tloa.TloaMod/]: Rounded Stamina4
[08Mar2025 17:22:26.328] [Server thread/INFO] [net.mcreator.tloa.TloaMod/]: Can Stamina:true
[08Mar2025 17:22:26.328] [Server thread/INFO] [net.mcreator.tloa.TloaMod/]: Max Stamina50.0
[08Mar2025 17:22:26.335] [Render thread/INFO] [net.mcreator.tloa.TloaMod/]: Current Stamina:3.5
[08Mar2025 17:22:26.335] [Render thread/INFO] [net.mcreator.tloa.TloaMod/]: Rounded Stamina4
[08Mar2025 17:22:26.335] [Render thread/INFO] [net.mcreator.tloa.TloaMod/]: Can Stamina:true
[08Mar2025 17:22:26.335] [Render thread/INFO] [net.mcreator.tloa.TloaMod/]: Max Stamina50.0
[08Mar2025 17:22:26.376] [Server thread/INFO] [net.mcreator.tloa.TloaMod/]: Current Stamina:3.5
[08Mar2025 17:22:26.376] [Server thread/INFO] [net.mcreator.tloa.TloaMod/]: Rounded Stamina4
[08Mar2025 17:22:26.376] [Server thread/INFO] [net.mcreator.tloa.TloaMod/]: Can Stamina:true
[08Mar2025 17:22:26.376] [Server thread/INFO] [net.mcreator.tloa.TloaMod/]: Max Stamina50.0
[08Mar2025 17:22:26.385] [Render thread/INFO] [net.mcreator.tloa.TloaMod/]: Current Stamina:3
[08Mar2025 17:22:26.385] [Render thread/INFO] [net.mcreator.tloa.TloaMod/]: Rounded Stamina3
[08Mar2025 17:22:26.385] [Render thread/INFO] [net.mcreator.tloa.TloaMod/]: Can Stamina:true
[08Mar2025 17:22:26.385] [Render thread/INFO] [net.mcreator.tloa.TloaMod/]: Max Stamina50.0
[08Mar2025 17:22:26.426] [Server thread/INFO] [net.mcreator.tloa.TloaMod/]: Current Stamina:3
[08Mar2025 17:22:26.426] [Server thread/INFO] [net.mcreator.tloa.TloaMod/]: Rounded Stamina3
[08Mar2025 17:22:26.426] [Server thread/INFO] [net.mcreator.tloa.TloaMod/]: Can Stamina:true
[08Mar2025 17:22:26.426] [Server thread/INFO] [net.mcreator.tloa.TloaMod/]: Max Stamina50.0
[08Mar2025 17:22:26.437] [Render thread/INFO] [net.mcreator.tloa.TloaMod/]: Current Stamina:2.5
[08Mar2025 17:22:26.437] [Render thread/INFO] [net.mcreator.tloa.TloaMod/]: Rounded Stamina3
[08Mar2025 17:22:26.437] [Render thread/INFO] [net.mcreator.tloa.TloaMod/]: Can Stamina:true
[08Mar2025 17:22:26.437] [Render thread/INFO] [net.mcreator.tloa.TloaMod/]: Max Stamina50.0
[08Mar2025 17:22:26.476] [Server thread/INFO] [net.mcreator.tloa.TloaMod/]: Current Stamina:2.5
[08Mar2025 17:22:26.476] [Server thread/INFO] [net.mcreator.tloa.TloaMod/]: Rounded Stamina3
[08Mar2025 17:22:26.476] [Server thread/INFO] [net.mcreator.tloa.TloaMod/]: Can Stamina:true
[08Mar2025 17:22:26.476] [Server thread/INFO] [net.mcreator.tloa.TloaMod/]: Max Stamina50.0
[08Mar2025 17:22:26.486] [Render thread/INFO] [net.mcreator.tloa.TloaMod/]: Current Stamina:2
[08Mar2025 17:22:26.487] [Render thread/INFO] [net.mcreator.tloa.TloaMod/]: Rounded Stamina2
[08Mar2025 17:22:26.487] [Render thread/INFO] [net.mcreator.tloa.TloaMod/]: Can Stamina:true
[08Mar2025 17:22:26.487] [Render thread/INFO] [net.mcreator.tloa.TloaMod/]: Max Stamina50.0
[08Mar2025 17:22:26.526] [Server thread/INFO] [net.mcreator.tloa.TloaMod/]: Current Stamina:2
[08Mar2025 17:22:26.526] [Server thread/INFO] [net.mcreator.tloa.TloaMod/]: Rounded Stamina2
[08Mar2025 17:22:26.526] [Server thread/INFO] [net.mcreator.tloa.TloaMod/]: Can Stamina:true
[08Mar2025 17:22:26.526] [Server thread/INFO] [net.mcreator.tloa.TloaMod/]: Max Stamina50.0
[08Mar2025 17:22:26.538] [Render thread/INFO] [net.mcreator.tloa.TloaMod/]: Current Stamina:1.5
[08Mar2025 17:22:26.538] [Render thread/INFO] [net.mcreator.tloa.TloaMod/]: Rounded Stamina2
[08Mar2025 17:22:26.538] [Render thread/INFO] [net.mcreator.tloa.TloaMod/]: Can Stamina:true
[08Mar2025 17:22:26.538] [Render thread/INFO] [net.mcreator.tloa.TloaMod/]: Max Stamina50.0
[08Mar2025 17:22:26.577] [Server thread/INFO] [net.mcreator.tloa.TloaMod/]: Current Stamina:1.5
[08Mar2025 17:22:26.577] [Server thread/INFO] [net.mcreator.tloa.TloaMod/]: Rounded Stamina2
[08Mar2025 17:22:26.577] [Server thread/INFO] [net.mcreator.tloa.TloaMod/]: Can Stamina:true
[08Mar2025 17:22:26.577] [Server thread/INFO] [net.mcreator.tloa.TloaMod/]: Max Stamina50.0
[08Mar2025 17:22:26.586] [Render thread/INFO] [net.mcreator.tloa.TloaMod/]: Current Stamina:1
[08Mar2025 17:22:26.587] [Render thread/INFO] [net.mcreator.tloa.TloaMod/]: Rounded Stamina1
[08Mar2025 17:22:26.587] [Render thread/INFO] [net.mcreator.tloa.TloaMod/]: Can Stamina:true
[08Mar2025 17:22:26.587] [Render thread/INFO] [net.mcreator.tloa.TloaMod/]: Max Stamina50.0
[08Mar2025 17:22:26.624] [Server thread/INFO] [net.mcreator.tloa.TloaMod/]: Current Stamina:1
[08Mar2025 17:22:26.626] [Server thread/INFO] [net.mcreator.tloa.TloaMod/]: Rounded Stamina1
[08Mar2025 17:22:26.626] [Server thread/INFO] [net.mcreator.tloa.TloaMod/]: Can Stamina:true
[08Mar2025 17:22:26.626] [Server thread/INFO] [net.mcreator.tloa.TloaMod/]: Max Stamina50.0
[08Mar2025 17:22:26.636] [Render thread/INFO] [net.mcreator.tloa.TloaMod/]: Current Stamina:0.5
[08Mar2025 17:22:26.636] [Render thread/INFO] [net.mcreator.tloa.TloaMod/]: Rounded Stamina1
[08Mar2025 17:22:26.636] [Render thread/INFO] [net.mcreator.tloa.TloaMod/]: Can Stamina:true
[08Mar2025 17:22:26.636] [Render thread/INFO] [net.mcreator.tloa.TloaMod/]: Max Stamina50.0
[08Mar2025 17:22:26.676] [Server thread/INFO] [net.mcreator.tloa.TloaMod/]: Current Stamina:0.5
[08Mar2025 17:22:26.676] [Server thread/INFO] [net.mcreator.tloa.TloaMod/]: Rounded Stamina1
[08Mar2025 17:22:26.676] [Server thread/INFO] [net.mcreator.tloa.TloaMod/]: Can Stamina:true
[08Mar2025 17:22:26.676] [Server thread/INFO] [net.mcreator.tloa.TloaMod/]: Max Stamina50.0
[08Mar2025 17:22:26.685] [Render thread/INFO] [net.mcreator.tloa.TloaMod/]: Current Stamina:0
[08Mar2025 17:22:26.686] [Render thread/INFO] [net.mcreator.tloa.TloaMod/]: Rounded Stamina0
[08Mar2025 17:22:26.686] [Render thread/INFO] [net.mcreator.tloa.TloaMod/]: Can Stamina:true
[08Mar2025 17:22:26.686] [Render thread/INFO] [net.mcreator.tloa.TloaMod/]: Max Stamina50.0
[08Mar2025 17:22:26.722] [Server thread/INFO] [net.mcreator.tloa.TloaMod/]: Current Stamina:0
[08Mar2025 17:22:26.723] [Server thread/INFO] [net.mcreator.tloa.TloaMod/]: Rounded Stamina0
[08Mar2025 17:22:26.723] [Server thread/INFO] [net.mcreator.tloa.TloaMod/]: Can Stamina:true
[08Mar2025 17:22:26.723] [Server thread/INFO] [net.mcreator.tloa.TloaMod/]: Max Stamina50.0
[08Mar2025 17:22:26.734] [Render thread/INFO] [net.mcreator.tloa.TloaMod/]: Current Stamina:0.5
[08Mar2025 17:22:26.735] [Render thread/INFO] [net.mcreator.tloa.TloaMod/]: Rounded Stamina1
[08Mar2025 17:22:26.735] [Render thread/INFO] [net.mcreator.tloa.TloaMod/]: Can Stamina:false
[08Mar2025 17:22:26.735] [Render thread/INFO] [net.mcreator.tloa.TloaMod/]: Max Stamina50.0
[08Mar2025 17:22:26.773] [Server thread/INFO] [net.mcreator.tloa.TloaMod/]: Current Stamina:0.5
[08Mar2025 17:22:26.774] [Server thread/INFO] [net.mcreator.tloa.TloaMod/]: Rounded Stamina1
[08Mar2025 17:22:26.774] [Server thread/INFO] [net.mcreator.tloa.TloaMod/]: Can Stamina:false
[08Mar2025 17:22:26.774] [Server thread/INFO] [net.mcreator.tloa.TloaMod/]: Max Stamina50.0
[08Mar2025 17:22:26.785] [Render thread/INFO] [net.mcreator.tloa.TloaMod/]: Current Stamina:1
[08Mar2025 17:22:26.785] [Render thread/INFO] [net.mcreator.tloa.TloaMod/]: Rounded Stamina1
[08Mar2025 17:22:26.785] [Render thread/INFO] [net.mcreator.tloa.TloaMod/]: Can Stamina:false
[08Mar2025 17:22:26.785] [Render thread/INFO] [net.mcreator.tloa.TloaMod/]: Max Stamina50.0
[08Mar2025 17:22:26.827] [Server thread/INFO] [net.mcreator.tloa.TloaMod/]: Current Stamina:1
[08Mar2025 17:22:26.827] [Server thread/INFO] [net.mcreator.tloa.TloaMod/]: Rounded Stamina1
[08Mar2025 17:22:26.827] [Server thread/INFO] [net.mcreator.tloa.TloaMod/]: Can Stamina:false
[08Mar2025 17:22:26.827] [Server thread/INFO] [net.mcreator.tloa.TloaMod/]: Max Stamina50.0
[08Mar2025 17:22:26.835] [Render thread/INFO] [net.mcreator.tloa.TloaMod/]: Current Stamina:1.5
[08Mar2025 17:22:26.836] [Render thread/INFO] [net.mcreator.tloa.TloaMod/]: Rounded Stamina2
[08Mar2025 17:22:26.836] [Render thread/INFO] [net.mcreator.tloa.TloaMod/]: Can Stamina:false
[08Mar2025 17:22:26.836] [Render thread/INFO] [net.mcreator.tloa.TloaMod/]: Max Stamina50.0
[08Mar2025 17:22:26.874] [Server thread/INFO] [net.mcreator.tloa.TloaMod/]: Current Stamina:1.5
[08Mar2025 17:22:26.874] [Server thread/INFO] [net.mcreator.tloa.TloaMod/]: Rounded Stamina2
[08Mar2025 17:22:26.874] [Server thread/INFO] [net.mcreator.tloa.TloaMod/]: Can Stamina:false
[08Mar2025 17:22:26.874] [Server thread/INFO] [net.mcreator.tloa.TloaMod/]: Max Stamina50.0
[08Mar2025 17:22:26.886] [Render thread/INFO] [net.mcreator.tloa.TloaMod/]: Current Stamina:2
[08Mar2025 17:22:26.886] [Render thread/INFO] [net.mcreator.tloa.TloaMod/]: Rounded Stamina2
[08Mar2025 17:22:26.886] [Render thread/INFO] [net.mcreator.tloa.TloaMod/]: Can Stamina:false
[08Mar2025 17:22:26.886] [Render thread/INFO] [net.mcreator.tloa.TloaMod/]: Max Stamina50.0
[08Mar2025 17:22:26.925] [Server thread/INFO] [net.mcreator.tloa.TloaMod/]: Current Stamina:2
[08Mar2025 17:22:26.925] [Server thread/INFO] [net.mcreator.tloa.TloaMod/]: Rounded Stamina2
[08Mar2025 17:22:26.925] [Server thread/INFO] [net.mcreator.tloa.TloaMod/]: Can Stamina:false
[08Mar2025 17:22:26.925] [Server thread/INFO] [net.mcreator.tloa.TloaMod/]: Max Stamina50.0
[08Mar2025 17:22:26.936] [Render thread/INFO] [net.mcreator.tloa.TloaMod/]: Current Stamina:2.5
[08Mar2025 17:22:26.936] [Render thread/INFO] [net.mcreator.tloa.TloaMod/]: Rounded Stamina3
[08Mar2025 17:22:26.936] [Render thread/INFO] [net.mcreator.tloa.TloaMod/]: Can Stamina:false
[08Mar2025 17:22:26.936] [Render thread/INFO] [net.mcreator.tloa.TloaMod/]: Max Stamina50.0
[08Mar2025 17:22:26.974] [Server thread/INFO] [net.mcreator.tloa.TloaMod/]: Current Stamina:2.5
[08Mar2025 17:22:26.974] [Server thread/INFO] [net.mcreator.tloa.TloaMod/]: Rounded Stamina3
[08Mar2025 17:22:26.974] [Server thread/INFO] [net.mcreator.tloa.TloaMod/]: Can Stamina:false
[08Mar2025 17:22:26.974] [Server thread/INFO] [net.mcreator.tloa.TloaMod/]: Max Stamina50.0
[08Mar2025 17:22:26.986] [Render thread/INFO] [net.mcreator.tloa.TloaMod/]: Current Stamina:3
[08Mar2025 17:22:26.986] [Render thread/INFO] [net.mcreator.tloa.TloaMod/]: Rounded Stamina3
[08Mar2025 17:22:26.986] [Render thread/INFO] [net.mcreator.tloa.TloaMod/]: Can Stamina:false
[08Mar2025 17:22:26.986] [Render thread/INFO] [net.mcreator.tloa.TloaMod/]: Max Stamina50.0
[08Mar2025 17:22:27.024] [Server thread/INFO] [net.mcreator.tloa.TloaMod/]: Current Stamina:3
[08Mar2025 17:22:27.025] [Server thread/INFO] [net.mcreator.tloa.TloaMod/]: Rounded Stamina3
[08Mar2025 17:22:27.025] [Server thread/INFO] [net.mcreator.tloa.TloaMod/]: Can Stamina:false
[08Mar2025 17:22:27.025] [Server thread/INFO] [net.mcreator.tloa.TloaMod/]: Max Stamina50.0
[08Mar2025 17:22:27.035] [Render thread/INFO] [net.mcreator.tloa.TloaMod/]: Current Stamina:3.5
[08Mar2025 17:22:27.035] [Render thread/INFO] [net.mcreator.tloa.TloaMod/]: Rounded Stamina4
[08Mar2025 17:22:27.035] [Render thread/INFO] [net.mcreator.tloa.TloaMod/]: Can Stamina:false
[08Mar2025 17:22:27.035] [Render thread/INFO] [net.mcreator.tloa.TloaMod/]: Max Stamina50.0
[08Mar2025 17:22:27.076] [Server thread/INFO] [net.mcreator.tloa.TloaMod/]: Current Stamina:3.5
[08Mar2025 17:22:27.076] [Server thread/INFO] [net.mcreator.tloa.TloaMod/]: Rounded Stamina4
[08Mar2025 17:22:27.076] [Server thread/INFO] [net.mcreator.tloa.TloaMod/]: Can Stamina:false
[08Mar2025 17:22:27.076] [Server thread/INFO] [net.mcreator.tloa.TloaMod/]: Max Stamina50.0
[08Mar2025 17:22:27.086] [Render thread/INFO] [net.mcreator.tloa.TloaMod/]: Current Stamina:4
[08Mar2025 17:22:27.086] [Render thread/INFO] [net.mcreator.tloa.TloaMod/]: Rounded Stamina4
[08Mar2025 17:22:27.086] [Render thread/INFO] [net.mcreator.tloa.TloaMod/]: Can Stamina:false
[08Mar2025 17:22:27.086] [Render thread/INFO] [net.mcreator.tloa.TloaMod/]: Max Stamina50.0
[08Mar2025 17:22:27.125] [Server thread/INFO] [net.mcreator.tloa.TloaMod/]: Current Stamina:4
[08Mar2025 17:22:27.126] [Server thread/INFO] [net.mcreator.tloa.TloaMod/]: Rounded Stamina4
[08Mar2025 17:22:27.126] [Server thread/INFO] [net.mcreator.tloa.TloaMod/]: Can Stamina:false
[08Mar2025 17:22:27.126] [Server thread/INFO] [net.mcreator.tloa.TloaMod/]: Max Stamina50.0
[08Mar2025 17:22:27.136] [Render thread/INFO] [net.mcreator.tloa.TloaMod/]: Current Stamina:4.5
[08Mar2025 17:22:27.137] [Render thread/INFO] [net.mcreator.tloa.TloaMod/]: Rounded Stamina5
[08Mar2025 17:22:27.137] [Render thread/INFO] [net.mcreator.tloa.TloaMod/]: Can Stamina:false
[08Mar2025 17:22:27.137] [Render thread/INFO] [net.mcreator.tloa.TloaMod/]: Max Stamina50.0
[08Mar2025 17:22:27.177] [Server thread/INFO] [net.mcreator.tloa.TloaMod/]: Current Stamina:4.5
[08Mar2025 17:22:27.178] [Server thread/INFO] [net.mcreator.tloa.TloaMod/]: Rounded Stamina5
[08Mar2025 17:22:27.178] [Server thread/INFO] [net.mcreator.tloa.TloaMod/]: Can Stamina:false
[08Mar2025 17:22:27.178] [Server thread/INFO] [net.mcreator.tloa.TloaMod/]: Max Stamina50.0
[08Mar2025 17:22:27.185] [Render thread/INFO] [net.mcreator.tloa.TloaMod/]: Current Stamina:5
[08Mar2025 17:22:27.186] [Render thread/INFO] [net.mcreator.tloa.TloaMod/]: Rounded Stamina5
[08Mar2025 17:22:27.186] [Render thread/INFO] [net.mcreator.tloa.TloaMod/]: Can Stamina:false
[08Mar2025 17:22:27.186] [Render thread/INFO] [net.mcreator.tloa.TloaMod/]: Max Stamina50.0
[08Mar2025 17:22:27.227] [Server thread/INFO] [net.mcreator.tloa.TloaMod/]: Current Stamina:5
[08Mar2025 17:22:27.227] [Server thread/INFO] [net.mcreator.tloa.TloaMod/]: Rounded Stamina5
[08Mar2025 17:22:27.227] [Server thread/INFO] [net.mcreator.tloa.TloaMod/]: Can Stamina:false
[08Mar2025 17:22:27.227] [Server thread/INFO] [net.mcreator.tloa.TloaMod/]: Max Stamina50.0
[08Mar2025 17:22:27.236] [Render thread/INFO] [net.mcreator.tloa.TloaMod/]: Current Stamina:5.5
[08Mar2025 17:22:27.237] [Render thread/INFO] [net.mcreator.tloa.TloaMod/]: Rounded Stamina6
[08Mar2025 17:22:27.237] [Render thread/INFO] [net.mcreator.tloa.TloaMod/]: Can Stamina:false
[08Mar2025 17:22:27.237] [Render thread/INFO] [net.mcreator.tloa.TloaMod/]: Max Stamina50.0
[08Mar2025 17:22:27.276] [Server thread/INFO] [net.mcreator.tloa.TloaMod/]: Current Stamina:5.5
[08Mar2025 17:22:27.276] [Server thread/INFO] [net.mcreator.tloa.TloaMod/]: Rounded Stamina6
[08Mar2025 17:22:27.276] [Server thread/INFO] [net.mcreator.tloa.TloaMod/]: Can Stamina:false
[08Mar2025 17:22:27.276] [Server thread/INFO] [net.mcreator.tloa.TloaMod/]: Max Stamina50.0
[08Mar2025 17:22:27.286] [Render thread/INFO] [net.mcreator.tloa.TloaMod/]: Current Stamina:6
[08Mar2025 17:22:27.286] [Render thread/INFO] [net.mcreator.tloa.TloaMod/]: Rounded Stamina6
[08Mar2025 17:22:27.286] [Render thread/INFO] [net.mcreator.tloa.TloaMod/]: Can Stamina:false
[08Mar2025 17:22:27.286] [Render thread/INFO] [net.mcreator.tloa.TloaMod/]: Max Stamina50.0
[08Mar2025 17:22:27.329] [Server thread/INFO] [net.mcreator.tloa.TloaMod/]: Current Stamina:6
[08Mar2025 17:22:27.329] [Server thread/INFO] [net.mcreator.tloa.TloaMod/]: Rounded Stamina6
[08Mar2025 17:22:27.330] [Server thread/INFO] [net.mcreator.tloa.TloaMod/]: Can Stamina:false
[08Mar2025 17:22:27.330] [Server thread/INFO] [net.mcreator.tloa.TloaMod/]: Max Stamina50.0
[08Mar2025 17:22:27.336] [Render thread/INFO] [net.mcreator.tloa.TloaMod/]: Current Stamina:6.5
[08Mar2025 17:22:27.337] [Render thread/INFO] [net.mcreator.tloa.TloaMod/]: Rounded Stamina7
[08Mar2025 17:22:27.337] [Render thread/INFO] [net.mcreator.tloa.TloaMod/]: Can Stamina:false
[08Mar2025 17:22:27.337] [Render thread/INFO] [net.mcreator.tloa.TloaMod/]: Max Stamina50.0
[08Mar2025 17:22:27.376] [Server thread/INFO] [net.mcreator.tloa.TloaMod/]: Current Stamina:6.5
[08Mar2025 17:22:27.376] [Server thread/INFO] [net.mcreator.tloa.TloaMod/]: Rounded Stamina7
[08Mar2025 17:22:27.376] [Server thread/INFO] [net.mcreator.tloa.TloaMod/]: Can Stamina:false
[08Mar2025 17:22:27.376] [Server thread/INFO] [net.mcreator.tloa.TloaMod/]: Max Stamina50.0
[08Mar2025 17:22:27.386] [Render thread/INFO] [net.mcreator.tloa.TloaMod/]: Current Stamina:7
[08Mar2025 17:22:27.386] [Render thread/INFO] [net.mcreator.tloa.TloaMod/]: Rounded Stamina7
[08Mar2025 17:22:27.386] [Render thread/INFO] [net.mcreator.tloa.TloaMod/]: Can Stamina:false
[08Mar2025 17:22:27.386] [Render thread/INFO] [net.mcreator.tloa.TloaMod/]: Max Stamina50.0
[08Mar2025 17:22:27.429] [Server thread/INFO] [net.mcreator.tloa.TloaMod/]: Current Stamina:7
[08Mar2025 17:22:27.429] [Server thread/INFO] [net.mcreator.tloa.TloaMod/]: Rounded Stamina7
[08Mar2025 17:22:27.429] [Server thread/INFO] [net.mcreator.tloa.TloaMod/]: Can Stamina:false
[08Mar2025 17:22:27.429] [Server thread/INFO] [net.mcreator.tloa.TloaMod/]: Max Stamina50.0
[08Mar2025 17:22:27.436] [Render thread/INFO] [net.mcreator.tloa.TloaMod/]: Current Stamina:7.5
[08Mar2025 17:22:27.436] [Render thread/INFO] [net.mcreator.tloa.TloaMod/]: Rounded Stamina8
[08Mar2025 17:22:27.436] [Render thread/INFO] [net.mcreator.tloa.TloaMod/]: Can Stamina:false
[08Mar2025 17:22:27.436] [Render thread/INFO] [net.mcreator.tloa.TloaMod/]: Max Stamina50.0
[08Mar2025 17:22:27.476] [Server thread/INFO] [net.mcreator.tloa.TloaMod/]: Current Stamina:7.5
[08Mar2025 17:22:27.476] [Server thread/INFO] [net.mcreator.tloa.TloaMod/]: Rounded Stamina8
[08Mar2025 17:22:27.476] [Server thread/INFO] [net.mcreator.tloa.TloaMod/]: Can Stamina:false
[08Mar2025 17:22:27.476] [Server thread/INFO] [net.mcreator.tloa.TloaMod/]: Max Stamina50.0
[08Mar2025 17:22:27.487] [Render thread/INFO] [net.mcreator.tloa.TloaMod/]: Current Stamina:8
[08Mar2025 17:22:27.487] [Render thread/INFO] [net.mcreator.tloa.TloaMod/]: Rounded Stamina8
[08Mar2025 17:22:27.487] [Render thread/INFO] [net.mcreator.tloa.TloaMod/]: Can Stamina:false
[08Mar2025 17:22:27.487] [Render thread/INFO] [net.mcreator.tloa.TloaMod/]: Max Stamina50.0
[08Mar2025 17:22:27.526] [Server thread/INFO] [net.mcreator.tloa.TloaMod/]: Current Stamina:8
[08Mar2025 17:22:27.526] [Server thread/INFO] [net.mcreator.tloa.TloaMod/]: Rounded Stamina8
[08Mar2025 17:22:27.526] [Server thread/INFO] [net.mcreator.tloa.TloaMod/]: Can Stamina:false
[08Mar2025 17:22:27.527] [Server thread/INFO] [net.mcreator.tloa.TloaMod/]: Max Stamina50.0
[08Mar2025 17:22:27.535] [Render thread/INFO] [net.mcreator.tloa.TloaMod/]: Current Stamina:8.5
[08Mar2025 17:22:27.536] [Render thread/INFO] [net.mcreator.tloa.TloaMod/]: Rounded Stamina9
[08Mar2025 17:22:27.536] [Render thread/INFO] [net.mcreator.tloa.TloaMod/]: Can Stamina:false
[08Mar2025 17:22:27.536] [Render thread/INFO] [net.mcreator.tloa.TloaMod/]: Max Stamina50.0
[08Mar2025 17:22:27.578] [Server thread/INFO] [net.mcreator.tloa.TloaMod/]: Current Stamina:8.5
[08Mar2025 17:22:27.578] [Server thread/INFO] [net.mcreator.tloa.TloaMod/]: Rounded Stamina9
[08Mar2025 17:22:27.578] [Server thread/INFO] [net.mcreator.tloa.TloaMod/]: Can Stamina:false
[08Mar2025 17:22:27.578] [Server thread/INFO] [net.mcreator.tloa.TloaMod/]: Max Stamina50.0
[08Mar2025 17:22:27.586] [Render thread/INFO] [net.mcreator.tloa.TloaMod/]: Current Stamina:9
[08Mar2025 17:22:27.586] [Render thread/INFO] [net.mcreator.tloa.TloaMod/]: Rounded Stamina9
[08Mar2025 17:22:27.586] [Render thread/INFO] [net.mcreator.tloa.TloaMod/]: Can Stamina:false
[08Mar2025 17:22:27.586] [Render thread/INFO] [net.mcreator.tloa.TloaMod/]: Max Stamina50.0
[08Mar2025 17:22:27.628] [Server thread/INFO] [net.mcreator.tloa.TloaMod/]: Current Stamina:9
[08Mar2025 17:22:27.628] [Server thread/INFO] [net.mcreator.tloa.TloaMod/]: Rounded Stamina9
[08Mar2025 17:22:27.628] [Server thread/INFO] [net.mcreator.tloa.TloaMod/]: Can Stamina:false
[08Mar2025 17:22:27.628] [Server thread/INFO] [net.mcreator.tloa.TloaMod/]: Max Stamina50.0
[08Mar2025 17:22:27.637] [Render thread/INFO] [net.mcreator.tloa.TloaMod/]: Current Stamina:9.5
[08Mar2025 17:22:27.637] [Render thread/INFO] [net.mcreator.tloa.TloaMod/]: Rounded Stamina10
[08Mar2025 17:22:27.637] [Render thread/INFO] [net.mcreator.tloa.TloaMod/]: Can Stamina:false
[08Mar2025 17:22:27.637] [Render thread/INFO] [net.mcreator.tloa.TloaMod/]: Max Stamina50.0
[08Mar2025 17:22:27.677] [Server thread/INFO] [net.mcreator.tloa.TloaMod/]: Current Stamina:9.5
[08Mar2025 17:22:27.677] [Server thread/INFO] [net.mcreator.tloa.TloaMod/]: Rounded Stamina10
[08Mar2025 17:22:27.677] [Server thread/INFO] [net.mcreator.tloa.TloaMod/]: Can Stamina:false
[08Mar2025 17:22:27.678] [Server thread/INFO] [net.mcreator.tloa.TloaMod/]: Max Stamina50.0
[08Mar2025 17:22:27.685] [Render thread/INFO] [net.mcreator.tloa.TloaMod/]: Current Stamina:10
[08Mar2025 17:22:27.685] [Render thread/INFO] [net.mcreator.tloa.TloaMod/]: Rounded Stamina10
[08Mar2025 17:22:27.685] [Render thread/INFO] [net.mcreator.tloa.TloaMod/]: Can Stamina:false
[08Mar2025 17:22:27.685] [Render thread/INFO] [net.mcreator.tloa.TloaMod/]: Max Stamina50.0
[08Mar2025 17:22:27.728] [Server thread/INFO] [net.mcreator.tloa.TloaMod/]: Current Stamina:10
[08Mar2025 17:22:27.728] [Server thread/INFO] [net.mcreator.tloa.TloaMod/]: Rounded Stamina10
[08Mar2025 17:22:27.729] [Server thread/INFO] [net.mcreator.tloa.TloaMod/]: Can Stamina:false
[08Mar2025 17:22:27.729] [Server thread/INFO] [net.mcreator.tloa.TloaMod/]: Max Stamina50.0
[08Mar2025 17:22:27.735] [Render thread/INFO] [net.mcreator.tloa.TloaMod/]: Current Stamina:10.5
[08Mar2025 17:22:27.736] [Render thread/INFO] [net.mcreator.tloa.TloaMod/]: Rounded Stamina11
[08Mar2025 17:22:27.736] [Render thread/INFO] [net.mcreator.tloa.TloaMod/]: Can Stamina:false
[08Mar2025 17:22:27.736] [Render thread/INFO] [net.mcreator.tloa.TloaMod/]: Max Stamina50.0
[08Mar2025 17:22:27.775] [Server thread/INFO] [net.mcreator.tloa.TloaMod/]: Current Stamina:10.5
[08Mar2025 17:22:27.775] [Server thread/INFO] [net.mcreator.tloa.TloaMod/]: Rounded Stamina11
[08Mar2025 17:22:27.775] [Server thread/INFO] [net.mcreator.tloa.TloaMod/]: Can Stamina:false
[08Mar2025 17:22:27.775] [Server thread/INFO] [net.mcreator.tloa.TloaMod/]: Max Stamina50.0
[08Mar2025 17:22:27.787] [Render thread/INFO] [net.mcreator.tloa.TloaMod/]: Current Stamina:11
[08Mar2025 17:22:27.787] [Render thread/INFO] [net.mcreator.tloa.TloaMod/]: Rounded Stamina11
[08Mar2025 17:22:27.787] [Render thread/INFO] [net.mcreator.tloa.TloaMod/]: Can Stamina:false
[08Mar2025 17:22:27.787] [Render thread/INFO] [net.mcreator.tloa.TloaMod/]: Max Stamina50.0
[08Mar2025 17:22:27.828] [Server thread/INFO] [net.mcreator.tloa.TloaMod/]: Current Stamina:11
[08Mar2025 17:22:27.828] [Server thread/INFO] [net.mcreator.tloa.TloaMod/]: Rounded Stamina11
[08Mar2025 17:22:27.828] [Server thread/INFO] [net.mcreator.tloa.TloaMod/]: Can Stamina:false
[08Mar2025 17:22:27.828] [Server thread/INFO] [net.mcreator.tloa.TloaMod/]: Max Stamina50.0
[08Mar2025 17:22:27.836] [Render thread/INFO] [net.mcreator.tloa.TloaMod/]: Current Stamina:11.5
[08Mar2025 17:22:27.836] [Render thread/INFO] [net.mcreator.tloa.TloaMod/]: Rounded Stamina12
[08Mar2025 17:22:27.836] [Render thread/INFO] [net.mcreator.tloa.TloaMod/]: Can Stamina:false
[08Mar2025 17:22:27.836] [Render thread/INFO] [net.mcreator.tloa.TloaMod/]: Max Stamina50.0
[08Mar2025 17:22:27.878] [Server thread/INFO] [net.mcreator.tloa.TloaMod/]: Current Stamina:11.5
[08Mar2025 17:22:27.878] [Server thread/INFO] [net.mcreator.tloa.TloaMod/]: Rounded Stamina12
[08Mar2025 17:22:27.878] [Server thread/INFO] [net.mcreator.tloa.TloaMod/]: Can Stamina:false
[08Mar2025 17:22:27.878] [Server thread/INFO] [net.mcreator.tloa.TloaMod/]: Max Stamina50.0
[08Mar2025 17:22:27.886] [Render thread/INFO] [net.mcreator.tloa.TloaMod/]: Current Stamina:12
[08Mar2025 17:22:27.886] [Render thread/INFO] [net.mcreator.tloa.TloaMod/]: Rounded Stamina12
[08Mar2025 17:22:27.886] [Render thread/INFO] [net.mcreator.tloa.TloaMod/]: Can Stamina:false
[08Mar2025 17:22:27.886] [Render thread/INFO] [net.mcreator.tloa.TloaMod/]: Max Stamina50.0
[08Mar2025 17:22:27.926] [Server thread/INFO] [net.mcreator.tloa.TloaMod/]: Current Stamina:12
[08Mar2025 17:22:27.926] [Server thread/INFO] [net.mcreator.tloa.TloaMod/]: Rounded Stamina12
[08Mar2025 17:22:27.926] [Server thread/INFO] [net.mcreator.tloa.TloaMod/]: Can Stamina:false
[08Mar2025 17:22:27.926] [Server thread/INFO] [net.mcreator.tloa.TloaMod/]: Max Stamina50.0
[08Mar2025 17:22:27.937] [Render thread/INFO] [net.mcreator.tloa.TloaMod/]: Current Stamina:12.5
[08Mar2025 17:22:27.937] [Render thread/INFO] [net.mcreator.tloa.TloaMod/]: Rounded Stamina13
[08Mar2025 17:22:27.937] [Render thread/INFO] [net.mcreator.tloa.TloaMod/]: Can Stamina:false
[08Mar2025 17:22:27.937] [Render thread/INFO] [net.mcreator.tloa.TloaMod/]: Max Stamina50.0
[08Mar2025 17:22:27.975] [Server thread/INFO] [net.mcreator.tloa.TloaMod/]: Current Stamina:12.5
[08Mar2025 17:22:27.976] [Server thread/INFO] [net.mcreator.tloa.TloaMod/]: Rounded Stamina13
[08Mar2025 17:22:27.976] [Server thread/INFO] [net.mcreator.tloa.TloaMod/]: Can Stamina:false
[08Mar2025 17:22:27.976] [Server thread/INFO] [net.mcreator.tloa.TloaMod/]: Max Stamina50.0
[08Mar2025 17:22:27.985] [Render thread/INFO] [net.mcreator.tloa.TloaMod/]: Current Stamina:13
[08Mar2025 17:22:27.986] [Render thread/INFO] [net.mcreator.tloa.TloaMod/]: Rounded Stamina13
[08Mar2025 17:22:27.986] [Render thread/INFO] [net.mcreator.tloa.TloaMod/]: Can Stamina:false
[08Mar2025 17:22:27.986] [Render thread/INFO] [net.mcreator.tloa.TloaMod/]: Max Stamina50.0
[08Mar2025 17:22:28.026] [Server thread/INFO] [net.mcreator.tloa.TloaMod/]: Current Stamina:13
[08Mar2025 17:22:28.026] [Server thread/INFO] [net.mcreator.tloa.TloaMod/]: Rounded Stamina13
[08Mar2025 17:22:28.026] [Server thread/INFO] [net.mcreator.tloa.TloaMod/]: Can Stamina:false
[08Mar2025 17:22:28.026] [Server thread/INFO] [net.mcreator.tloa.TloaMod/]: Max Stamina50.0
[08Mar2025 17:22:28.036] [Render thread/INFO] [net.mcreator.tloa.TloaMod/]: Current Stamina:13.5
[08Mar2025 17:22:28.036] [Render thread/INFO] [net.mcreator.tloa.TloaMod/]: Rounded Stamina14
[08Mar2025 17:22:28.036] [Render thread/INFO] [net.mcreator.tloa.TloaMod/]: Can Stamina:false
[08Mar2025 17:22:28.036] [Render thread/INFO] [net.mcreator.tloa.TloaMod/]: Max Stamina50.0
[08Mar2025 17:22:28.076] [Server thread/INFO] [net.mcreator.tloa.TloaMod/]: Current Stamina:13.5
[08Mar2025 17:22:28.077] [Server thread/INFO] [net.mcreator.tloa.TloaMod/]: Rounded Stamina14
[08Mar2025 17:22:28.077] [Server thread/INFO] [net.mcreator.tloa.TloaMod/]: Can Stamina:false
[08Mar2025 17:22:28.077] [Server thread/INFO] [net.mcreator.tloa.TloaMod/]: Max Stamina50.0
[08Mar2025 17:22:28.086] [Render thread/INFO] [net.mcreator.tloa.TloaMod/]: Current Stamina:14
[08Mar2025 17:22:28.086] [Render thread/INFO] [net.mcreator.tloa.TloaMod/]: Rounded Stamina14
[08Mar2025 17:22:28.086] [Render thread/INFO] [net.mcreator.tloa.TloaMod/]: Can Stamina:false
[08Mar2025 17:22:28.086] [Render thread/INFO] [net.mcreator.tloa.TloaMod/]: Max Stamina50.0
[08Mar2025 17:22:28.127] [Server thread/INFO] [net.mcreator.tloa.TloaMod/]: Current Stamina:14
[08Mar2025 17:22:28.127] [Server thread/INFO] [net.mcreator.tloa.TloaMod/]: Rounded Stamina14
[08Mar2025 17:22:28.127] [Server thread/INFO] [net.mcreator.tloa.TloaMod/]: Can Stamina:false
[08Mar2025 17:22:28.127] [Server thread/INFO] [net.mcreator.tloa.TloaMod/]: Max Stamina50.0
[08Mar2025 17:22:28.136] [Render thread/INFO] [net.mcreator.tloa.TloaMod/]: Current Stamina:14.5
[08Mar2025 17:22:28.136] [Render thread/INFO] [net.mcreator.tloa.TloaMod/]: Rounded Stamina15
[08Mar2025 17:22:28.136] [Render thread/INFO] [net.mcreator.tloa.TloaMod/]: Can Stamina:false
[08Mar2025 17:22:28.136] [Render thread/INFO] [net.mcreator.tloa.TloaMod/]: Max Stamina50.0
[08Mar2025 17:22:28.183] [Server thread/INFO] [net.mcreator.tloa.TloaMod/]: Current Stamina:14.5
[08Mar2025 17:22:28.184] [Server thread/INFO] [net.mcreator.tloa.TloaMod/]: Rounded Stamina15
[08Mar2025 17:22:28.184] [Server thread/INFO] [net.mcreator.tloa.TloaMod/]: Can Stamina:false
[08Mar2025 17:22:28.184] [Server thread/INFO] [net.mcreator.tloa.TloaMod/]: Max Stamina50.0
[08Mar2025 17:22:28.185] [Render thread/INFO] [net.mcreator.tloa.TloaMod/]: Current Stamina:15
[08Mar2025 17:22:28.186] [Render thread/INFO] [net.mcreator.tloa.TloaMod/]: Rounded Stamina15
[08Mar2025 17:22:28.186] [Render thread/INFO] [net.mcreator.tloa.TloaMod/]: Can Stamina:false
[08Mar2025 17:22:28.186] [Render thread/INFO] [net.mcreator.tloa.TloaMod/]: Max Stamina50.0
[08Mar2025 17:22:28.226] [Server thread/INFO] [net.mcreator.tloa.TloaMod/]: Current Stamina:15
[08Mar2025 17:22:28.227] [Server thread/INFO] [net.mcreator.tloa.TloaMod/]: Rounded Stamina15
[08Mar2025 17:22:28.227] [Server thread/INFO] [net.mcreator.tloa.TloaMod/]: Can Stamina:false
[08Mar2025 17:22:28.227] [Server thread/INFO] [net.mcreator.tloa.TloaMod/]: Max Stamina50.0
[08Mar2025 17:22:28.236] [Render thread/INFO] [net.mcreator.tloa.TloaMod/]: Current Stamina:15.5
[08Mar2025 17:22:28.236] [Render thread/INFO] [net.mcreator.tloa.TloaMod/]: Rounded Stamina16
[08Mar2025 17:22:28.236] [Render thread/INFO] [net.mcreator.tloa.TloaMod/]: Can Stamina:false
[08Mar2025 17:22:28.236] [Render thread/INFO] [net.mcreator.tloa.TloaMod/]: Max Stamina50.0
[08Mar2025 17:22:28.278] [Server thread/INFO] [net.mcreator.tloa.TloaMod/]: Current Stamina:15.5
[08Mar2025 17:22:28.279] [Server thread/INFO] [net.mcreator.tloa.TloaMod/]: Rounded Stamina16
[08Mar2025 17:22:28.279] [Server thread/INFO] [net.mcreator.tloa.TloaMod/]: Can Stamina:false
[08Mar2025 17:22:28.279] [Server thread/INFO] [net.mcreator.tloa.TloaMod/]: Max Stamina50.0
[08Mar2025 17:22:28.286] [Render thread/INFO] [net.mcreator.tloa.TloaMod/]: Current Stamina:16
[08Mar2025 17:22:28.286] [Render thread/INFO] [net.mcreator.tloa.TloaMod/]: Rounded Stamina16
[08Mar2025 17:22:28.286] [Render thread/INFO] [net.mcreator.tloa.TloaMod/]: Can Stamina:false
[08Mar2025 17:22:28.286] [Render thread/INFO] [net.mcreator.tloa.TloaMod/]: Max Stamina50.0
[08Mar2025 17:22:28.331] [Server thread/INFO] [net.mcreator.tloa.TloaMod/]: Current Stamina:16
[08Mar2025 17:22:28.331] [Server thread/INFO] [net.mcreator.tloa.TloaMod/]: Rounded Stamina16
[08Mar2025 17:22:28.331] [Server thread/INFO] [net.mcreator.tloa.TloaMod/]: Can Stamina:false
[08Mar2025 17:22:28.331] [Server thread/INFO] [net.mcreator.tloa.TloaMod/]: Max Stamina50.0
[08Mar2025 17:22:28.336] [Render thread/INFO] [net.mcreator.tloa.TloaMod/]: Current Stamina:16.5
[08Mar2025 17:22:28.337] [Render thread/INFO] [net.mcreator.tloa.TloaMod/]: Rounded Stamina17
[08Mar2025 17:22:28.337] [Render thread/INFO] [net.mcreator.tloa.TloaMod/]: Can Stamina:false
[08Mar2025 17:22:28.337] [Render thread/INFO] [net.mcreator.tloa.TloaMod/]: Max Stamina50.0
[08Mar2025 17:22:28.375] [Server thread/INFO] [net.mcreator.tloa.TloaMod/]: Current Stamina:16.5
[08Mar2025 17:22:28.375] [Server thread/INFO] [net.mcreator.tloa.TloaMod/]: Rounded Stamina17
[08Mar2025 17:22:28.375] [Server thread/INFO] [net.mcreator.tloa.TloaMod/]: Can Stamina:false
[08Mar2025 17:22:28.375] [Server thread/INFO] [net.mcreator.tloa.TloaMod/]: Max Stamina50.0
[08Mar2025 17:22:28.386] [Render thread/INFO] [net.mcreator.tloa.TloaMod/]: Current Stamina:17
[08Mar2025 17:22:28.386] [Render thread/INFO] [net.mcreator.tloa.TloaMod/]: Rounded Stamina17
[08Mar2025 17:22:28.386] [Render thread/INFO] [net.mcreator.tloa.TloaMod/]: Can Stamina:false
[08Mar2025 17:22:28.386] [Render thread/INFO] [net.mcreator.tloa.TloaMod/]: Max Stamina50.0
[08Mar2025 17:22:28.427] [Server thread/INFO] [net.mcreator.tloa.TloaMod/]: Current Stamina:17
[08Mar2025 17:22:28.427] [Server thread/INFO] [net.mcreator.tloa.TloaMod/]: Rounded Stamina17
[08Mar2025 17:22:28.427] [Server thread/INFO] [net.mcreator.tloa.TloaMod/]: Can Stamina:false
[08Mar2025 17:22:28.427] [Server thread/INFO] [net.mcreator.tloa.TloaMod/]: Max Stamina50.0
[08Mar2025 17:22:28.436] [Render thread/INFO] [net.mcreator.tloa.TloaMod/]: Current Stamina:17.5
[08Mar2025 17:22:28.436] [Render thread/INFO] [net.mcreator.tloa.TloaMod/]: Rounded Stamina18
[08Mar2025 17:22:28.436] [Render thread/INFO] [net.mcreator.tloa.TloaMod/]: Can Stamina:false
[08Mar2025 17:22:28.436] [Render thread/INFO] [net.mcreator.tloa.TloaMod/]: Max Stamina50.0
[08Mar2025 17:22:28.477] [Server thread/INFO] [net.mcreator.tloa.TloaMod/]: Current Stamina:17.5
[08Mar2025 17:22:28.478] [Server thread/INFO] [net.mcreator.tloa.TloaMod/]: Rounded Stamina18
[08Mar2025 17:22:28.478] [Server thread/INFO] [net.mcreator.tloa.TloaMod/]: Can Stamina:false
[08Mar2025 17:22:28.478] [Server thread/INFO] [net.mcreator.tloa.TloaMod/]: Max Stamina50.0
[08Mar2025 17:22:28.487] [Render thread/INFO] [net.mcreator.tloa.TloaMod/]: Current Stamina:18
[08Mar2025 17:22:28.487] [Render thread/INFO] [net.mcreator.tloa.TloaMod/]: Rounded Stamina18
[08Mar2025 17:22:28.487] [Render thread/INFO] [net.mcreator.tloa.TloaMod/]: Can Stamina:false
[08Mar2025 17:22:28.487] [Render thread/INFO] [net.mcreator.tloa.TloaMod/]: Max Stamina50.0
[08Mar2025 17:22:28.527] [Server thread/INFO] [net.mcreator.tloa.TloaMod/]: Current Stamina:18
[08Mar2025 17:22:28.527] [Server thread/INFO] [net.mcreator.tloa.TloaMod/]: Rounded Stamina18
[08Mar2025 17:22:28.527] [Server thread/INFO] [net.mcreator.tloa.TloaMod/]: Can Stamina:false
[08Mar2025 17:22:28.527] [Server thread/INFO] [net.mcreator.tloa.TloaMod/]: Max Stamina50.0
[08Mar2025 17:22:28.536] [Render thread/INFO] [net.mcreator.tloa.TloaMod/]: Current Stamina:18.5
[08Mar2025 17:22:28.536] [Render thread/INFO] [net.mcreator.tloa.TloaMod/]: Rounded Stamina19
[08Mar2025 17:22:28.536] [Render thread/INFO] [net.mcreator.tloa.TloaMod/]: Can Stamina:false
[08Mar2025 17:22:28.536] [Render thread/INFO] [net.mcreator.tloa.TloaMod/]: Max Stamina50.0
[08Mar2025 17:22:28.578] [Server thread/INFO] [net.mcreator.tloa.TloaMod/]: Current Stamina:18.5
[08Mar2025 17:22:28.578] [Server thread/INFO] [net.mcreator.tloa.TloaMod/]: Rounded Stamina19
[08Mar2025 17:22:28.578] [Server thread/INFO] [net.mcreator.tloa.TloaMod/]: Can Stamina:false
[08Mar2025 17:22:28.578] [Server thread/INFO] [net.mcreator.tloa.TloaMod/]: Max Stamina50.0
[08Mar2025 17:22:28.585] [Render thread/INFO] [net.mcreator.tloa.TloaMod/]: Current Stamina:19
[08Mar2025 17:22:28.586] [Render thread/INFO] [net.mcreator.tloa.TloaMod/]: Rounded Stamina19
[08Mar2025 17:22:28.586] [Render thread/INFO] [net.mcreator.tloa.TloaMod/]: Can Stamina:false
[08Mar2025 17:22:28.586] [Render thread/INFO] [net.mcreator.tloa.TloaMod/]: Max Stamina50.0
[08Mar2025 17:22:28.627] [Server thread/INFO] [net.mcreator.tloa.TloaMod/]: Current Stamina:19
[08Mar2025 17:22:28.627] [Server thread/INFO] [net.mcreator.tloa.TloaMod/]: Rounded Stamina19
[08Mar2025 17:22:28.627] [Server thread/INFO] [net.mcreator.tloa.TloaMod/]: Can Stamina:false
[08Mar2025 17:22:28.627] [Server thread/INFO] [net.mcreator.tloa.TloaMod/]: Max Stamina50.0
[08Mar2025 17:22:28.636] [Render thread/INFO] [net.mcreator.tloa.TloaMod/]: Current Stamina:19.5
[08Mar2025 17:22:28.636] [Render thread/INFO] [net.mcreator.tloa.TloaMod/]: Rounded Stamina20
[08Mar2025 17:22:28.636] [Render thread/INFO] [net.mcreator.tloa.TloaMod/]: Can Stamina:false
[08Mar2025 17:22:28.636] [Render thread/INFO] [net.mcreator.tloa.TloaMod/]: Max Stamina50.0
[08Mar2025 17:22:28.677] [Server thread/INFO] [net.mcreator.tloa.TloaMod/]: Current Stamina:19.5
[08Mar2025 17:22:28.677] [Server thread/INFO] [net.mcreator.tloa.TloaMod/]: Rounded Stamina20
[08Mar2025 17:22:28.677] [Server thread/INFO] [net.mcreator.tloa.TloaMod/]: Can Stamina:false
[08Mar2025 17:22:28.677] [Server thread/INFO] [net.mcreator.tloa.TloaMod/]: Max Stamina50.0
[08Mar2025 17:22:28.685] [Render thread/INFO] [net.mcreator.tloa.TloaMod/]: Current Stamina:20
[08Mar2025 17:22:28.685] [Render thread/INFO] [net.mcreator.tloa.TloaMod/]: Rounded Stamina20
[08Mar2025 17:22:28.685] [Render thread/INFO] [net.mcreator.tloa.TloaMod/]: Can Stamina:false
[08Mar2025 17:22:28.685] [Render thread/INFO] [net.mcreator.tloa.TloaMod/]: Max Stamina50.0
[08Mar2025 17:22:28.725] [Server thread/INFO] [net.mcreator.tloa.TloaMod/]: Current Stamina:20
[08Mar2025 17:22:28.725] [Server thread/INFO] [net.mcreator.tloa.TloaMod/]: Rounded Stamina20
[08Mar2025 17:22:28.725] [Server thread/INFO] [net.mcreator.tloa.TloaMod/]: Can Stamina:false
[08Mar2025 17:22:28.726] [Server thread/INFO] [net.mcreator.tloa.TloaMod/]: Max Stamina50.0
[08Mar2025 17:22:28.734] [Render thread/INFO] [net.mcreator.tloa.TloaMod/]: Current Stamina:20.5
[08Mar2025 17:22:28.736] [Render thread/INFO] [net.mcreator.tloa.TloaMod/]: Rounded Stamina21
[08Mar2025 17:22:28.736] [Render thread/INFO] [net.mcreator.tloa.TloaMod/]: Can Stamina:false
[08Mar2025 17:22:28.736] [Render thread/INFO] [net.mcreator.tloa.TloaMod/]: Max Stamina50.0
[08Mar2025 17:22:28.776] [Server thread/INFO] [net.mcreator.tloa.TloaMod/]: Current Stamina:20.5
[08Mar2025 17:22:28.776] [Server thread/INFO] [net.mcreator.tloa.TloaMod/]: Rounded Stamina21
[08Mar2025 17:22:28.777] [Server thread/INFO] [net.mcreator.tloa.TloaMod/]: Can Stamina:false
[08Mar2025 17:22:28.777] [Server thread/INFO] [net.mcreator.tloa.TloaMod/]: Max Stamina50.0
[08Mar2025 17:22:28.786] [Render thread/INFO] [net.mcreator.tloa.TloaMod/]: Current Stamina:21
[08Mar2025 17:22:28.787] [Render thread/INFO] [net.mcreator.tloa.TloaMod/]: Rounded Stamina21
[08Mar2025 17:22:28.787] [Render thread/INFO] [net.mcreator.tloa.TloaMod/]: Can Stamina:false
[08Mar2025 17:22:28.787] [Render thread/INFO] [net.mcreator.tloa.TloaMod/]: Max Stamina50.0
[08Mar2025 17:22:28.828] [Server thread/INFO] [net.mcreator.tloa.TloaMod/]: Current Stamina:21
[08Mar2025 17:22:28.828] [Server thread/INFO] [net.mcreator.tloa.TloaMod/]: Rounded Stamina21
[08Mar2025 17:22:28.828] [Server thread/INFO] [net.mcreator.tloa.TloaMod/]: Can Stamina:false
[08Mar2025 17:22:28.828] [Server thread/INFO] [net.mcreator.tloa.TloaMod/]: Max Stamina50.0
[08Mar2025 17:22:28.835] [Render thread/INFO] [net.mcreator.tloa.TloaMod/]: Current Stamina:21.5
[08Mar2025 17:22:28.835] [Render thread/INFO] [net.mcreator.tloa.TloaMod/]: Rounded Stamina22
[08Mar2025 17:22:28.835] [Render thread/INFO] [net.mcreator.tloa.TloaMod/]: Can Stamina:false
[08Mar2025 17:22:28.835] [Render thread/INFO] [net.mcreator.tloa.TloaMod/]: Max Stamina50.0
[08Mar2025 17:22:28.875] [Server thread/INFO] [net.mcreator.tloa.TloaMod/]: Current Stamina:21.5
[08Mar2025 17:22:28.875] [Server thread/INFO] [net.mcreator.tloa.TloaMod/]: Rounded Stamina22
[08Mar2025 17:22:28.876] [Server thread/INFO] [net.mcreator.tloa.TloaMod/]: Can Stamina:false
[08Mar2025 17:22:28.876] [Server thread/INFO] [net.mcreator.tloa.TloaMod/]: Max Stamina50.0
[08Mar2025 17:22:28.885] [Render thread/INFO] [net.mcreator.tloa.TloaMod/]: Current Stamina:22
[08Mar2025 17:22:28.886] [Render thread/INFO] [net.mcreator.tloa.TloaMod/]: Rounded Stamina22
[08Mar2025 17:22:28.886] [Render thread/INFO] [net.mcreator.tloa.TloaMod/]: Can Stamina:false
[08Mar2025 17:22:28.886] [Render thread/INFO] [net.mcreator.tloa.TloaMod/]: Max Stamina50.0
[08Mar2025 17:22:28.926] [Server thread/INFO] [net.mcreator.tloa.TloaMod/]: Current Stamina:22
[08Mar2025 17:22:28.926] [Server thread/INFO] [net.mcreator.tloa.TloaMod/]: Rounded Stamina22
[08Mar2025 17:22:28.926] [Server thread/INFO] [net.mcreator.tloa.TloaMod/]: Can Stamina:false
[08Mar2025 17:22:28.926] [Server thread/INFO] [net.mcreator.tloa.TloaMod/]: Max Stamina50.0
[08Mar2025 17:22:28.936] [Render thread/INFO] [net.mcreator.tloa.TloaMod/]: Current Stamina:22.5
[08Mar2025 17:22:28.936] [Render thread/INFO] [net.mcreator.tloa.TloaMod/]: Rounded Stamina23
[08Mar2025 17:22:28.936] [Render thread/INFO] [net.mcreator.tloa.TloaMod/]: Can Stamina:false
[08Mar2025 17:22:28.936] [Render thread/INFO] [net.mcreator.tloa.TloaMod/]: Max Stamina50.0
[08Mar2025 17:22:28.976] [Server thread/INFO] [net.mcreator.tloa.TloaMod/]: Current Stamina:22.5
[08Mar2025 17:22:28.976] [Server thread/INFO] [net.mcreator.tloa.TloaMod/]: Rounded Stamina23
[08Mar2025 17:22:28.976] [Server thread/INFO] [net.mcreator.tloa.TloaMod/]: Can Stamina:false
[08Mar2025 17:22:28.976] [Server thread/INFO] [net.mcreator.tloa.TloaMod/]: Max Stamina50.0
[08Mar2025 17:22:28.986] [Render thread/INFO] [net.mcreator.tloa.TloaMod/]: Current Stamina:23
[08Mar2025 17:22:28.986] [Render thread/INFO] [net.mcreator.tloa.TloaMod/]: Rounded Stamina23
[08Mar2025 17:22:28.986] [Render thread/INFO] [net.mcreator.tloa.TloaMod/]: Can Stamina:false
[08Mar2025 17:22:28.986] [Render thread/INFO] [net.mcreator.tloa.TloaMod/]: Max Stamina50.0
[08Mar2025 17:22:29.026] [Server thread/INFO] [net.mcreator.tloa.TloaMod/]: Current Stamina:23
[08Mar2025 17:22:29.027] [Server thread/INFO] [net.mcreator.tloa.TloaMod/]: Rounded Stamina23
[08Mar2025 17:22:29.027] [Server thread/INFO] [net.mcreator.tloa.TloaMod/]: Can Stamina:false
[08Mar2025 17:22:29.027] [Server thread/INFO] [net.mcreator.tloa.TloaMod/]: Max Stamina50.0
[08Mar2025 17:22:29.036] [Render thread/INFO] [net.mcreator.tloa.TloaMod/]: Current Stamina:23.5
[08Mar2025 17:22:29.036] [Render thread/INFO] [net.mcreator.tloa.TloaMod/]: Rounded Stamina24
[08Mar2025 17:22:29.036] [Render thread/INFO] [net.mcreator.tloa.TloaMod/]: Can Stamina:false
[08Mar2025 17:22:29.036] [Render thread/INFO] [net.mcreator.tloa.TloaMod/]: Max Stamina50.0
[08Mar2025 17:22:29.077] [Server thread/INFO] [net.mcreator.tloa.TloaMod/]: Current Stamina:23.5
[08Mar2025 17:22:29.077] [Server thread/INFO] [net.mcreator.tloa.TloaMod/]: Rounded Stamina24
[08Mar2025 17:22:29.077] [Server thread/INFO] [net.mcreator.tloa.TloaMod/]: Can Stamina:false
[08Mar2025 17:22:29.077] [Server thread/INFO] [net.mcreator.tloa.TloaMod/]: Max Stamina50.0
[08Mar2025 17:22:29.085] [Render thread/INFO] [net.mcreator.tloa.TloaMod/]: Current Stamina:24
[08Mar2025 17:22:29.086] [Render thread/INFO] [net.mcreator.tloa.TloaMod/]: Rounded Stamina24
[08Mar2025 17:22:29.086] [Render thread/INFO] [net.mcreator.tloa.TloaMod/]: Can Stamina:false
[08Mar2025 17:22:29.086] [Render thread/INFO] [net.mcreator.tloa.TloaMod/]: Max Stamina50.0
[08Mar2025 17:22:29.130] [Server thread/INFO] [net.mcreator.tloa.TloaMod/]: Current Stamina:24
[08Mar2025 17:22:29.130] [Server thread/INFO] [net.mcreator.tloa.TloaMod/]: Rounded Stamina24
[08Mar2025 17:22:29.130] [Server thread/INFO] [net.mcreator.tloa.TloaMod/]: Can Stamina:false
[08Mar2025 17:22:29.130] [Server thread/INFO] [net.mcreator.tloa.TloaMod/]: Max Stamina50.0
[08Mar2025 17:22:29.135] [Render thread/INFO] [net.mcreator.tloa.TloaMod/]: Current Stamina:24.5
[08Mar2025 17:22:29.136] [Render thread/INFO] [net.mcreator.tloa.TloaMod/]: Rounded Stamina25
[08Mar2025 17:22:29.136] [Render thread/INFO] [net.mcreator.tloa.TloaMod/]: Can Stamina:false
[08Mar2025 17:22:29.136] [Render thread/INFO] [net.mcreator.tloa.TloaMod/]: Max Stamina50.0
[08Mar2025 17:22:29.176] [Server thread/INFO] [net.mcreator.tloa.TloaMod/]: Current Stamina:24.5
[08Mar2025 17:22:29.176] [Server thread/INFO] [net.mcreator.tloa.TloaMod/]: Rounded Stamina25
[08Mar2025 17:22:29.176] [Server thread/INFO] [net.mcreator.tloa.TloaMod/]: Can Stamina:false
[08Mar2025 17:22:29.176] [Server thread/INFO] [net.mcreator.tloa.TloaMod/]: Max Stamina50.0
[08Mar2025 17:22:29.186] [Render thread/INFO] [net.mcreator.tloa.TloaMod/]: Current Stamina:25
[08Mar2025 17:22:29.186] [Render thread/INFO] [net.mcreator.tloa.TloaMod/]: Rounded Stamina25
[08Mar2025 17:22:29.186] [Render thread/INFO] [net.mcreator.tloa.TloaMod/]: Can Stamina:false
[08Mar2025 17:22:29.186] [Render thread/INFO] [net.mcreator.tloa.TloaMod/]: Max Stamina50.0
[08Mar2025 17:22:29.226] [Server thread/INFO] [net.mcreator.tloa.TloaMod/]: Current Stamina:25
[08Mar2025 17:22:29.226] [Server thread/INFO] [net.mcreator.tloa.TloaMod/]: Rounded Stamina25
[08Mar2025 17:22:29.226] [Server thread/INFO] [net.mcreator.tloa.TloaMod/]: Can Stamina:false
[08Mar2025 17:22:29.227] [Server thread/INFO] [net.mcreator.tloa.TloaMod/]: Max Stamina50.0
[08Mar2025 17:22:29.236] [Render thread/INFO] [net.mcreator.tloa.TloaMod/]: Current Stamina:25.5
[08Mar2025 17:22:29.236] [Render thread/INFO] [net.mcreator.tloa.TloaMod/]: Rounded Stamina26
[08Mar2025 17:22:29.236] [Render thread/INFO] [net.mcreator.tloa.TloaMod/]: Can Stamina:false
[08Mar2025 17:22:29.236] [Render thread/INFO] [net.mcreator.tloa.TloaMod/]: Max Stamina50.0
[08Mar2025 17:22:29.275] [Server thread/INFO] [net.mcreator.tloa.TloaMod/]: Current Stamina:25.5
[08Mar2025 17:22:29.275] [Server thread/INFO] [net.mcreator.tloa.TloaMod/]: Rounded Stamina26
[08Mar2025 17:22:29.275] [Server thread/INFO] [net.mcreator.tloa.TloaMod/]: Can Stamina:false
[08Mar2025 17:22:29.275] [Server thread/INFO] [net.mcreator.tloa.TloaMod/]: Max Stamina50.0
[08Mar2025 17:22:29.285] [Render thread/INFO] [net.mcreator.tloa.TloaMod/]: Current Stamina:26
[08Mar2025 17:22:29.285] [Render thread/INFO] [net.mcreator.tloa.TloaMod/]: Rounded Stamina26
[08Mar2025 17:22:29.285] [Render thread/INFO] [net.mcreator.tloa.TloaMod/]: Can Stamina:false
[08Mar2025 17:22:29.285] [Render thread/INFO] [net.mcreator.tloa.TloaMod/]: Max Stamina50.0
[08Mar2025 17:22:29.325] [Server thread/INFO] [net.mcreator.tloa.TloaMod/]: Current Stamina:26
[08Mar2025 17:22:29.325] [Server thread/INFO] [net.mcreator.tloa.TloaMod/]: Rounded Stamina26
[08Mar2025 17:22:29.325] [Server thread/INFO] [net.mcreator.tloa.TloaMod/]: Can Stamina:false
[08Mar2025 17:22:29.325] [Server thread/INFO] [net.mcreator.tloa.TloaMod/]: Max Stamina50.0
[08Mar2025 17:22:29.335] [Render thread/INFO] [net.mcreator.tloa.TloaMod/]: Current Stamina:26.5
[08Mar2025 17:22:29.335] [Render thread/INFO] [net.mcreator.tloa.TloaMod/]: Rounded Stamina27
[08Mar2025 17:22:29.335] [Render thread/INFO] [net.mcreator.tloa.TloaMod/]: Can Stamina:false
[08Mar2025 17:22:29.335] [Render thread/INFO] [net.mcreator.tloa.TloaMod/]: Max Stamina50.0
[08Mar2025 17:22:29.374] [Server thread/INFO] [net.mcreator.tloa.TloaMod/]: Current Stamina:26.5
[08Mar2025 17:22:29.374] [Server thread/INFO] [net.mcreator.tloa.TloaMod/]: Rounded Stamina27
[08Mar2025 17:22:29.374] [Server thread/INFO] [net.mcreator.tloa.TloaMod/]: Can Stamina:false
[08Mar2025 17:22:29.375] [Server thread/INFO] [net.mcreator.tloa.TloaMod/]: Max Stamina50.0
[08Mar2025 17:22:29.386] [Render thread/INFO] [net.mcreator.tloa.TloaMod/]: Current Stamina:27
[08Mar2025 17:22:29.386] [Render thread/INFO] [net.mcreator.tloa.TloaMod/]: Rounded Stamina27
[08Mar2025 17:22:29.386] [Render thread/INFO] [net.mcreator.tloa.TloaMod/]: Can Stamina:false
[08Mar2025 17:22:29.386] [Render thread/INFO] [net.mcreator.tloa.TloaMod/]: Max Stamina50.0
[08Mar2025 17:22:29.427] [Server thread/INFO] [net.mcreator.tloa.TloaMod/]: Current Stamina:27
[08Mar2025 17:22:29.427] [Server thread/INFO] [net.mcreator.tloa.TloaMod/]: Rounded Stamina27
[08Mar2025 17:22:29.427] [Server thread/INFO] [net.mcreator.tloa.TloaMod/]: Can Stamina:false
[08Mar2025 17:22:29.427] [Server thread/INFO] [net.mcreator.tloa.TloaMod/]: Max Stamina50.0
[08Mar2025 17:22:29.435] [Render thread/INFO] [net.mcreator.tloa.TloaMod/]: Current Stamina:27.5
[08Mar2025 17:22:29.435] [Render thread/INFO] [net.mcreator.tloa.TloaMod/]: Rounded Stamina28
[08Mar2025 17:22:29.435] [Render thread/INFO] [net.mcreator.tloa.TloaMod/]: Can Stamina:false
[08Mar2025 17:22:29.435] [Render thread/INFO] [net.mcreator.tloa.TloaMod/]: Max Stamina50.0
[08Mar2025 17:22:29.475] [Server thread/INFO] [net.mcreator.tloa.TloaMod/]: Current Stamina:27.5
[08Mar2025 17:22:29.476] [Server thread/INFO] [net.mcreator.tloa.TloaMod/]: Rounded Stamina28
[08Mar2025 17:22:29.476] [Server thread/INFO] [net.mcreator.tloa.TloaMod/]: Can Stamina:false
[08Mar2025 17:22:29.476] [Server thread/INFO] [net.mcreator.tloa.TloaMod/]: Max Stamina50.0
[08Mar2025 17:22:29.486] [Render thread/INFO] [net.mcreator.tloa.TloaMod/]: Current Stamina:28
[08Mar2025 17:22:29.486] [Render thread/INFO] [net.mcreator.tloa.TloaMod/]: Rounded Stamina28
[08Mar2025 17:22:29.486] [Render thread/INFO] [net.mcreator.tloa.TloaMod/]: Can Stamina:false
[08Mar2025 17:22:29.486] [Render thread/INFO] [net.mcreator.tloa.TloaMod/]: Max Stamina50.0
[08Mar2025 17:22:29.526] [Server thread/INFO] [net.mcreator.tloa.TloaMod/]: Current Stamina:28
[08Mar2025 17:22:29.526] [Server thread/INFO] [net.mcreator.tloa.TloaMod/]: Rounded Stamina28
[08Mar2025 17:22:29.526] [Server thread/INFO] [net.mcreator.tloa.TloaMod/]: Can Stamina:false
[08Mar2025 17:22:29.526] [Server thread/INFO] [net.mcreator.tloa.TloaMod/]: Max Stamina50.0
[08Mar2025 17:22:29.536] [Render thread/INFO] [net.mcreator.tloa.TloaMod/]: Current Stamina:28.5
[08Mar2025 17:22:29.536] [Render thread/INFO] [net.mcreator.tloa.TloaMod/]: Rounded Stamina29
[08Mar2025 17:22:29.536] [Render thread/INFO] [net.mcreator.tloa.TloaMod/]: Can Stamina:false
[08Mar2025 17:22:29.536] [Render thread/INFO] [net.mcreator.tloa.TloaMod/]: Max Stamina50.0
[08Mar2025 17:22:29.573] [Server thread/INFO] [net.mcreator.tloa.TloaMod/]: Current Stamina:28.5
[08Mar2025 17:22:29.573] [Server thread/INFO] [net.mcreator.tloa.TloaMod/]: Rounded Stamina29
[08Mar2025 17:22:29.573] [Server thread/INFO] [net.mcreator.tloa.TloaMod/]: Can Stamina:false
[08Mar2025 17:22:29.573] [Server thread/INFO] [net.mcreator.tloa.TloaMod/]: Max Stamina50.0
[08Mar2025 17:22:29.585] [Render thread/INFO] [net.mcreator.tloa.TloaMod/]: Current Stamina:29
[08Mar2025 17:22:29.586] [Render thread/INFO] [net.mcreator.tloa.TloaMod/]: Rounded Stamina29
[08Mar2025 17:22:29.586] [Render thread/INFO] [net.mcreator.tloa.TloaMod/]: Can Stamina:false
[08Mar2025 17:22:29.586] [Render thread/INFO] [net.mcreator.tloa.TloaMod/]: Max Stamina50.0
[08Mar2025 17:22:29.626] [Server thread/INFO] [net.mcreator.tloa.TloaMod/]: Current Stamina:29
[08Mar2025 17:22:29.626] [Server thread/INFO] [net.mcreator.tloa.TloaMod/]: Rounded Stamina29
[08Mar2025 17:22:29.626] [Server thread/INFO] [net.mcreator.tloa.TloaMod/]: Can Stamina:false
[08Mar2025 17:22:29.626] [Server thread/INFO] [net.mcreator.tloa.TloaMod/]: Max Stamina50.0
[08Mar2025 17:22:29.635] [Render thread/INFO] [net.mcreator.tloa.TloaMod/]: Current Stamina:29.5
[08Mar2025 17:22:29.636] [Render thread/INFO] [net.mcreator.tloa.TloaMod/]: Rounded Stamina30
[08Mar2025 17:22:29.636] [Render thread/INFO] [net.mcreator.tloa.TloaMod/]: Can Stamina:false
[08Mar2025 17:22:29.636] [Render thread/INFO] [net.mcreator.tloa.TloaMod/]: Max Stamina50.0
[08Mar2025 17:22:29.673] [Server thread/INFO] [net.mcreator.tloa.TloaMod/]: Current Stamina:29.5
[08Mar2025 17:22:29.674] [Server thread/INFO] [net.mcreator.tloa.TloaMod/]: Rounded Stamina30
[08Mar2025 17:22:29.674] [Server thread/INFO] [net.mcreator.tloa.TloaMod/]: Can Stamina:false
[08Mar2025 17:22:29.674] [Server thread/INFO] [net.mcreator.tloa.TloaMod/]: Max Stamina50.0
[08Mar2025 17:22:29.685] [Render thread/INFO] [net.mcreator.tloa.TloaMod/]: Current Stamina:30
[08Mar2025 17:22:29.685] [Render thread/INFO] [net.mcreator.tloa.TloaMod/]: Rounded Stamina30
[08Mar2025 17:22:29.685] [Render thread/INFO] [net.mcreator.tloa.TloaMod/]: Can Stamina:false
[08Mar2025 17:22:29.685] [Render thread/INFO] [net.mcreator.tloa.TloaMod/]: Max Stamina50.0
[08Mar2025 17:22:29.725] [Server thread/INFO] [net.mcreator.tloa.TloaMod/]: Current Stamina:30
[08Mar2025 17:22:29.725] [Server thread/INFO] [net.mcreator.tloa.TloaMod/]: Rounded Stamina30
[08Mar2025 17:22:29.725] [Server thread/INFO] [net.mcreator.tloa.TloaMod/]: Can Stamina:false
[08Mar2025 17:22:29.725] [Server thread/INFO] [net.mcreator.tloa.TloaMod/]: Max Stamina50.0
[08Mar2025 17:22:29.736] [Render thread/INFO] [net.mcreator.tloa.TloaMod/]: Current Stamina:30.5
[08Mar2025 17:22:29.737] [Render thread/INFO] [net.mcreator.tloa.TloaMod/]: Rounded Stamina31
[08Mar2025 17:22:29.737] [Render thread/INFO] [net.mcreator.tloa.TloaMod/]: Can Stamina:false
[08Mar2025 17:22:29.737] [Render thread/INFO] [net.mcreator.tloa.TloaMod/]: Max Stamina50.0
[08Mar2025 17:22:29.775] [Server thread/INFO] [net.mcreator.tloa.TloaMod/]: Current Stamina:30.5
[08Mar2025 17:22:29.775] [Server thread/INFO] [net.mcreator.tloa.TloaMod/]: Rounded Stamina31
[08Mar2025 17:22:29.775] [Server thread/INFO] [net.mcreator.tloa.TloaMod/]: Can Stamina:false
[08Mar2025 17:22:29.775] [Server thread/INFO] [net.mcreator.tloa.TloaMod/]: Max Stamina50.0
[08Mar2025 17:22:29.785] [Render thread/INFO] [net.mcreator.tloa.TloaMod/]: Current Stamina:31
[08Mar2025 17:22:29.785] [Render thread/INFO] [net.mcreator.tloa.TloaMod/]: Rounded Stamina31
[08Mar2025 17:22:29.785] [Render thread/INFO] [net.mcreator.tloa.TloaMod/]: Can Stamina:false
[08Mar2025 17:22:29.785] [Render thread/INFO] [net.mcreator.tloa.TloaMod/]: Max Stamina50.0
[08Mar2025 17:22:29.826] [Server thread/INFO] [net.mcreator.tloa.TloaMod/]: Current Stamina:31
[08Mar2025 17:22:29.826] [Server thread/INFO] [net.mcreator.tloa.TloaMod/]: Rounded Stamina31
[08Mar2025 17:22:29.826] [Server thread/INFO] [net.mcreator.tloa.TloaMod/]: Can Stamina:false
[08Mar2025 17:22:29.826] [Server thread/INFO] [net.mcreator.tloa.TloaMod/]: Max Stamina50.0
[08Mar2025 17:22:29.836] [Render thread/INFO] [net.mcreator.tloa.TloaMod/]: Current Stamina:31.5
[08Mar2025 17:22:29.836] [Render thread/INFO] [net.mcreator.tloa.TloaMod/]: Rounded Stamina32
[08Mar2025 17:22:29.836] [Render thread/INFO] [net.mcreator.tloa.TloaMod/]: Can Stamina:false
[08Mar2025 17:22:29.836] [Render thread/INFO] [net.mcreator.tloa.TloaMod/]: Max Stamina50.0
[08Mar2025 17:22:29.875] [Server thread/INFO] [net.mcreator.tloa.TloaMod/]: Current Stamina:31.5
[08Mar2025 17:22:29.875] [Server thread/INFO] [net.mcreator.tloa.TloaMod/]: Rounded Stamina32
[08Mar2025 17:22:29.875] [Server thread/INFO] [net.mcreator.tloa.TloaMod/]: Can Stamina:false
[08Mar2025 17:22:29.875] [Server thread/INFO] [net.mcreator.tloa.TloaMod/]: Max Stamina50.0
[08Mar2025 17:22:29.887] [Render thread/INFO] [net.mcreator.tloa.TloaMod/]: Current Stamina:32
[08Mar2025 17:22:29.887] [Render thread/INFO] [net.mcreator.tloa.TloaMod/]: Rounded Stamina32
[08Mar2025 17:22:29.887] [Render thread/INFO] [net.mcreator.tloa.TloaMod/]: Can Stamina:false
[08Mar2025 17:22:29.887] [Render thread/INFO] [net.mcreator.tloa.TloaMod/]: Max Stamina50.0
[08Mar2025 17:22:29.923] [Server thread/INFO] [net.mcreator.tloa.TloaMod/]: Current Stamina:32
[08Mar2025 17:22:29.923] [Server thread/INFO] [net.mcreator.tloa.TloaMod/]: Rounded Stamina32
[08Mar2025 17:22:29.923] [Server thread/INFO] [net.mcreator.tloa.TloaMod/]: Can Stamina:false
[08Mar2025 17:22:29.923] [Server thread/INFO] [net.mcreator.tloa.TloaMod/]: Max Stamina50.0
[08Mar2025 17:22:29.935] [Render thread/INFO] [net.mcreator.tloa.TloaMod/]: Current Stamina:32.5
[08Mar2025 17:22:29.936] [Render thread/INFO] [net.mcreator.tloa.TloaMod/]: Rounded Stamina33
[08Mar2025 17:22:29.936] [Render thread/INFO] [net.mcreator.tloa.TloaMod/]: Can Stamina:false
[08Mar2025 17:22:29.936] [Render thread/INFO] [net.mcreator.tloa.TloaMod/]: Max Stamina50.0
[08Mar2025 17:22:29.974] [Server thread/INFO] [net.mcreator.tloa.TloaMod/]: Current Stamina:32.5
[08Mar2025 17:22:29.974] [Server thread/INFO] [net.mcreator.tloa.TloaMod/]: Rounded Stamina33
[08Mar2025 17:22:29.974] [Server thread/INFO] [net.mcreator.tloa.TloaMod/]: Can Stamina:false
[08Mar2025 17:22:29.974] [Server thread/INFO] [net.mcreator.tloa.TloaMod/]: Max Stamina50.0
[08Mar2025 17:22:29.986] [Render thread/INFO] [net.mcreator.tloa.TloaMod/]: Current Stamina:33
[08Mar2025 17:22:29.986] [Render thread/INFO] [net.mcreator.tloa.TloaMod/]: Rounded Stamina33
[08Mar2025 17:22:29.986] [Render thread/INFO] [net.mcreator.tloa.TloaMod/]: Can Stamina:false
[08Mar2025 17:22:29.986] [Render thread/INFO] [net.mcreator.tloa.TloaMod/]: Max Stamina50.0
[08Mar2025 17:22:30.024] [Server thread/INFO] [net.mcreator.tloa.TloaMod/]: Current Stamina:33
[08Mar2025 17:22:30.024] [Server thread/INFO] [net.mcreator.tloa.TloaMod/]: Rounded Stamina33
[08Mar2025 17:22:30.024] [Server thread/INFO] [net.mcreator.tloa.TloaMod/]: Can Stamina:false
[08Mar2025 17:22:30.024] [Server thread/INFO] [net.mcreator.tloa.TloaMod/]: Max Stamina50.0
[08Mar2025 17:22:30.036] [Render thread/INFO] [net.mcreator.tloa.TloaMod/]: Current Stamina:33.5
[08Mar2025 17:22:30.036] [Render thread/INFO] [net.mcreator.tloa.TloaMod/]: Rounded Stamina34
[08Mar2025 17:22:30.036] [Render thread/INFO] [net.mcreator.tloa.TloaMod/]: Can Stamina:false
[08Mar2025 17:22:30.036] [Render thread/INFO] [net.mcreator.tloa.TloaMod/]: Max Stamina50.0
[08Mar2025 17:22:30.074] [Server thread/INFO] [net.mcreator.tloa.TloaMod/]: Current Stamina:33.5
[08Mar2025 17:22:30.074] [Server thread/INFO] [net.mcreator.tloa.TloaMod/]: Rounded Stamina34
[08Mar2025 17:22:30.074] [Server thread/INFO] [net.mcreator.tloa.TloaMod/]: Can Stamina:false
[08Mar2025 17:22:30.074] [Server thread/INFO] [net.mcreator.tloa.TloaMod/]: Max Stamina50.0
[08Mar2025 17:22:30.085] [Render thread/INFO] [net.mcreator.tloa.TloaMod/]: Current Stamina:34
[08Mar2025 17:22:30.085] [Render thread/INFO] [net.mcreator.tloa.TloaMod/]: Rounded Stamina34
[08Mar2025 17:22:30.085] [Render thread/INFO] [net.mcreator.tloa.TloaMod/]: Can Stamina:false
[08Mar2025 17:22:30.085] [Render thread/INFO] [net.mcreator.tloa.TloaMod/]: Max Stamina50.0
[08Mar2025 17:22:30.124] [Server thread/INFO] [net.mcreator.tloa.TloaMod/]: Current Stamina:34
[08Mar2025 17:22:30.125] [Server thread/INFO] [net.mcreator.tloa.TloaMod/]: Rounded Stamina34
[08Mar2025 17:22:30.125] [Server thread/INFO] [net.mcreator.tloa.TloaMod/]: Can Stamina:false
[08Mar2025 17:22:30.125] [Server thread/INFO] [net.mcreator.tloa.TloaMod/]: Max Stamina50.0
[08Mar2025 17:22:30.136] [Render thread/INFO] [net.mcreator.tloa.TloaMod/]: Current Stamina:34.5
[08Mar2025 17:22:30.136] [Render thread/INFO] [net.mcreator.tloa.TloaMod/]: Rounded Stamina35
[08Mar2025 17:22:30.136] [Render thread/INFO] [net.mcreator.tloa.TloaMod/]: Can Stamina:false
[08Mar2025 17:22:30.136] [Render thread/INFO] [net.mcreator.tloa.TloaMod/]: Max Stamina50.0
[08Mar2025 17:22:30.174] [Server thread/INFO] [net.mcreator.tloa.TloaMod/]: Current Stamina:34.5
[08Mar2025 17:22:30.175] [Server thread/INFO] [net.mcreator.tloa.TloaMod/]: Rounded Stamina35
[08Mar2025 17:22:30.175] [Server thread/INFO] [net.mcreator.tloa.TloaMod/]: Can Stamina:false
[08Mar2025 17:22:30.175] [Server thread/INFO] [net.mcreator.tloa.TloaMod/]: Max Stamina50.0
[08Mar2025 17:22:30.186] [Render thread/INFO] [net.mcreator.tloa.TloaMod/]: Current Stamina:35
[08Mar2025 17:22:30.186] [Render thread/INFO] [net.mcreator.tloa.TloaMod/]: Rounded Stamina35
[08Mar2025 17:22:30.186] [Render thread/INFO] [net.mcreator.tloa.TloaMod/]: Can Stamina:false
[08Mar2025 17:22:30.186] [Render thread/INFO] [net.mcreator.tloa.TloaMod/]: Max Stamina50.0
[08Mar2025 17:22:30.224] [Server thread/INFO] [net.mcreator.tloa.TloaMod/]: Current Stamina:35
[08Mar2025 17:22:30.224] [Server thread/INFO] [net.mcreator.tloa.TloaMod/]: Rounded Stamina35
[08Mar2025 17:22:30.224] [Server thread/INFO] [net.mcreator.tloa.TloaMod/]: Can Stamina:false
[08Mar2025 17:22:30.224] [Server thread/INFO] [net.mcreator.tloa.TloaMod/]: Max Stamina50.0
[08Mar2025 17:22:30.236] [Render thread/INFO] [net.mcreator.tloa.TloaMod/]: Current Stamina:35.5
[08Mar2025 17:22:30.236] [Render thread/INFO] [net.mcreator.tloa.TloaMod/]: Rounded Stamina36
[08Mar2025 17:22:30.236] [Render thread/INFO] [net.mcreator.tloa.TloaMod/]: Can Stamina:false
[08Mar2025 17:22:30.236] [Render thread/INFO] [net.mcreator.tloa.TloaMod/]: Max Stamina50.0
[08Mar2025 17:22:30.275] [Server thread/INFO] [net.mcreator.tloa.TloaMod/]: Current Stamina:35.5
[08Mar2025 17:22:30.275] [Server thread/INFO] [net.mcreator.tloa.TloaMod/]: Rounded Stamina36
[08Mar2025 17:22:30.275] [Server thread/INFO] [net.mcreator.tloa.TloaMod/]: Can Stamina:false
[08Mar2025 17:22:30.275] [Server thread/INFO] [net.mcreator.tloa.TloaMod/]: Max Stamina50.0
[08Mar2025 17:22:30.285] [Render thread/INFO] [net.mcreator.tloa.TloaMod/]: Current Stamina:36
[08Mar2025 17:22:30.285] [Render thread/INFO] [net.mcreator.tloa.TloaMod/]: Rounded Stamina36
[08Mar2025 17:22:30.285] [Render thread/INFO] [net.mcreator.tloa.TloaMod/]: Can Stamina:false
[08Mar2025 17:22:30.285] [Render thread/INFO] [net.mcreator.tloa.TloaMod/]: Max Stamina50.0
[08Mar2025 17:22:30.333] [Server thread/INFO] [net.mcreator.tloa.TloaMod/]: Current Stamina:36
[08Mar2025 17:22:30.335] [Server thread/INFO] [net.mcreator.tloa.TloaMod/]: Rounded Stamina36
[08Mar2025 17:22:30.335] [Server thread/INFO] [net.mcreator.tloa.TloaMod/]: Can Stamina:false
[08Mar2025 17:22:30.335] [Server thread/INFO] [net.mcreator.tloa.TloaMod/]: Max Stamina50.0
[08Mar2025 17:22:30.336] [Render thread/INFO] [net.mcreator.tloa.TloaMod/]: Current Stamina:36
[08Mar2025 17:22:30.336] [Render thread/INFO] [net.mcreator.tloa.TloaMod/]: Rounded Stamina36
[08Mar2025 17:22:30.336] [Render thread/INFO] [net.mcreator.tloa.TloaMod/]: Can Stamina:false
[08Mar2025 17:22:30.336] [Render thread/INFO] [net.mcreator.tloa.TloaMod/]: Max Stamina50.0
[08Mar2025 17:22:30.377] [Server thread/INFO] [net.mcreator.tloa.TloaMod/]: Current Stamina:36.5
[08Mar2025 17:22:30.377] [Server thread/INFO] [net.mcreator.tloa.TloaMod/]: Rounded Stamina37
[08Mar2025 17:22:30.377] [Server thread/INFO] [net.mcreator.tloa.TloaMod/]: Can Stamina:false
[08Mar2025 17:22:30.377] [Server thread/INFO] [net.mcreator.tloa.TloaMod/]: Max Stamina50.0
[08Mar2025 17:22:30.386] [Render thread/INFO] [net.mcreator.tloa.TloaMod/]: Current Stamina:37
[08Mar2025 17:22:30.386] [Render thread/INFO] [net.mcreator.tloa.TloaMod/]: Rounded Stamina37
[08Mar2025 17:22:30.386] [Render thread/INFO] [net.mcreator.tloa.TloaMod/]: Can Stamina:false
[08Mar2025 17:22:30.386] [Render thread/INFO] [net.mcreator.tloa.TloaMod/]: Max Stamina50.0
[08Mar2025 17:22:30.426] [Server thread/INFO] [net.mcreator.tloa.TloaMod/]: Current Stamina:37
[08Mar2025 17:22:30.426] [Server thread/INFO] [net.mcreator.tloa.TloaMod/]: Rounded Stamina37
[08Mar2025 17:22:30.426] [Server thread/INFO] [net.mcreator.tloa.TloaMod/]: Can Stamina:false
[08Mar2025 17:22:30.426] [Server thread/INFO] [net.mcreator.tloa.TloaMod/]: Max Stamina50.0
[08Mar2025 17:22:30.435] [Render thread/INFO] [net.mcreator.tloa.TloaMod/]: Current Stamina:37.5
[08Mar2025 17:22:30.436] [Render thread/INFO] [net.mcreator.tloa.TloaMod/]: Rounded Stamina38
[08Mar2025 17:22:30.436] [Render thread/INFO] [net.mcreator.tloa.TloaMod/]: Can Stamina:false
[08Mar2025 17:22:30.436] [Render thread/INFO] [net.mcreator.tloa.TloaMod/]: Max Stamina50.0
[08Mar2025 17:22:30.478] [Server thread/INFO] [net.mcreator.tloa.TloaMod/]: Current Stamina:37.5
[08Mar2025 17:22:30.478] [Server thread/INFO] [net.mcreator.tloa.TloaMod/]: Rounded Stamina38
[08Mar2025 17:22:30.478] [Server thread/INFO] [net.mcreator.tloa.TloaMod/]: Can Stamina:false
[08Mar2025 17:22:30.478] [Server thread/INFO] [net.mcreator.tloa.TloaMod/]: Max Stamina50.0
[08Mar2025 17:22:30.486] [Render thread/INFO] [net.mcreator.tloa.TloaMod/]: Current Stamina:38
[08Mar2025 17:22:30.486] [Render thread/INFO] [net.mcreator.tloa.TloaMod/]: Rounded Stamina38
[08Mar2025 17:22:30.486] [Render thread/INFO] [net.mcreator.tloa.TloaMod/]: Can Stamina:false
[08Mar2025 17:22:30.486] [Render thread/INFO] [net.mcreator.tloa.TloaMod/]: Max Stamina50.0
[08Mar2025 17:22:30.527] [Server thread/INFO] [net.mcreator.tloa.TloaMod/]: Current Stamina:38
[08Mar2025 17:22:30.527] [Server thread/INFO] [net.mcreator.tloa.TloaMod/]: Rounded Stamina38
[08Mar2025 17:22:30.527] [Server thread/INFO] [net.mcreator.tloa.TloaMod/]: Can Stamina:false
[08Mar2025 17:22:30.527] [Server thread/INFO] [net.mcreator.tloa.TloaMod/]: Max Stamina50.0
[08Mar2025 17:22:30.536] [Render thread/INFO] [net.mcreator.tloa.TloaMod/]: Current Stamina:38.5
[08Mar2025 17:22:30.536] [Render thread/INFO] [net.mcreator.tloa.TloaMod/]: Rounded Stamina39
[08Mar2025 17:22:30.536] [Render thread/INFO] [net.mcreator.tloa.TloaMod/]: Can Stamina:false
[08Mar2025 17:22:30.536] [Render thread/INFO] [net.mcreator.tloa.TloaMod/]: Max Stamina50.0
[08Mar2025 17:22:30.574] [Server thread/INFO] [net.mcreator.tloa.TloaMod/]: Current Stamina:38.5
[08Mar2025 17:22:30.574] [Server thread/INFO] [net.mcreator.tloa.TloaMod/]: Rounded Stamina39
[08Mar2025 17:22:30.574] [Server thread/INFO] [net.mcreator.tloa.TloaMod/]: Can Stamina:false
[08Mar2025 17:22:30.574] [Server thread/INFO] [net.mcreator.tloa.TloaMod/]: Max Stamina50.0
[08Mar2025 17:22:30.586] [Render thread/INFO] [net.mcreator.tloa.TloaMod/]: Current Stamina:39
[08Mar2025 17:22:30.586] [Render thread/INFO] [net.mcreator.tloa.TloaMod/]: Rounded Stamina39
[08Mar2025 17:22:30.586] [Render thread/INFO] [net.mcreator.tloa.TloaMod/]: Can Stamina:false
[08Mar2025 17:22:30.586] [Render thread/INFO] [net.mcreator.tloa.TloaMod/]: Max Stamina50.0
[08Mar2025 17:22:30.625] [Server thread/INFO] [net.mcreator.tloa.TloaMod/]: Current Stamina:39
[08Mar2025 17:22:30.625] [Server thread/INFO] [net.mcreator.tloa.TloaMod/]: Rounded Stamina39
[08Mar2025 17:22:30.625] [Server thread/INFO] [net.mcreator.tloa.TloaMod/]: Can Stamina:false
[08Mar2025 17:22:30.625] [Server thread/INFO] [net.mcreator.tloa.TloaMod/]: Max Stamina50.0
[08Mar2025 17:22:30.634] [Render thread/INFO] [net.mcreator.tloa.TloaMod/]: Current Stamina:39.5
[08Mar2025 17:22:30.634] [Render thread/INFO] [net.mcreator.tloa.TloaMod/]: Rounded Stamina40
[08Mar2025 17:22:30.634] [Render thread/INFO] [net.mcreator.tloa.TloaMod/]: Can Stamina:false
[08Mar2025 17:22:30.634] [Render thread/INFO] [net.mcreator.tloa.TloaMod/]: Max Stamina50.0
[08Mar2025 17:22:30.678] [Server thread/INFO] [net.mcreator.tloa.TloaMod/]: Current Stamina:39.5
[08Mar2025 17:22:30.678] [Server thread/INFO] [net.mcreator.tloa.TloaMod/]: Rounded Stamina40
[08Mar2025 17:22:30.678] [Server thread/INFO] [net.mcreator.tloa.TloaMod/]: Can Stamina:false
[08Mar2025 17:22:30.678] [Server thread/INFO] [net.mcreator.tloa.TloaMod/]: Max Stamina50.0
[08Mar2025 17:22:30.686] [Render thread/INFO] [net.mcreator.tloa.TloaMod/]: Current Stamina:40
[08Mar2025 17:22:30.686] [Render thread/INFO] [net.mcreator.tloa.TloaMod/]: Rounded Stamina40
[08Mar2025 17:22:30.686] [Render thread/INFO] [net.mcreator.tloa.TloaMod/]: Can Stamina:true
[08Mar2025 17:22:30.686] [Render thread/INFO] [net.mcreator.tloa.TloaMod/]: Max Stamina50.0
[08Mar2025 17:22:30.731] [Server thread/INFO] [net.mcreator.tloa.TloaMod/]: Current Stamina:40
[08Mar2025 17:22:30.731] [Server thread/INFO] [net.mcreator.tloa.TloaMod/]: Rounded Stamina40
[08Mar2025 17:22:30.731] [Server thread/INFO] [net.mcreator.tloa.TloaMod/]: Can Stamina:true
[08Mar2025 17:22:30.731] [Server thread/INFO] [net.mcreator.tloa.TloaMod/]: Max Stamina50.0
[08Mar2025 17:22:30.736] [Render thread/INFO] [net.mcreator.tloa.TloaMod/]: Current Stamina:39.7
[08Mar2025 17:22:30.736] [Render thread/INFO] [net.mcreator.tloa.TloaMod/]: Rounded Stamina40
[08Mar2025 17:22:30.736] [Render thread/INFO] [net.mcreator.tloa.TloaMod/]: Can Stamina:true
[08Mar2025 17:22:30.736] [Render thread/INFO] [net.mcreator.tloa.TloaMod/]: Max Stamina50.0
[08Mar2025 17:22:30.778] [Server thread/INFO] [net.mcreator.tloa.TloaMod/]: Current Stamina:40.5
[08Mar2025 17:22:30.778] [Server thread/INFO] [net.mcreator.tloa.TloaMod/]: Rounded Stamina41
[08Mar2025 17:22:30.778] [Server thread/INFO] [net.mcreator.tloa.TloaMod/]: Can Stamina:true
[08Mar2025 17:22:30.778] [Server thread/INFO] [net.mcreator.tloa.TloaMod/]: Max Stamina50.0
[08Mar2025 17:22:30.786] [Render thread/INFO] [net.mcreator.tloa.TloaMod/]: Current Stamina:41
[08Mar2025 17:22:30.786] [Render thread/INFO] [net.mcreator.tloa.TloaMod/]: Rounded Stamina41
[08Mar2025 17:22:30.786] [Render thread/INFO] [net.mcreator.tloa.TloaMod/]: Can Stamina:true
[08Mar2025 17:22:30.786] [Render thread/INFO] [net.mcreator.tloa.TloaMod/]: Max Stamina50.0
[08Mar2025 17:22:30.829] [Server thread/INFO] [net.mcreator.tloa.TloaMod/]: Current Stamina:41
[08Mar2025 17:22:30.829] [Server thread/INFO] [net.mcreator.tloa.TloaMod/]: Rounded Stamina41
[08Mar2025 17:22:30.829] [Server thread/INFO] [net.mcreator.tloa.TloaMod/]: Can Stamina:true
[08Mar2025 17:22:30.829] [Server thread/INFO] [net.mcreator.tloa.TloaMod/]: Max Stamina50.0
[08Mar2025 17:22:30.835] [Render thread/INFO] [net.mcreator.tloa.TloaMod/]: Current Stamina:41.5
[08Mar2025 17:22:30.835] [Render thread/INFO] [net.mcreator.tloa.TloaMod/]: Rounded Stamina42
[08Mar2025 17:22:30.835] [Render thread/INFO] [net.mcreator.tloa.TloaMod/]: Can Stamina:true
[08Mar2025 17:22:30.835] [Render thread/INFO] [net.mcreator.tloa.TloaMod/]: Max Stamina50.0
[08Mar2025 17:22:30.876] [Server thread/INFO] [net.mcreator.tloa.TloaMod/]: Current Stamina:40.7
[08Mar2025 17:22:30.876] [Server thread/INFO] [net.mcreator.tloa.TloaMod/]: Rounded Stamina41
[08Mar2025 17:22:30.876] [Server thread/INFO] [net.mcreator.tloa.TloaMod/]: Can Stamina:true
[08Mar2025 17:22:30.876] [Server thread/INFO] [net.mcreator.tloa.TloaMod/]: Max Stamina50.0
[08Mar2025 17:22:30.886] [Render thread/INFO] [net.mcreator.tloa.TloaMod/]: Current Stamina:40.4
[08Mar2025 17:22:30.886] [Render thread/INFO] [net.mcreator.tloa.TloaMod/]: Rounded Stamina40
[08Mar2025 17:22:30.886] [Render thread/INFO] [net.mcreator.tloa.TloaMod/]: Can Stamina:true
[08Mar2025 17:22:30.886] [Render thread/INFO] [net.mcreator.tloa.TloaMod/]: Max Stamina50.0
[08Mar2025 17:22:30.927] [Server thread/INFO] [net.mcreator.tloa.TloaMod/]: Current Stamina:40.4
[08Mar2025 17:22:30.927] [Server thread/INFO] [net.mcreator.tloa.TloaMod/]: Rounded Stamina40
[08Mar2025 17:22:30.927] [Server thread/INFO] [net.mcreator.tloa.TloaMod/]: Can Stamina:true
[08Mar2025 17:22:30.927] [Server thread/INFO] [net.mcreator.tloa.TloaMod/]: Max Stamina50.0
[08Mar2025 17:22:30.937] [Render thread/INFO] [net.mcreator.tloa.TloaMod/]: Current Stamina:40.1
[08Mar2025 17:22:30.937] [Render thread/INFO] [net.mcreator.tloa.TloaMod/]: Rounded Stamina40
[08Mar2025 17:22:30.937] [Render thread/INFO] [net.mcreator.tloa.TloaMod/]: Can Stamina:true
[08Mar2025 17:22:30.937] [Render thread/INFO] [net.mcreator.tloa.TloaMod/]: Max Stamina50.0
[08Mar2025 17:22:30.977] [Server thread/INFO] [net.mcreator.tloa.TloaMod/]: Current Stamina:40.9
[08Mar2025 17:22:30.977] [Server thread/INFO] [net.mcreator.tloa.TloaMod/]: Rounded Stamina41
[08Mar2025 17:22:30.977] [Server thread/INFO] [net.mcreator.tloa.TloaMod/]: Can Stamina:true
[08Mar2025 17:22:30.977] [Server thread/INFO] [net.mcreator.tloa.TloaMod/]: Max Stamina50.0
[08Mar2025 17:22:30.985] [Render thread/INFO] [net.mcreator.tloa.TloaMod/]: Current Stamina:41.4
[08Mar2025 17:22:30.986] [Render thread/INFO] [net.mcreator.tloa.TloaMod/]: Rounded Stamina41
[08Mar2025 17:22:30.986] [Render thread/INFO] [net.mcreator.tloa.TloaMod/]: Can Stamina:true
[08Mar2025 17:22:30.986] [Render thread/INFO] [net.mcreator.tloa.TloaMod/]: Max Stamina50.0
[08Mar2025 17:22:31.025] [Server thread/INFO] [net.mcreator.tloa.TloaMod/]: Current Stamina:40.6
[08Mar2025 17:22:31.025] [Server thread/INFO] [net.mcreator.tloa.TloaMod/]: Rounded Stamina41
[08Mar2025 17:22:31.025] [Server thread/INFO] [net.mcreator.tloa.TloaMod/]: Can Stamina:true
[08Mar2025 17:22:31.025] [Server thread/INFO] [net.mcreator.tloa.TloaMod/]: Max Stamina50.0
[08Mar2025 17:22:31.035] [Render thread/INFO] [net.mcreator.tloa.TloaMod/]: Current Stamina:40.3
[08Mar2025 17:22:31.036] [Render thread/INFO] [net.mcreator.tloa.TloaMod/]: Rounded Stamina40
[08Mar2025 17:22:31.036] [Render thread/INFO] [net.mcreator.tloa.TloaMod/]: Can Stamina:true
[08Mar2025 17:22:31.036] [Render thread/INFO] [net.mcreator.tloa.TloaMod/]: Max Stamina50.0
[08Mar2025 17:22:31.076] [Server thread/INFO] [net.mcreator.tloa.TloaMod/]: Current Stamina:40.3
[08Mar2025 17:22:31.077] [Server thread/INFO] [net.mcreator.tloa.TloaMod/]: Rounded Stamina40
[08Mar2025 17:22:31.077] [Server thread/INFO] [net.mcreator.tloa.TloaMod/]: Can Stamina:true
[08Mar2025 17:22:31.077] [Server thread/INFO] [net.mcreator.tloa.TloaMod/]: Max Stamina50.0
[08Mar2025 17:22:31.086] [Render thread/INFO] [net.mcreator.tloa.TloaMod/]: Current Stamina:40
[08Mar2025 17:22:31.086] [Render thread/INFO] [net.mcreator.tloa.TloaMod/]: Rounded Stamina40
[08Mar2025 17:22:31.086] [Render thread/INFO] [net.mcreator.tloa.TloaMod/]: Can Stamina:true
[08Mar2025 17:22:31.086] [Render thread/INFO] [net.mcreator.tloa.TloaMod/]: Max Stamina50.0
[08Mar2025 17:22:31.126] [Server thread/INFO] [net.mcreator.tloa.TloaMod/]: Current Stamina:40
[08Mar2025 17:22:31.127] [Server thread/INFO] [net.mcreator.tloa.TloaMod/]: Rounded Stamina40
[08Mar2025 17:22:31.127] [Server thread/INFO] [net.mcreator.tloa.TloaMod/]: Can Stamina:true
[08Mar2025 17:22:31.127] [Server thread/INFO] [net.mcreator.tloa.TloaMod/]: Max Stamina50.0
[08Mar2025 17:22:31.134] [Render thread/INFO] [net.mcreator.tloa.TloaMod/]: Current Stamina:40.5
[08Mar2025 17:22:31.136] [Render thread/INFO] [net.mcreator.tloa.TloaMod/]: Rounded Stamina41
[08Mar2025 17:22:31.136] [Render thread/INFO] [net.mcreator.tloa.TloaMod/]: Can Stamina:true
[08Mar2025 17:22:31.136] [Render thread/INFO] [net.mcreator.tloa.TloaMod/]: Max Stamina50.0
[08Mar2025 17:22:31.174] [Server thread/INFO] [net.mcreator.tloa.TloaMod/]: Current Stamina:40.5
[08Mar2025 17:22:31.174] [Server thread/INFO] [net.mcreator.tloa.TloaMod/]: Rounded Stamina41
[08Mar2025 17:22:31.174] [Server thread/INFO] [net.mcreator.tloa.TloaMod/]: Can Stamina:true
[08Mar2025 17:22:31.174] [Server thread/INFO] [net.mcreator.tloa.TloaMod/]: Max Stamina50.0
[08Mar2025 17:22:31.185] [Render thread/INFO] [net.mcreator.tloa.TloaMod/]: Current Stamina:41
[08Mar2025 17:22:31.185] [Render thread/INFO] [net.mcreator.tloa.TloaMod/]: Rounded Stamina41
[08Mar2025 17:22:31.185] [Render thread/INFO] [net.mcreator.tloa.TloaMod/]: Can Stamina:true
[08Mar2025 17:22:31.185] [Render thread/INFO] [net.mcreator.tloa.TloaMod/]: Max Stamina50.0
[08Mar2025 17:22:31.228] [Server thread/INFO] [net.mcreator.tloa.TloaMod/]: Current Stamina:41
[08Mar2025 17:22:31.228] [Server thread/INFO] [net.mcreator.tloa.TloaMod/]: Rounded Stamina41
[08Mar2025 17:22:31.228] [Server thread/INFO] [net.mcreator.tloa.TloaMod/]: Can Stamina:true
[08Mar2025 17:22:31.228] [Server thread/INFO] [net.mcreator.tloa.TloaMod/]: Max Stamina50.0
[08Mar2025 17:22:31.235] [Render thread/INFO] [net.mcreator.tloa.TloaMod/]: Current Stamina:40.7
[08Mar2025 17:22:31.235] [Render thread/INFO] [net.mcreator.tloa.TloaMod/]: Rounded Stamina41
[08Mar2025 17:22:31.235] [Render thread/INFO] [net.mcreator.tloa.TloaMod/]: Can Stamina:true
[08Mar2025 17:22:31.235] [Render thread/INFO] [net.mcreator.tloa.TloaMod/]: Max Stamina50.0
[08Mar2025 17:22:31.275] [Server thread/INFO] [net.mcreator.tloa.TloaMod/]: Current Stamina:40.7
[08Mar2025 17:22:31.275] [Server thread/INFO] [net.mcreator.tloa.TloaMod/]: Rounded Stamina41
[08Mar2025 17:22:31.275] [Server thread/INFO] [net.mcreator.tloa.TloaMod/]: Can Stamina:true
[08Mar2025 17:22:31.275] [Server thread/INFO] [net.mcreator.tloa.TloaMod/]: Max Stamina50.0
[08Mar2025 17:22:31.286] [Render thread/INFO] [net.mcreator.tloa.TloaMod/]: Current Stamina:40.4
[08Mar2025 17:22:31.286] [Render thread/INFO] [net.mcreator.tloa.TloaMod/]: Rounded Stamina40
[08Mar2025 17:22:31.286] [Render thread/INFO] [net.mcreator.tloa.TloaMod/]: Can Stamina:true
[08Mar2025 17:22:31.286] [Render thread/INFO] [net.mcreator.tloa.TloaMod/]: Max Stamina50.0
[08Mar2025 17:22:31.327] [Server thread/INFO] [net.mcreator.tloa.TloaMod/]: Current Stamina:40.4
[08Mar2025 17:22:31.328] [Server thread/INFO] [net.mcreator.tloa.TloaMod/]: Rounded Stamina40
[08Mar2025 17:22:31.328] [Server thread/INFO] [net.mcreator.tloa.TloaMod/]: Can Stamina:true
[08Mar2025 17:22:31.328] [Server thread/INFO] [net.mcreator.tloa.TloaMod/]: Max Stamina50.0
[08Mar2025 17:22:31.336] [Render thread/INFO] [net.mcreator.tloa.TloaMod/]: Current Stamina:40.1
[08Mar2025 17:22:31.336] [Render thread/INFO] [net.mcreator.tloa.TloaMod/]: Rounded Stamina40
[08Mar2025 17:22:31.336] [Render thread/INFO] [net.mcreator.tloa.TloaMod/]: Can Stamina:true
[08Mar2025 17:22:31.336] [Render thread/INFO] [net.mcreator.tloa.TloaMod/]: Max Stamina50.0
[08Mar2025 17:22:31.376] [Server thread/INFO] [net.mcreator.tloa.TloaMod/]: Current Stamina:40.1
[08Mar2025 17:22:31.376] [Server thread/INFO] [net.mcreator.tloa.TloaMod/]: Rounded Stamina40
[08Mar2025 17:22:31.376] [Server thread/INFO] [net.mcreator.tloa.TloaMod/]: Can Stamina:true
[08Mar2025 17:22:31.377] [Server thread/INFO] [net.mcreator.tloa.TloaMod/]: Max Stamina50.0
[08Mar2025 17:22:31.385] [Render thread/INFO] [net.mcreator.tloa.TloaMod/]: Current Stamina:39.8
[08Mar2025 17:22:31.385] [Render thread/INFO] [net.mcreator.tloa.TloaMod/]: Rounded Stamina40
[08Mar2025 17:22:31.385] [Render thread/INFO] [net.mcreator.tloa.TloaMod/]: Can Stamina:true
[08Mar2025 17:22:31.387] [Render thread/INFO] [net.mcreator.tloa.TloaMod/]: Max Stamina50.0
[08Mar2025 17:22:31.425] [Server thread/INFO] [net.mcreator.tloa.TloaMod/]: Current Stamina:39.8
[08Mar2025 17:22:31.426] [Server thread/INFO] [net.mcreator.tloa.TloaMod/]: Rounded Stamina40
[08Mar2025 17:22:31.426] [Server thread/INFO] [net.mcreator.tloa.TloaMod/]: Can Stamina:true
[08Mar2025 17:22:31.426] [Server thread/INFO] [net.mcreator.tloa.TloaMod/]: Max Stamina50.0
[08Mar2025 17:22:31.436] [Render thread/INFO] [net.mcreator.tloa.TloaMod/]: Current Stamina:39.5
[08Mar2025 17:22:31.437] [Render thread/INFO] [net.mcreator.tloa.TloaMod/]: Rounded Stamina40
[08Mar2025 17:22:31.437] [Render thread/INFO] [net.mcreator.tloa.TloaMod/]: Can Stamina:true
[08Mar2025 17:22:31.437] [Render thread/INFO] [net.mcreator.tloa.TloaMod/]: Max Stamina50.0
[08Mar2025 17:22:31.476] [Server thread/INFO] [net.mcreator.tloa.TloaMod/]: Current Stamina:39.5
[08Mar2025 17:22:31.476] [Server thread/INFO] [net.mcreator.tloa.TloaMod/]: Rounded Stamina40
[08Mar2025 17:22:31.476] [Server thread/INFO] [net.mcreator.tloa.TloaMod/]: Can Stamina:true
[08Mar2025 17:22:31.476] [Server thread/INFO] [net.mcreator.tloa.TloaMod/]: Max Stamina50.0
[08Mar2025 17:22:31.485] [Render thread/INFO] [net.mcreator.tloa.TloaMod/]: Current Stamina:39.2
[08Mar2025 17:22:31.486] [Render thread/INFO] [net.mcreator.tloa.TloaMod/]: Rounded Stamina39
[08Mar2025 17:22:31.486] [Render thread/INFO] [net.mcreator.tloa.TloaMod/]: Can Stamina:true
[08Mar2025 17:22:31.486] [Render thread/INFO] [net.mcreator.tloa.TloaMod/]: Max Stamina50.0
[08Mar2025 17:22:31.523] [Server thread/INFO] [net.mcreator.tloa.TloaMod/]: Current Stamina:39.2
[08Mar2025 17:22:31.524] [Server thread/INFO] [net.mcreator.tloa.TloaMod/]: Rounded Stamina39
[08Mar2025 17:22:31.524] [Server thread/INFO] [net.mcreator.tloa.TloaMod/]: Can Stamina:true
[08Mar2025 17:22:31.524] [Server thread/INFO] [net.mcreator.tloa.TloaMod/]: Max Stamina50.0
[08Mar2025 17:22:31.538] [Render thread/INFO] [net.mcreator.tloa.TloaMod/]: Current Stamina:38.9
[08Mar2025 17:22:31.538] [Render thread/INFO] [net.mcreator.tloa.TloaMod/]: Rounded Stamina39
[08Mar2025 17:22:31.538] [Render thread/INFO] [net.mcreator.tloa.TloaMod/]: Can Stamina:true
[08Mar2025 17:22:31.538] [Render thread/INFO] [net.mcreator.tloa.TloaMod/]: Max Stamina50.0
[08Mar2025 17:22:31.576] [Server thread/INFO] [net.mcreator.tloa.TloaMod/]: Current Stamina:38.9
[08Mar2025 17:22:31.576] [Server thread/INFO] [net.mcreator.tloa.TloaMod/]: Rounded Stamina39
[08Mar2025 17:22:31.576] [Server thread/INFO] [net.mcreator.tloa.TloaMod/]: Can Stamina:true
[08Mar2025 17:22:31.576] [Server thread/INFO] [net.mcreator.tloa.TloaMod/]: Max Stamina50.0
[08Mar2025 17:22:31.585] [Render thread/INFO] [net.mcreator.tloa.TloaMod/]: Current Stamina:38.6
[08Mar2025 17:22:31.585] [Render thread/INFO] [net.mcreator.tloa.TloaMod/]: Rounded Stamina39
[08Mar2025 17:22:31.585] [Render thread/INFO] [net.mcreator.tloa.TloaMod/]: Can Stamina:true
[08Mar2025 17:22:31.585] [Render thread/INFO] [net.mcreator.tloa.TloaMod/]: Max Stamina50.0
[08Mar2025 17:22:31.629] [Server thread/INFO] [net.mcreator.tloa.TloaMod/]: Current Stamina:38.6
[08Mar2025 17:22:31.629] [Server thread/INFO] [net.mcreator.tloa.TloaMod/]: Rounded Stamina39
[08Mar2025 17:22:31.629] [Server thread/INFO] [net.mcreator.tloa.TloaMod/]: Can Stamina:true
[08Mar2025 17:22:31.629] [Server thread/INFO] [net.mcreator.tloa.TloaMod/]: Max Stamina50.0
[08Mar2025 17:22:31.636] [Render thread/INFO] [net.mcreator.tloa.TloaMod/]: Current Stamina:38.3
[08Mar2025 17:22:31.636] [Render thread/INFO] [net.mcreator.tloa.TloaMod/]: Rounded Stamina38
[08Mar2025 17:22:31.636] [Render thread/INFO] [net.mcreator.tloa.TloaMod/]: Can Stamina:true
[08Mar2025 17:22:31.637] [Render thread/INFO] [net.mcreator.tloa.TloaMod/]: Max Stamina50.0
[08Mar2025 17:22:31.676] [Server thread/INFO] [net.mcreator.tloa.TloaMod/]: Current Stamina:38.3
[08Mar2025 17:22:31.676] [Server thread/INFO] [net.mcreator.tloa.TloaMod/]: Rounded Stamina38
[08Mar2025 17:22:31.676] [Server thread/INFO] [net.mcreator.tloa.TloaMod/]: Can Stamina:true
[08Mar2025 17:22:31.676] [Server thread/INFO] [net.mcreator.tloa.TloaMod/]: Max Stamina50.0
[08Mar2025 17:22:31.685] [Render thread/INFO] [net.mcreator.tloa.TloaMod/]: Current Stamina:38
[08Mar2025 17:22:31.685] [Render thread/INFO] [net.mcreator.tloa.TloaMod/]: Rounded Stamina38
[08Mar2025 17:22:31.685] [Render thread/INFO] [net.mcreator.tloa.TloaMod/]: Can Stamina:true
[08Mar2025 17:22:31.686] [Render thread/INFO] [net.mcreator.tloa.TloaMod/]: Max Stamina50.0
[08Mar2025 17:22:31.724] [Server thread/INFO] [net.mcreator.tloa.TloaMod/]: Current Stamina:38
[08Mar2025 17:22:31.724] [Server thread/INFO] [net.mcreator.tloa.TloaMod/]: Rounded Stamina38
[08Mar2025 17:22:31.724] [Server thread/INFO] [net.mcreator.tloa.TloaMod/]: Can Stamina:true
[08Mar2025 17:22:31.724] [Server thread/INFO] [net.mcreator.tloa.TloaMod/]: Max Stamina50.0
[08Mar2025 17:22:31.735] [Render thread/INFO] [net.mcreator.tloa.TloaMod/]: Current Stamina:37.7
[08Mar2025 17:22:31.735] [Render thread/INFO] [net.mcreator.tloa.TloaMod/]: Rounded Stamina38
[08Mar2025 17:22:31.735] [Render thread/INFO] [net.mcreator.tloa.TloaMod/]: Can Stamina:true
[08Mar2025 17:22:31.735] [Render thread/INFO] [net.mcreator.tloa.TloaMod/]: Max Stamina50.0
[08Mar2025 17:22:31.774] [Server thread/INFO] [net.mcreator.tloa.TloaMod/]: Current Stamina:37.7
[08Mar2025 17:22:31.774] [Server thread/INFO] [net.mcreator.tloa.TloaMod/]: Rounded Stamina38
[08Mar2025 17:22:31.774] [Server thread/INFO] [net.mcreator.tloa.TloaMod/]: Can Stamina:true
[08Mar2025 17:22:31.774] [Server thread/INFO] [net.mcreator.tloa.TloaMod/]: Max Stamina50.0
[08Mar2025 17:22:31.785] [Render thread/INFO] [net.mcreator.tloa.TloaMod/]: Current Stamina:37.4
[08Mar2025 17:22:31.786] [Render thread/INFO] [net.mcreator.tloa.TloaMod/]: Rounded Stamina37
[08Mar2025 17:22:31.786] [Render thread/INFO] [net.mcreator.tloa.TloaMod/]: Can Stamina:true
[08Mar2025 17:22:31.786] [Render thread/INFO] [net.mcreator.tloa.TloaMod/]: Max Stamina50.0
[08Mar2025 17:22:31.823] [Server thread/INFO] [net.mcreator.tloa.TloaMod/]: Current Stamina:37.4
[08Mar2025 17:22:31.824] [Server thread/INFO] [net.mcreator.tloa.TloaMod/]: Rounded Stamina37
[08Mar2025 17:22:31.824] [Server thread/INFO] [net.mcreator.tloa.TloaMod/]: Can Stamina:true
[08Mar2025 17:22:31.824] [Server thread/INFO] [net.mcreator.tloa.TloaMod/]: Max Stamina50.0
[08Mar2025 17:22:31.836] [Render thread/INFO] [net.mcreator.tloa.TloaMod/]: Current Stamina:37.1
[08Mar2025 17:22:31.836] [Render thread/INFO] [net.mcreator.tloa.TloaMod/]: Rounded Stamina37
[08Mar2025 17:22:31.836] [Render thread/INFO] [net.mcreator.tloa.TloaMod/]: Can Stamina:true
[08Mar2025 17:22:31.836] [Render thread/INFO] [net.mcreator.tloa.TloaMod/]: Max Stamina50.0
[08Mar2025 17:22:31.872] [Server thread/INFO] [net.mcreator.tloa.TloaMod/]: Current Stamina:37.1
[08Mar2025 17:22:31.873] [Server thread/INFO] [net.mcreator.tloa.TloaMod/]: Rounded Stamina37
[08Mar2025 17:22:31.873] [Server thread/INFO] [net.mcreator.tloa.TloaMod/]: Can Stamina:true
[08Mar2025 17:22:31.873] [Server thread/INFO] [net.mcreator.tloa.TloaMod/]: Max Stamina50.0
[08Mar2025 17:22:31.886] [Render thread/INFO] [net.mcreator.tloa.TloaMod/]: Current Stamina:36.8
[08Mar2025 17:22:31.886] [Render thread/INFO] [net.mcreator.tloa.TloaMod/]: Rounded Stamina37
[08Mar2025 17:22:31.886] [Render thread/INFO] [net.mcreator.tloa.TloaMod/]: Can Stamina:true
[08Mar2025 17:22:31.886] [Render thread/INFO] [net.mcreator.tloa.TloaMod/]: Max Stamina50.0
[08Mar2025 17:22:31.924] [Server thread/INFO] [net.mcreator.tloa.TloaMod/]: Current Stamina:36.8
[08Mar2025 17:22:31.924] [Server thread/INFO] [net.mcreator.tloa.TloaMod/]: Rounded Stamina37
[08Mar2025 17:22:31.924] [Server thread/INFO] [net.mcreator.tloa.TloaMod/]: Can Stamina:true
[08Mar2025 17:22:31.924] [Server thread/INFO] [net.mcreator.tloa.TloaMod/]: Max Stamina50.0
[08Mar2025 17:22:31.935] [Render thread/INFO] [net.mcreator.tloa.TloaMod/]: Current Stamina:36.5
[08Mar2025 17:22:31.936] [Render thread/INFO] [net.mcreator.tloa.TloaMod/]: Rounded Stamina37
[08Mar2025 17:22:31.936] [Render thread/INFO] [net.mcreator.tloa.TloaMod/]: Can Stamina:true
[08Mar2025 17:22:31.936] [Render thread/INFO] [net.mcreator.tloa.TloaMod/]: Max Stamina50.0
[08Mar2025 17:22:31.975] [Server thread/INFO] [net.mcreator.tloa.TloaMod/]: Current Stamina:36.5
[08Mar2025 17:22:31.976] [Server thread/INFO] [net.mcreator.tloa.TloaMod/]: Rounded Stamina37
[08Mar2025 17:22:31.976] [Server thread/INFO] [net.mcreator.tloa.TloaMod/]: Can Stamina:true
[08Mar2025 17:22:31.976] [Server thread/INFO] [net.mcreator.tloa.TloaMod/]: Max Stamina50.0
[08Mar2025 17:22:31.986] [Render thread/INFO] [net.mcreator.tloa.TloaMod/]: Current Stamina:36.2
[08Mar2025 17:22:31.986] [Render thread/INFO] [net.mcreator.tloa.TloaMod/]: Rounded Stamina36
[08Mar2025 17:22:31.986] [Render thread/INFO] [net.mcreator.tloa.TloaMod/]: Can Stamina:true
[08Mar2025 17:22:31.986] [Render thread/INFO] [net.mcreator.tloa.TloaMod/]: Max Stamina50.0
[08Mar2025 17:22:32.026] [Server thread/INFO] [net.mcreator.tloa.TloaMod/]: Current Stamina:36.2
[08Mar2025 17:22:32.026] [Server thread/INFO] [net.mcreator.tloa.TloaMod/]: Rounded Stamina36
[08Mar2025 17:22:32.026] [Server thread/INFO] [net.mcreator.tloa.TloaMod/]: Can Stamina:true
[08Mar2025 17:22:32.026] [Server thread/INFO] [net.mcreator.tloa.TloaMod/]: Max Stamina50.0
[08Mar2025 17:22:32.035] [Render thread/INFO] [net.mcreator.tloa.TloaMod/]: Current Stamina:35.9
[08Mar2025 17:22:32.035] [Render thread/INFO] [net.mcreator.tloa.TloaMod/]: Rounded Stamina36
[08Mar2025 17:22:32.035] [Render thread/INFO] [net.mcreator.tloa.TloaMod/]: Can Stamina:true
[08Mar2025 17:22:32.035] [Render thread/INFO] [net.mcreator.tloa.TloaMod/]: Max Stamina50.0
[08Mar2025 17:22:32.074] [Server thread/INFO] [net.mcreator.tloa.TloaMod/]: Current Stamina:35.9
[08Mar2025 17:22:32.074] [Server thread/INFO] [net.mcreator.tloa.TloaMod/]: Rounded Stamina36
[08Mar2025 17:22:32.074] [Server thread/INFO] [net.mcreator.tloa.TloaMod/]: Can Stamina:true
[08Mar2025 17:22:32.074] [Server thread/INFO] [net.mcreator.tloa.TloaMod/]: Max Stamina50.0
[08Mar2025 17:22:32.086] [Render thread/INFO] [net.mcreator.tloa.TloaMod/]: Current Stamina:35.6
[08Mar2025 17:22:32.086] [Render thread/INFO] [net.mcreator.tloa.TloaMod/]: Rounded Stamina36
[08Mar2025 17:22:32.086] [Render thread/INFO] [net.mcreator.tloa.TloaMod/]: Can Stamina:true
[08Mar2025 17:22:32.086] [Render thread/INFO] [net.mcreator.tloa.TloaMod/]: Max Stamina50.0
[08Mar2025 17:22:32.125] [Server thread/INFO] [net.mcreator.tloa.TloaMod/]: Current Stamina:35.6
[08Mar2025 17:22:32.125] [Server thread/INFO] [net.mcreator.tloa.TloaMod/]: Rounded Stamina36
[08Mar2025 17:22:32.125] [Server thread/INFO] [net.mcreator.tloa.TloaMod/]: Can Stamina:true
[08Mar2025 17:22:32.125] [Server thread/INFO] [net.mcreator.tloa.TloaMod/]: Max Stamina50.0
[08Mar2025 17:22:32.136] [Render thread/INFO] [net.mcreator.tloa.TloaMod/]: Current Stamina:35.3
[08Mar2025 17:22:32.136] [Render thread/INFO] [net.mcreator.tloa.TloaMod/]: Rounded Stamina35
[08Mar2025 17:22:32.136] [Render thread/INFO] [net.mcreator.tloa.TloaMod/]: Can Stamina:true
[08Mar2025 17:22:32.136] [Render thread/INFO] [net.mcreator.tloa.TloaMod/]: Max Stamina50.0
[08Mar2025 17:22:32.176] [Server thread/INFO] [net.mcreator.tloa.TloaMod/]: Current Stamina:35.3
[08Mar2025 17:22:32.176] [Server thread/INFO] [net.mcreator.tloa.TloaMod/]: Rounded Stamina35
[08Mar2025 17:22:32.176] [Server thread/INFO] [net.mcreator.tloa.TloaMod/]: Can Stamina:true
[08Mar2025 17:22:32.176] [Server thread/INFO] [net.mcreator.tloa.TloaMod/]: Max Stamina50.0
[08Mar2025 17:22:32.185] [Render thread/INFO] [net.mcreator.tloa.TloaMod/]: Current Stamina:35
[08Mar2025 17:22:32.186] [Render thread/INFO] [net.mcreator.tloa.TloaMod/]: Rounded Stamina35
[08Mar2025 17:22:32.186] [Render thread/INFO] [net.mcreator.tloa.TloaMod/]: Can Stamina:true
[08Mar2025 17:22:32.186] [Render thread/INFO] [net.mcreator.tloa.TloaMod/]: Max Stamina50.0
[08Mar2025 17:22:32.230] [Server thread/INFO] [net.mcreator.tloa.TloaMod/]: Current Stamina:35
[08Mar2025 17:22:32.230] [Server thread/INFO] [net.mcreator.tloa.TloaMod/]: Rounded Stamina35
[08Mar2025 17:22:32.230] [Server thread/INFO] [net.mcreator.tloa.TloaMod/]: Can Stamina:true
[08Mar2025 17:22:32.230] [Server thread/INFO] [net.mcreator.tloa.TloaMod/]: Max Stamina50.0
[08Mar2025 17:22:32.236] [Render thread/INFO] [net.mcreator.tloa.TloaMod/]: Current Stamina:34.7
[08Mar2025 17:22:32.236] [Render thread/INFO] [net.mcreator.tloa.TloaMod/]: Rounded Stamina35
[08Mar2025 17:22:32.236] [Render thread/INFO] [net.mcreator.tloa.TloaMod/]: Can Stamina:true
[08Mar2025 17:22:32.236] [Render thread/INFO] [net.mcreator.tloa.TloaMod/]: Max Stamina50.0
[08Mar2025 17:22:32.275] [Server thread/INFO] [net.mcreator.tloa.TloaMod/]: Current Stamina:34.7
[08Mar2025 17:22:32.275] [Server thread/INFO] [net.mcreator.tloa.TloaMod/]: Rounded Stamina35
[08Mar2025 17:22:32.275] [Server thread/INFO] [net.mcreator.tloa.TloaMod/]: Can Stamina:true
[08Mar2025 17:22:32.275] [Server thread/INFO] [net.mcreator.tloa.TloaMod/]: Max Stamina50.0
[08Mar2025 17:22:32.286] [Render thread/INFO] [net.mcreator.tloa.TloaMod/]: Current Stamina:34.4
[08Mar2025 17:22:32.286] [Render thread/INFO] [net.mcreator.tloa.TloaMod/]: Rounded Stamina34
[08Mar2025 17:22:32.286] [Render thread/INFO] [net.mcreator.tloa.TloaMod/]: Can Stamina:true
[08Mar2025 17:22:32.286] [Render thread/INFO] [net.mcreator.tloa.TloaMod/]: Max Stamina50.0
[08Mar2025 17:22:32.326] [Server thread/INFO] [net.mcreator.tloa.TloaMod/]: Current Stamina:34.4
[08Mar2025 17:22:32.326] [Server thread/INFO] [net.mcreator.tloa.TloaMod/]: Rounded Stamina34
[08Mar2025 17:22:32.326] [Server thread/INFO] [net.mcreator.tloa.TloaMod/]: Can Stamina:true
[08Mar2025 17:22:32.326] [Server thread/INFO] [net.mcreator.tloa.TloaMod/]: Max Stamina50.0
[08Mar2025 17:22:32.336] [Render thread/INFO] [net.mcreator.tloa.TloaMod/]: Current Stamina:34.1
[08Mar2025 17:22:32.336] [Render thread/INFO] [net.mcreator.tloa.TloaMod/]: Rounded Stamina34
[08Mar2025 17:22:32.336] [Render thread/INFO] [net.mcreator.tloa.TloaMod/]: Can Stamina:true
[08Mar2025 17:22:32.336] [Render thread/INFO] [net.mcreator.tloa.TloaMod/]: Max Stamina50.0
[08Mar2025 17:22:32.375] [Server thread/INFO] [net.mcreator.tloa.TloaMod/]: Current Stamina:34.1
[08Mar2025 17:22:32.375] [Server thread/INFO] [net.mcreator.tloa.TloaMod/]: Rounded Stamina34
[08Mar2025 17:22:32.375] [Server thread/INFO] [net.mcreator.tloa.TloaMod/]: Can Stamina:true
[08Mar2025 17:22:32.376] [Server thread/INFO] [net.mcreator.tloa.TloaMod/]: Max Stamina50.0
[08Mar2025 17:22:32.386] [Render thread/INFO] [net.mcreator.tloa.TloaMod/]: Current Stamina:33.8
[08Mar2025 17:22:32.386] [Render thread/INFO] [net.mcreator.tloa.TloaMod/]: Rounded Stamina34
[08Mar2025 17:22:32.386] [Render thread/INFO] [net.mcreator.tloa.TloaMod/]: Can Stamina:true
[08Mar2025 17:22:32.386] [Render thread/INFO] [net.mcreator.tloa.TloaMod/]: Max Stamina50.0
[08Mar2025 17:22:32.427] [Server thread/INFO] [net.mcreator.tloa.TloaMod/]: Current Stamina:33.8
[08Mar2025 17:22:32.427] [Server thread/INFO] [net.mcreator.tloa.TloaMod/]: Rounded Stamina34
[08Mar2025 17:22:32.427] [Server thread/INFO] [net.mcreator.tloa.TloaMod/]: Can Stamina:true
[08Mar2025 17:22:32.427] [Server thread/INFO] [net.mcreator.tloa.TloaMod/]: Max Stamina50.0
[08Mar2025 17:22:32.436] [Render thread/INFO] [net.mcreator.tloa.TloaMod/]: Current Stamina:33.5
[08Mar2025 17:22:32.436] [Render thread/INFO] [net.mcreator.tloa.TloaMod/]: Rounded Stamina34
[08Mar2025 17:22:32.436] [Render thread/INFO] [net.mcreator.tloa.TloaMod/]: Can Stamina:true
[08Mar2025 17:22:32.437] [Render thread/INFO] [net.mcreator.tloa.TloaMod/]: Max Stamina50.0
[08Mar2025 17:22:32.474] [Server thread/INFO] [net.mcreator.tloa.TloaMod/]: Current Stamina:33.5
[08Mar2025 17:22:32.474] [Server thread/INFO] [net.mcreator.tloa.TloaMod/]: Rounded Stamina34
[08Mar2025 17:22:32.475] [Server thread/INFO] [net.mcreator.tloa.TloaMod/]: Can Stamina:true
[08Mar2025 17:22:32.475] [Server thread/INFO] [net.mcreator.tloa.TloaMod/]: Max Stamina50.0
[08Mar2025 17:22:32.486] [Render thread/INFO] [net.mcreator.tloa.TloaMod/]: Current Stamina:33.2
[08Mar2025 17:22:32.486] [Render thread/INFO] [net.mcreator.tloa.TloaMod/]: Rounded Stamina33
[08Mar2025 17:22:32.486] [Render thread/INFO] [net.mcreator.tloa.TloaMod/]: Can Stamina:true
[08Mar2025 17:22:32.486] [Render thread/INFO] [net.mcreator.tloa.TloaMod/]: Max Stamina50.0
[08Mar2025 17:22:32.531] [Server thread/INFO] [net.mcreator.tloa.TloaMod/]: Current Stamina:33.2
[08Mar2025 17:22:32.531] [Server thread/INFO] [net.mcreator.tloa.TloaMod/]: Rounded Stamina33
[08Mar2025 17:22:32.531] [Server thread/INFO] [net.mcreator.tloa.TloaMod/]: Can Stamina:true
[08Mar2025 17:22:32.531] [Server thread/INFO] [net.mcreator.tloa.TloaMod/]: Max Stamina50.0
[08Mar2025 17:22:32.535] [Render thread/INFO] [net.mcreator.tloa.TloaMod/]: Current Stamina:32.9
[08Mar2025 17:22:32.535] [Render thread/INFO] [net.mcreator.tloa.TloaMod/]: Rounded Stamina33
[08Mar2025 17:22:32.535] [Render thread/INFO] [net.mcreator.tloa.TloaMod/]: Can Stamina:true
[08Mar2025 17:22:32.535] [Render thread/INFO] [net.mcreator.tloa.TloaMod/]: Max Stamina50.0
[08Mar2025 17:22:32.575] [Server thread/INFO] [net.mcreator.tloa.TloaMod/]: Current Stamina:32.9
[08Mar2025 17:22:32.576] [Server thread/INFO] [net.mcreator.tloa.TloaMod/]: Rounded Stamina33
[08Mar2025 17:22:32.576] [Server thread/INFO] [net.mcreator.tloa.TloaMod/]: Can Stamina:true
[08Mar2025 17:22:32.576] [Server thread/INFO] [net.mcreator.tloa.TloaMod/]: Max Stamina50.0
[08Mar2025 17:22:32.586] [Render thread/INFO] [net.mcreator.tloa.TloaMod/]: Current Stamina:32.6
[08Mar2025 17:22:32.586] [Render thread/INFO] [net.mcreator.tloa.TloaMod/]: Rounded Stamina33
[08Mar2025 17:22:32.586] [Render thread/INFO] [net.mcreator.tloa.TloaMod/]: Can Stamina:true
[08Mar2025 17:22:32.586] [Render thread/INFO] [net.mcreator.tloa.TloaMod/]: Max Stamina50.0
[08Mar2025 17:22:32.627] [Server thread/INFO] [net.mcreator.tloa.TloaMod/]: Current Stamina:32.6
[08Mar2025 17:22:32.627] [Server thread/INFO] [net.mcreator.tloa.TloaMod/]: Rounded Stamina33
[08Mar2025 17:22:32.627] [Server thread/INFO] [net.mcreator.tloa.TloaMod/]: Can Stamina:true
[08Mar2025 17:22:32.627] [Server thread/INFO] [net.mcreator.tloa.TloaMod/]: Max Stamina50.0
[08Mar2025 17:22:32.636] [Render thread/INFO] [net.mcreator.tloa.TloaMod/]: Current Stamina:32.3
[08Mar2025 17:22:32.636] [Render thread/INFO] [net.mcreator.tloa.TloaMod/]: Rounded Stamina32
[08Mar2025 17:22:32.637] [Render thread/INFO] [net.mcreator.tloa.TloaMod/]: Can Stamina:true
[08Mar2025 17:22:32.637] [Render thread/INFO] [net.mcreator.tloa.TloaMod/]: Max Stamina50.0
[08Mar2025 17:22:32.675] [Server thread/INFO] [net.mcreator.tloa.TloaMod/]: Current Stamina:32.3
[08Mar2025 17:22:32.675] [Server thread/INFO] [net.mcreator.tloa.TloaMod/]: Rounded Stamina32
[08Mar2025 17:22:32.675] [Server thread/INFO] [net.mcreator.tloa.TloaMod/]: Can Stamina:true
[08Mar2025 17:22:32.675] [Server thread/INFO] [net.mcreator.tloa.TloaMod/]: Max Stamina50.0
[08Mar2025 17:22:32.685] [Render thread/INFO] [net.mcreator.tloa.TloaMod/]: Current Stamina:32
[08Mar2025 17:22:32.685] [Render thread/INFO] [net.mcreator.tloa.TloaMod/]: Rounded Stamina32
[08Mar2025 17:22:32.685] [Render thread/INFO] [net.mcreator.tloa.TloaMod/]: Can Stamina:true
[08Mar2025 17:22:32.686] [Render thread/INFO] [net.mcreator.tloa.TloaMod/]: Max Stamina50.0
[08Mar2025 17:22:32.724] [Server thread/INFO] [net.mcreator.tloa.TloaMod/]: Current Stamina:32
[08Mar2025 17:22:32.724] [Server thread/INFO] [net.mcreator.tloa.TloaMod/]: Rounded Stamina32
[08Mar2025 17:22:32.724] [Server thread/INFO] [net.mcreator.tloa.TloaMod/]: Can Stamina:true
[08Mar2025 17:22:32.724] [Server thread/INFO] [net.mcreator.tloa.TloaMod/]: Max Stamina50.0
[08Mar2025 17:22:32.734] [Render thread/INFO] [net.mcreator.tloa.TloaMod/]: Current Stamina:31.7
[08Mar2025 17:22:32.736] [Render thread/INFO] [net.mcreator.tloa.TloaMod/]: Rounded Stamina32
[08Mar2025 17:22:32.736] [Render thread/INFO] [net.mcreator.tloa.TloaMod/]: Can Stamina:true
[08Mar2025 17:22:32.736] [Render thread/INFO] [net.mcreator.tloa.TloaMod/]: Max Stamina50.0
[08Mar2025 17:22:32.775] [Server thread/INFO] [net.mcreator.tloa.TloaMod/]: Current Stamina:31.7
[08Mar2025 17:22:32.776] [Server thread/INFO] [net.mcreator.tloa.TloaMod/]: Rounded Stamina32
[08Mar2025 17:22:32.776] [Server thread/INFO] [net.mcreator.tloa.TloaMod/]: Can Stamina:true
[08Mar2025 17:22:32.776] [Server thread/INFO] [net.mcreator.tloa.TloaMod/]: Max Stamina50.0
[08Mar2025 17:22:32.785] [Render thread/INFO] [net.mcreator.tloa.TloaMod/]: Current Stamina:31.4
[08Mar2025 17:22:32.786] [Render thread/INFO] [net.mcreator.tloa.TloaMod/]: Rounded Stamina31
[08Mar2025 17:22:32.786] [Render thread/INFO] [net.mcreator.tloa.TloaMod/]: Can Stamina:true
[08Mar2025 17:22:32.786] [Render thread/INFO] [net.mcreator.tloa.TloaMod/]: Max Stamina50.0
[08Mar2025 17:22:32.828] [Server thread/INFO] [net.mcreator.tloa.TloaMod/]: Current Stamina:31.4
[08Mar2025 17:22:32.828] [Server thread/INFO] [net.mcreator.tloa.TloaMod/]: Rounded Stamina31
[08Mar2025 17:22:32.828] [Server thread/INFO] [net.mcreator.tloa.TloaMod/]: Can Stamina:true
[08Mar2025 17:22:32.828] [Server thread/INFO] [net.mcreator.tloa.TloaMod/]: Max Stamina50.0
[08Mar2025 17:22:32.836] [Render thread/INFO] [net.mcreator.tloa.TloaMod/]: Current Stamina:31.1
[08Mar2025 17:22:32.836] [Render thread/INFO] [net.mcreator.tloa.TloaMod/]: Rounded Stamina31
[08Mar2025 17:22:32.836] [Render thread/INFO] [net.mcreator.tloa.TloaMod/]: Can Stamina:true
[08Mar2025 17:22:32.836] [Render thread/INFO] [net.mcreator.tloa.TloaMod/]: Max Stamina50.0
[08Mar2025 17:22:32.874] [Server thread/INFO] [net.mcreator.tloa.TloaMod/]: Current Stamina:31.1
[08Mar2025 17:22:32.875] [Server thread/INFO] [net.mcreator.tloa.TloaMod/]: Rounded Stamina31
[08Mar2025 17:22:32.875] [Server thread/INFO] [net.mcreator.tloa.TloaMod/]: Can Stamina:true
[08Mar2025 17:22:32.875] [Server thread/INFO] [net.mcreator.tloa.TloaMod/]: Max Stamina50.0
[08Mar2025 17:22:32.886] [Render thread/INFO] [net.mcreator.tloa.TloaMod/]: Current Stamina:30.8
[08Mar2025 17:22:32.887] [Render thread/INFO] [net.mcreator.tloa.TloaMod/]: Rounded Stamina31
[08Mar2025 17:22:32.887] [Render thread/INFO] [net.mcreator.tloa.TloaMod/]: Can Stamina:true
[08Mar2025 17:22:32.887] [Render thread/INFO] [net.mcreator.tloa.TloaMod/]: Max Stamina50.0
[08Mar2025 17:22:32.926] [Server thread/INFO] [net.mcreator.tloa.TloaMod/]: Current Stamina:30.8
[08Mar2025 17:22:32.926] [Server thread/INFO] [net.mcreator.tloa.TloaMod/]: Rounded Stamina31
[08Mar2025 17:22:32.926] [Server thread/INFO] [net.mcreator.tloa.TloaMod/]: Can Stamina:true
[08Mar2025 17:22:32.926] [Server thread/INFO] [net.mcreator.tloa.TloaMod/]: Max Stamina50.0
[08Mar2025 17:22:32.935] [Render thread/INFO] [net.mcreator.tloa.TloaMod/]: Current Stamina:30.5
[08Mar2025 17:22:32.936] [Render thread/INFO] [net.mcreator.tloa.TloaMod/]: Rounded Stamina31
[08Mar2025 17:22:32.936] [Render thread/INFO] [net.mcreator.tloa.TloaMod/]: Can Stamina:true
[08Mar2025 17:22:32.936] [Render thread/INFO] [net.mcreator.tloa.TloaMod/]: Max Stamina50.0
[08Mar2025 17:22:32.975] [Server thread/INFO] [net.mcreator.tloa.TloaMod/]: Current Stamina:30.5
[08Mar2025 17:22:32.975] [Server thread/INFO] [net.mcreator.tloa.TloaMod/]: Rounded Stamina31
[08Mar2025 17:22:32.975] [Server thread/INFO] [net.mcreator.tloa.TloaMod/]: Can Stamina:true
[08Mar2025 17:22:32.975] [Server thread/INFO] [net.mcreator.tloa.TloaMod/]: Max Stamina50.0
[08Mar2025 17:22:32.986] [Render thread/INFO] [net.mcreator.tloa.TloaMod/]: Current Stamina:30.2
[08Mar2025 17:22:32.986] [Render thread/INFO] [net.mcreator.tloa.TloaMod/]: Rounded Stamina30
[08Mar2025 17:22:32.986] [Render thread/INFO] [net.mcreator.tloa.TloaMod/]: Can Stamina:true
[08Mar2025 17:22:32.986] [Render thread/INFO] [net.mcreator.tloa.TloaMod/]: Max Stamina50.0
[08Mar2025 17:22:33.027] [Server thread/INFO] [net.mcreator.tloa.TloaMod/]: Current Stamina:30.2
[08Mar2025 17:22:33.027] [Server thread/INFO] [net.mcreator.tloa.TloaMod/]: Rounded Stamina30
[08Mar2025 17:22:33.027] [Server thread/INFO] [net.mcreator.tloa.TloaMod/]: Can Stamina:true
[08Mar2025 17:22:33.027] [Server thread/INFO] [net.mcreator.tloa.TloaMod/]: Max Stamina50.0
[08Mar2025 17:22:33.035] [Render thread/INFO] [net.mcreator.tloa.TloaMod/]: Current Stamina:29.9
[08Mar2025 17:22:33.037] [Render thread/INFO] [net.mcreator.tloa.TloaMod/]: Rounded Stamina30
[08Mar2025 17:22:33.037] [Render thread/INFO] [net.mcreator.tloa.TloaMod/]: Can Stamina:true
[08Mar2025 17:22:33.037] [Render thread/INFO] [net.mcreator.tloa.TloaMod/]: Max Stamina50.0
[08Mar2025 17:22:33.076] [Server thread/INFO] [net.mcreator.tloa.TloaMod/]: Current Stamina:29.9
[08Mar2025 17:22:33.076] [Server thread/INFO] [net.mcreator.tloa.TloaMod/]: Rounded Stamina30
[08Mar2025 17:22:33.076] [Server thread/INFO] [net.mcreator.tloa.TloaMod/]: Can Stamina:true
[08Mar2025 17:22:33.076] [Server thread/INFO] [net.mcreator.tloa.TloaMod/]: Max Stamina50.0
[08Mar2025 17:22:33.086] [Render thread/INFO] [net.mcreator.tloa.TloaMod/]: Current Stamina:29.6
[08Mar2025 17:22:33.086] [Render thread/INFO] [net.mcreator.tloa.TloaMod/]: Rounded Stamina30
[08Mar2025 17:22:33.086] [Render thread/INFO] [net.mcreator.tloa.TloaMod/]: Can Stamina:true
[08Mar2025 17:22:33.086] [Render thread/INFO] [net.mcreator.tloa.TloaMod/]: Max Stamina50.0
[08Mar2025 17:22:33.126] [Server thread/INFO] [net.mcreator.tloa.TloaMod/]: Current Stamina:29.6
[08Mar2025 17:22:33.126] [Server thread/INFO] [net.mcreator.tloa.TloaMod/]: Rounded Stamina30
[08Mar2025 17:22:33.126] [Server thread/INFO] [net.mcreator.tloa.TloaMod/]: Can Stamina:true
[08Mar2025 17:22:33.126] [Server thread/INFO] [net.mcreator.tloa.TloaMod/]: Max Stamina50.0
[08Mar2025 17:22:33.135] [Render thread/INFO] [net.mcreator.tloa.TloaMod/]: Current Stamina:29.3
[08Mar2025 17:22:33.135] [Render thread/INFO] [net.mcreator.tloa.TloaMod/]: Rounded Stamina29
[08Mar2025 17:22:33.135] [Render thread/INFO] [net.mcreator.tloa.TloaMod/]: Can Stamina:true
[08Mar2025 17:22:33.135] [Render thread/INFO] [net.mcreator.tloa.TloaMod/]: Max Stamina50.0
[08Mar2025 17:22:33.174] [Server thread/INFO] [net.mcreator.tloa.TloaMod/]: Current Stamina:29.3
[08Mar2025 17:22:33.174] [Server thread/INFO] [net.mcreator.tloa.TloaMod/]: Rounded Stamina29
[08Mar2025 17:22:33.174] [Server thread/INFO] [net.mcreator.tloa.TloaMod/]: Can Stamina:true
[08Mar2025 17:22:33.174] [Server thread/INFO] [net.mcreator.tloa.TloaMod/]: Max Stamina50.0
[08Mar2025 17:22:33.185] [Render thread/INFO] [net.mcreator.tloa.TloaMod/]: Current Stamina:29
[08Mar2025 17:22:33.186] [Render thread/INFO] [net.mcreator.tloa.TloaMod/]: Rounded Stamina29
[08Mar2025 17:22:33.186] [Render thread/INFO] [net.mcreator.tloa.TloaMod/]: Can Stamina:true
[08Mar2025 17:22:33.186] [Render thread/INFO] [net.mcreator.tloa.TloaMod/]: Max Stamina50.0
[08Mar2025 17:22:33.226] [Server thread/INFO] [net.mcreator.tloa.TloaMod/]: Current Stamina:29
[08Mar2025 17:22:33.226] [Server thread/INFO] [net.mcreator.tloa.TloaMod/]: Rounded Stamina29
[08Mar2025 17:22:33.226] [Server thread/INFO] [net.mcreator.tloa.TloaMod/]: Can Stamina:true
[08Mar2025 17:22:33.226] [Server thread/INFO] [net.mcreator.tloa.TloaMod/]: Max Stamina50.0
[08Mar2025 17:22:33.235] [Render thread/INFO] [net.mcreator.tloa.TloaMod/]: Current Stamina:28.7
[08Mar2025 17:22:33.235] [Render thread/INFO] [net.mcreator.tloa.TloaMod/]: Rounded Stamina29
[08Mar2025 17:22:33.235] [Render thread/INFO] [net.mcreator.tloa.TloaMod/]: Can Stamina:true
[08Mar2025 17:22:33.235] [Render thread/INFO] [net.mcreator.tloa.TloaMod/]: Max Stamina50.0
[08Mar2025 17:22:33.275] [Server thread/INFO] [net.mcreator.tloa.TloaMod/]: Current Stamina:28.7
[08Mar2025 17:22:33.275] [Server thread/INFO] [net.mcreator.tloa.TloaMod/]: Rounded Stamina29
[08Mar2025 17:22:33.275] [Server thread/INFO] [net.mcreator.tloa.TloaMod/]: Can Stamina:true
[08Mar2025 17:22:33.275] [Server thread/INFO] [net.mcreator.tloa.TloaMod/]: Max Stamina50.0
[08Mar2025 17:22:33.286] [Render thread/INFO] [net.mcreator.tloa.TloaMod/]: Current Stamina:28.4
[08Mar2025 17:22:33.286] [Render thread/INFO] [net.mcreator.tloa.TloaMod/]: Rounded Stamina28
[08Mar2025 17:22:33.286] [Render thread/INFO] [net.mcreator.tloa.TloaMod/]: Can Stamina:true
[08Mar2025 17:22:33.286] [Render thread/INFO] [net.mcreator.tloa.TloaMod/]: Max Stamina50.0
[08Mar2025 17:22:33.326] [Server thread/INFO] [net.mcreator.tloa.TloaMod/]: Current Stamina:28.4
[08Mar2025 17:22:33.326] [Server thread/INFO] [net.mcreator.tloa.TloaMod/]: Rounded Stamina28
[08Mar2025 17:22:33.326] [Server thread/INFO] [net.mcreator.tloa.TloaMod/]: Can Stamina:true
[08Mar2025 17:22:33.326] [Server thread/INFO] [net.mcreator.tloa.TloaMod/]: Max Stamina50.0
[08Mar2025 17:22:33.336] [Render thread/INFO] [net.mcreator.tloa.TloaMod/]: Current Stamina:28.1
[08Mar2025 17:22:33.336] [Render thread/INFO] [net.mcreator.tloa.TloaMod/]: Rounded Stamina28
[08Mar2025 17:22:33.336] [Render thread/INFO] [net.mcreator.tloa.TloaMod/]: Can Stamina:true
[08Mar2025 17:22:33.336] [Render thread/INFO] [net.mcreator.tloa.TloaMod/]: Max Stamina50.0
[08Mar2025 17:22:33.377] [Server thread/INFO] [net.mcreator.tloa.TloaMod/]: Current Stamina:28.1
[08Mar2025 17:22:33.377] [Server thread/INFO] [net.mcreator.tloa.TloaMod/]: Rounded Stamina28
[08Mar2025 17:22:33.377] [Server thread/INFO] [net.mcreator.tloa.TloaMod/]: Can Stamina:true
[08Mar2025 17:22:33.377] [Server thread/INFO] [net.mcreator.tloa.TloaMod/]: Max Stamina50.0
[08Mar2025 17:22:33.386] [Render thread/INFO] [net.mcreator.tloa.TloaMod/]: Current Stamina:27.8
[08Mar2025 17:22:33.386] [Render thread/INFO] [net.mcreator.tloa.TloaMod/]: Rounded Stamina28
[08Mar2025 17:22:33.386] [Render thread/INFO] [net.mcreator.tloa.TloaMod/]: Can Stamina:true
[08Mar2025 17:22:33.386] [Render thread/INFO] [net.mcreator.tloa.TloaMod/]: Max Stamina50.0
[08Mar2025 17:22:33.428] [Server thread/INFO] [net.mcreator.tloa.TloaMod/]: Current Stamina:27.8
[08Mar2025 17:22:33.428] [Server thread/INFO] [net.mcreator.tloa.TloaMod/]: Rounded Stamina28
[08Mar2025 17:22:33.428] [Server thread/INFO] [net.mcreator.tloa.TloaMod/]: Can Stamina:true
[08Mar2025 17:22:33.428] [Server thread/INFO] [net.mcreator.tloa.TloaMod/]: Max Stamina50.0
[08Mar2025 17:22:33.435] [Render thread/INFO] [net.mcreator.tloa.TloaMod/]: Current Stamina:27.5
[08Mar2025 17:22:33.436] [Render thread/INFO] [net.mcreator.tloa.TloaMod/]: Rounded Stamina28
[08Mar2025 17:22:33.436] [Render thread/INFO] [net.mcreator.tloa.TloaMod/]: Can Stamina:true
[08Mar2025 17:22:33.436] [Render thread/INFO] [net.mcreator.tloa.TloaMod/]: Max Stamina50.0
[08Mar2025 17:22:33.476] [Server thread/INFO] [net.mcreator.tloa.TloaMod/]: Current Stamina:27.5
[08Mar2025 17:22:33.477] [Server thread/INFO] [net.mcreator.tloa.TloaMod/]: Rounded Stamina28
[08Mar2025 17:22:33.477] [Server thread/INFO] [net.mcreator.tloa.TloaMod/]: Can Stamina:true
[08Mar2025 17:22:33.477] [Server thread/INFO] [net.mcreator.tloa.TloaMod/]: Max Stamina50.0
[08Mar2025 17:22:33.485] [Render thread/INFO] [net.mcreator.tloa.TloaMod/]: Current Stamina:27.2
[08Mar2025 17:22:33.486] [Render thread/INFO] [net.mcreator.tloa.TloaMod/]: Rounded Stamina27
[08Mar2025 17:22:33.486] [Render thread/INFO] [net.mcreator.tloa.TloaMod/]: Can Stamina:true
[08Mar2025 17:22:33.486] [Render thread/INFO] [net.mcreator.tloa.TloaMod/]: Max Stamina50.0
[08Mar2025 17:22:33.526] [Server thread/INFO] [net.mcreator.tloa.TloaMod/]: Current Stamina:27.2
[08Mar2025 17:22:33.526] [Server thread/INFO] [net.mcreator.tloa.TloaMod/]: Rounded Stamina27
[08Mar2025 17:22:33.526] [Server thread/INFO] [net.mcreator.tloa.TloaMod/]: Can Stamina:true
[08Mar2025 17:22:33.527] [Server thread/INFO] [net.mcreator.tloa.TloaMod/]: Max Stamina50.0
[08Mar2025 17:22:33.536] [Render thread/INFO] [net.mcreator.tloa.TloaMod/]: Current Stamina:26.9
[08Mar2025 17:22:33.537] [Render thread/INFO] [net.mcreator.tloa.TloaMod/]: Rounded Stamina27
[08Mar2025 17:22:33.537] [Render thread/INFO] [net.mcreator.tloa.TloaMod/]: Can Stamina:true
[08Mar2025 17:22:33.537] [Render thread/INFO] [net.mcreator.tloa.TloaMod/]: Max Stamina50.0
[08Mar2025 17:22:33.577] [Server thread/INFO] [net.mcreator.tloa.TloaMod/]: Current Stamina:26.9
[08Mar2025 17:22:33.577] [Server thread/INFO] [net.mcreator.tloa.TloaMod/]: Rounded Stamina27
[08Mar2025 17:22:33.577] [Server thread/INFO] [net.mcreator.tloa.TloaMod/]: Can Stamina:true
[08Mar2025 17:22:33.577] [Server thread/INFO] [net.mcreator.tloa.TloaMod/]: Max Stamina50.0
[08Mar2025 17:22:33.587] [Render thread/INFO] [net.mcreator.tloa.TloaMod/]: Current Stamina:26.6
[08Mar2025 17:22:33.587] [Render thread/INFO] [net.mcreator.tloa.TloaMod/]: Rounded Stamina27
[08Mar2025 17:22:33.587] [Render thread/INFO] [net.mcreator.tloa.TloaMod/]: Can Stamina:true
[08Mar2025 17:22:33.587] [Render thread/INFO] [net.mcreator.tloa.TloaMod/]: Max Stamina50.0
[08Mar2025 17:22:33.628] [Server thread/INFO] [net.mcreator.tloa.TloaMod/]: Current Stamina:26.6
[08Mar2025 17:22:33.628] [Server thread/INFO] [net.mcreator.tloa.TloaMod/]: Rounded Stamina27
[08Mar2025 17:22:33.628] [Server thread/INFO] [net.mcreator.tloa.TloaMod/]: Can Stamina:true
[08Mar2025 17:22:33.628] [Server thread/INFO] [net.mcreator.tloa.TloaMod/]: Max Stamina50.0
[08Mar2025 17:22:33.636] [Render thread/INFO] [net.mcreator.tloa.TloaMod/]: Current Stamina:26.3
[08Mar2025 17:22:33.636] [Render thread/INFO] [net.mcreator.tloa.TloaMod/]: Rounded Stamina26
[08Mar2025 17:22:33.636] [Render thread/INFO] [net.mcreator.tloa.TloaMod/]: Can Stamina:true
[08Mar2025 17:22:33.636] [Render thread/INFO] [net.mcreator.tloa.TloaMod/]: Max Stamina50.0
[08Mar2025 17:22:33.675] [Server thread/INFO] [net.mcreator.tloa.TloaMod/]: Current Stamina:26.3
[08Mar2025 17:22:33.676] [Server thread/INFO] [net.mcreator.tloa.TloaMod/]: Rounded Stamina26
[08Mar2025 17:22:33.676] [Server thread/INFO] [net.mcreator.tloa.TloaMod/]: Can Stamina:true
[08Mar2025 17:22:33.676] [Server thread/INFO] [net.mcreator.tloa.TloaMod/]: Max Stamina50.0
[08Mar2025 17:22:33.685] [Render thread/INFO] [net.mcreator.tloa.TloaMod/]: Current Stamina:26
[08Mar2025 17:22:33.685] [Render thread/INFO] [net.mcreator.tloa.TloaMod/]: Rounded Stamina26
[08Mar2025 17:22:33.685] [Render thread/INFO] [net.mcreator.tloa.TloaMod/]: Can Stamina:true
[08Mar2025 17:22:33.685] [Render thread/INFO] [net.mcreator.tloa.TloaMod/]: Max Stamina50.0
[08Mar2025 17:22:33.723] [Server thread/INFO] [net.mcreator.tloa.TloaMod/]: Current Stamina:26
[08Mar2025 17:22:33.724] [Server thread/INFO] [net.mcreator.tloa.TloaMod/]: Rounded Stamina26
[08Mar2025 17:22:33.724] [Server thread/INFO] [net.mcreator.tloa.TloaMod/]: Can Stamina:true
[08Mar2025 17:22:33.724] [Server thread/INFO] [net.mcreator.tloa.TloaMod/]: Max Stamina50.0
[08Mar2025 17:22:33.736] [Render thread/INFO] [net.mcreator.tloa.TloaMod/]: Current Stamina:25.7
[08Mar2025 17:22:33.736] [Render thread/INFO] [net.mcreator.tloa.TloaMod/]: Rounded Stamina26
[08Mar2025 17:22:33.736] [Render thread/INFO] [net.mcreator.tloa.TloaMod/]: Can Stamina:true
[08Mar2025 17:22:33.737] [Render thread/INFO] [net.mcreator.tloa.TloaMod/]: Max Stamina50.0
[08Mar2025 17:22:33.778] [Server thread/INFO] [net.mcreator.tloa.TloaMod/]: Current Stamina:25.7
[08Mar2025 17:22:33.778] [Server thread/INFO] [net.mcreator.tloa.TloaMod/]: Rounded Stamina26
[08Mar2025 17:22:33.778] [Server thread/INFO] [net.mcreator.tloa.TloaMod/]: Can Stamina:true
[08Mar2025 17:22:33.778] [Server thread/INFO] [net.mcreator.tloa.TloaMod/]: Max Stamina50.0
[08Mar2025 17:22:33.786] [Render thread/INFO] [net.mcreator.tloa.TloaMod/]: Current Stamina:25.4
[08Mar2025 17:22:33.786] [Render thread/INFO] [net.mcreator.tloa.TloaMod/]: Rounded Stamina25
[08Mar2025 17:22:33.786] [Render thread/INFO] [net.mcreator.tloa.TloaMod/]: Can Stamina:true
[08Mar2025 17:22:33.786] [Render thread/INFO] [net.mcreator.tloa.TloaMod/]: Max Stamina50.0
[08Mar2025 17:22:33.826] [Server thread/INFO] [net.mcreator.tloa.TloaMod/]: Current Stamina:25.4
[08Mar2025 17:22:33.826] [Server thread/INFO] [net.mcreator.tloa.TloaMod/]: Rounded Stamina25
[08Mar2025 17:22:33.826] [Server thread/INFO] [net.mcreator.tloa.TloaMod/]: Can Stamina:true
[08Mar2025 17:22:33.826] [Server thread/INFO] [net.mcreator.tloa.TloaMod/]: Max Stamina50.0
[08Mar2025 17:22:33.835] [Render thread/INFO] [net.mcreator.tloa.TloaMod/]: Current Stamina:25.1
[08Mar2025 17:22:33.836] [Render thread/INFO] [net.mcreator.tloa.TloaMod/]: Rounded Stamina25
[08Mar2025 17:22:33.836] [Render thread/INFO] [net.mcreator.tloa.TloaMod/]: Can Stamina:true
[08Mar2025 17:22:33.836] [Render thread/INFO] [net.mcreator.tloa.TloaMod/]: Max Stamina50.0
[08Mar2025 17:22:33.879] [Server thread/INFO] [net.mcreator.tloa.TloaMod/]: Current Stamina:25.1
[08Mar2025 17:22:33.879] [Server thread/INFO] [net.mcreator.tloa.TloaMod/]: Rounded Stamina25
[08Mar2025 17:22:33.879] [Server thread/INFO] [net.mcreator.tloa.TloaMod/]: Can Stamina:true
[08Mar2025 17:22:33.879] [Server thread/INFO] [net.mcreator.tloa.TloaMod/]: Max Stamina50.0
[08Mar2025 17:22:33.886] [Render thread/INFO] [net.mcreator.tloa.TloaMod/]: Current Stamina:24.8
[08Mar2025 17:22:33.886] [Render thread/INFO] [net.mcreator.tloa.TloaMod/]: Rounded Stamina25
[08Mar2025 17:22:33.886] [Render thread/INFO] [net.mcreator.tloa.TloaMod/]: Can Stamina:true
[08Mar2025 17:22:33.886] [Render thread/INFO] [net.mcreator.tloa.TloaMod/]: Max Stamina50.0
[08Mar2025 17:22:33.925] [Server thread/INFO] [net.mcreator.tloa.TloaMod/]: Current Stamina:24.8
[08Mar2025 17:22:33.925] [Server thread/INFO] [net.mcreator.tloa.TloaMod/]: Rounded Stamina25
[08Mar2025 17:22:33.925] [Server thread/INFO] [net.mcreator.tloa.TloaMod/]: Can Stamina:true
[08Mar2025 17:22:33.925] [Server thread/INFO] [net.mcreator.tloa.TloaMod/]: Max Stamina50.0
[08Mar2025 17:22:33.936] [Render thread/INFO] [net.mcreator.tloa.TloaMod/]: Current Stamina:24.5
[08Mar2025 17:22:33.937] [Render thread/INFO] [net.mcreator.tloa.TloaMod/]: Rounded Stamina25
[08Mar2025 17:22:33.937] [Render thread/INFO] [net.mcreator.tloa.TloaMod/]: Can Stamina:true
[08Mar2025 17:22:33.937] [Render thread/INFO] [net.mcreator.tloa.TloaMod/]: Max Stamina50.0
[08Mar2025 17:22:33.977] [Server thread/INFO] [net.mcreator.tloa.TloaMod/]: Current Stamina:24.5
[08Mar2025 17:22:33.977] [Server thread/INFO] [net.mcreator.tloa.TloaMod/]: Rounded Stamina25
[08Mar2025 17:22:33.978] [Server thread/INFO] [net.mcreator.tloa.TloaMod/]: Can Stamina:true
[08Mar2025 17:22:33.978] [Server thread/INFO] [net.mcreator.tloa.TloaMod/]: Max Stamina50.0
[08Mar2025 17:22:33.986] [Render thread/INFO] [net.mcreator.tloa.TloaMod/]: Current Stamina:24.2
[08Mar2025 17:22:33.986] [Render thread/INFO] [net.mcreator.tloa.TloaMod/]: Rounded Stamina24
[08Mar2025 17:22:33.986] [Render thread/INFO] [net.mcreator.tloa.TloaMod/]: Can Stamina:true
[08Mar2025 17:22:33.986] [Render thread/INFO] [net.mcreator.tloa.TloaMod/]: Max Stamina50.0
[08Mar2025 17:22:34.028] [Server thread/INFO] [net.mcreator.tloa.TloaMod/]: Current Stamina:24.2
[08Mar2025 17:22:34.028] [Server thread/INFO] [net.mcreator.tloa.TloaMod/]: Rounded Stamina24
[08Mar2025 17:22:34.028] [Server thread/INFO] [net.mcreator.tloa.TloaMod/]: Can Stamina:true
[08Mar2025 17:22:34.028] [Server thread/INFO] [net.mcreator.tloa.TloaMod/]: Max Stamina50.0
[08Mar2025 17:22:34.036] [Render thread/INFO] [net.mcreator.tloa.TloaMod/]: Current Stamina:23.9
[08Mar2025 17:22:34.036] [Render thread/INFO] [net.mcreator.tloa.TloaMod/]: Rounded Stamina24
[08Mar2025 17:22:34.036] [Render thread/INFO] [net.mcreator.tloa.TloaMod/]: Can Stamina:true
[08Mar2025 17:22:34.036] [Render thread/INFO] [net.mcreator.tloa.TloaMod/]: Max Stamina50.0
[08Mar2025 17:22:34.077] [Server thread/INFO] [net.mcreator.tloa.TloaMod/]: Current Stamina:23.9
[08Mar2025 17:22:34.077] [Server thread/INFO] [net.mcreator.tloa.TloaMod/]: Rounded Stamina24
[08Mar2025 17:22:34.077] [Server thread/INFO] [net.mcreator.tloa.TloaMod/]: Can Stamina:true
[08Mar2025 17:22:34.077] [Server thread/INFO] [net.mcreator.tloa.TloaMod/]: Max Stamina50.0
[08Mar2025 17:22:34.086] [Render thread/INFO] [net.mcreator.tloa.TloaMod/]: Current Stamina:23.6
[08Mar2025 17:22:34.086] [Render thread/INFO] [net.mcreator.tloa.TloaMod/]: Rounded Stamina24
[08Mar2025 17:22:34.086] [Render thread/INFO] [net.mcreator.tloa.TloaMod/]: Can Stamina:true
[08Mar2025 17:22:34.086] [Render thread/INFO] [net.mcreator.tloa.TloaMod/]: Max Stamina50.0
[08Mar2025 17:22:34.125] [Server thread/INFO] [net.mcreator.tloa.TloaMod/]: Current Stamina:23.6
[08Mar2025 17:22:34.126] [Server thread/INFO] [net.mcreator.tloa.TloaMod/]: Rounded Stamina24
[08Mar2025 17:22:34.126] [Server thread/INFO] [net.mcreator.tloa.TloaMod/]: Can Stamina:true
[08Mar2025 17:22:34.126] [Server thread/INFO] [net.mcreator.tloa.TloaMod/]: Max Stamina50.0
[08Mar2025 17:22:34.135] [Render thread/INFO] [net.mcreator.tloa.TloaMod/]: Current Stamina:23.3
[08Mar2025 17:22:34.135] [Render thread/INFO] [net.mcreator.tloa.TloaMod/]: Rounded Stamina23
[08Mar2025 17:22:34.135] [Render thread/INFO] [net.mcreator.tloa.TloaMod/]: Can Stamina:true
[08Mar2025 17:22:34.135] [Render thread/INFO] [net.mcreator.tloa.TloaMod/]: Max Stamina50.0
[08Mar2025 17:22:34.178] [Server thread/INFO] [net.mcreator.tloa.TloaMod/]: Current Stamina:23.3
[08Mar2025 17:22:34.178] [Server thread/INFO] [net.mcreator.tloa.TloaMod/]: Rounded Stamina23
[08Mar2025 17:22:34.178] [Server thread/INFO] [net.mcreator.tloa.TloaMod/]: Can Stamina:true
[08Mar2025 17:22:34.178] [Server thread/INFO] [net.mcreator.tloa.TloaMod/]: Max Stamina50.0
[08Mar2025 17:22:34.188] [Render thread/INFO] [net.mcreator.tloa.TloaMod/]: Current Stamina:23
[08Mar2025 17:22:34.188] [Render thread/INFO] [net.mcreator.tloa.TloaMod/]: Rounded Stamina23
[08Mar2025 17:22:34.188] [Render thread/INFO] [net.mcreator.tloa.TloaMod/]: Can Stamina:true
[08Mar2025 17:22:34.188] [Render thread/INFO] [net.mcreator.tloa.TloaMod/]: Max Stamina50.0
[08Mar2025 17:22:34.231] [Server thread/INFO] [net.mcreator.tloa.TloaMod/]: Current Stamina:23
[08Mar2025 17:22:34.231] [Server thread/INFO] [net.mcreator.tloa.TloaMod/]: Rounded Stamina23
[08Mar2025 17:22:34.231] [Server thread/INFO] [net.mcreator.tloa.TloaMod/]: Can Stamina:true
[08Mar2025 17:22:34.231] [Server thread/INFO] [net.mcreator.tloa.TloaMod/]: Max Stamina50.0
[08Mar2025 17:22:34.235] [Render thread/INFO] [net.mcreator.tloa.TloaMod/]: Current Stamina:22.7
[08Mar2025 17:22:34.235] [Render thread/INFO] [net.mcreator.tloa.TloaMod/]: Rounded Stamina23
[08Mar2025 17:22:34.235] [Render thread/INFO] [net.mcreator.tloa.TloaMod/]: Can Stamina:true
[08Mar2025 17:22:34.235] [Render thread/INFO] [net.mcreator.tloa.TloaMod/]: Max Stamina50.0
[08Mar2025 17:22:34.282] [Server thread/INFO] [net.mcreator.tloa.TloaMod/]: Current Stamina:22.7
[08Mar2025 17:22:34.282] [Server thread/INFO] [net.mcreator.tloa.TloaMod/]: Rounded Stamina23
[08Mar2025 17:22:34.282] [Server thread/INFO] [net.mcreator.tloa.TloaMod/]: Can Stamina:true
[08Mar2025 17:22:34.282] [Server thread/INFO] [net.mcreator.tloa.TloaMod/]: Max Stamina50.0
[08Mar2025 17:22:34.285] [Render thread/INFO] [net.mcreator.tloa.TloaMod/]: Current Stamina:22.4
[08Mar2025 17:22:34.285] [Render thread/INFO] [net.mcreator.tloa.TloaMod/]: Rounded Stamina22
[08Mar2025 17:22:34.285] [Render thread/INFO] [net.mcreator.tloa.TloaMod/]: Can Stamina:true
[08Mar2025 17:22:34.285] [Render thread/INFO] [net.mcreator.tloa.TloaMod/]: Max Stamina50.0
[08Mar2025 17:22:34.325] [Server thread/INFO] [net.mcreator.tloa.TloaMod/]: Current Stamina:22.4
[08Mar2025 17:22:34.325] [Server thread/INFO] [net.mcreator.tloa.TloaMod/]: Rounded Stamina22
[08Mar2025 17:22:34.325] [Server thread/INFO] [net.mcreator.tloa.TloaMod/]: Can Stamina:true
[08Mar2025 17:22:34.325] [Server thread/INFO] [net.mcreator.tloa.TloaMod/]: Max Stamina50.0
[08Mar2025 17:22:34.335] [Render thread/INFO] [net.mcreator.tloa.TloaMod/]: Current Stamina:22.1
[08Mar2025 17:22:34.336] [Render thread/INFO] [net.mcreator.tloa.TloaMod/]: Rounded Stamina22
[08Mar2025 17:22:34.336] [Render thread/INFO] [net.mcreator.tloa.TloaMod/]: Can Stamina:true
[08Mar2025 17:22:34.336] [Render thread/INFO] [net.mcreator.tloa.TloaMod/]: Max Stamina50.0
[08Mar2025 17:22:34.377] [Server thread/INFO] [net.mcreator.tloa.TloaMod/]: Current Stamina:22.1
[08Mar2025 17:22:34.377] [Server thread/INFO] [net.mcreator.tloa.TloaMod/]: Rounded Stamina22
[08Mar2025 17:22:34.377] [Server thread/INFO] [net.mcreator.tloa.TloaMod/]: Can Stamina:true
[08Mar2025 17:22:34.377] [Server thread/INFO] [net.mcreator.tloa.TloaMod/]: Max Stamina50.0
[08Mar2025 17:22:34.385] [Render thread/INFO] [net.mcreator.tloa.TloaMod/]: Current Stamina:21.8
[08Mar2025 17:22:34.385] [Render thread/INFO] [net.mcreator.tloa.TloaMod/]: Rounded Stamina22
[08Mar2025 17:22:34.386] [Render thread/INFO] [net.mcreator.tloa.TloaMod/]: Can Stamina:true
[08Mar2025 17:22:34.386] [Render thread/INFO] [net.mcreator.tloa.TloaMod/]: Max Stamina50.0
[08Mar2025 17:22:34.426] [Server thread/INFO] [net.mcreator.tloa.TloaMod/]: Current Stamina:21.8
[08Mar2025 17:22:34.427] [Server thread/INFO] [net.mcreator.tloa.TloaMod/]: Rounded Stamina22
[08Mar2025 17:22:34.427] [Server thread/INFO] [net.mcreator.tloa.TloaMod/]: Can Stamina:true
[08Mar2025 17:22:34.427] [Server thread/INFO] [net.mcreator.tloa.TloaMod/]: Max Stamina50.0
[08Mar2025 17:22:34.437] [Render thread/INFO] [net.mcreator.tloa.TloaMod/]: Current Stamina:21.5
[08Mar2025 17:22:34.437] [Render thread/INFO] [net.mcreator.tloa.TloaMod/]: Rounded Stamina22
[08Mar2025 17:22:34.437] [Render thread/INFO] [net.mcreator.tloa.TloaMod/]: Can Stamina:true
[08Mar2025 17:22:34.437] [Render thread/INFO] [net.mcreator.tloa.TloaMod/]: Max Stamina50.0
[08Mar2025 17:22:34.480] [Server thread/INFO] [net.mcreator.tloa.TloaMod/]: Current Stamina:21.5
[08Mar2025 17:22:34.480] [Server thread/INFO] [net.mcreator.tloa.TloaMod/]: Rounded Stamina22
[08Mar2025 17:22:34.480] [Server thread/INFO] [net.mcreator.tloa.TloaMod/]: Can Stamina:true
[08Mar2025 17:22:34.480] [Server thread/INFO] [net.mcreator.tloa.TloaMod/]: Max Stamina50.0
[08Mar2025 17:22:34.485] [Render thread/INFO] [net.mcreator.tloa.TloaMod/]: Current Stamina:21.2
[08Mar2025 17:22:34.485] [Render thread/INFO] [net.mcreator.tloa.TloaMod/]: Rounded Stamina21
[08Mar2025 17:22:34.485] [Render thread/INFO] [net.mcreator.tloa.TloaMod/]: Can Stamina:true
[08Mar2025 17:22:34.485] [Render thread/INFO] [net.mcreator.tloa.TloaMod/]: Max Stamina50.0
[08Mar2025 17:22:34.527] [Server thread/INFO] [net.mcreator.tloa.TloaMod/]: Current Stamina:21.2
[08Mar2025 17:22:34.528] [Server thread/INFO] [net.mcreator.tloa.TloaMod/]: Rounded Stamina21
[08Mar2025 17:22:34.528] [Server thread/INFO] [net.mcreator.tloa.TloaMod/]: Can Stamina:true
[08Mar2025 17:22:34.528] [Server thread/INFO] [net.mcreator.tloa.TloaMod/]: Max Stamina50.0
[08Mar2025 17:22:34.535] [Render thread/INFO] [net.mcreator.tloa.TloaMod/]: Current Stamina:20.9
[08Mar2025 17:22:34.535] [Render thread/INFO] [net.mcreator.tloa.TloaMod/]: Rounded Stamina21
[08Mar2025 17:22:34.535] [Render thread/INFO] [net.mcreator.tloa.TloaMod/]: Can Stamina:true
[08Mar2025 17:22:34.535] [Render thread/INFO] [net.mcreator.tloa.TloaMod/]: Max Stamina50.0
[08Mar2025 17:22:34.578] [Server thread/INFO] [net.mcreator.tloa.TloaMod/]: Current Stamina:20.9
[08Mar2025 17:22:34.578] [Server thread/INFO] [net.mcreator.tloa.TloaMod/]: Rounded Stamina21
[08Mar2025 17:22:34.578] [Server thread/INFO] [net.mcreator.tloa.TloaMod/]: Can Stamina:true
[08Mar2025 17:22:34.578] [Server thread/INFO] [net.mcreator.tloa.TloaMod/]: Max Stamina50.0
[08Mar2025 17:22:34.587] [Render thread/INFO] [net.mcreator.tloa.TloaMod/]: Current Stamina:20.6
[08Mar2025 17:22:34.587] [Render thread/INFO] [net.mcreator.tloa.TloaMod/]: Rounded Stamina21
[08Mar2025 17:22:34.587] [Render thread/INFO] [net.mcreator.tloa.TloaMod/]: Can Stamina:true
[08Mar2025 17:22:34.587] [Render thread/INFO] [net.mcreator.tloa.TloaMod/]: Max Stamina50.0
[08Mar2025 17:22:34.625] [Server thread/INFO] [net.mcreator.tloa.TloaMod/]: Current Stamina:20.6
[08Mar2025 17:22:34.625] [Server thread/INFO] [net.mcreator.tloa.TloaMod/]: Rounded Stamina21
[08Mar2025 17:22:34.625] [Server thread/INFO] [net.mcreator.tloa.TloaMod/]: Can Stamina:true
[08Mar2025 17:22:34.626] [Server thread/INFO] [net.mcreator.tloa.TloaMod/]: Max Stamina50.0
[08Mar2025 17:22:34.635] [Render thread/INFO] [net.mcreator.tloa.TloaMod/]: Current Stamina:20.3
[08Mar2025 17:22:34.637] [Render thread/INFO] [net.mcreator.tloa.TloaMod/]: Rounded Stamina20
[08Mar2025 17:22:34.637] [Render thread/INFO] [net.mcreator.tloa.TloaMod/]: Can Stamina:true
[08Mar2025 17:22:34.637] [Render thread/INFO] [net.mcreator.tloa.TloaMod/]: Max Stamina50.0
[08Mar2025 17:22:34.680] [Server thread/INFO] [net.mcreator.tloa.TloaMod/]: Current Stamina:20.3
[08Mar2025 17:22:34.680] [Server thread/INFO] [net.mcreator.tloa.TloaMod/]: Rounded Stamina20
[08Mar2025 17:22:34.680] [Server thread/INFO] [net.mcreator.tloa.TloaMod/]: Can Stamina:true
[08Mar2025 17:22:34.681] [Server thread/INFO] [net.mcreator.tloa.TloaMod/]: Max Stamina50.0
[08Mar2025 17:22:34.685] [Render thread/INFO] [net.mcreator.tloa.TloaMod/]: Current Stamina:20
[08Mar2025 17:22:34.686] [Render thread/INFO] [net.mcreator.tloa.TloaMod/]: Rounded Stamina20
[08Mar2025 17:22:34.686] [Render thread/INFO] [net.mcreator.tloa.TloaMod/]: Can Stamina:true
[08Mar2025 17:22:34.686] [Render thread/INFO] [net.mcreator.tloa.TloaMod/]: Max Stamina50.0
[08Mar2025 17:22:34.725] [Server thread/INFO] [net.mcreator.tloa.TloaMod/]: Current Stamina:20
[08Mar2025 17:22:34.725] [Server thread/INFO] [net.mcreator.tloa.TloaMod/]: Rounded Stamina20
[08Mar2025 17:22:34.725] [Server thread/INFO] [net.mcreator.tloa.TloaMod/]: Can Stamina:true
[08Mar2025 17:22:34.725] [Server thread/INFO] [net.mcreator.tloa.TloaMod/]: Max Stamina50.0
[08Mar2025 17:22:34.736] [Render thread/INFO] [net.mcreator.tloa.TloaMod/]: Current Stamina:19.7
[08Mar2025 17:22:34.736] [Render thread/INFO] [net.mcreator.tloa.TloaMod/]: Rounded Stamina20
[08Mar2025 17:22:34.736] [Render thread/INFO] [net.mcreator.tloa.TloaMod/]: Can Stamina:true
[08Mar2025 17:22:34.737] [Render thread/INFO] [net.mcreator.tloa.TloaMod/]: Max Stamina50.0
[08Mar2025 17:22:34.775] [Server thread/INFO] [net.mcreator.tloa.TloaMod/]: Current Stamina:19.7
[08Mar2025 17:22:34.775] [Server thread/INFO] [net.mcreator.tloa.TloaMod/]: Rounded Stamina20
[08Mar2025 17:22:34.775] [Server thread/INFO] [net.mcreator.tloa.TloaMod/]: Can Stamina:true
[08Mar2025 17:22:34.775] [Server thread/INFO] [net.mcreator.tloa.TloaMod/]: Max Stamina50.0
[08Mar2025 17:22:34.787] [Render thread/INFO] [net.mcreator.tloa.TloaMod/]: Current Stamina:19.4
[08Mar2025 17:22:34.787] [Render thread/INFO] [net.mcreator.tloa.TloaMod/]: Rounded Stamina19
[08Mar2025 17:22:34.787] [Render thread/INFO] [net.mcreator.tloa.TloaMod/]: Can Stamina:true
[08Mar2025 17:22:34.787] [Render thread/INFO] [net.mcreator.tloa.TloaMod/]: Max Stamina50.0
[08Mar2025 17:22:34.827] [Server thread/INFO] [net.mcreator.tloa.TloaMod/]: Current Stamina:19.4
[08Mar2025 17:22:34.827] [Server thread/INFO] [net.mcreator.tloa.TloaMod/]: Rounded Stamina19
[08Mar2025 17:22:34.827] [Server thread/INFO] [net.mcreator.tloa.TloaMod/]: Can Stamina:true
[08Mar2025 17:22:34.827] [Server thread/INFO] [net.mcreator.tloa.TloaMod/]: Max Stamina50.0
[08Mar2025 17:22:34.837] [Render thread/INFO] [net.mcreator.tloa.TloaMod/]: Current Stamina:19.1
[08Mar2025 17:22:34.837] [Render thread/INFO] [net.mcreator.tloa.TloaMod/]: Rounded Stamina19
[08Mar2025 17:22:34.837] [Render thread/INFO] [net.mcreator.tloa.TloaMod/]: Can Stamina:true
[08Mar2025 17:22:34.837] [Render thread/INFO] [net.mcreator.tloa.TloaMod/]: Max Stamina50.0
[08Mar2025 17:22:34.876] [Server thread/INFO] [net.mcreator.tloa.TloaMod/]: Current Stamina:19.1
[08Mar2025 17:22:34.876] [Server thread/INFO] [net.mcreator.tloa.TloaMod/]: Rounded Stamina19
[08Mar2025 17:22:34.876] [Server thread/INFO] [net.mcreator.tloa.TloaMod/]: Can Stamina:true
[08Mar2025 17:22:34.876] [Server thread/INFO] [net.mcreator.tloa.TloaMod/]: Max Stamina50.0
[08Mar2025 17:22:34.886] [Render thread/INFO] [net.mcreator.tloa.TloaMod/]: Current Stamina:18.8
[08Mar2025 17:22:34.886] [Render thread/INFO] [net.mcreator.tloa.TloaMod/]: Rounded Stamina19
[08Mar2025 17:22:34.886] [Render thread/INFO] [net.mcreator.tloa.TloaMod/]: Can Stamina:true
[08Mar2025 17:22:34.886] [Render thread/INFO] [net.mcreator.tloa.TloaMod/]: Max Stamina50.0
[08Mar2025 17:22:34.925] [Server thread/INFO] [net.mcreator.tloa.TloaMod/]: Current Stamina:18.8
[08Mar2025 17:22:34.925] [Server thread/INFO] [net.mcreator.tloa.TloaMod/]: Rounded Stamina19
[08Mar2025 17:22:34.925] [Server thread/INFO] [net.mcreator.tloa.TloaMod/]: Can Stamina:true
[08Mar2025 17:22:34.925] [Server thread/INFO] [net.mcreator.tloa.TloaMod/]: Max Stamina50.0
[08Mar2025 17:22:34.936] [Render thread/INFO] [net.mcreator.tloa.TloaMod/]: Current Stamina:18.5
[08Mar2025 17:22:34.936] [Render thread/INFO] [net.mcreator.tloa.TloaMod/]: Rounded Stamina19
[08Mar2025 17:22:34.936] [Render thread/INFO] [net.mcreator.tloa.TloaMod/]: Can Stamina:true
[08Mar2025 17:22:34.936] [Render thread/INFO] [net.mcreator.tloa.TloaMod/]: Max Stamina50.0
[08Mar2025 17:22:34.975] [Server thread/INFO] [net.mcreator.tloa.TloaMod/]: Current Stamina:18.5
[08Mar2025 17:22:34.975] [Server thread/INFO] [net.mcreator.tloa.TloaMod/]: Rounded Stamina19
[08Mar2025 17:22:34.975] [Server thread/INFO] [net.mcreator.tloa.TloaMod/]: Can Stamina:true
[08Mar2025 17:22:34.975] [Server thread/INFO] [net.mcreator.tloa.TloaMod/]: Max Stamina50.0
[08Mar2025 17:22:34.986] [Render thread/INFO] [net.mcreator.tloa.TloaMod/]: Current Stamina:18.2
[08Mar2025 17:22:34.986] [Render thread/INFO] [net.mcreator.tloa.TloaMod/]: Rounded Stamina18
[08Mar2025 17:22:34.986] [Render thread/INFO] [net.mcreator.tloa.TloaMod/]: Can Stamina:true
[08Mar2025 17:22:34.986] [Render thread/INFO] [net.mcreator.tloa.TloaMod/]: Max Stamina50.0
[08Mar2025 17:22:35.025] [Server thread/INFO] [net.mcreator.tloa.TloaMod/]: Current Stamina:18.2
[08Mar2025 17:22:35.025] [Server thread/INFO] [net.mcreator.tloa.TloaMod/]: Rounded Stamina18
[08Mar2025 17:22:35.025] [Server thread/INFO] [net.mcreator.tloa.TloaMod/]: Can Stamina:true
[08Mar2025 17:22:35.025] [Server thread/INFO] [net.mcreator.tloa.TloaMod/]: Max Stamina50.0
[08Mar2025 17:22:35.035] [Render thread/INFO] [net.mcreator.tloa.TloaMod/]: Current Stamina:17.9
[08Mar2025 17:22:35.035] [Render thread/INFO] [net.mcreator.tloa.TloaMod/]: Rounded Stamina18
[08Mar2025 17:22:35.035] [Render thread/INFO] [net.mcreator.tloa.TloaMod/]: Can Stamina:true
[08Mar2025 17:22:35.035] [Render thread/INFO] [net.mcreator.tloa.TloaMod/]: Max Stamina50.0
[08Mar2025 17:22:35.073] [Server thread/INFO] [net.mcreator.tloa.TloaMod/]: Current Stamina:17.9
[08Mar2025 17:22:35.073] [Server thread/INFO] [net.mcreator.tloa.TloaMod/]: Rounded Stamina18
[08Mar2025 17:22:35.073] [Server thread/INFO] [net.mcreator.tloa.TloaMod/]: Can Stamina:true
[08Mar2025 17:22:35.073] [Server thread/INFO] [net.mcreator.tloa.TloaMod/]: Max Stamina50.0
[08Mar2025 17:22:35.086] [Render thread/INFO] [net.mcreator.tloa.TloaMod/]: Current Stamina:17.6
[08Mar2025 17:22:35.086] [Render thread/INFO] [net.mcreator.tloa.TloaMod/]: Rounded Stamina18
[08Mar2025 17:22:35.086] [Render thread/INFO] [net.mcreator.tloa.TloaMod/]: Can Stamina:true
[08Mar2025 17:22:35.086] [Render thread/INFO] [net.mcreator.tloa.TloaMod/]: Max Stamina50.0
[08Mar2025 17:22:35.128] [Server thread/INFO] [net.mcreator.tloa.TloaMod/]: Current Stamina:17.6
[08Mar2025 17:22:35.128] [Server thread/INFO] [net.mcreator.tloa.TloaMod/]: Rounded Stamina18
[08Mar2025 17:22:35.128] [Server thread/INFO] [net.mcreator.tloa.TloaMod/]: Can Stamina:true
[08Mar2025 17:22:35.128] [Server thread/INFO] [net.mcreator.tloa.TloaMod/]: Max Stamina50.0
[08Mar2025 17:22:35.136] [Render thread/INFO] [net.mcreator.tloa.TloaMod/]: Current Stamina:17.3
[08Mar2025 17:22:35.136] [Render thread/INFO] [net.mcreator.tloa.TloaMod/]: Rounded Stamina17
[08Mar2025 17:22:35.136] [Render thread/INFO] [net.mcreator.tloa.TloaMod/]: Can Stamina:true
[08Mar2025 17:22:35.136] [Render thread/INFO] [net.mcreator.tloa.TloaMod/]: Max Stamina50.0
[08Mar2025 17:22:35.175] [Server thread/INFO] [net.mcreator.tloa.TloaMod/]: Current Stamina:17.3
[08Mar2025 17:22:35.175] [Server thread/INFO] [net.mcreator.tloa.TloaMod/]: Rounded Stamina17
[08Mar2025 17:22:35.175] [Server thread/INFO] [net.mcreator.tloa.TloaMod/]: Can Stamina:true
[08Mar2025 17:22:35.175] [Server thread/INFO] [net.mcreator.tloa.TloaMod/]: Max Stamina50.0
[08Mar2025 17:22:35.185] [Render thread/INFO] [net.mcreator.tloa.TloaMod/]: Current Stamina:17
[08Mar2025 17:22:35.186] [Render thread/INFO] [net.mcreator.tloa.TloaMod/]: Rounded Stamina17
[08Mar2025 17:22:35.186] [Render thread/INFO] [net.mcreator.tloa.TloaMod/]: Can Stamina:true
[08Mar2025 17:22:35.186] [Render thread/INFO] [net.mcreator.tloa.TloaMod/]: Max Stamina50.0
[08Mar2025 17:22:35.226] [Server thread/INFO] [net.mcreator.tloa.TloaMod/]: Current Stamina:17
[08Mar2025 17:22:35.226] [Server thread/INFO] [net.mcreator.tloa.TloaMod/]: Rounded Stamina17
[08Mar2025 17:22:35.226] [Server thread/INFO] [net.mcreator.tloa.TloaMod/]: Can Stamina:true
[08Mar2025 17:22:35.226] [Server thread/INFO] [net.mcreator.tloa.TloaMod/]: Max Stamina50.0
[08Mar2025 17:22:35.236] [Render thread/INFO] [net.mcreator.tloa.TloaMod/]: Current Stamina:16.7
[08Mar2025 17:22:35.236] [Render thread/INFO] [net.mcreator.tloa.TloaMod/]: Rounded Stamina17
[08Mar2025 17:22:35.236] [Render thread/INFO] [net.mcreator.tloa.TloaMod/]: Can Stamina:true
[08Mar2025 17:22:35.236] [Render thread/INFO] [net.mcreator.tloa.TloaMod/]: Max Stamina50.0
[08Mar2025 17:22:35.274] [Server thread/INFO] [net.mcreator.tloa.TloaMod/]: Current Stamina:16.7
[08Mar2025 17:22:35.275] [Server thread/INFO] [net.mcreator.tloa.TloaMod/]: Rounded Stamina17
[08Mar2025 17:22:35.275] [Server thread/INFO] [net.mcreator.tloa.TloaMod/]: Can Stamina:true
[08Mar2025 17:22:35.275] [Server thread/INFO] [net.mcreator.tloa.TloaMod/]: Max Stamina50.0
[08Mar2025 17:22:35.285] [Render thread/INFO] [net.mcreator.tloa.TloaMod/]: Current Stamina:16.4
[08Mar2025 17:22:35.285] [Render thread/INFO] [net.mcreator.tloa.TloaMod/]: Rounded Stamina16
[08Mar2025 17:22:35.285] [Render thread/INFO] [net.mcreator.tloa.TloaMod/]: Can Stamina:true
[08Mar2025 17:22:35.285] [Render thread/INFO] [net.mcreator.tloa.TloaMod/]: Max Stamina50.0
[08Mar2025 17:22:35.325] [Server thread/INFO] [net.mcreator.tloa.TloaMod/]: Current Stamina:16.4
[08Mar2025 17:22:35.325] [Server thread/INFO] [net.mcreator.tloa.TloaMod/]: Rounded Stamina16
[08Mar2025 17:22:35.325] [Server thread/INFO] [net.mcreator.tloa.TloaMod/]: Can Stamina:true
[08Mar2025 17:22:35.325] [Server thread/INFO] [net.mcreator.tloa.TloaMod/]: Max Stamina50.0
[08Mar2025 17:22:35.337] [Render thread/INFO] [net.mcreator.tloa.TloaMod/]: Current Stamina:16.1
[08Mar2025 17:22:35.337] [Render thread/INFO] [net.mcreator.tloa.TloaMod/]: Rounded Stamina16
[08Mar2025 17:22:35.337] [Render thread/INFO] [net.mcreator.tloa.TloaMod/]: Can Stamina:true
[08Mar2025 17:22:35.337] [Render thread/INFO] [net.mcreator.tloa.TloaMod/]: Max Stamina50.0
[08Mar2025 17:22:35.374] [Server thread/INFO] [net.mcreator.tloa.TloaMod/]: Current Stamina:16.1
[08Mar2025 17:22:35.375] [Server thread/INFO] [net.mcreator.tloa.TloaMod/]: Rounded Stamina16
[08Mar2025 17:22:35.375] [Server thread/INFO] [net.mcreator.tloa.TloaMod/]: Can Stamina:true
[08Mar2025 17:22:35.375] [Server thread/INFO] [net.mcreator.tloa.TloaMod/]: Max Stamina50.0
[08Mar2025 17:22:35.386] [Render thread/INFO] [net.mcreator.tloa.TloaMod/]: Current Stamina:15.8
[08Mar2025 17:22:35.386] [Render thread/INFO] [net.mcreator.tloa.TloaMod/]: Rounded Stamina16
[08Mar2025 17:22:35.387] [Render thread/INFO] [net.mcreator.tloa.TloaMod/]: Can Stamina:true
[08Mar2025 17:22:35.387] [Render thread/INFO] [net.mcreator.tloa.TloaMod/]: Max Stamina50.0
[08Mar2025 17:22:35.424] [Server thread/INFO] [net.mcreator.tloa.TloaMod/]: Current Stamina:15.8
[08Mar2025 17:22:35.425] [Server thread/INFO] [net.mcreator.tloa.TloaMod/]: Rounded Stamina16
[08Mar2025 17:22:35.425] [Server thread/INFO] [net.mcreator.tloa.TloaMod/]: Can Stamina:true
[08Mar2025 17:22:35.425] [Server thread/INFO] [net.mcreator.tloa.TloaMod/]: Max Stamina50.0
[08Mar2025 17:22:35.437] [Render thread/INFO] [net.mcreator.tloa.TloaMod/]: Current Stamina:15.5
[08Mar2025 17:22:35.438] [Render thread/INFO] [net.mcreator.tloa.TloaMod/]: Rounded Stamina16
[08Mar2025 17:22:35.438] [Render thread/INFO] [net.mcreator.tloa.TloaMod/]: Can Stamina:true
[08Mar2025 17:22:35.438] [Render thread/INFO] [net.mcreator.tloa.TloaMod/]: Max Stamina50.0
[08Mar2025 17:22:35.475] [Server thread/INFO] [net.mcreator.tloa.TloaMod/]: Current Stamina:15.5
[08Mar2025 17:22:35.475] [Server thread/INFO] [net.mcreator.tloa.TloaMod/]: Rounded Stamina16
[08Mar2025 17:22:35.475] [Server thread/INFO] [net.mcreator.tloa.TloaMod/]: Can Stamina:true
[08Mar2025 17:22:35.475] [Server thread/INFO] [net.mcreator.tloa.TloaMod/]: Max Stamina50.0
[08Mar2025 17:22:35.485] [Render thread/INFO] [net.mcreator.tloa.TloaMod/]: Current Stamina:15.2
[08Mar2025 17:22:35.485] [Render thread/INFO] [net.mcreator.tloa.TloaMod/]: Rounded Stamina15
[08Mar2025 17:22:35.485] [Render thread/INFO] [net.mcreator.tloa.TloaMod/]: Can Stamina:true
[08Mar2025 17:22:35.485] [Render thread/INFO] [net.mcreator.tloa.TloaMod/]: Max Stamina50.0
[08Mar2025 17:22:35.525] [Server thread/INFO] [net.mcreator.tloa.TloaMod/]: Current Stamina:15.2
[08Mar2025 17:22:35.526] [Server thread/INFO] [net.mcreator.tloa.TloaMod/]: Rounded Stamina15
[08Mar2025 17:22:35.526] [Server thread/INFO] [net.mcreator.tloa.TloaMod/]: Can Stamina:true
[08Mar2025 17:22:35.526] [Server thread/INFO] [net.mcreator.tloa.TloaMod/]: Max Stamina50.0
[08Mar2025 17:22:35.538] [Render thread/INFO] [net.mcreator.tloa.TloaMod/]: Current Stamina:14.9
[08Mar2025 17:22:35.538] [Render thread/INFO] [net.mcreator.tloa.TloaMod/]: Rounded Stamina15
[08Mar2025 17:22:35.538] [Render thread/INFO] [net.mcreator.tloa.TloaMod/]: Can Stamina:true
[08Mar2025 17:22:35.538] [Render thread/INFO] [net.mcreator.tloa.TloaMod/]: Max Stamina50.0
[08Mar2025 17:22:35.575] [Server thread/INFO] [net.mcreator.tloa.TloaMod/]: Current Stamina:14.9
[08Mar2025 17:22:35.575] [Server thread/INFO] [net.mcreator.tloa.TloaMod/]: Rounded Stamina15
[08Mar2025 17:22:35.575] [Server thread/INFO] [net.mcreator.tloa.TloaMod/]: Can Stamina:true
[08Mar2025 17:22:35.575] [Server thread/INFO] [net.mcreator.tloa.TloaMod/]: Max Stamina50.0
[08Mar2025 17:22:35.585] [Render thread/INFO] [net.mcreator.tloa.TloaMod/]: Current Stamina:14.6
[08Mar2025 17:22:35.585] [Render thread/INFO] [net.mcreator.tloa.TloaMod/]: Rounded Stamina15
[08Mar2025 17:22:35.585] [Render thread/INFO] [net.mcreator.tloa.TloaMod/]: Can Stamina:true
[08Mar2025 17:22:35.585] [Render thread/INFO] [net.mcreator.tloa.TloaMod/]: Max Stamina50.0
[08Mar2025 17:22:35.625] [Server thread/INFO] [net.mcreator.tloa.TloaMod/]: Current Stamina:14.6
[08Mar2025 17:22:35.625] [Server thread/INFO] [net.mcreator.tloa.TloaMod/]: Rounded Stamina15
[08Mar2025 17:22:35.625] [Server thread/INFO] [net.mcreator.tloa.TloaMod/]: Can Stamina:true
[08Mar2025 17:22:35.625] [Server thread/INFO] [net.mcreator.tloa.TloaMod/]: Max Stamina50.0
[08Mar2025 17:22:35.636] [Render thread/INFO] [net.mcreator.tloa.TloaMod/]: Current Stamina:14.3
[08Mar2025 17:22:35.636] [Render thread/INFO] [net.mcreator.tloa.TloaMod/]: Rounded Stamina14
[08Mar2025 17:22:35.636] [Render thread/INFO] [net.mcreator.tloa.TloaMod/]: Can Stamina:true
[08Mar2025 17:22:35.636] [Render thread/INFO] [net.mcreator.tloa.TloaMod/]: Max Stamina50.0
[08Mar2025 17:22:35.673] [Server thread/INFO] [net.mcreator.tloa.TloaMod/]: Current Stamina:14.3
[08Mar2025 17:22:35.673] [Server thread/INFO] [net.mcreator.tloa.TloaMod/]: Rounded Stamina14
[08Mar2025 17:22:35.673] [Server thread/INFO] [net.mcreator.tloa.TloaMod/]: Can Stamina:true
[08Mar2025 17:22:35.673] [Server thread/INFO] [net.mcreator.tloa.TloaMod/]: Max Stamina50.0
[08Mar2025 17:22:35.686] [Render thread/INFO] [net.mcreator.tloa.TloaMod/]: Current Stamina:14
[08Mar2025 17:22:35.686] [Render thread/INFO] [net.mcreator.tloa.TloaMod/]: Rounded Stamina14
[08Mar2025 17:22:35.686] [Render thread/INFO] [net.mcreator.tloa.TloaMod/]: Can Stamina:true
[08Mar2025 17:22:35.686] [Render thread/INFO] [net.mcreator.tloa.TloaMod/]: Max Stamina50.0
[08Mar2025 17:22:35.728] [Server thread/INFO] [net.mcreator.tloa.TloaMod/]: Current Stamina:14
[08Mar2025 17:22:35.728] [Server thread/INFO] [net.mcreator.tloa.TloaMod/]: Rounded Stamina14
[08Mar2025 17:22:35.728] [Server thread/INFO] [net.mcreator.tloa.TloaMod/]: Can Stamina:true
[08Mar2025 17:22:35.728] [Server thread/INFO] [net.mcreator.tloa.TloaMod/]: Max Stamina50.0
[08Mar2025 17:22:35.737] [Render thread/INFO] [net.mcreator.tloa.TloaMod/]: Current Stamina:13.7
[08Mar2025 17:22:35.737] [Render thread/INFO] [net.mcreator.tloa.TloaMod/]: Rounded Stamina14
[08Mar2025 17:22:35.737] [Render thread/INFO] [net.mcreator.tloa.TloaMod/]: Can Stamina:true
[08Mar2025 17:22:35.737] [Render thread/INFO] [net.mcreator.tloa.TloaMod/]: Max Stamina50.0
[08Mar2025 17:22:35.775] [Server thread/INFO] [net.mcreator.tloa.TloaMod/]: Current Stamina:13.7
[08Mar2025 17:22:35.775] [Server thread/INFO] [net.mcreator.tloa.TloaMod/]: Rounded Stamina14
[08Mar2025 17:22:35.775] [Server thread/INFO] [net.mcreator.tloa.TloaMod/]: Can Stamina:true
[08Mar2025 17:22:35.775] [Server thread/INFO] [net.mcreator.tloa.TloaMod/]: Max Stamina50.0
[08Mar2025 17:22:35.785] [Render thread/INFO] [net.mcreator.tloa.TloaMod/]: Current Stamina:13.4
[08Mar2025 17:22:35.785] [Render thread/INFO] [net.mcreator.tloa.TloaMod/]: Rounded Stamina13
[08Mar2025 17:22:35.785] [Render thread/INFO] [net.mcreator.tloa.TloaMod/]: Can Stamina:true
[08Mar2025 17:22:35.785] [Render thread/INFO] [net.mcreator.tloa.TloaMod/]: Max Stamina50.0
[08Mar2025 17:22:35.825] [Server thread/INFO] [net.mcreator.tloa.TloaMod/]: Current Stamina:13.4
[08Mar2025 17:22:35.825] [Server thread/INFO] [net.mcreator.tloa.TloaMod/]: Rounded Stamina13
[08Mar2025 17:22:35.825] [Server thread/INFO] [net.mcreator.tloa.TloaMod/]: Can Stamina:true
[08Mar2025 17:22:35.825] [Server thread/INFO] [net.mcreator.tloa.TloaMod/]: Max Stamina50.0
[08Mar2025 17:22:35.836] [Render thread/INFO] [net.mcreator.tloa.TloaMod/]: Current Stamina:13.1
[08Mar2025 17:22:35.836] [Render thread/INFO] [net.mcreator.tloa.TloaMod/]: Rounded Stamina13
[08Mar2025 17:22:35.836] [Render thread/INFO] [net.mcreator.tloa.TloaMod/]: Can Stamina:true
[08Mar2025 17:22:35.836] [Render thread/INFO] [net.mcreator.tloa.TloaMod/]: Max Stamina50.0
[08Mar2025 17:22:35.874] [Server thread/INFO] [net.mcreator.tloa.TloaMod/]: Current Stamina:13.1
[08Mar2025 17:22:35.875] [Server thread/INFO] [net.mcreator.tloa.TloaMod/]: Rounded Stamina13
[08Mar2025 17:22:35.875] [Server thread/INFO] [net.mcreator.tloa.TloaMod/]: Can Stamina:true
[08Mar2025 17:22:35.875] [Server thread/INFO] [net.mcreator.tloa.TloaMod/]: Max Stamina50.0
[08Mar2025 17:22:35.885] [Render thread/INFO] [net.mcreator.tloa.TloaMod/]: Current Stamina:12.8
[08Mar2025 17:22:35.886] [Render thread/INFO] [net.mcreator.tloa.TloaMod/]: Rounded Stamina13
[08Mar2025 17:22:35.886] [Render thread/INFO] [net.mcreator.tloa.TloaMod/]: Can Stamina:true
[08Mar2025 17:22:35.886] [Render thread/INFO] [net.mcreator.tloa.TloaMod/]: Max Stamina50.0
[08Mar2025 17:22:35.924] [Server thread/INFO] [net.mcreator.tloa.TloaMod/]: Current Stamina:12.8
[08Mar2025 17:22:35.925] [Server thread/INFO] [net.mcreator.tloa.TloaMod/]: Rounded Stamina13
[08Mar2025 17:22:35.925] [Server thread/INFO] [net.mcreator.tloa.TloaMod/]: Can Stamina:true
[08Mar2025 17:22:35.925] [Server thread/INFO] [net.mcreator.tloa.TloaMod/]: Max Stamina50.0
[08Mar2025 17:22:35.935] [Render thread/INFO] [net.mcreator.tloa.TloaMod/]: Current Stamina:12.5
[08Mar2025 17:22:35.935] [Render thread/INFO] [net.mcreator.tloa.TloaMod/]: Rounded Stamina13
[08Mar2025 17:22:35.935] [Render thread/INFO] [net.mcreator.tloa.TloaMod/]: Can Stamina:true
[08Mar2025 17:22:35.935] [Render thread/INFO] [net.mcreator.tloa.TloaMod/]: Max Stamina50.0
[08Mar2025 17:22:35.981] [Server thread/INFO] [net.mcreator.tloa.TloaMod/]: Current Stamina:12.5
[08Mar2025 17:22:35.981] [Server thread/INFO] [net.mcreator.tloa.TloaMod/]: Rounded Stamina13
[08Mar2025 17:22:35.981] [Server thread/INFO] [net.mcreator.tloa.TloaMod/]: Can Stamina:true
[08Mar2025 17:22:35.982] [Server thread/INFO] [net.mcreator.tloa.TloaMod/]: Max Stamina50.0
[08Mar2025 17:22:35.987] [Render thread/INFO] [net.mcreator.tloa.TloaMod/]: Current Stamina:12.2
[08Mar2025 17:22:35.988] [Render thread/INFO] [net.mcreator.tloa.TloaMod/]: Rounded Stamina12
[08Mar2025 17:22:35.988] [Render thread/INFO] [net.mcreator.tloa.TloaMod/]: Can Stamina:true
[08Mar2025 17:22:35.988] [Render thread/INFO] [net.mcreator.tloa.TloaMod/]: Max Stamina50.0
[08Mar2025 17:22:36.026] [Server thread/INFO] [net.mcreator.tloa.TloaMod/]: Current Stamina:12.2
[08Mar2025 17:22:36.026] [Server thread/INFO] [net.mcreator.tloa.TloaMod/]: Rounded Stamina12
[08Mar2025 17:22:36.026] [Server thread/INFO] [net.mcreator.tloa.TloaMod/]: Can Stamina:true
[08Mar2025 17:22:36.026] [Server thread/INFO] [net.mcreator.tloa.TloaMod/]: Max Stamina50.0
[08Mar2025 17:22:36.035] [Render thread/INFO] [net.mcreator.tloa.TloaMod/]: Current Stamina:11.9
[08Mar2025 17:22:36.036] [Render thread/INFO] [net.mcreator.tloa.TloaMod/]: Rounded Stamina12
[08Mar2025 17:22:36.036] [Render thread/INFO] [net.mcreator.tloa.TloaMod/]: Can Stamina:true
[08Mar2025 17:22:36.036] [Render thread/INFO] [net.mcreator.tloa.TloaMod/]: Max Stamina50.0
[08Mar2025 17:22:36.078] [Server thread/INFO] [net.mcreator.tloa.TloaMod/]: Current Stamina:11.9
[08Mar2025 17:22:36.078] [Server thread/INFO] [net.mcreator.tloa.TloaMod/]: Rounded Stamina12
[08Mar2025 17:22:36.078] [Server thread/INFO] [net.mcreator.tloa.TloaMod/]: Can Stamina:true
[08Mar2025 17:22:36.078] [Server thread/INFO] [net.mcreator.tloa.TloaMod/]: Max Stamina50.0
[08Mar2025 17:22:36.087] [Render thread/INFO] [net.mcreator.tloa.TloaMod/]: Current Stamina:11.6
[08Mar2025 17:22:36.087] [Render thread/INFO] [net.mcreator.tloa.TloaMod/]: Rounded Stamina12
[08Mar2025 17:22:36.087] [Render thread/INFO] [net.mcreator.tloa.TloaMod/]: Can Stamina:true
[08Mar2025 17:22:36.087] [Render thread/INFO] [net.mcreator.tloa.TloaMod/]: Max Stamina50.0
[08Mar2025 17:22:36.127] [Server thread/INFO] [net.mcreator.tloa.TloaMod/]: Current Stamina:11.6
[08Mar2025 17:22:36.127] [Server thread/INFO] [net.mcreator.tloa.TloaMod/]: Rounded Stamina12
[08Mar2025 17:22:36.127] [Server thread/INFO] [net.mcreator.tloa.TloaMod/]: Can Stamina:true
[08Mar2025 17:22:36.127] [Server thread/INFO] [net.mcreator.tloa.TloaMod/]: Max Stamina50.0
[08Mar2025 17:22:36.135] [Render thread/INFO] [net.mcreator.tloa.TloaMod/]: Current Stamina:11.3
[08Mar2025 17:22:36.135] [Render thread/INFO] [net.mcreator.tloa.TloaMod/]: Rounded Stamina11
[08Mar2025 17:22:36.135] [Render thread/INFO] [net.mcreator.tloa.TloaMod/]: Can Stamina:true
[08Mar2025 17:22:36.135] [Render thread/INFO] [net.mcreator.tloa.TloaMod/]: Max Stamina50.0
[08Mar2025 17:22:36.179] [Server thread/INFO] [net.mcreator.tloa.TloaMod/]: Current Stamina:11.3
[08Mar2025 17:22:36.180] [Server thread/INFO] [net.mcreator.tloa.TloaMod/]: Rounded Stamina11
[08Mar2025 17:22:36.180] [Server thread/INFO] [net.mcreator.tloa.TloaMod/]: Can Stamina:true
[08Mar2025 17:22:36.180] [Server thread/INFO] [net.mcreator.tloa.TloaMod/]: Max Stamina50.0
[08Mar2025 17:22:36.187] [Render thread/INFO] [net.mcreator.tloa.TloaMod/]: Current Stamina:11
[08Mar2025 17:22:36.187] [Render thread/INFO] [net.mcreator.tloa.TloaMod/]: Rounded Stamina11
[08Mar2025 17:22:36.187] [Render thread/INFO] [net.mcreator.tloa.TloaMod/]: Can Stamina:true
[08Mar2025 17:22:36.188] [Render thread/INFO] [net.mcreator.tloa.TloaMod/]: Max Stamina50.0
[08Mar2025 17:22:36.225] [Server thread/INFO] [net.mcreator.tloa.TloaMod/]: Current Stamina:11
[08Mar2025 17:22:36.226] [Server thread/INFO] [net.mcreator.tloa.TloaMod/]: Rounded Stamina11
[08Mar2025 17:22:36.226] [Server thread/INFO] [net.mcreator.tloa.TloaMod/]: Can Stamina:true
[08Mar2025 17:22:36.226] [Server thread/INFO] [net.mcreator.tloa.TloaMod/]: Max Stamina50.0
[08Mar2025 17:22:36.237] [Render thread/INFO] [net.mcreator.tloa.TloaMod/]: Current Stamina:10.7
[08Mar2025 17:22:36.238] [Render thread/INFO] [net.mcreator.tloa.TloaMod/]: Rounded Stamina11
[08Mar2025 17:22:36.238] [Render thread/INFO] [net.mcreator.tloa.TloaMod/]: Can Stamina:true
[08Mar2025 17:22:36.238] [Render thread/INFO] [net.mcreator.tloa.TloaMod/]: Max Stamina50.0
[08Mar2025 17:22:36.277] [Server thread/INFO] [net.mcreator.tloa.TloaMod/]: Current Stamina:10.7
[08Mar2025 17:22:36.277] [Server thread/INFO] [net.mcreator.tloa.TloaMod/]: Rounded Stamina11
[08Mar2025 17:22:36.277] [Server thread/INFO] [net.mcreator.tloa.TloaMod/]: Can Stamina:true
[08Mar2025 17:22:36.277] [Server thread/INFO] [net.mcreator.tloa.TloaMod/]: Max Stamina50.0
[08Mar2025 17:22:36.287] [Render thread/INFO] [net.mcreator.tloa.TloaMod/]: Current Stamina:10.4
[08Mar2025 17:22:36.287] [Render thread/INFO] [net.mcreator.tloa.TloaMod/]: Rounded Stamina10
[08Mar2025 17:22:36.287] [Render thread/INFO] [net.mcreator.tloa.TloaMod/]: Can Stamina:true
[08Mar2025 17:22:36.287] [Render thread/INFO] [net.mcreator.tloa.TloaMod/]: Max Stamina50.0
[08Mar2025 17:22:36.326] [Server thread/INFO] [net.mcreator.tloa.TloaMod/]: Current Stamina:10.4
[08Mar2025 17:22:36.326] [Server thread/INFO] [net.mcreator.tloa.TloaMod/]: Rounded Stamina10
[08Mar2025 17:22:36.326] [Server thread/INFO] [net.mcreator.tloa.TloaMod/]: Can Stamina:true
[08Mar2025 17:22:36.326] [Server thread/INFO] [net.mcreator.tloa.TloaMod/]: Max Stamina50.0
[08Mar2025 17:22:36.353] [Render thread/INFO] [net.mcreator.tloa.TloaMod/]: Current Stamina:10.1
[08Mar2025 17:22:36.353] [Render thread/INFO] [net.mcreator.tloa.TloaMod/]: Rounded Stamina10
[08Mar2025 17:22:36.353] [Render thread/INFO] [net.mcreator.tloa.TloaMod/]: Can Stamina:true
[08Mar2025 17:22:36.353] [Render thread/INFO] [net.mcreator.tloa.TloaMod/]: Max Stamina50.0
[08Mar2025 17:22:36.378] [Server thread/INFO] [net.mcreator.tloa.TloaMod/]: Current Stamina:10.1
[08Mar2025 17:22:36.378] [Server thread/INFO] [net.mcreator.tloa.TloaMod/]: Rounded Stamina10
[08Mar2025 17:22:36.378] [Server thread/INFO] [net.mcreator.tloa.TloaMod/]: Can Stamina:true
[08Mar2025 17:22:36.378] [Server thread/INFO] [net.mcreator.tloa.TloaMod/]: Max Stamina50.0
[08Mar2025 17:22:36.385] [Render thread/INFO] [net.mcreator.tloa.TloaMod/]: Current Stamina:10.6
[08Mar2025 17:22:36.385] [Render thread/INFO] [net.mcreator.tloa.TloaMod/]: Rounded Stamina11
[08Mar2025 17:22:36.385] [Render thread/INFO] [net.mcreator.tloa.TloaMod/]: Can Stamina:true
[08Mar2025 17:22:36.385] [Render thread/INFO] [net.mcreator.tloa.TloaMod/]: Max Stamina50.0
[08Mar2025 17:22:36.427] [Server thread/INFO] [net.mcreator.tloa.TloaMod/]: Current Stamina:10.6
[08Mar2025 17:22:36.427] [Server thread/INFO] [net.mcreator.tloa.TloaMod/]: Rounded Stamina11
[08Mar2025 17:22:36.427] [Server thread/INFO] [net.mcreator.tloa.TloaMod/]: Can Stamina:true
[08Mar2025 17:22:36.427] [Server thread/INFO] [net.mcreator.tloa.TloaMod/]: Max Stamina50.0
[08Mar2025 17:22:36.437] [Render thread/INFO] [net.mcreator.tloa.TloaMod/]: Current Stamina:11.1
[08Mar2025 17:22:36.437] [Render thread/INFO] [net.mcreator.tloa.TloaMod/]: Rounded Stamina11
[08Mar2025 17:22:36.437] [Render thread/INFO] [net.mcreator.tloa.TloaMod/]: Can Stamina:true
[08Mar2025 17:22:36.437] [Render thread/INFO] [net.mcreator.tloa.TloaMod/]: Max Stamina50.0
[08Mar2025 17:22:36.481] [Server thread/INFO] [net.mcreator.tloa.TloaMod/]: Current Stamina:11.1
[08Mar2025 17:22:36.482] [Server thread/INFO] [net.mcreator.tloa.TloaMod/]: Rounded Stamina11
[08Mar2025 17:22:36.482] [Server thread/INFO] [net.mcreator.tloa.TloaMod/]: Can Stamina:true
[08Mar2025 17:22:36.482] [Server thread/INFO] [net.mcreator.tloa.TloaMod/]: Max Stamina50.0
[08Mar2025 17:22:36.486] [Render thread/INFO] [net.mcreator.tloa.TloaMod/]: Current Stamina:11.6
[08Mar2025 17:22:36.486] [Render thread/INFO] [net.mcreator.tloa.TloaMod/]: Rounded Stamina12
[08Mar2025 17:22:36.486] [Render thread/INFO] [net.mcreator.tloa.TloaMod/]: Can Stamina:true
[08Mar2025 17:22:36.486] [Render thread/INFO] [net.mcreator.tloa.TloaMod/]: Max Stamina50.0
[08Mar2025 17:22:36.527] [Server thread/INFO] [net.mcreator.tloa.TloaMod/]: Current Stamina:11.6
[08Mar2025 17:22:36.528] [Server thread/INFO] [net.mcreator.tloa.TloaMod/]: Rounded Stamina12
[08Mar2025 17:22:36.528] [Server thread/INFO] [net.mcreator.tloa.TloaMod/]: Can Stamina:true
[08Mar2025 17:22:36.528] [Server thread/INFO] [net.mcreator.tloa.TloaMod/]: Max Stamina50.0
[08Mar2025 17:22:36.536] [Render thread/INFO] [net.mcreator.tloa.TloaMod/]: Current Stamina:12.1
[08Mar2025 17:22:36.536] [Render thread/INFO] [net.mcreator.tloa.TloaMod/]: Rounded Stamina12
[08Mar2025 17:22:36.536] [Render thread/INFO] [net.mcreator.tloa.TloaMod/]: Can Stamina:true
[08Mar2025 17:22:36.536] [Render thread/INFO] [net.mcreator.tloa.TloaMod/]: Max Stamina50.0
[08Mar2025 17:22:36.578] [Server thread/INFO] [net.mcreator.tloa.TloaMod/]: Current Stamina:12.1
[08Mar2025 17:22:36.578] [Server thread/INFO] [net.mcreator.tloa.TloaMod/]: Rounded Stamina12
[08Mar2025 17:22:36.578] [Server thread/INFO] [net.mcreator.tloa.TloaMod/]: Can Stamina:true
[08Mar2025 17:22:36.578] [Server thread/INFO] [net.mcreator.tloa.TloaMod/]: Max Stamina50.0
[08Mar2025 17:22:36.587] [Render thread/INFO] [net.mcreator.tloa.TloaMod/]: Current Stamina:12.6
[08Mar2025 17:22:36.587] [Render thread/INFO] [net.mcreator.tloa.TloaMod/]: Rounded Stamina13
[08Mar2025 17:22:36.587] [Render thread/INFO] [net.mcreator.tloa.TloaMod/]: Can Stamina:true
[08Mar2025 17:22:36.587] [Render thread/INFO] [net.mcreator.tloa.TloaMod/]: Max Stamina50.0
[08Mar2025 17:22:36.629] [Server thread/INFO] [net.mcreator.tloa.TloaMod/]: Current Stamina:12.6
[08Mar2025 17:22:36.629] [Server thread/INFO] [net.mcreator.tloa.TloaMod/]: Rounded Stamina13
[08Mar2025 17:22:36.629] [Server thread/INFO] [net.mcreator.tloa.TloaMod/]: Can Stamina:true
[08Mar2025 17:22:36.629] [Server thread/INFO] [net.mcreator.tloa.TloaMod/]: Max Stamina50.0
[08Mar2025 17:22:36.636] [Render thread/INFO] [net.mcreator.tloa.TloaMod/]: Current Stamina:13.1
[08Mar2025 17:22:36.637] [Render thread/INFO] [net.mcreator.tloa.TloaMod/]: Rounded Stamina13
[08Mar2025 17:22:36.637] [Render thread/INFO] [net.mcreator.tloa.TloaMod/]: Can Stamina:true
[08Mar2025 17:22:36.637] [Render thread/INFO] [net.mcreator.tloa.TloaMod/]: Max Stamina50.0
[08Mar2025 17:22:36.678] [Server thread/INFO] [net.mcreator.tloa.TloaMod/]: Current Stamina:13.1
[08Mar2025 17:22:36.678] [Server thread/INFO] [net.mcreator.tloa.TloaMod/]: Rounded Stamina13
[08Mar2025 17:22:36.678] [Server thread/INFO] [net.mcreator.tloa.TloaMod/]: Can Stamina:true
[08Mar2025 17:22:36.678] [Server thread/INFO] [net.mcreator.tloa.TloaMod/]: Max Stamina50.0
[08Mar2025 17:22:36.686] [Render thread/INFO] [net.mcreator.tloa.TloaMod/]: Current Stamina:13.6
[08Mar2025 17:22:36.686] [Render thread/INFO] [net.mcreator.tloa.TloaMod/]: Rounded Stamina14
[08Mar2025 17:22:36.686] [Render thread/INFO] [net.mcreator.tloa.TloaMod/]: Can Stamina:true
[08Mar2025 17:22:36.687] [Render thread/INFO] [net.mcreator.tloa.TloaMod/]: Max Stamina50.0
[08Mar2025 17:22:36.727] [Server thread/INFO] [net.mcreator.tloa.TloaMod/]: Current Stamina:13.6
[08Mar2025 17:22:36.727] [Server thread/INFO] [net.mcreator.tloa.TloaMod/]: Rounded Stamina14
[08Mar2025 17:22:36.727] [Server thread/INFO] [net.mcreator.tloa.TloaMod/]: Can Stamina:true
[08Mar2025 17:22:36.727] [Server thread/INFO] [net.mcreator.tloa.TloaMod/]: Max Stamina50.0
[08Mar2025 17:22:36.736] [Render thread/INFO] [net.mcreator.tloa.TloaMod/]: Current Stamina:14.1
[08Mar2025 17:22:36.736] [Render thread/INFO] [net.mcreator.tloa.TloaMod/]: Rounded Stamina14
[08Mar2025 17:22:36.736] [Render thread/INFO] [net.mcreator.tloa.TloaMod/]: Can Stamina:true
[08Mar2025 17:22:36.736] [Render thread/INFO] [net.mcreator.tloa.TloaMod/]: Max Stamina50.0
[08Mar2025 17:22:36.777] [Server thread/INFO] [net.mcreator.tloa.TloaMod/]: Current Stamina:14.1
[08Mar2025 17:22:36.777] [Server thread/INFO] [net.mcreator.tloa.TloaMod/]: Rounded Stamina14
[08Mar2025 17:22:36.777] [Server thread/INFO] [net.mcreator.tloa.TloaMod/]: Can Stamina:true
[08Mar2025 17:22:36.778] [Server thread/INFO] [net.mcreator.tloa.TloaMod/]: Max Stamina50.0
[08Mar2025 17:22:36.786] [Render thread/INFO] [net.mcreator.tloa.TloaMod/]: Current Stamina:14.6
[08Mar2025 17:22:36.786] [Render thread/INFO] [net.mcreator.tloa.TloaMod/]: Rounded Stamina15
[08Mar2025 17:22:36.786] [Render thread/INFO] [net.mcreator.tloa.TloaMod/]: Can Stamina:true
[08Mar2025 17:22:36.786] [Render thread/INFO] [net.mcreator.tloa.TloaMod/]: Max Stamina50.0
[08Mar2025 17:22:36.826] [Server thread/INFO] [net.mcreator.tloa.TloaMod/]: Current Stamina:14.6
[08Mar2025 17:22:36.826] [Server thread/INFO] [net.mcreator.tloa.TloaMod/]: Rounded Stamina15
[08Mar2025 17:22:36.826] [Server thread/INFO] [net.mcreator.tloa.TloaMod/]: Can Stamina:true
[08Mar2025 17:22:36.826] [Server thread/INFO] [net.mcreator.tloa.TloaMod/]: Max Stamina50.0
[08Mar2025 17:22:36.836] [Render thread/INFO] [net.mcreator.tloa.TloaMod/]: Current Stamina:15.1
[08Mar2025 17:22:36.836] [Render thread/INFO] [net.mcreator.tloa.TloaMod/]: Rounded Stamina15
[08Mar2025 17:22:36.836] [Render thread/INFO] [net.mcreator.tloa.TloaMod/]: Can Stamina:true
[08Mar2025 17:22:36.836] [Render thread/INFO] [net.mcreator.tloa.TloaMod/]: Max Stamina50.0
[08Mar2025 17:22:36.876] [Server thread/INFO] [net.mcreator.tloa.TloaMod/]: Current Stamina:15.1
[08Mar2025 17:22:36.876] [Server thread/INFO] [net.mcreator.tloa.TloaMod/]: Rounded Stamina15
[08Mar2025 17:22:36.876] [Server thread/INFO] [net.mcreator.tloa.TloaMod/]: Can Stamina:true
[08Mar2025 17:22:36.876] [Server thread/INFO] [net.mcreator.tloa.TloaMod/]: Max Stamina50.0
[08Mar2025 17:22:36.887] [Render thread/INFO] [net.mcreator.tloa.TloaMod/]: Current Stamina:15.6
[08Mar2025 17:22:36.887] [Render thread/INFO] [net.mcreator.tloa.TloaMod/]: Rounded Stamina16
[08Mar2025 17:22:36.887] [Render thread/INFO] [net.mcreator.tloa.TloaMod/]: Can Stamina:true
[08Mar2025 17:22:36.887] [Render thread/INFO] [net.mcreator.tloa.TloaMod/]: Max Stamina50.0
[08Mar2025 17:22:36.925] [Server thread/INFO] [net.mcreator.tloa.TloaMod/]: Current Stamina:15.6
[08Mar2025 17:22:36.926] [Server thread/INFO] [net.mcreator.tloa.TloaMod/]: Rounded Stamina16
[08Mar2025 17:22:36.926] [Server thread/INFO] [net.mcreator.tloa.TloaMod/]: Can Stamina:true
[08Mar2025 17:22:36.926] [Server thread/INFO] [net.mcreator.tloa.TloaMod/]: Max Stamina50.0
[08Mar2025 17:22:36.938] [Render thread/INFO] [net.mcreator.tloa.TloaMod/]: Current Stamina:16.1
[08Mar2025 17:22:36.938] [Render thread/INFO] [net.mcreator.tloa.TloaMod/]: Rounded Stamina16
[08Mar2025 17:22:36.938] [Render thread/INFO] [net.mcreator.tloa.TloaMod/]: Can Stamina:true
[08Mar2025 17:22:36.938] [Render thread/INFO] [net.mcreator.tloa.TloaMod/]: Max Stamina50.0
[08Mar2025 17:22:36.975] [Server thread/INFO] [net.mcreator.tloa.TloaMod/]: Current Stamina:16.1
[08Mar2025 17:22:36.975] [Server thread/INFO] [net.mcreator.tloa.TloaMod/]: Rounded Stamina16
[08Mar2025 17:22:36.975] [Server thread/INFO] [net.mcreator.tloa.TloaMod/]: Can Stamina:true
[08Mar2025 17:22:36.975] [Server thread/INFO] [net.mcreator.tloa.TloaMod/]: Max Stamina50.0
[08Mar2025 17:22:36.984] [Render thread/INFO] [net.mcreator.tloa.TloaMod/]: Current Stamina:16.6
[08Mar2025 17:22:36.986] [Render thread/INFO] [net.mcreator.tloa.TloaMod/]: Rounded Stamina17
[08Mar2025 17:22:36.986] [Render thread/INFO] [net.mcreator.tloa.TloaMod/]: Can Stamina:true
[08Mar2025 17:22:36.986] [Render thread/INFO] [net.mcreator.tloa.TloaMod/]: Max Stamina50.0
[08Mar2025 17:22:37.024] [Server thread/INFO] [net.mcreator.tloa.TloaMod/]: Current Stamina:16.6
[08Mar2025 17:22:37.025] [Server thread/INFO] [net.mcreator.tloa.TloaMod/]: Rounded Stamina17
[08Mar2025 17:22:37.025] [Server thread/INFO] [net.mcreator.tloa.TloaMod/]: Can Stamina:true
[08Mar2025 17:22:37.025] [Server thread/INFO] [net.mcreator.tloa.TloaMod/]: Max Stamina50.0
[08Mar2025 17:22:37.037] [Render thread/INFO] [net.mcreator.tloa.TloaMod/]: Current Stamina:16.3
[08Mar2025 17:22:37.037] [Render thread/INFO] [net.mcreator.tloa.TloaMod/]: Rounded Stamina16
[08Mar2025 17:22:37.037] [Render thread/INFO] [net.mcreator.tloa.TloaMod/]: Can Stamina:true
[08Mar2025 17:22:37.037] [Render thread/INFO] [net.mcreator.tloa.TloaMod/]: Max Stamina50.0
[08Mar2025 17:22:37.076] [Server thread/INFO] [net.mcreator.tloa.TloaMod/]: Current Stamina:16.3
[08Mar2025 17:22:37.076] [Server thread/INFO] [net.mcreator.tloa.TloaMod/]: Rounded Stamina16
[08Mar2025 17:22:37.076] [Server thread/INFO] [net.mcreator.tloa.TloaMod/]: Can Stamina:true
[08Mar2025 17:22:37.076] [Server thread/INFO] [net.mcreator.tloa.TloaMod/]: Max Stamina50.0
[08Mar2025 17:22:37.086] [Render thread/INFO] [net.mcreator.tloa.TloaMod/]: Current Stamina:16
[08Mar2025 17:22:37.086] [Render thread/INFO] [net.mcreator.tloa.TloaMod/]: Rounded Stamina16
[08Mar2025 17:22:37.086] [Render thread/INFO] [net.mcreator.tloa.TloaMod/]: Can Stamina:true
[08Mar2025 17:22:37.086] [Render thread/INFO] [net.mcreator.tloa.TloaMod/]: Max Stamina50.0
[08Mar2025 17:22:37.125] [Server thread/INFO] [net.mcreator.tloa.TloaMod/]: Current Stamina:16
[08Mar2025 17:22:37.125] [Server thread/INFO] [net.mcreator.tloa.TloaMod/]: Rounded Stamina16
[08Mar2025 17:22:37.125] [Server thread/INFO] [net.mcreator.tloa.TloaMod/]: Can Stamina:true
[08Mar2025 17:22:37.125] [Server thread/INFO] [net.mcreator.tloa.TloaMod/]: Max Stamina50.0
[08Mar2025 17:22:37.136] [Render thread/INFO] [net.mcreator.tloa.TloaMod/]: Current Stamina:15.7
[08Mar2025 17:22:37.136] [Render thread/INFO] [net.mcreator.tloa.TloaMod/]: Rounded Stamina16
[08Mar2025 17:22:37.136] [Render thread/INFO] [net.mcreator.tloa.TloaMod/]: Can Stamina:true
[08Mar2025 17:22:37.136] [Render thread/INFO] [net.mcreator.tloa.TloaMod/]: Max Stamina50.0
[08Mar2025 17:22:37.175] [Server thread/INFO] [net.mcreator.tloa.TloaMod/]: Current Stamina:15.7
[08Mar2025 17:22:37.176] [Server thread/INFO] [net.mcreator.tloa.TloaMod/]: Rounded Stamina16
[08Mar2025 17:22:37.176] [Server thread/INFO] [net.mcreator.tloa.TloaMod/]: Can Stamina:true
[08Mar2025 17:22:37.176] [Server thread/INFO] [net.mcreator.tloa.TloaMod/]: Max Stamina50.0
[08Mar2025 17:22:37.184] [Render thread/INFO] [net.mcreator.tloa.TloaMod/]: Current Stamina:15.4
[08Mar2025 17:22:37.186] [Render thread/INFO] [net.mcreator.tloa.TloaMod/]: Rounded Stamina15
[08Mar2025 17:22:37.186] [Render thread/INFO] [net.mcreator.tloa.TloaMod/]: Can Stamina:true
[08Mar2025 17:22:37.186] [Render thread/INFO] [net.mcreator.tloa.TloaMod/]: Max Stamina50.0
[08Mar2025 17:22:37.227] [Server thread/INFO] [net.mcreator.tloa.TloaMod/]: Current Stamina:15.4
[08Mar2025 17:22:37.227] [Server thread/INFO] [net.mcreator.tloa.TloaMod/]: Rounded Stamina15
[08Mar2025 17:22:37.227] [Server thread/INFO] [net.mcreator.tloa.TloaMod/]: Can Stamina:true
[08Mar2025 17:22:37.227] [Server thread/INFO] [net.mcreator.tloa.TloaMod/]: Max Stamina50.0
[08Mar2025 17:22:37.237] [Render thread/INFO] [net.mcreator.tloa.TloaMod/]: Current Stamina:15.1
[08Mar2025 17:22:37.238] [Render thread/INFO] [net.mcreator.tloa.TloaMod/]: Rounded Stamina15
[08Mar2025 17:22:37.238] [Render thread/INFO] [net.mcreator.tloa.TloaMod/]: Can Stamina:true
[08Mar2025 17:22:37.238] [Render thread/INFO] [net.mcreator.tloa.TloaMod/]: Max Stamina50.0
[08Mar2025 17:22:37.276] [Server thread/INFO] [net.mcreator.tloa.TloaMod/]: Current Stamina:15.1
[08Mar2025 17:22:37.276] [Server thread/INFO] [net.mcreator.tloa.TloaMod/]: Rounded Stamina15
[08Mar2025 17:22:37.276] [Server thread/INFO] [net.mcreator.tloa.TloaMod/]: Can Stamina:true
[08Mar2025 17:22:37.276] [Server thread/INFO] [net.mcreator.tloa.TloaMod/]: Max Stamina50.0
[08Mar2025 17:22:37.285] [Render thread/INFO] [net.mcreator.tloa.TloaMod/]: Current Stamina:14.8
[08Mar2025 17:22:37.285] [Render thread/INFO] [net.mcreator.tloa.TloaMod/]: Rounded Stamina15
[08Mar2025 17:22:37.285] [Render thread/INFO] [net.mcreator.tloa.TloaMod/]: Can Stamina:true
[08Mar2025 17:22:37.285] [Render thread/INFO] [net.mcreator.tloa.TloaMod/]: Max Stamina50.0
[08Mar2025 17:22:37.326] [Server thread/INFO] [net.mcreator.tloa.TloaMod/]: Current Stamina:14.8
[08Mar2025 17:22:37.326] [Server thread/INFO] [net.mcreator.tloa.TloaMod/]: Rounded Stamina15
[08Mar2025 17:22:37.326] [Server thread/INFO] [net.mcreator.tloa.TloaMod/]: Can Stamina:true
[08Mar2025 17:22:37.326] [Server thread/INFO] [net.mcreator.tloa.TloaMod/]: Max Stamina50.0
[08Mar2025 17:22:37.336] [Render thread/INFO] [net.mcreator.tloa.TloaMod/]: Current Stamina:14.5
[08Mar2025 17:22:37.336] [Render thread/INFO] [net.mcreator.tloa.TloaMod/]: Rounded Stamina15
[08Mar2025 17:22:37.336] [Render thread/INFO] [net.mcreator.tloa.TloaMod/]: Can Stamina:true
[08Mar2025 17:22:37.336] [Render thread/INFO] [net.mcreator.tloa.TloaMod/]: Max Stamina50.0
[08Mar2025 17:22:37.375] [Server thread/INFO] [net.mcreator.tloa.TloaMod/]: Current Stamina:14.5
[08Mar2025 17:22:37.376] [Server thread/INFO] [net.mcreator.tloa.TloaMod/]: Rounded Stamina15
[08Mar2025 17:22:37.376] [Server thread/INFO] [net.mcreator.tloa.TloaMod/]: Can Stamina:true
[08Mar2025 17:22:37.376] [Server thread/INFO] [net.mcreator.tloa.TloaMod/]: Max Stamina50.0
[08Mar2025 17:22:37.386] [Render thread/INFO] [net.mcreator.tloa.TloaMod/]: Current Stamina:14.2
[08Mar2025 17:22:37.386] [Render thread/INFO] [net.mcreator.tloa.TloaMod/]: Rounded Stamina14
[08Mar2025 17:22:37.386] [Render thread/INFO] [net.mcreator.tloa.TloaMod/]: Can Stamina:true
[08Mar2025 17:22:37.387] [Render thread/INFO] [net.mcreator.tloa.TloaMod/]: Max Stamina50.0
[08Mar2025 17:22:37.428] [Server thread/INFO] [net.mcreator.tloa.TloaMod/]: Current Stamina:14.2
[08Mar2025 17:22:37.428] [Server thread/INFO] [net.mcreator.tloa.TloaMod/]: Rounded Stamina14
[08Mar2025 17:22:37.428] [Server thread/INFO] [net.mcreator.tloa.TloaMod/]: Can Stamina:true
[08Mar2025 17:22:37.428] [Server thread/INFO] [net.mcreator.tloa.TloaMod/]: Max Stamina50.0
[08Mar2025 17:22:37.436] [Render thread/INFO] [net.mcreator.tloa.TloaMod/]: Current Stamina:13.9
[08Mar2025 17:22:37.436] [Render thread/INFO] [net.mcreator.tloa.TloaMod/]: Rounded Stamina14
[08Mar2025 17:22:37.436] [Render thread/INFO] [net.mcreator.tloa.TloaMod/]: Can Stamina:true
[08Mar2025 17:22:37.436] [Render thread/INFO] [net.mcreator.tloa.TloaMod/]: Max Stamina50.0
[08Mar2025 17:22:37.477] [Server thread/INFO] [net.mcreator.tloa.TloaMod/]: Current Stamina:13.9
[08Mar2025 17:22:37.477] [Server thread/INFO] [net.mcreator.tloa.TloaMod/]: Rounded Stamina14
[08Mar2025 17:22:37.477] [Server thread/INFO] [net.mcreator.tloa.TloaMod/]: Can Stamina:true
[08Mar2025 17:22:37.477] [Server thread/INFO] [net.mcreator.tloa.TloaMod/]: Max Stamina50.0
[08Mar2025 17:22:37.485] [Render thread/INFO] [net.mcreator.tloa.TloaMod/]: Current Stamina:13.6
[08Mar2025 17:22:37.485] [Render thread/INFO] [net.mcreator.tloa.TloaMod/]: Rounded Stamina14
[08Mar2025 17:22:37.485] [Render thread/INFO] [net.mcreator.tloa.TloaMod/]: Can Stamina:true
[08Mar2025 17:22:37.485] [Render thread/INFO] [net.mcreator.tloa.TloaMod/]: Max Stamina50.0
[08Mar2025 17:22:37.530] [Server thread/INFO] [net.mcreator.tloa.TloaMod/]: Current Stamina:13.6
[08Mar2025 17:22:37.530] [Server thread/INFO] [net.mcreator.tloa.TloaMod/]: Rounded Stamina14
[08Mar2025 17:22:37.530] [Server thread/INFO] [net.mcreator.tloa.TloaMod/]: Can Stamina:true
[08Mar2025 17:22:37.530] [Server thread/INFO] [net.mcreator.tloa.TloaMod/]: Max Stamina50.0
[08Mar2025 17:22:37.537] [Render thread/INFO] [net.mcreator.tloa.TloaMod/]: Current Stamina:13.3
[08Mar2025 17:22:37.537] [Render thread/INFO] [net.mcreator.tloa.TloaMod/]: Rounded Stamina13
[08Mar2025 17:22:37.537] [Render thread/INFO] [net.mcreator.tloa.TloaMod/]: Can Stamina:true
[08Mar2025 17:22:37.537] [Render thread/INFO] [net.mcreator.tloa.TloaMod/]: Max Stamina50.0
[08Mar2025 17:22:37.575] [Server thread/INFO] [net.mcreator.tloa.TloaMod/]: Current Stamina:13.3
[08Mar2025 17:22:37.575] [Server thread/INFO] [net.mcreator.tloa.TloaMod/]: Rounded Stamina13
[08Mar2025 17:22:37.575] [Server thread/INFO] [net.mcreator.tloa.TloaMod/]: Can Stamina:true
[08Mar2025 17:22:37.575] [Server thread/INFO] [net.mcreator.tloa.TloaMod/]: Max Stamina50.0
[08Mar2025 17:22:37.586] [Render thread/INFO] [net.mcreator.tloa.TloaMod/]: Current Stamina:13
[08Mar2025 17:22:37.587] [Render thread/INFO] [net.mcreator.tloa.TloaMod/]: Rounded Stamina13
[08Mar2025 17:22:37.587] [Render thread/INFO] [net.mcreator.tloa.TloaMod/]: Can Stamina:true
[08Mar2025 17:22:37.587] [Render thread/INFO] [net.mcreator.tloa.TloaMod/]: Max Stamina50.0
[08Mar2025 17:22:37.625] [Server thread/INFO] [net.mcreator.tloa.TloaMod/]: Current Stamina:13
[08Mar2025 17:22:37.627] [Server thread/INFO] [net.mcreator.tloa.TloaMod/]: Rounded Stamina13
[08Mar2025 17:22:37.627] [Server thread/INFO] [net.mcreator.tloa.TloaMod/]: Can Stamina:true
[08Mar2025 17:22:37.627] [Server thread/INFO] [net.mcreator.tloa.TloaMod/]: Max Stamina50.0
[08Mar2025 17:22:37.635] [Render thread/INFO] [net.mcreator.tloa.TloaMod/]: Current Stamina:12.7
[08Mar2025 17:22:37.635] [Render thread/INFO] [net.mcreator.tloa.TloaMod/]: Rounded Stamina13
[08Mar2025 17:22:37.635] [Render thread/INFO] [net.mcreator.tloa.TloaMod/]: Can Stamina:true
[08Mar2025 17:22:37.635] [Render thread/INFO] [net.mcreator.tloa.TloaMod/]: Max Stamina50.0
[08Mar2025 17:22:37.678] [Server thread/INFO] [net.mcreator.tloa.TloaMod/]: Current Stamina:12.7
[08Mar2025 17:22:37.678] [Server thread/INFO] [net.mcreator.tloa.TloaMod/]: Rounded Stamina13
[08Mar2025 17:22:37.678] [Server thread/INFO] [net.mcreator.tloa.TloaMod/]: Can Stamina:true
[08Mar2025 17:22:37.678] [Server thread/INFO] [net.mcreator.tloa.TloaMod/]: Max Stamina50.0
[08Mar2025 17:22:37.685] [Render thread/INFO] [net.mcreator.tloa.TloaMod/]: Current Stamina:12.4
[08Mar2025 17:22:37.686] [Render thread/INFO] [net.mcreator.tloa.TloaMod/]: Rounded Stamina12
[08Mar2025 17:22:37.686] [Render thread/INFO] [net.mcreator.tloa.TloaMod/]: Can Stamina:true
[08Mar2025 17:22:37.686] [Render thread/INFO] [net.mcreator.tloa.TloaMod/]: Max Stamina50.0
[08Mar2025 17:22:37.725] [Server thread/INFO] [net.mcreator.tloa.TloaMod/]: Current Stamina:12.4
[08Mar2025 17:22:37.725] [Server thread/INFO] [net.mcreator.tloa.TloaMod/]: Rounded Stamina12
[08Mar2025 17:22:37.725] [Server thread/INFO] [net.mcreator.tloa.TloaMod/]: Can Stamina:true
[08Mar2025 17:22:37.725] [Server thread/INFO] [net.mcreator.tloa.TloaMod/]: Max Stamina50.0
[08Mar2025 17:22:37.736] [Render thread/INFO] [net.mcreator.tloa.TloaMod/]: Current Stamina:12.1
[08Mar2025 17:22:37.736] [Render thread/INFO] [net.mcreator.tloa.TloaMod/]: Rounded Stamina12
[08Mar2025 17:22:37.736] [Render thread/INFO] [net.mcreator.tloa.TloaMod/]: Can Stamina:true
[08Mar2025 17:22:37.736] [Render thread/INFO] [net.mcreator.tloa.TloaMod/]: Max Stamina50.0
[08Mar2025 17:22:37.777] [Server thread/INFO] [net.mcreator.tloa.TloaMod/]: Current Stamina:12.1
[08Mar2025 17:22:37.778] [Server thread/INFO] [net.mcreator.tloa.TloaMod/]: Rounded Stamina12
[08Mar2025 17:22:37.778] [Server thread/INFO] [net.mcreator.tloa.TloaMod/]: Can Stamina:true
[08Mar2025 17:22:37.778] [Server thread/INFO] [net.mcreator.tloa.TloaMod/]: Max Stamina50.0
[08Mar2025 17:22:37.786] [Render thread/INFO] [net.mcreator.tloa.TloaMod/]: Current Stamina:11.8
[08Mar2025 17:22:37.786] [Render thread/INFO] [net.mcreator.tloa.TloaMod/]: Rounded Stamina12
[08Mar2025 17:22:37.786] [Render thread/INFO] [net.mcreator.tloa.TloaMod/]: Can Stamina:true
[08Mar2025 17:22:37.786] [Render thread/INFO] [net.mcreator.tloa.TloaMod/]: Max Stamina50.0
[08Mar2025 17:22:37.826] [Server thread/INFO] [net.mcreator.tloa.TloaMod/]: Current Stamina:11.8
[08Mar2025 17:22:37.826] [Server thread/INFO] [net.mcreator.tloa.TloaMod/]: Rounded Stamina12
[08Mar2025 17:22:37.826] [Server thread/INFO] [net.mcreator.tloa.TloaMod/]: Can Stamina:true
[08Mar2025 17:22:37.826] [Server thread/INFO] [net.mcreator.tloa.TloaMod/]: Max Stamina50.0
[08Mar2025 17:22:37.835] [Render thread/INFO] [net.mcreator.tloa.TloaMod/]: Current Stamina:11.5
[08Mar2025 17:22:37.835] [Render thread/INFO] [net.mcreator.tloa.TloaMod/]: Rounded Stamina12
[08Mar2025 17:22:37.835] [Render thread/INFO] [net.mcreator.tloa.TloaMod/]: Can Stamina:true
[08Mar2025 17:22:37.835] [Render thread/INFO] [net.mcreator.tloa.TloaMod/]: Max Stamina50.0
[08Mar2025 17:22:37.877] [Server thread/INFO] [net.mcreator.tloa.TloaMod/]: Current Stamina:11.5
[08Mar2025 17:22:37.877] [Server thread/INFO] [net.mcreator.tloa.TloaMod/]: Rounded Stamina12
[08Mar2025 17:22:37.877] [Server thread/INFO] [net.mcreator.tloa.TloaMod/]: Can Stamina:true
[08Mar2025 17:22:37.877] [Server thread/INFO] [net.mcreator.tloa.TloaMod/]: Max Stamina50.0
[08Mar2025 17:22:37.887] [Render thread/INFO] [net.mcreator.tloa.TloaMod/]: Current Stamina:11.2
[08Mar2025 17:22:37.887] [Render thread/INFO] [net.mcreator.tloa.TloaMod/]: Rounded Stamina11
[08Mar2025 17:22:37.887] [Render thread/INFO] [net.mcreator.tloa.TloaMod/]: Can Stamina:true
[08Mar2025 17:22:37.887] [Render thread/INFO] [net.mcreator.tloa.TloaMod/]: Max Stamina50.0
[08Mar2025 17:22:37.925] [Server thread/INFO] [net.mcreator.tloa.TloaMod/]: Current Stamina:11.2
[08Mar2025 17:22:37.925] [Server thread/INFO] [net.mcreator.tloa.TloaMod/]: Rounded Stamina11
[08Mar2025 17:22:37.925] [Server thread/INFO] [net.mcreator.tloa.TloaMod/]: Can Stamina:true
[08Mar2025 17:22:37.925] [Server thread/INFO] [net.mcreator.tloa.TloaMod/]: Max Stamina50.0
[08Mar2025 17:22:37.936] [Render thread/INFO] [net.mcreator.tloa.TloaMod/]: Current Stamina:10.9
[08Mar2025 17:22:37.936] [Render thread/INFO] [net.mcreator.tloa.TloaMod/]: Rounded Stamina11
[08Mar2025 17:22:37.937] [Render thread/INFO] [net.mcreator.tloa.TloaMod/]: Can Stamina:true
[08Mar2025 17:22:37.937] [Render thread/INFO] [net.mcreator.tloa.TloaMod/]: Max Stamina50.0
[08Mar2025 17:22:37.975] [Server thread/INFO] [net.mcreator.tloa.TloaMod/]: Current Stamina:10.9
[08Mar2025 17:22:37.975] [Server thread/INFO] [net.mcreator.tloa.TloaMod/]: Rounded Stamina11
[08Mar2025 17:22:37.975] [Server thread/INFO] [net.mcreator.tloa.TloaMod/]: Can Stamina:true
[08Mar2025 17:22:37.975] [Server thread/INFO] [net.mcreator.tloa.TloaMod/]: Max Stamina50.0
[08Mar2025 17:22:37.986] [Render thread/INFO] [net.mcreator.tloa.TloaMod/]: Current Stamina:10.6
[08Mar2025 17:22:37.986] [Render thread/INFO] [net.mcreator.tloa.TloaMod/]: Rounded Stamina11
[08Mar2025 17:22:37.986] [Render thread/INFO] [net.mcreator.tloa.TloaMod/]: Can Stamina:true
[08Mar2025 17:22:37.987] [Render thread/INFO] [net.mcreator.tloa.TloaMod/]: Max Stamina50.0
[08Mar2025 17:22:38.027] [Server thread/INFO] [net.mcreator.tloa.TloaMod/]: Current Stamina:10.6
[08Mar2025 17:22:38.027] [Server thread/INFO] [net.mcreator.tloa.TloaMod/]: Rounded Stamina11
[08Mar2025 17:22:38.027] [Server thread/INFO] [net.mcreator.tloa.TloaMod/]: Can Stamina:true
[08Mar2025 17:22:38.028] [Server thread/INFO] [net.mcreator.tloa.TloaMod/]: Max Stamina50.0
[08Mar2025 17:22:38.035] [Render thread/INFO] [net.mcreator.tloa.TloaMod/]: Current Stamina:10.3
[08Mar2025 17:22:38.035] [Render thread/INFO] [net.mcreator.tloa.TloaMod/]: Rounded Stamina10
[08Mar2025 17:22:38.035] [Render thread/INFO] [net.mcreator.tloa.TloaMod/]: Can Stamina:true
[08Mar2025 17:22:38.035] [Render thread/INFO] [net.mcreator.tloa.TloaMod/]: Max Stamina50.0
[08Mar2025 17:22:38.077] [Server thread/INFO] [net.mcreator.tloa.TloaMod/]: Current Stamina:10.3
[08Mar2025 17:22:38.077] [Server thread/INFO] [net.mcreator.tloa.TloaMod/]: Rounded Stamina10
[08Mar2025 17:22:38.077] [Server thread/INFO] [net.mcreator.tloa.TloaMod/]: Can Stamina:true
[08Mar2025 17:22:38.077] [Server thread/INFO] [net.mcreator.tloa.TloaMod/]: Max Stamina50.0
[08Mar2025 17:22:38.085] [Render thread/INFO] [net.mcreator.tloa.TloaMod/]: Current Stamina:10
[08Mar2025 17:22:38.086] [Render thread/INFO] [net.mcreator.tloa.TloaMod/]: Rounded Stamina10
[08Mar2025 17:22:38.086] [Render thread/INFO] [net.mcreator.tloa.TloaMod/]: Can Stamina:true
[08Mar2025 17:22:38.086] [Render thread/INFO] [net.mcreator.tloa.TloaMod/]: Max Stamina50.0
[08Mar2025 17:22:38.126] [Server thread/INFO] [net.mcreator.tloa.TloaMod/]: Current Stamina:10
[08Mar2025 17:22:38.126] [Server thread/INFO] [net.mcreator.tloa.TloaMod/]: Rounded Stamina10
[08Mar2025 17:22:38.126] [Server thread/INFO] [net.mcreator.tloa.TloaMod/]: Can Stamina:true
[08Mar2025 17:22:38.126] [Server thread/INFO] [net.mcreator.tloa.TloaMod/]: Max Stamina50.0
[08Mar2025 17:22:38.137] [Render thread/INFO] [net.mcreator.tloa.TloaMod/]: Current Stamina:9.7
[08Mar2025 17:22:38.137] [Render thread/INFO] [net.mcreator.tloa.TloaMod/]: Rounded Stamina10
[08Mar2025 17:22:38.137] [Render thread/INFO] [net.mcreator.tloa.TloaMod/]: Can Stamina:true
[08Mar2025 17:22:38.137] [Render thread/INFO] [net.mcreator.tloa.TloaMod/]: Max Stamina50.0
[08Mar2025 17:22:38.177] [Server thread/INFO] [net.mcreator.tloa.TloaMod/]: Current Stamina:9.7
[08Mar2025 17:22:38.177] [Server thread/INFO] [net.mcreator.tloa.TloaMod/]: Rounded Stamina10
[08Mar2025 17:22:38.177] [Server thread/INFO] [net.mcreator.tloa.TloaMod/]: Can Stamina:true
[08Mar2025 17:22:38.177] [Server thread/INFO] [net.mcreator.tloa.TloaMod/]: Max Stamina50.0
[08Mar2025 17:22:38.186] [Render thread/INFO] [net.mcreator.tloa.TloaMod/]: Current Stamina:9.4
[08Mar2025 17:22:38.186] [Render thread/INFO] [net.mcreator.tloa.TloaMod/]: Rounded Stamina9
[08Mar2025 17:22:38.186] [Render thread/INFO] [net.mcreator.tloa.TloaMod/]: Can Stamina:true
[08Mar2025 17:22:38.186] [Render thread/INFO] [net.mcreator.tloa.TloaMod/]: Max Stamina50.0
[08Mar2025 17:22:38.227] [Server thread/INFO] [net.mcreator.tloa.TloaMod/]: Current Stamina:9.4
[08Mar2025 17:22:38.227] [Server thread/INFO] [net.mcreator.tloa.TloaMod/]: Rounded Stamina9
[08Mar2025 17:22:38.227] [Server thread/INFO] [net.mcreator.tloa.TloaMod/]: Can Stamina:true
[08Mar2025 17:22:38.227] [Server thread/INFO] [net.mcreator.tloa.TloaMod/]: Max Stamina50.0
[08Mar2025 17:22:38.235] [Render thread/INFO] [net.mcreator.tloa.TloaMod/]: Current Stamina:9.1
[08Mar2025 17:22:38.236] [Render thread/INFO] [net.mcreator.tloa.TloaMod/]: Rounded Stamina9
[08Mar2025 17:22:38.236] [Render thread/INFO] [net.mcreator.tloa.TloaMod/]: Can Stamina:true
[08Mar2025 17:22:38.236] [Render thread/INFO] [net.mcreator.tloa.TloaMod/]: Max Stamina50.0
[08Mar2025 17:22:38.285] [Server thread/INFO] [net.mcreator.tloa.TloaMod/]: Current Stamina:9.1
[08Mar2025 17:22:38.285] [Server thread/INFO] [net.mcreator.tloa.TloaMod/]: Rounded Stamina9
[08Mar2025 17:22:38.285] [Server thread/INFO] [net.mcreator.tloa.TloaMod/]: Can Stamina:true
[08Mar2025 17:22:38.285] [Server thread/INFO] [net.mcreator.tloa.TloaMod/]: Max Stamina50.0
[08Mar2025 17:22:38.286] [Render thread/INFO] [net.mcreator.tloa.TloaMod/]: Current Stamina:8.8
[08Mar2025 17:22:38.287] [Render thread/INFO] [net.mcreator.tloa.TloaMod/]: Rounded Stamina9
[08Mar2025 17:22:38.287] [Render thread/INFO] [net.mcreator.tloa.TloaMod/]: Can Stamina:true
[08Mar2025 17:22:38.287] [Render thread/INFO] [net.mcreator.tloa.TloaMod/]: Max Stamina50.0
[08Mar2025 17:22:38.325] [Server thread/INFO] [net.mcreator.tloa.TloaMod/]: Current Stamina:8.8
[08Mar2025 17:22:38.326] [Server thread/INFO] [net.mcreator.tloa.TloaMod/]: Rounded Stamina9
[08Mar2025 17:22:38.326] [Server thread/INFO] [net.mcreator.tloa.TloaMod/]: Can Stamina:true
[08Mar2025 17:22:38.326] [Server thread/INFO] [net.mcreator.tloa.TloaMod/]: Max Stamina50.0
[08Mar2025 17:22:38.336] [Render thread/INFO] [net.mcreator.tloa.TloaMod/]: Current Stamina:8.5
[08Mar2025 17:22:38.336] [Render thread/INFO] [net.mcreator.tloa.TloaMod/]: Rounded Stamina9
[08Mar2025 17:22:38.336] [Render thread/INFO] [net.mcreator.tloa.TloaMod/]: Can Stamina:true
[08Mar2025 17:22:38.336] [Render thread/INFO] [net.mcreator.tloa.TloaMod/]: Max Stamina50.0
[08Mar2025 17:22:38.383] [Server thread/INFO] [net.mcreator.tloa.TloaMod/]: Current Stamina:8.5
[08Mar2025 17:22:38.383] [Server thread/INFO] [net.mcreator.tloa.TloaMod/]: Rounded Stamina9
[08Mar2025 17:22:38.383] [Server thread/INFO] [net.mcreator.tloa.TloaMod/]: Can Stamina:true
[08Mar2025 17:22:38.384] [Server thread/INFO] [net.mcreator.tloa.TloaMod/]: Max Stamina50.0
[08Mar2025 17:22:38.386] [Render thread/INFO] [net.mcreator.tloa.TloaMod/]: Current Stamina:8.2
[08Mar2025 17:22:38.386] [Render thread/INFO] [net.mcreator.tloa.TloaMod/]: Rounded Stamina8
[08Mar2025 17:22:38.386] [Render thread/INFO] [net.mcreator.tloa.TloaMod/]: Can Stamina:true
[08Mar2025 17:22:38.386] [Render thread/INFO] [net.mcreator.tloa.TloaMod/]: Max Stamina50.0
[08Mar2025 17:22:38.428] [Server thread/INFO] [net.mcreator.tloa.TloaMod/]: Current Stamina:8.2
[08Mar2025 17:22:38.428] [Server thread/INFO] [net.mcreator.tloa.TloaMod/]: Rounded Stamina8
[08Mar2025 17:22:38.428] [Server thread/INFO] [net.mcreator.tloa.TloaMod/]: Can Stamina:true
[08Mar2025 17:22:38.428] [Server thread/INFO] [net.mcreator.tloa.TloaMod/]: Max Stamina50.0
[08Mar2025 17:22:38.436] [Render thread/INFO] [net.mcreator.tloa.TloaMod/]: Current Stamina:7.9
[08Mar2025 17:22:38.437] [Render thread/INFO] [net.mcreator.tloa.TloaMod/]: Rounded Stamina8
[08Mar2025 17:22:38.437] [Render thread/INFO] [net.mcreator.tloa.TloaMod/]: Can Stamina:true
[08Mar2025 17:22:38.437] [Render thread/INFO] [net.mcreator.tloa.TloaMod/]: Max Stamina50.0
[08Mar2025 17:22:38.477] [Server thread/INFO] [net.mcreator.tloa.TloaMod/]: Current Stamina:7.9
[08Mar2025 17:22:38.477] [Server thread/INFO] [net.mcreator.tloa.TloaMod/]: Rounded Stamina8
[08Mar2025 17:22:38.477] [Server thread/INFO] [net.mcreator.tloa.TloaMod/]: Can Stamina:true
[08Mar2025 17:22:38.478] [Server thread/INFO] [net.mcreator.tloa.TloaMod/]: Max Stamina50.0
[08Mar2025 17:22:38.485] [Render thread/INFO] [net.mcreator.tloa.TloaMod/]: Current Stamina:7.6
[08Mar2025 17:22:38.487] [Render thread/INFO] [net.mcreator.tloa.TloaMod/]: Rounded Stamina8
[08Mar2025 17:22:38.487] [Render thread/INFO] [net.mcreator.tloa.TloaMod/]: Can Stamina:true
[08Mar2025 17:22:38.487] [Render thread/INFO] [net.mcreator.tloa.TloaMod/]: Max Stamina50.0
[08Mar2025 17:22:38.528] [Server thread/INFO] [net.mcreator.tloa.TloaMod/]: Current Stamina:7.6
[08Mar2025 17:22:38.529] [Server thread/INFO] [net.mcreator.tloa.TloaMod/]: Rounded Stamina8
[08Mar2025 17:22:38.529] [Server thread/INFO] [net.mcreator.tloa.TloaMod/]: Can Stamina:true
[08Mar2025 17:22:38.529] [Server thread/INFO] [net.mcreator.tloa.TloaMod/]: Max Stamina50.0
[08Mar2025 17:22:38.537] [Render thread/INFO] [net.mcreator.tloa.TloaMod/]: Current Stamina:7.3
[08Mar2025 17:22:38.537] [Render thread/INFO] [net.mcreator.tloa.TloaMod/]: Rounded Stamina7
[08Mar2025 17:22:38.537] [Render thread/INFO] [net.mcreator.tloa.TloaMod/]: Can Stamina:true
[08Mar2025 17:22:38.538] [Render thread/INFO] [net.mcreator.tloa.TloaMod/]: Max Stamina50.0
[08Mar2025 17:22:38.578] [Server thread/INFO] [net.mcreator.tloa.TloaMod/]: Current Stamina:7.3
[08Mar2025 17:22:38.578] [Server thread/INFO] [net.mcreator.tloa.TloaMod/]: Rounded Stamina7
[08Mar2025 17:22:38.578] [Server thread/INFO] [net.mcreator.tloa.TloaMod/]: Can Stamina:true
[08Mar2025 17:22:38.578] [Server thread/INFO] [net.mcreator.tloa.TloaMod/]: Max Stamina50.0
[08Mar2025 17:22:38.586] [Render thread/INFO] [net.mcreator.tloa.TloaMod/]: Current Stamina:7
[08Mar2025 17:22:38.587] [Render thread/INFO] [net.mcreator.tloa.TloaMod/]: Rounded Stamina7
[08Mar2025 17:22:38.587] [Render thread/INFO] [net.mcreator.tloa.TloaMod/]: Can Stamina:true
[08Mar2025 17:22:38.587] [Render thread/INFO] [net.mcreator.tloa.TloaMod/]: Max Stamina50.0
[08Mar2025 17:22:38.626] [Server thread/INFO] [net.mcreator.tloa.TloaMod/]: Current Stamina:7
[08Mar2025 17:22:38.626] [Server thread/INFO] [net.mcreator.tloa.TloaMod/]: Rounded Stamina7
[08Mar2025 17:22:38.626] [Server thread/INFO] [net.mcreator.tloa.TloaMod/]: Can Stamina:true
[08Mar2025 17:22:38.626] [Server thread/INFO] [net.mcreator.tloa.TloaMod/]: Max Stamina50.0
[08Mar2025 17:22:38.637] [Render thread/INFO] [net.mcreator.tloa.TloaMod/]: Current Stamina:6.7
[08Mar2025 17:22:38.637] [Render thread/INFO] [net.mcreator.tloa.TloaMod/]: Rounded Stamina7
[08Mar2025 17:22:38.637] [Render thread/INFO] [net.mcreator.tloa.TloaMod/]: Can Stamina:true
[08Mar2025 17:22:38.637] [Render thread/INFO] [net.mcreator.tloa.TloaMod/]: Max Stamina50.0
[08Mar2025 17:22:38.678] [Server thread/INFO] [net.mcreator.tloa.TloaMod/]: Current Stamina:6.7
[08Mar2025 17:22:38.678] [Server thread/INFO] [net.mcreator.tloa.TloaMod/]: Rounded Stamina7
[08Mar2025 17:22:38.678] [Server thread/INFO] [net.mcreator.tloa.TloaMod/]: Can Stamina:true
[08Mar2025 17:22:38.679] [Server thread/INFO] [net.mcreator.tloa.TloaMod/]: Max Stamina50.0
[08Mar2025 17:22:38.685] [Render thread/INFO] [net.mcreator.tloa.TloaMod/]: Current Stamina:6.4
[08Mar2025 17:22:38.685] [Render thread/INFO] [net.mcreator.tloa.TloaMod/]: Rounded Stamina6
[08Mar2025 17:22:38.685] [Render thread/INFO] [net.mcreator.tloa.TloaMod/]: Can Stamina:true
[08Mar2025 17:22:38.685] [Render thread/INFO] [net.mcreator.tloa.TloaMod/]: Max Stamina50.0
[08Mar2025 17:22:38.729] [Server thread/INFO] [net.mcreator.tloa.TloaMod/]: Current Stamina:6.4
[08Mar2025 17:22:38.729] [Server thread/INFO] [net.mcreator.tloa.TloaMod/]: Rounded Stamina6
[08Mar2025 17:22:38.729] [Server thread/INFO] [net.mcreator.tloa.TloaMod/]: Can Stamina:true
[08Mar2025 17:22:38.729] [Server thread/INFO] [net.mcreator.tloa.TloaMod/]: Max Stamina50.0
[08Mar2025 17:22:38.737] [Render thread/INFO] [net.mcreator.tloa.TloaMod/]: Current Stamina:6.1
[08Mar2025 17:22:38.738] [Render thread/INFO] [net.mcreator.tloa.TloaMod/]: Rounded Stamina6
[08Mar2025 17:22:38.738] [Render thread/INFO] [net.mcreator.tloa.TloaMod/]: Can Stamina:true
[08Mar2025 17:22:38.738] [Render thread/INFO] [net.mcreator.tloa.TloaMod/]: Max Stamina50.0
[08Mar2025 17:22:38.777] [Server thread/INFO] [net.mcreator.tloa.TloaMod/]: Current Stamina:6.1
[08Mar2025 17:22:38.777] [Server thread/INFO] [net.mcreator.tloa.TloaMod/]: Rounded Stamina6
[08Mar2025 17:22:38.777] [Server thread/INFO] [net.mcreator.tloa.TloaMod/]: Can Stamina:true
[08Mar2025 17:22:38.777] [Server thread/INFO] [net.mcreator.tloa.TloaMod/]: Max Stamina50.0
[08Mar2025 17:22:38.786] [Render thread/INFO] [net.mcreator.tloa.TloaMod/]: Current Stamina:5.8
[08Mar2025 17:22:38.787] [Render thread/INFO] [net.mcreator.tloa.TloaMod/]: Rounded Stamina6
[08Mar2025 17:22:38.787] [Render thread/INFO] [net.mcreator.tloa.TloaMod/]: Can Stamina:true
[08Mar2025 17:22:38.787] [Render thread/INFO] [net.mcreator.tloa.TloaMod/]: Max Stamina50.0
[08Mar2025 17:22:38.826] [Server thread/INFO] [net.mcreator.tloa.TloaMod/]: Current Stamina:5.8
[08Mar2025 17:22:38.826] [Server thread/INFO] [net.mcreator.tloa.TloaMod/]: Rounded Stamina6
[08Mar2025 17:22:38.826] [Server thread/INFO] [net.mcreator.tloa.TloaMod/]: Can Stamina:true
[08Mar2025 17:22:38.826] [Server thread/INFO] [net.mcreator.tloa.TloaMod/]: Max Stamina50.0
[08Mar2025 17:22:38.836] [Render thread/INFO] [net.mcreator.tloa.TloaMod/]: Current Stamina:5.5
[08Mar2025 17:22:38.836] [Render thread/INFO] [net.mcreator.tloa.TloaMod/]: Rounded Stamina6
[08Mar2025 17:22:38.837] [Render thread/INFO] [net.mcreator.tloa.TloaMod/]: Can Stamina:true
[08Mar2025 17:22:38.837] [Render thread/INFO] [net.mcreator.tloa.TloaMod/]: Max Stamina50.0
[08Mar2025 17:22:38.877] [Server thread/INFO] [net.mcreator.tloa.TloaMod/]: Current Stamina:5.5
[08Mar2025 17:22:38.878] [Server thread/INFO] [net.mcreator.tloa.TloaMod/]: Rounded Stamina6
[08Mar2025 17:22:38.878] [Server thread/INFO] [net.mcreator.tloa.TloaMod/]: Can Stamina:true
[08Mar2025 17:22:38.878] [Server thread/INFO] [net.mcreator.tloa.TloaMod/]: Max Stamina50.0
[08Mar2025 17:22:38.887] [Render thread/INFO] [net.mcreator.tloa.TloaMod/]: Current Stamina:5.2
[08Mar2025 17:22:38.887] [Render thread/INFO] [net.mcreator.tloa.TloaMod/]: Rounded Stamina5
[08Mar2025 17:22:38.887] [Render thread/INFO] [net.mcreator.tloa.TloaMod/]: Can Stamina:true
[08Mar2025 17:22:38.887] [Render thread/INFO] [net.mcreator.tloa.TloaMod/]: Max Stamina50.0
[08Mar2025 17:22:38.932] [Server thread/INFO] [net.mcreator.tloa.TloaMod/]: Current Stamina:5.2
[08Mar2025 17:22:38.932] [Server thread/INFO] [net.mcreator.tloa.TloaMod/]: Rounded Stamina5
[08Mar2025 17:22:38.932] [Server thread/INFO] [net.mcreator.tloa.TloaMod/]: Can Stamina:true
[08Mar2025 17:22:38.932] [Server thread/INFO] [net.mcreator.tloa.TloaMod/]: Max Stamina50.0
[08Mar2025 17:22:38.937] [Render thread/INFO] [net.mcreator.tloa.TloaMod/]: Current Stamina:4.9
[08Mar2025 17:22:38.938] [Render thread/INFO] [net.mcreator.tloa.TloaMod/]: Rounded Stamina5
[08Mar2025 17:22:38.938] [Render thread/INFO] [net.mcreator.tloa.TloaMod/]: Can Stamina:true
[08Mar2025 17:22:38.938] [Render thread/INFO] [net.mcreator.tloa.TloaMod/]: Max Stamina50.0
[08Mar2025 17:22:38.980] [Server thread/INFO] [net.mcreator.tloa.TloaMod/]: Current Stamina:4.9
[08Mar2025 17:22:38.980] [Server thread/INFO] [net.mcreator.tloa.TloaMod/]: Rounded Stamina5
[08Mar2025 17:22:38.980] [Server thread/INFO] [net.mcreator.tloa.TloaMod/]: Can Stamina:true
[08Mar2025 17:22:38.980] [Server thread/INFO] [net.mcreator.tloa.TloaMod/]: Max Stamina50.0
[08Mar2025 17:22:38.986] [Render thread/INFO] [net.mcreator.tloa.TloaMod/]: Current Stamina:4.6
[08Mar2025 17:22:38.986] [Render thread/INFO] [net.mcreator.tloa.TloaMod/]: Rounded Stamina5
[08Mar2025 17:22:38.986] [Render thread/INFO] [net.mcreator.tloa.TloaMod/]: Can Stamina:true
[08Mar2025 17:22:38.986] [Render thread/INFO] [net.mcreator.tloa.TloaMod/]: Max Stamina50.0
[08Mar2025 17:22:39.026] [Server thread/INFO] [net.mcreator.tloa.TloaMod/]: Current Stamina:4.6
[08Mar2025 17:22:39.028] [Server thread/INFO] [net.mcreator.tloa.TloaMod/]: Rounded Stamina5
[08Mar2025 17:22:39.028] [Server thread/INFO] [net.mcreator.tloa.TloaMod/]: Can Stamina:true
[08Mar2025 17:22:39.028] [Server thread/INFO] [net.mcreator.tloa.TloaMod/]: Max Stamina50.0
[08Mar2025 17:22:39.035] [Render thread/INFO] [net.mcreator.tloa.TloaMod/]: Current Stamina:4.3
[08Mar2025 17:22:39.035] [Render thread/INFO] [net.mcreator.tloa.TloaMod/]: Rounded Stamina4
[08Mar2025 17:22:39.035] [Render thread/INFO] [net.mcreator.tloa.TloaMod/]: Can Stamina:true
[08Mar2025 17:22:39.035] [Render thread/INFO] [net.mcreator.tloa.TloaMod/]: Max Stamina50.0
[08Mar2025 17:22:39.080] [Server thread/INFO] [net.mcreator.tloa.TloaMod/]: Current Stamina:4.3
[08Mar2025 17:22:39.080] [Server thread/INFO] [net.mcreator.tloa.TloaMod/]: Rounded Stamina4
[08Mar2025 17:22:39.080] [Server thread/INFO] [net.mcreator.tloa.TloaMod/]: Can Stamina:true
[08Mar2025 17:22:39.080] [Server thread/INFO] [net.mcreator.tloa.TloaMod/]: Max Stamina50.0
[08Mar2025 17:22:39.088] [Render thread/INFO] [net.mcreator.tloa.TloaMod/]: Current Stamina:4
[08Mar2025 17:22:39.088] [Render thread/INFO] [net.mcreator.tloa.TloaMod/]: Rounded Stamina4
[08Mar2025 17:22:39.088] [Render thread/INFO] [net.mcreator.tloa.TloaMod/]: Can Stamina:true
[08Mar2025 17:22:39.088] [Render thread/INFO] [net.mcreator.tloa.TloaMod/]: Max Stamina50.0
[08Mar2025 17:22:39.127] [Server thread/INFO] [net.mcreator.tloa.TloaMod/]: Current Stamina:4
[08Mar2025 17:22:39.127] [Server thread/INFO] [net.mcreator.tloa.TloaMod/]: Rounded Stamina4
[08Mar2025 17:22:39.127] [Server thread/INFO] [net.mcreator.tloa.TloaMod/]: Can Stamina:true
[08Mar2025 17:22:39.127] [Server thread/INFO] [net.mcreator.tloa.TloaMod/]: Max Stamina50.0
[08Mar2025 17:22:39.138] [Render thread/INFO] [net.mcreator.tloa.TloaMod/]: Current Stamina:3.7
[08Mar2025 17:22:39.139] [Render thread/INFO] [net.mcreator.tloa.TloaMod/]: Rounded Stamina4
[08Mar2025 17:22:39.139] [Render thread/INFO] [net.mcreator.tloa.TloaMod/]: Can Stamina:true
[08Mar2025 17:22:39.139] [Render thread/INFO] [net.mcreator.tloa.TloaMod/]: Max Stamina50.0
[08Mar2025 17:22:39.174] [Server thread/INFO] [net.mcreator.tloa.TloaMod/]: Current Stamina:3.7
[08Mar2025 17:22:39.174] [Server thread/INFO] [net.mcreator.tloa.TloaMod/]: Rounded Stamina4
[08Mar2025 17:22:39.174] [Server thread/INFO] [net.mcreator.tloa.TloaMod/]: Can Stamina:true
[08Mar2025 17:22:39.174] [Server thread/INFO] [net.mcreator.tloa.TloaMod/]: Max Stamina50.0
[08Mar2025 17:22:39.185] [Render thread/INFO] [net.mcreator.tloa.TloaMod/]: Current Stamina:3.4
[08Mar2025 17:22:39.185] [Render thread/INFO] [net.mcreator.tloa.TloaMod/]: Rounded Stamina3
[08Mar2025 17:22:39.185] [Render thread/INFO] [net.mcreator.tloa.TloaMod/]: Can Stamina:true
[08Mar2025 17:22:39.185] [Render thread/INFO] [net.mcreator.tloa.TloaMod/]: Max Stamina50.0
[08Mar2025 17:22:39.226] [Server thread/INFO] [net.mcreator.tloa.TloaMod/]: Current Stamina:3.4
[08Mar2025 17:22:39.226] [Server thread/INFO] [net.mcreator.tloa.TloaMod/]: Rounded Stamina3
[08Mar2025 17:22:39.226] [Server thread/INFO] [net.mcreator.tloa.TloaMod/]: Can Stamina:true
[08Mar2025 17:22:39.226] [Server thread/INFO] [net.mcreator.tloa.TloaMod/]: Max Stamina50.0
[08Mar2025 17:22:39.235] [Render thread/INFO] [net.mcreator.tloa.TloaMod/]: Current Stamina:3.1
[08Mar2025 17:22:39.235] [Render thread/INFO] [net.mcreator.tloa.TloaMod/]: Rounded Stamina3
[08Mar2025 17:22:39.236] [Render thread/INFO] [net.mcreator.tloa.TloaMod/]: Can Stamina:true
[08Mar2025 17:22:39.236] [Render thread/INFO] [net.mcreator.tloa.TloaMod/]: Max Stamina50.0
[08Mar2025 17:22:39.276] [Server thread/INFO] [net.mcreator.tloa.TloaMod/]: Current Stamina:3.1
[08Mar2025 17:22:39.277] [Server thread/INFO] [net.mcreator.tloa.TloaMod/]: Rounded Stamina3
[08Mar2025 17:22:39.277] [Server thread/INFO] [net.mcreator.tloa.TloaMod/]: Can Stamina:true
[08Mar2025 17:22:39.277] [Server thread/INFO] [net.mcreator.tloa.TloaMod/]: Max Stamina50.0
[08Mar2025 17:22:39.287] [Render thread/INFO] [net.mcreator.tloa.TloaMod/]: Current Stamina:2.8
[08Mar2025 17:22:39.287] [Render thread/INFO] [net.mcreator.tloa.TloaMod/]: Rounded Stamina3
[08Mar2025 17:22:39.287] [Render thread/INFO] [net.mcreator.tloa.TloaMod/]: Can Stamina:true
[08Mar2025 17:22:39.287] [Render thread/INFO] [net.mcreator.tloa.TloaMod/]: Max Stamina50.0
[08Mar2025 17:22:39.327] [Server thread/INFO] [net.mcreator.tloa.TloaMod/]: Current Stamina:2.8
[08Mar2025 17:22:39.327] [Server thread/INFO] [net.mcreator.tloa.TloaMod/]: Rounded Stamina3
[08Mar2025 17:22:39.327] [Server thread/INFO] [net.mcreator.tloa.TloaMod/]: Can Stamina:true
[08Mar2025 17:22:39.327] [Server thread/INFO] [net.mcreator.tloa.TloaMod/]: Max Stamina50.0
[08Mar2025 17:22:39.336] [Render thread/INFO] [net.mcreator.tloa.TloaMod/]: Current Stamina:2.5
[08Mar2025 17:22:39.336] [Render thread/INFO] [net.mcreator.tloa.TloaMod/]: Rounded Stamina3
[08Mar2025 17:22:39.336] [Render thread/INFO] [net.mcreator.tloa.TloaMod/]: Can Stamina:true
[08Mar2025 17:22:39.336] [Render thread/INFO] [net.mcreator.tloa.TloaMod/]: Max Stamina50.0
[08Mar2025 17:22:39.378] [Server thread/INFO] [net.mcreator.tloa.TloaMod/]: Current Stamina:2.5
[08Mar2025 17:22:39.378] [Server thread/INFO] [net.mcreator.tloa.TloaMod/]: Rounded Stamina3
[08Mar2025 17:22:39.378] [Server thread/INFO] [net.mcreator.tloa.TloaMod/]: Can Stamina:true
[08Mar2025 17:22:39.378] [Server thread/INFO] [net.mcreator.tloa.TloaMod/]: Max Stamina50.0
[08Mar2025 17:22:39.386] [Render thread/INFO] [net.mcreator.tloa.TloaMod/]: Current Stamina:2.2
[08Mar2025 17:22:39.386] [Render thread/INFO] [net.mcreator.tloa.TloaMod/]: Rounded Stamina2
[08Mar2025 17:22:39.386] [Render thread/INFO] [net.mcreator.tloa.TloaMod/]: Can Stamina:true
[08Mar2025 17:22:39.386] [Render thread/INFO] [net.mcreator.tloa.TloaMod/]: Max Stamina50.0
[08Mar2025 17:22:39.431] [Server thread/INFO] [net.mcreator.tloa.TloaMod/]: Current Stamina:2.2
[08Mar2025 17:22:39.433] [Server thread/INFO] [net.mcreator.tloa.TloaMod/]: Rounded Stamina2
[08Mar2025 17:22:39.433] [Server thread/INFO] [net.mcreator.tloa.TloaMod/]: Can Stamina:true
[08Mar2025 17:22:39.433] [Server thread/INFO] [net.mcreator.tloa.TloaMod/]: Max Stamina50.0
[08Mar2025 17:22:39.435] [Render thread/INFO] [net.mcreator.tloa.TloaMod/]: Current Stamina:1.9
[08Mar2025 17:22:39.435] [Render thread/INFO] [net.mcreator.tloa.TloaMod/]: Rounded Stamina2
[08Mar2025 17:22:39.435] [Render thread/INFO] [net.mcreator.tloa.TloaMod/]: Can Stamina:true
[08Mar2025 17:22:39.435] [Render thread/INFO] [net.mcreator.tloa.TloaMod/]: Max Stamina50.0
[08Mar2025 17:22:39.476] [Server thread/INFO] [net.mcreator.tloa.TloaMod/]: Current Stamina:1.9
[08Mar2025 17:22:39.476] [Server thread/INFO] [net.mcreator.tloa.TloaMod/]: Rounded Stamina2
[08Mar2025 17:22:39.476] [Server thread/INFO] [net.mcreator.tloa.TloaMod/]: Can Stamina:true
[08Mar2025 17:22:39.476] [Server thread/INFO] [net.mcreator.tloa.TloaMod/]: Max Stamina50.0
[08Mar2025 17:22:39.487] [Render thread/INFO] [net.mcreator.tloa.TloaMod/]: Current Stamina:1.6
[08Mar2025 17:22:39.487] [Render thread/INFO] [net.mcreator.tloa.TloaMod/]: Rounded Stamina2
[08Mar2025 17:22:39.487] [Render thread/INFO] [net.mcreator.tloa.TloaMod/]: Can Stamina:true
[08Mar2025 17:22:39.487] [Render thread/INFO] [net.mcreator.tloa.TloaMod/]: Max Stamina50.0
[08Mar2025 17:22:39.526] [Server thread/INFO] [net.mcreator.tloa.TloaMod/]: Current Stamina:1.6
[08Mar2025 17:22:39.526] [Server thread/INFO] [net.mcreator.tloa.TloaMod/]: Rounded Stamina2
[08Mar2025 17:22:39.526] [Server thread/INFO] [net.mcreator.tloa.TloaMod/]: Can Stamina:true
[08Mar2025 17:22:39.527] [Server thread/INFO] [net.mcreator.tloa.TloaMod/]: Max Stamina50.0
[08Mar2025 17:22:39.537] [Render thread/INFO] [net.mcreator.tloa.TloaMod/]: Current Stamina:1.3
[08Mar2025 17:22:39.537] [Render thread/INFO] [net.mcreator.tloa.TloaMod/]: Rounded Stamina1
[08Mar2025 17:22:39.537] [Render thread/INFO] [net.mcreator.tloa.TloaMod/]: Can Stamina:true
[08Mar2025 17:22:39.537] [Render thread/INFO] [net.mcreator.tloa.TloaMod/]: Max Stamina50.0
[08Mar2025 17:22:39.575] [Server thread/INFO] [net.mcreator.tloa.TloaMod/]: Current Stamina:1.3
[08Mar2025 17:22:39.575] [Server thread/INFO] [net.mcreator.tloa.TloaMod/]: Rounded Stamina1
[08Mar2025 17:22:39.576] [Server thread/INFO] [net.mcreator.tloa.TloaMod/]: Can Stamina:true
[08Mar2025 17:22:39.576] [Server thread/INFO] [net.mcreator.tloa.TloaMod/]: Max Stamina50.0
[08Mar2025 17:22:39.586] [Render thread/INFO] [net.mcreator.tloa.TloaMod/]: Current Stamina:1
[08Mar2025 17:22:39.587] [Render thread/INFO] [net.mcreator.tloa.TloaMod/]: Rounded Stamina1
[08Mar2025 17:22:39.587] [Render thread/INFO] [net.mcreator.tloa.TloaMod/]: Can Stamina:true
[08Mar2025 17:22:39.587] [Render thread/INFO] [net.mcreator.tloa.TloaMod/]: Max Stamina50.0
[08Mar2025 17:22:39.626] [Server thread/INFO] [net.mcreator.tloa.TloaMod/]: Current Stamina:1
[08Mar2025 17:22:39.626] [Server thread/INFO] [net.mcreator.tloa.TloaMod/]: Rounded Stamina1
[08Mar2025 17:22:39.626] [Server thread/INFO] [net.mcreator.tloa.TloaMod/]: Can Stamina:true
[08Mar2025 17:22:39.627] [Server thread/INFO] [net.mcreator.tloa.TloaMod/]: Max Stamina50.0
[08Mar2025 17:22:39.635] [Render thread/INFO] [net.mcreator.tloa.TloaMod/]: Current Stamina:0.7
[08Mar2025 17:22:39.635] [Render thread/INFO] [net.mcreator.tloa.TloaMod/]: Rounded Stamina1
[08Mar2025 17:22:39.635] [Render thread/INFO] [net.mcreator.tloa.TloaMod/]: Can Stamina:true
[08Mar2025 17:22:39.635] [Render thread/INFO] [net.mcreator.tloa.TloaMod/]: Max Stamina50.0
[08Mar2025 17:22:39.677] [Server thread/INFO] [net.mcreator.tloa.TloaMod/]: Current Stamina:0.7
[08Mar2025 17:22:39.677] [Server thread/INFO] [net.mcreator.tloa.TloaMod/]: Rounded Stamina1
[08Mar2025 17:22:39.677] [Server thread/INFO] [net.mcreator.tloa.TloaMod/]: Can Stamina:true
[08Mar2025 17:22:39.677] [Server thread/INFO] [net.mcreator.tloa.TloaMod/]: Max Stamina50.0
[08Mar2025 17:22:39.685] [Render thread/INFO] [net.mcreator.tloa.TloaMod/]: Current Stamina:0.4
[08Mar2025 17:22:39.685] [Render thread/INFO] [net.mcreator.tloa.TloaMod/]: Rounded Stamina0
[08Mar2025 17:22:39.685] [Render thread/INFO] [net.mcreator.tloa.TloaMod/]: Can Stamina:true
[08Mar2025 17:22:39.687] [Render thread/INFO] [net.mcreator.tloa.TloaMod/]: Max Stamina50.0
[08Mar2025 17:22:39.726] [Server thread/INFO] [net.mcreator.tloa.TloaMod/]: Current Stamina:0.4
[08Mar2025 17:22:39.726] [Server thread/INFO] [net.mcreator.tloa.TloaMod/]: Rounded Stamina0
[08Mar2025 17:22:39.726] [Server thread/INFO] [net.mcreator.tloa.TloaMod/]: Can Stamina:true
[08Mar2025 17:22:39.726] [Server thread/INFO] [net.mcreator.tloa.TloaMod/]: Max Stamina50.0
[08Mar2025 17:22:39.737] [Render thread/INFO] [net.mcreator.tloa.TloaMod/]: Current Stamina:0.1
[08Mar2025 17:22:39.737] [Render thread/INFO] [net.mcreator.tloa.TloaMod/]: Rounded Stamina0
[08Mar2025 17:22:39.737] [Render thread/INFO] [net.mcreator.tloa.TloaMod/]: Can Stamina:true
[08Mar2025 17:22:39.737] [Render thread/INFO] [net.mcreator.tloa.TloaMod/]: Max Stamina50.0
[08Mar2025 17:22:39.773] [Server thread/INFO] [net.mcreator.tloa.TloaMod/]: Current Stamina:0.1
[08Mar2025 17:22:39.774] [Server thread/INFO] [net.mcreator.tloa.TloaMod/]: Rounded Stamina0
[08Mar2025 17:22:39.774] [Server thread/INFO] [net.mcreator.tloa.TloaMod/]: Can Stamina:true
[08Mar2025 17:22:39.774] [Server thread/INFO] [net.mcreator.tloa.TloaMod/]: Max Stamina50.0
[08Mar2025 17:22:39.786] [Render thread/INFO] [net.mcreator.tloa.TloaMod/]: Current Stamina:-0.2
[08Mar2025 17:22:39.786] [Render thread/INFO] [net.mcreator.tloa.TloaMod/]: Rounded Stamina0
[08Mar2025 17:22:39.786] [Render thread/INFO] [net.mcreator.tloa.TloaMod/]: Can Stamina:true
[08Mar2025 17:22:39.786] [Render thread/INFO] [net.mcreator.tloa.TloaMod/]: Max Stamina50.0
[08Mar2025 17:22:39.824] [Server thread/INFO] [net.mcreator.tloa.TloaMod/]: Current Stamina:-0.2
[08Mar2025 17:22:39.825] [Server thread/INFO] [net.mcreator.tloa.TloaMod/]: Rounded Stamina0
[08Mar2025 17:22:39.825] [Server thread/INFO] [net.mcreator.tloa.TloaMod/]: Can Stamina:true
[08Mar2025 17:22:39.825] [Server thread/INFO] [net.mcreator.tloa.TloaMod/]: Max Stamina50.0
[08Mar2025 17:22:39.836] [Render thread/INFO] [net.mcreator.tloa.TloaMod/]: Current Stamina:0.3
[08Mar2025 17:22:39.836] [Render thread/INFO] [net.mcreator.tloa.TloaMod/]: Rounded Stamina0
[08Mar2025 17:22:39.836] [Render thread/INFO] [net.mcreator.tloa.TloaMod/]: Can Stamina:false
[08Mar2025 17:22:39.836] [Render thread/INFO] [net.mcreator.tloa.TloaMod/]: Max Stamina50.0
[08Mar2025 17:22:39.875] [Server thread/INFO] [net.mcreator.tloa.TloaMod/]: Current Stamina:0.3
[08Mar2025 17:22:39.875] [Server thread/INFO] [net.mcreator.tloa.TloaMod/]: Rounded Stamina0
[08Mar2025 17:22:39.875] [Server thread/INFO] [net.mcreator.tloa.TloaMod/]: Can Stamina:false
[08Mar2025 17:22:39.875] [Server thread/INFO] [net.mcreator.tloa.TloaMod/]: Max Stamina50.0
[08Mar2025 17:22:39.886] [Render thread/INFO] [net.mcreator.tloa.TloaMod/]: Current Stamina:0.8
[08Mar2025 17:22:39.886] [Render thread/INFO] [net.mcreator.tloa.TloaMod/]: Rounded Stamina1
[08Mar2025 17:22:39.886] [Render thread/INFO] [net.mcreator.tloa.TloaMod/]: Can Stamina:false
[08Mar2025 17:22:39.886] [Render thread/INFO] [net.mcreator.tloa.TloaMod/]: Max Stamina50.0
[08Mar2025 17:22:39.925] [Server thread/INFO] [net.mcreator.tloa.TloaMod/]: Current Stamina:0.8
[08Mar2025 17:22:39.925] [Server thread/INFO] [net.mcreator.tloa.TloaMod/]: Rounded Stamina1
[08Mar2025 17:22:39.925] [Server thread/INFO] [net.mcreator.tloa.TloaMod/]: Can Stamina:false
[08Mar2025 17:22:39.925] [Server thread/INFO] [net.mcreator.tloa.TloaMod/]: Max Stamina50.0
[08Mar2025 17:22:39.937] [Render thread/INFO] [net.mcreator.tloa.TloaMod/]: Current Stamina:1.3
[08Mar2025 17:22:39.937] [Render thread/INFO] [net.mcreator.tloa.TloaMod/]: Rounded Stamina1
[08Mar2025 17:22:39.937] [Render thread/INFO] [net.mcreator.tloa.TloaMod/]: Can Stamina:false
[08Mar2025 17:22:39.937] [Render thread/INFO] [net.mcreator.tloa.TloaMod/]: Max Stamina50.0
[08Mar2025 17:22:39.975] [Server thread/INFO] [net.mcreator.tloa.TloaMod/]: Current Stamina:1.3
[08Mar2025 17:22:39.975] [Server thread/INFO] [net.mcreator.tloa.TloaMod/]: Rounded Stamina1
[08Mar2025 17:22:39.976] [Server thread/INFO] [net.mcreator.tloa.TloaMod/]: Can Stamina:false
[08Mar2025 17:22:39.976] [Server thread/INFO] [net.mcreator.tloa.TloaMod/]: Max Stamina50.0
[08Mar2025 17:22:39.985] [Render thread/INFO] [net.mcreator.tloa.TloaMod/]: Current Stamina:1.8
[08Mar2025 17:22:39.985] [Render thread/INFO] [net.mcreator.tloa.TloaMod/]: Rounded Stamina2
[08Mar2025 17:22:39.985] [Render thread/INFO] [net.mcreator.tloa.TloaMod/]: Can Stamina:false
[08Mar2025 17:22:39.985] [Render thread/INFO] [net.mcreator.tloa.TloaMod/]: Max Stamina50.0
[08Mar2025 17:22:40.025] [Server thread/INFO] [net.mcreator.tloa.TloaMod/]: Current Stamina:1.8
[08Mar2025 17:22:40.025] [Server thread/INFO] [net.mcreator.tloa.TloaMod/]: Rounded Stamina2
[08Mar2025 17:22:40.025] [Server thread/INFO] [net.mcreator.tloa.TloaMod/]: Can Stamina:false
[08Mar2025 17:22:40.025] [Server thread/INFO] [net.mcreator.tloa.TloaMod/]: Max Stamina50.0
[08Mar2025 17:22:40.037] [Render thread/INFO] [net.mcreator.tloa.TloaMod/]: Current Stamina:2.3
[08Mar2025 17:22:40.038] [Render thread/INFO] [net.mcreator.tloa.TloaMod/]: Rounded Stamina2
[08Mar2025 17:22:40.038] [Render thread/INFO] [net.mcreator.tloa.TloaMod/]: Can Stamina:false
[08Mar2025 17:22:40.038] [Render thread/INFO] [net.mcreator.tloa.TloaMod/]: Max Stamina50.0
[08Mar2025 17:22:40.075] [Server thread/INFO] [net.mcreator.tloa.TloaMod/]: Current Stamina:2.3
[08Mar2025 17:22:40.075] [Server thread/INFO] [net.mcreator.tloa.TloaMod/]: Rounded Stamina2
[08Mar2025 17:22:40.075] [Server thread/INFO] [net.mcreator.tloa.TloaMod/]: Can Stamina:false
[08Mar2025 17:22:40.075] [Server thread/INFO] [net.mcreator.tloa.TloaMod/]: Max Stamina50.0
[08Mar2025 17:22:40.086] [Render thread/INFO] [net.mcreator.tloa.TloaMod/]: Current Stamina:2.8
[08Mar2025 17:22:40.086] [Render thread/INFO] [net.mcreator.tloa.TloaMod/]: Rounded Stamina3
[08Mar2025 17:22:40.086] [Render thread/INFO] [net.mcreator.tloa.TloaMod/]: Can Stamina:false
[08Mar2025 17:22:40.087] [Render thread/INFO] [net.mcreator.tloa.TloaMod/]: Max Stamina50.0
[08Mar2025 17:22:40.126] [Server thread/INFO] [net.mcreator.tloa.TloaMod/]: Current Stamina:2.8
[08Mar2025 17:22:40.126] [Server thread/INFO] [net.mcreator.tloa.TloaMod/]: Rounded Stamina3
[08Mar2025 17:22:40.126] [Server thread/INFO] [net.mcreator.tloa.TloaMod/]: Can Stamina:false
[08Mar2025 17:22:40.126] [Server thread/INFO] [net.mcreator.tloa.TloaMod/]: Max Stamina50.0
[08Mar2025 17:22:40.136] [Render thread/INFO] [net.mcreator.tloa.TloaMod/]: Current Stamina:3.3
[08Mar2025 17:22:40.137] [Render thread/INFO] [net.mcreator.tloa.TloaMod/]: Rounded Stamina3
[08Mar2025 17:22:40.137] [Render thread/INFO] [net.mcreator.tloa.TloaMod/]: Can Stamina:false
[08Mar2025 17:22:40.137] [Render thread/INFO] [net.mcreator.tloa.TloaMod/]: Max Stamina50.0
[08Mar2025 17:22:40.175] [Server thread/INFO] [net.mcreator.tloa.TloaMod/]: Current Stamina:3.3
[08Mar2025 17:22:40.175] [Server thread/INFO] [net.mcreator.tloa.TloaMod/]: Rounded Stamina3
[08Mar2025 17:22:40.175] [Server thread/INFO] [net.mcreator.tloa.TloaMod/]: Can Stamina:false
[08Mar2025 17:22:40.175] [Server thread/INFO] [net.mcreator.tloa.TloaMod/]: Max Stamina50.0
[08Mar2025 17:22:40.185] [Render thread/INFO] [net.mcreator.tloa.TloaMod/]: Current Stamina:3.8
[08Mar2025 17:22:40.185] [Render thread/INFO] [net.mcreator.tloa.TloaMod/]: Rounded Stamina4
[08Mar2025 17:22:40.185] [Render thread/INFO] [net.mcreator.tloa.TloaMod/]: Can Stamina:false
[08Mar2025 17:22:40.185] [Render thread/INFO] [net.mcreator.tloa.TloaMod/]: Max Stamina50.0
[08Mar2025 17:22:40.225] [Server thread/INFO] [net.mcreator.tloa.TloaMod/]: Current Stamina:3.8
[08Mar2025 17:22:40.225] [Server thread/INFO] [net.mcreator.tloa.TloaMod/]: Rounded Stamina4
[08Mar2025 17:22:40.225] [Server thread/INFO] [net.mcreator.tloa.TloaMod/]: Can Stamina:false
[08Mar2025 17:22:40.225] [Server thread/INFO] [net.mcreator.tloa.TloaMod/]: Max Stamina50.0
[08Mar2025 17:22:40.236] [Render thread/INFO] [net.mcreator.tloa.TloaMod/]: Current Stamina:4.3
[08Mar2025 17:22:40.236] [Render thread/INFO] [net.mcreator.tloa.TloaMod/]: Rounded Stamina4
[08Mar2025 17:22:40.236] [Render thread/INFO] [net.mcreator.tloa.TloaMod/]: Can Stamina:false
[08Mar2025 17:22:40.236] [Render thread/INFO] [net.mcreator.tloa.TloaMod/]: Max Stamina50.0
[08Mar2025 17:22:40.275] [Server thread/INFO] [net.mcreator.tloa.TloaMod/]: Current Stamina:4.3
[08Mar2025 17:22:40.276] [Server thread/INFO] [net.mcreator.tloa.TloaMod/]: Rounded Stamina4
[08Mar2025 17:22:40.276] [Server thread/INFO] [net.mcreator.tloa.TloaMod/]: Can Stamina:false
[08Mar2025 17:22:40.276] [Server thread/INFO] [net.mcreator.tloa.TloaMod/]: Max Stamina50.0
[08Mar2025 17:22:40.285] [Render thread/INFO] [net.mcreator.tloa.TloaMod/]: Current Stamina:4.8
[08Mar2025 17:22:40.286] [Render thread/INFO] [net.mcreator.tloa.TloaMod/]: Rounded Stamina5
[08Mar2025 17:22:40.286] [Render thread/INFO] [net.mcreator.tloa.TloaMod/]: Can Stamina:false
[08Mar2025 17:22:40.286] [Render thread/INFO] [net.mcreator.tloa.TloaMod/]: Max Stamina50.0
[08Mar2025 17:22:40.326] [Server thread/INFO] [net.mcreator.tloa.TloaMod/]: Current Stamina:4.8
[08Mar2025 17:22:40.326] [Server thread/INFO] [net.mcreator.tloa.TloaMod/]: Rounded Stamina5
[08Mar2025 17:22:40.326] [Server thread/INFO] [net.mcreator.tloa.TloaMod/]: Can Stamina:false
[08Mar2025 17:22:40.326] [Server thread/INFO] [net.mcreator.tloa.TloaMod/]: Max Stamina50.0
[08Mar2025 17:22:40.336] [Render thread/INFO] [net.mcreator.tloa.TloaMod/]: Current Stamina:5.3
[08Mar2025 17:22:40.336] [Render thread/INFO] [net.mcreator.tloa.TloaMod/]: Rounded Stamina5
[08Mar2025 17:22:40.336] [Render thread/INFO] [net.mcreator.tloa.TloaMod/]: Can Stamina:false
[08Mar2025 17:22:40.337] [Render thread/INFO] [net.mcreator.tloa.TloaMod/]: Max Stamina50.0
[08Mar2025 17:22:40.375] [Server thread/INFO] [net.mcreator.tloa.TloaMod/]: Current Stamina:5.3
[08Mar2025 17:22:40.376] [Server thread/INFO] [net.mcreator.tloa.TloaMod/]: Rounded Stamina5
[08Mar2025 17:22:40.376] [Server thread/INFO] [net.mcreator.tloa.TloaMod/]: Can Stamina:false
[08Mar2025 17:22:40.376] [Server thread/INFO] [net.mcreator.tloa.TloaMod/]: Max Stamina50.0
[08Mar2025 17:22:40.386] [Render thread/INFO] [net.mcreator.tloa.TloaMod/]: Current Stamina:5.8
[08Mar2025 17:22:40.386] [Render thread/INFO] [net.mcreator.tloa.TloaMod/]: Rounded Stamina6
[08Mar2025 17:22:40.386] [Render thread/INFO] [net.mcreator.tloa.TloaMod/]: Can Stamina:false
[08Mar2025 17:22:40.386] [Render thread/INFO] [net.mcreator.tloa.TloaMod/]: Max Stamina50.0
[08Mar2025 17:22:40.429] [Server thread/INFO] [net.mcreator.tloa.TloaMod/]: Current Stamina:5.8
[08Mar2025 17:22:40.429] [Server thread/INFO] [net.mcreator.tloa.TloaMod/]: Rounded Stamina6
[08Mar2025 17:22:40.429] [Server thread/INFO] [net.mcreator.tloa.TloaMod/]: Can Stamina:false
[08Mar2025 17:22:40.429] [Server thread/INFO] [net.mcreator.tloa.TloaMod/]: Max Stamina50.0
[08Mar2025 17:22:40.436] [Render thread/INFO] [net.mcreator.tloa.TloaMod/]: Current Stamina:6.3
[08Mar2025 17:22:40.436] [Render thread/INFO] [net.mcreator.tloa.TloaMod/]: Rounded Stamina6
[08Mar2025 17:22:40.436] [Render thread/INFO] [net.mcreator.tloa.TloaMod/]: Can Stamina:false
[08Mar2025 17:22:40.436] [Render thread/INFO] [net.mcreator.tloa.TloaMod/]: Max Stamina50.0
[08Mar2025 17:22:40.479] [Server thread/INFO] [net.mcreator.tloa.TloaMod/]: Current Stamina:6.3
[08Mar2025 17:22:40.479] [Server thread/INFO] [net.mcreator.tloa.TloaMod/]: Rounded Stamina6
[08Mar2025 17:22:40.479] [Server thread/INFO] [net.mcreator.tloa.TloaMod/]: Can Stamina:false
[08Mar2025 17:22:40.479] [Server thread/INFO] [net.mcreator.tloa.TloaMod/]: Max Stamina50.0
[08Mar2025 17:22:40.487] [Render thread/INFO] [net.mcreator.tloa.TloaMod/]: Current Stamina:6.8
[08Mar2025 17:22:40.487] [Render thread/INFO] [net.mcreator.tloa.TloaMod/]: Rounded Stamina7
[08Mar2025 17:22:40.487] [Render thread/INFO] [net.mcreator.tloa.TloaMod/]: Can Stamina:false
[08Mar2025 17:22:40.487] [Render thread/INFO] [net.mcreator.tloa.TloaMod/]: Max Stamina50.0
[08Mar2025 17:22:40.529] [Server thread/INFO] [net.mcreator.tloa.TloaMod/]: Current Stamina:6.8
[08Mar2025 17:22:40.529] [Server thread/INFO] [net.mcreator.tloa.TloaMod/]: Rounded Stamina7
[08Mar2025 17:22:40.529] [Server thread/INFO] [net.mcreator.tloa.TloaMod/]: Can Stamina:false
[08Mar2025 17:22:40.529] [Server thread/INFO] [net.mcreator.tloa.TloaMod/]: Max Stamina50.0
[08Mar2025 17:22:40.537] [Render thread/INFO] [net.mcreator.tloa.TloaMod/]: Current Stamina:7.3
[08Mar2025 17:22:40.537] [Render thread/INFO] [net.mcreator.tloa.TloaMod/]: Rounded Stamina7
[08Mar2025 17:22:40.537] [Render thread/INFO] [net.mcreator.tloa.TloaMod/]: Can Stamina:false
[08Mar2025 17:22:40.537] [Render thread/INFO] [net.mcreator.tloa.TloaMod/]: Max Stamina50.0
[08Mar2025 17:22:40.577] [Server thread/INFO] [net.mcreator.tloa.TloaMod/]: Current Stamina:7.3
[08Mar2025 17:22:40.578] [Server thread/INFO] [net.mcreator.tloa.TloaMod/]: Rounded Stamina7
[08Mar2025 17:22:40.578] [Server thread/INFO] [net.mcreator.tloa.TloaMod/]: Can Stamina:false
[08Mar2025 17:22:40.578] [Server thread/INFO] [net.mcreator.tloa.TloaMod/]: Max Stamina50.0
[08Mar2025 17:22:40.586] [Render thread/INFO] [net.mcreator.tloa.TloaMod/]: Current Stamina:7.8
[08Mar2025 17:22:40.586] [Render thread/INFO] [net.mcreator.tloa.TloaMod/]: Rounded Stamina8
[08Mar2025 17:22:40.586] [Render thread/INFO] [net.mcreator.tloa.TloaMod/]: Can Stamina:false
[08Mar2025 17:22:40.586] [Render thread/INFO] [net.mcreator.tloa.TloaMod/]: Max Stamina50.0
[08Mar2025 17:22:40.628] [Server thread/INFO] [net.mcreator.tloa.TloaMod/]: Current Stamina:7.8
[08Mar2025 17:22:40.628] [Server thread/INFO] [net.mcreator.tloa.TloaMod/]: Rounded Stamina8
[08Mar2025 17:22:40.628] [Server thread/INFO] [net.mcreator.tloa.TloaMod/]: Can Stamina:false
[08Mar2025 17:22:40.629] [Server thread/INFO] [net.mcreator.tloa.TloaMod/]: Max Stamina50.0
[08Mar2025 17:22:40.636] [Render thread/INFO] [net.mcreator.tloa.TloaMod/]: Current Stamina:8.3
[08Mar2025 17:22:40.637] [Render thread/INFO] [net.mcreator.tloa.TloaMod/]: Rounded Stamina8
[08Mar2025 17:22:40.637] [Render thread/INFO] [net.mcreator.tloa.TloaMod/]: Can Stamina:false
[08Mar2025 17:22:40.637] [Render thread/INFO] [net.mcreator.tloa.TloaMod/]: Max Stamina50.0
[08Mar2025 17:22:40.677] [Server thread/INFO] [net.mcreator.tloa.TloaMod/]: Current Stamina:8.3
[08Mar2025 17:22:40.677] [Server thread/INFO] [net.mcreator.tloa.TloaMod/]: Rounded Stamina8
[08Mar2025 17:22:40.677] [Server thread/INFO] [net.mcreator.tloa.TloaMod/]: Can Stamina:false
[08Mar2025 17:22:40.677] [Server thread/INFO] [net.mcreator.tloa.TloaMod/]: Max Stamina50.0
[08Mar2025 17:22:40.686] [Render thread/INFO] [net.mcreator.tloa.TloaMod/]: Current Stamina:8.8
[08Mar2025 17:22:40.686] [Render thread/INFO] [net.mcreator.tloa.TloaMod/]: Rounded Stamina9
[08Mar2025 17:22:40.686] [Render thread/INFO] [net.mcreator.tloa.TloaMod/]: Can Stamina:false
[08Mar2025 17:22:40.686] [Render thread/INFO] [net.mcreator.tloa.TloaMod/]: Max Stamina50.0
[08Mar2025 17:22:40.726] [Server thread/INFO] [net.mcreator.tloa.TloaMod/]: Current Stamina:8.8
[08Mar2025 17:22:40.727] [Server thread/INFO] [net.mcreator.tloa.TloaMod/]: Rounded Stamina9
[08Mar2025 17:22:40.727] [Server thread/INFO] [net.mcreator.tloa.TloaMod/]: Can Stamina:false
[08Mar2025 17:22:40.727] [Server thread/INFO] [net.mcreator.tloa.TloaMod/]: Max Stamina50.0
[08Mar2025 17:22:40.735] [Render thread/INFO] [net.mcreator.tloa.TloaMod/]: Current Stamina:9.3
[08Mar2025 17:22:40.736] [Render thread/INFO] [net.mcreator.tloa.TloaMod/]: Rounded Stamina9
[08Mar2025 17:22:40.736] [Render thread/INFO] [net.mcreator.tloa.TloaMod/]: Can Stamina:false
[08Mar2025 17:22:40.736] [Render thread/INFO] [net.mcreator.tloa.TloaMod/]: Max Stamina50.0
[08Mar2025 17:22:40.776] [Server thread/INFO] [net.mcreator.tloa.TloaMod/]: Current Stamina:9.3
[08Mar2025 17:22:40.777] [Server thread/INFO] [net.mcreator.tloa.TloaMod/]: Rounded Stamina9
[08Mar2025 17:22:40.777] [Server thread/INFO] [net.mcreator.tloa.TloaMod/]: Can Stamina:false
[08Mar2025 17:22:40.777] [Server thread/INFO] [net.mcreator.tloa.TloaMod/]: Max Stamina50.0
[08Mar2025 17:22:40.789] [Render thread/INFO] [net.mcreator.tloa.TloaMod/]: Current Stamina:9.8
[08Mar2025 17:22:40.789] [Render thread/INFO] [net.mcreator.tloa.TloaMod/]: Rounded Stamina10
[08Mar2025 17:22:40.790] [Render thread/INFO] [net.mcreator.tloa.TloaMod/]: Can Stamina:false
[08Mar2025 17:22:40.790] [Render thread/INFO] [net.mcreator.tloa.TloaMod/]: Max Stamina50.0
[08Mar2025 17:22:40.825] [Server thread/INFO] [net.mcreator.tloa.TloaMod/]: Current Stamina:9.8
[08Mar2025 17:22:40.826] [Server thread/INFO] [net.mcreator.tloa.TloaMod/]: Rounded Stamina10
[08Mar2025 17:22:40.826] [Server thread/INFO] [net.mcreator.tloa.TloaMod/]: Can Stamina:false
[08Mar2025 17:22:40.826] [Server thread/INFO] [net.mcreator.tloa.TloaMod/]: Max Stamina50.0
[08Mar2025 17:22:40.835] [Render thread/INFO] [net.mcreator.tloa.TloaMod/]: Current Stamina:10.3
[08Mar2025 17:22:40.836] [Render thread/INFO] [net.mcreator.tloa.TloaMod/]: Rounded Stamina10
[08Mar2025 17:22:40.836] [Render thread/INFO] [net.mcreator.tloa.TloaMod/]: Can Stamina:false
[08Mar2025 17:22:40.836] [Render thread/INFO] [net.mcreator.tloa.TloaMod/]: Max Stamina50.0
[08Mar2025 17:22:40.875] [Server thread/INFO] [net.mcreator.tloa.TloaMod/]: Current Stamina:10.3
[08Mar2025 17:22:40.875] [Server thread/INFO] [net.mcreator.tloa.TloaMod/]: Rounded Stamina10
[08Mar2025 17:22:40.875] [Server thread/INFO] [net.mcreator.tloa.TloaMod/]: Can Stamina:false
[08Mar2025 17:22:40.875] [Server thread/INFO] [net.mcreator.tloa.TloaMod/]: Max Stamina50.0
[08Mar2025 17:22:40.886] [Render thread/INFO] [net.mcreator.tloa.TloaMod/]: Current Stamina:10.8
[08Mar2025 17:22:40.886] [Render thread/INFO] [net.mcreator.tloa.TloaMod/]: Rounded Stamina11
[08Mar2025 17:22:40.886] [Render thread/INFO] [net.mcreator.tloa.TloaMod/]: Can Stamina:false
[08Mar2025 17:22:40.886] [Render thread/INFO] [net.mcreator.tloa.TloaMod/]: Max Stamina50.0
[08Mar2025 17:22:40.927] [Server thread/INFO] [net.mcreator.tloa.TloaMod/]: Current Stamina:10.8
[08Mar2025 17:22:40.927] [Server thread/INFO] [net.mcreator.tloa.TloaMod/]: Rounded Stamina11
[08Mar2025 17:22:40.927] [Server thread/INFO] [net.mcreator.tloa.TloaMod/]: Can Stamina:false
[08Mar2025 17:22:40.927] [Server thread/INFO] [net.mcreator.tloa.TloaMod/]: Max Stamina50.0
[08Mar2025 17:22:40.936] [Render thread/INFO] [net.mcreator.tloa.TloaMod/]: Current Stamina:11.3
[08Mar2025 17:22:40.936] [Render thread/INFO] [net.mcreator.tloa.TloaMod/]: Rounded Stamina11
[08Mar2025 17:22:40.936] [Render thread/INFO] [net.mcreator.tloa.TloaMod/]: Can Stamina:false
[08Mar2025 17:22:40.936] [Render thread/INFO] [net.mcreator.tloa.TloaMod/]: Max Stamina50.0
[08Mar2025 17:22:40.977] [Server thread/INFO] [net.mcreator.tloa.TloaMod/]: Current Stamina:11.3
[08Mar2025 17:22:40.977] [Server thread/INFO] [net.mcreator.tloa.TloaMod/]: Rounded Stamina11
[08Mar2025 17:22:40.977] [Server thread/INFO] [net.mcreator.tloa.TloaMod/]: Can Stamina:false
[08Mar2025 17:22:40.978] [Server thread/INFO] [net.mcreator.tloa.TloaMod/]: Max Stamina50.0
[08Mar2025 17:22:40.986] [Render thread/INFO] [net.mcreator.tloa.TloaMod/]: Current Stamina:11.8
[08Mar2025 17:22:40.987] [Render thread/INFO] [net.mcreator.tloa.TloaMod/]: Rounded Stamina12
[08Mar2025 17:22:40.987] [Render thread/INFO] [net.mcreator.tloa.TloaMod/]: Can Stamina:false
[08Mar2025 17:22:40.987] [Render thread/INFO] [net.mcreator.tloa.TloaMod/]: Max Stamina50.0
[08Mar2025 17:22:41.027] [Server thread/INFO] [net.mcreator.tloa.TloaMod/]: Current Stamina:11.8
[08Mar2025 17:22:41.027] [Server thread/INFO] [net.mcreator.tloa.TloaMod/]: Rounded Stamina12
[08Mar2025 17:22:41.028] [Server thread/INFO] [net.mcreator.tloa.TloaMod/]: Can Stamina:false
[08Mar2025 17:22:41.028] [Server thread/INFO] [net.mcreator.tloa.TloaMod/]: Max Stamina50.0
[08Mar2025 17:22:41.037] [Render thread/INFO] [net.mcreator.tloa.TloaMod/]: Current Stamina:12.3
[08Mar2025 17:22:41.037] [Render thread/INFO] [net.mcreator.tloa.TloaMod/]: Rounded Stamina12
[08Mar2025 17:22:41.037] [Render thread/INFO] [net.mcreator.tloa.TloaMod/]: Can Stamina:false
[08Mar2025 17:22:41.037] [Render thread/INFO] [net.mcreator.tloa.TloaMod/]: Max Stamina50.0
[08Mar2025 17:22:41.076] [Server thread/INFO] [net.mcreator.tloa.TloaMod/]: Current Stamina:12.3
[08Mar2025 17:22:41.076] [Server thread/INFO] [net.mcreator.tloa.TloaMod/]: Rounded Stamina12
[08Mar2025 17:22:41.076] [Server thread/INFO] [net.mcreator.tloa.TloaMod/]: Can Stamina:false
[08Mar2025 17:22:41.076] [Server thread/INFO] [net.mcreator.tloa.TloaMod/]: Max Stamina50.0
[08Mar2025 17:22:41.086] [Render thread/INFO] [net.mcreator.tloa.TloaMod/]: Current Stamina:12.8
[08Mar2025 17:22:41.086] [Render thread/INFO] [net.mcreator.tloa.TloaMod/]: Rounded Stamina13
[08Mar2025 17:22:41.086] [Render thread/INFO] [net.mcreator.tloa.TloaMod/]: Can Stamina:false
[08Mar2025 17:22:41.086] [Render thread/INFO] [net.mcreator.tloa.TloaMod/]: Max Stamina50.0
[08Mar2025 17:22:41.129] [Server thread/INFO] [net.mcreator.tloa.TloaMod/]: Current Stamina:12.8
[08Mar2025 17:22:41.129] [Server thread/INFO] [net.mcreator.tloa.TloaMod/]: Rounded Stamina13
[08Mar2025 17:22:41.129] [Server thread/INFO] [net.mcreator.tloa.TloaMod/]: Can Stamina:false
[08Mar2025 17:22:41.129] [Server thread/INFO] [net.mcreator.tloa.TloaMod/]: Max Stamina50.0
[08Mar2025 17:22:41.135] [Render thread/INFO] [net.mcreator.tloa.TloaMod/]: Current Stamina:13.3
[08Mar2025 17:22:41.135] [Render thread/INFO] [net.mcreator.tloa.TloaMod/]: Rounded Stamina13
[08Mar2025 17:22:41.136] [Render thread/INFO] [net.mcreator.tloa.TloaMod/]: Can Stamina:false
[08Mar2025 17:22:41.136] [Render thread/INFO] [net.mcreator.tloa.TloaMod/]: Max Stamina50.0
[08Mar2025 17:22:41.178] [Server thread/INFO] [net.mcreator.tloa.TloaMod/]: Current Stamina:13.3
[08Mar2025 17:22:41.178] [Server thread/INFO] [net.mcreator.tloa.TloaMod/]: Rounded Stamina13
[08Mar2025 17:22:41.178] [Server thread/INFO] [net.mcreator.tloa.TloaMod/]: Can Stamina:false
[08Mar2025 17:22:41.178] [Server thread/INFO] [net.mcreator.tloa.TloaMod/]: Max Stamina50.0
[08Mar2025 17:22:41.185] [Render thread/INFO] [net.mcreator.tloa.TloaMod/]: Current Stamina:13.8
[08Mar2025 17:22:41.185] [Render thread/INFO] [net.mcreator.tloa.TloaMod/]: Rounded Stamina14
[08Mar2025 17:22:41.185] [Render thread/INFO] [net.mcreator.tloa.TloaMod/]: Can Stamina:false
[08Mar2025 17:22:41.185] [Render thread/INFO] [net.mcreator.tloa.TloaMod/]: Max Stamina50.0
[08Mar2025 17:22:41.227] [Server thread/INFO] [net.mcreator.tloa.TloaMod/]: Current Stamina:13.8
[08Mar2025 17:22:41.227] [Server thread/INFO] [net.mcreator.tloa.TloaMod/]: Rounded Stamina14
[08Mar2025 17:22:41.228] [Server thread/INFO] [net.mcreator.tloa.TloaMod/]: Can Stamina:false
[08Mar2025 17:22:41.228] [Server thread/INFO] [net.mcreator.tloa.TloaMod/]: Max Stamina50.0
[08Mar2025 17:22:41.237] [Render thread/INFO] [net.mcreator.tloa.TloaMod/]: Current Stamina:14.3
[08Mar2025 17:22:41.237] [Render thread/INFO] [net.mcreator.tloa.TloaMod/]: Rounded Stamina14
[08Mar2025 17:22:41.237] [Render thread/INFO] [net.mcreator.tloa.TloaMod/]: Can Stamina:false
[08Mar2025 17:22:41.238] [Render thread/INFO] [net.mcreator.tloa.TloaMod/]: Max Stamina50.0
[08Mar2025 17:22:41.276] [Server thread/INFO] [net.mcreator.tloa.TloaMod/]: Current Stamina:14.3
[08Mar2025 17:22:41.276] [Server thread/INFO] [net.mcreator.tloa.TloaMod/]: Rounded Stamina14
[08Mar2025 17:22:41.276] [Server thread/INFO] [net.mcreator.tloa.TloaMod/]: Can Stamina:false
[08Mar2025 17:22:41.276] [Server thread/INFO] [net.mcreator.tloa.TloaMod/]: Max Stamina50.0
[08Mar2025 17:22:41.285] [Render thread/INFO] [net.mcreator.tloa.TloaMod/]: Current Stamina:14.8
[08Mar2025 17:22:41.285] [Render thread/INFO] [net.mcreator.tloa.TloaMod/]: Rounded Stamina15
[08Mar2025 17:22:41.285] [Render thread/INFO] [net.mcreator.tloa.TloaMod/]: Can Stamina:false
[08Mar2025 17:22:41.285] [Render thread/INFO] [net.mcreator.tloa.TloaMod/]: Max Stamina50.0
[08Mar2025 17:22:41.328] [Server thread/INFO] [net.mcreator.tloa.TloaMod/]: Current Stamina:14.8
[08Mar2025 17:22:41.328] [Server thread/INFO] [net.mcreator.tloa.TloaMod/]: Rounded Stamina15
[08Mar2025 17:22:41.328] [Server thread/INFO] [net.mcreator.tloa.TloaMod/]: Can Stamina:false
[08Mar2025 17:22:41.328] [Server thread/INFO] [net.mcreator.tloa.TloaMod/]: Max Stamina50.0
[08Mar2025 17:22:41.336] [Render thread/INFO] [net.mcreator.tloa.TloaMod/]: Current Stamina:15.3
[08Mar2025 17:22:41.336] [Render thread/INFO] [net.mcreator.tloa.TloaMod/]: Rounded Stamina15
[08Mar2025 17:22:41.336] [Render thread/INFO] [net.mcreator.tloa.TloaMod/]: Can Stamina:false
[08Mar2025 17:22:41.336] [Render thread/INFO] [net.mcreator.tloa.TloaMod/]: Max Stamina50.0
[08Mar2025 17:22:41.379] [Server thread/INFO] [net.mcreator.tloa.TloaMod/]: Current Stamina:15.3
[08Mar2025 17:22:41.379] [Server thread/INFO] [net.mcreator.tloa.TloaMod/]: Rounded Stamina15
[08Mar2025 17:22:41.379] [Server thread/INFO] [net.mcreator.tloa.TloaMod/]: Can Stamina:false
[08Mar2025 17:22:41.379] [Server thread/INFO] [net.mcreator.tloa.TloaMod/]: Max Stamina50.0
[08Mar2025 17:22:41.387] [Render thread/INFO] [net.mcreator.tloa.TloaMod/]: Current Stamina:15.8
[08Mar2025 17:22:41.387] [Render thread/INFO] [net.mcreator.tloa.TloaMod/]: Rounded Stamina16
[08Mar2025 17:22:41.387] [Render thread/INFO] [net.mcreator.tloa.TloaMod/]: Can Stamina:false
[08Mar2025 17:22:41.387] [Render thread/INFO] [net.mcreator.tloa.TloaMod/]: Max Stamina50.0
[08Mar2025 17:22:41.427] [Server thread/INFO] [net.mcreator.tloa.TloaMod/]: Current Stamina:15.8
[08Mar2025 17:22:41.429] [Server thread/INFO] [net.mcreator.tloa.TloaMod/]: Rounded Stamina16
[08Mar2025 17:22:41.429] [Server thread/INFO] [net.mcreator.tloa.TloaMod/]: Can Stamina:false
[08Mar2025 17:22:41.429] [Server thread/INFO] [net.mcreator.tloa.TloaMod/]: Max Stamina50.0
[08Mar2025 17:22:41.436] [Render thread/INFO] [net.mcreator.tloa.TloaMod/]: Current Stamina:16.3
[08Mar2025 17:22:41.436] [Render thread/INFO] [net.mcreator.tloa.TloaMod/]: Rounded Stamina16
[08Mar2025 17:22:41.436] [Render thread/INFO] [net.mcreator.tloa.TloaMod/]: Can Stamina:false
[08Mar2025 17:22:41.437] [Render thread/INFO] [net.mcreator.tloa.TloaMod/]: Max Stamina50.0
[08Mar2025 17:22:41.475] [Server thread/INFO] [net.mcreator.tloa.TloaMod/]: Current Stamina:16.3
[08Mar2025 17:22:41.475] [Server thread/INFO] [net.mcreator.tloa.TloaMod/]: Rounded Stamina16
[08Mar2025 17:22:41.475] [Server thread/INFO] [net.mcreator.tloa.TloaMod/]: Can Stamina:false
[08Mar2025 17:22:41.476] [Server thread/INFO] [net.mcreator.tloa.TloaMod/]: Max Stamina50.0
[08Mar2025 17:22:41.486] [Render thread/INFO] [net.mcreator.tloa.TloaMod/]: Current Stamina:16.8
[08Mar2025 17:22:41.486] [Render thread/INFO] [net.mcreator.tloa.TloaMod/]: Rounded Stamina17
[08Mar2025 17:22:41.486] [Render thread/INFO] [net.mcreator.tloa.TloaMod/]: Can Stamina:false
[08Mar2025 17:22:41.486] [Render thread/INFO] [net.mcreator.tloa.TloaMod/]: Max Stamina50.0
[08Mar2025 17:22:41.525] [Server thread/INFO] [net.mcreator.tloa.TloaMod/]: Current Stamina:16.8
[08Mar2025 17:22:41.526] [Server thread/INFO] [net.mcreator.tloa.TloaMod/]: Rounded Stamina17
[08Mar2025 17:22:41.526] [Server thread/INFO] [net.mcreator.tloa.TloaMod/]: Can Stamina:false
[08Mar2025 17:22:41.526] [Server thread/INFO] [net.mcreator.tloa.TloaMod/]: Max Stamina50.0
[08Mar2025 17:22:41.535] [Render thread/INFO] [net.mcreator.tloa.TloaMod/]: Current Stamina:17.3
[08Mar2025 17:22:41.536] [Render thread/INFO] [net.mcreator.tloa.TloaMod/]: Rounded Stamina17
[08Mar2025 17:22:41.536] [Render thread/INFO] [net.mcreator.tloa.TloaMod/]: Can Stamina:false
[08Mar2025 17:22:41.536] [Render thread/INFO] [net.mcreator.tloa.TloaMod/]: Max Stamina50.0
[08Mar2025 17:22:41.577] [Server thread/INFO] [net.mcreator.tloa.TloaMod/]: Current Stamina:17.3
[08Mar2025 17:22:41.577] [Server thread/INFO] [net.mcreator.tloa.TloaMod/]: Rounded Stamina17
[08Mar2025 17:22:41.577] [Server thread/INFO] [net.mcreator.tloa.TloaMod/]: Can Stamina:false
[08Mar2025 17:22:41.577] [Server thread/INFO] [net.mcreator.tloa.TloaMod/]: Max Stamina50.0
[08Mar2025 17:22:41.587] [Render thread/INFO] [net.mcreator.tloa.TloaMod/]: Current Stamina:17.8
[08Mar2025 17:22:41.587] [Render thread/INFO] [net.mcreator.tloa.TloaMod/]: Rounded Stamina18
[08Mar2025 17:22:41.587] [Render thread/INFO] [net.mcreator.tloa.TloaMod/]: Can Stamina:false
[08Mar2025 17:22:41.587] [Render thread/INFO] [net.mcreator.tloa.TloaMod/]: Max Stamina50.0
[08Mar2025 17:22:41.627] [Server thread/INFO] [net.mcreator.tloa.TloaMod/]: Current Stamina:17.8
[08Mar2025 17:22:41.627] [Server thread/INFO] [net.mcreator.tloa.TloaMod/]: Rounded Stamina18
[08Mar2025 17:22:41.627] [Server thread/INFO] [net.mcreator.tloa.TloaMod/]: Can Stamina:false
[08Mar2025 17:22:41.627] [Server thread/INFO] [net.mcreator.tloa.TloaMod/]: Max Stamina50.0
[08Mar2025 17:22:41.637] [Render thread/INFO] [net.mcreator.tloa.TloaMod/]: Current Stamina:18.3
[08Mar2025 17:22:41.637] [Render thread/INFO] [net.mcreator.tloa.TloaMod/]: Rounded Stamina18
[08Mar2025 17:22:41.637] [Render thread/INFO] [net.mcreator.tloa.TloaMod/]: Can Stamina:false
[08Mar2025 17:22:41.637] [Render thread/INFO] [net.mcreator.tloa.TloaMod/]: Max Stamina50.0
[08Mar2025 17:22:41.677] [Server thread/INFO] [net.mcreator.tloa.TloaMod/]: Current Stamina:18.3
[08Mar2025 17:22:41.677] [Server thread/INFO] [net.mcreator.tloa.TloaMod/]: Rounded Stamina18
[08Mar2025 17:22:41.677] [Server thread/INFO] [net.mcreator.tloa.TloaMod/]: Can Stamina:false
[08Mar2025 17:22:41.677] [Server thread/INFO] [net.mcreator.tloa.TloaMod/]: Max Stamina50.0
[08Mar2025 17:22:41.686] [Render thread/INFO] [net.mcreator.tloa.TloaMod/]: Current Stamina:18.8
[08Mar2025 17:22:41.686] [Render thread/INFO] [net.mcreator.tloa.TloaMod/]: Rounded Stamina19
[08Mar2025 17:22:41.686] [Render thread/INFO] [net.mcreator.tloa.TloaMod/]: Can Stamina:false
[08Mar2025 17:22:41.686] [Render thread/INFO] [net.mcreator.tloa.TloaMod/]: Max Stamina50.0
[08Mar2025 17:22:41.726] [Server thread/INFO] [net.mcreator.tloa.TloaMod/]: Current Stamina:18.8
[08Mar2025 17:22:41.726] [Server thread/INFO] [net.mcreator.tloa.TloaMod/]: Rounded Stamina19
[08Mar2025 17:22:41.726] [Server thread/INFO] [net.mcreator.tloa.TloaMod/]: Can Stamina:false
[08Mar2025 17:22:41.726] [Server thread/INFO] [net.mcreator.tloa.TloaMod/]: Max Stamina50.0
[08Mar2025 17:22:41.735] [Render thread/INFO] [net.mcreator.tloa.TloaMod/]: Current Stamina:19.3
[08Mar2025 17:22:41.736] [Render thread/INFO] [net.mcreator.tloa.TloaMod/]: Rounded Stamina19
[08Mar2025 17:22:41.736] [Render thread/INFO] [net.mcreator.tloa.TloaMod/]: Can Stamina:false
[08Mar2025 17:22:41.736] [Render thread/INFO] [net.mcreator.tloa.TloaMod/]: Max Stamina50.0
[08Mar2025 17:22:41.777] [Server thread/INFO] [net.mcreator.tloa.TloaMod/]: Current Stamina:19.3
[08Mar2025 17:22:41.777] [Server thread/INFO] [net.mcreator.tloa.TloaMod/]: Rounded Stamina19
[08Mar2025 17:22:41.777] [Server thread/INFO] [net.mcreator.tloa.TloaMod/]: Can Stamina:false
[08Mar2025 17:22:41.777] [Server thread/INFO] [net.mcreator.tloa.TloaMod/]: Max Stamina50.0
[08Mar2025 17:22:41.787] [Render thread/INFO] [net.mcreator.tloa.TloaMod/]: Current Stamina:19.8
[08Mar2025 17:22:41.787] [Render thread/INFO] [net.mcreator.tloa.TloaMod/]: Rounded Stamina20
[08Mar2025 17:22:41.787] [Render thread/INFO] [net.mcreator.tloa.TloaMod/]: Can Stamina:false
[08Mar2025 17:22:41.787] [Render thread/INFO] [net.mcreator.tloa.TloaMod/]: Max Stamina50.0
[08Mar2025 17:22:41.825] [Server thread/INFO] [net.mcreator.tloa.TloaMod/]: Current Stamina:19.8
[08Mar2025 17:22:41.825] [Server thread/INFO] [net.mcreator.tloa.TloaMod/]: Rounded Stamina20
[08Mar2025 17:22:41.825] [Server thread/INFO] [net.mcreator.tloa.TloaMod/]: Can Stamina:false
[08Mar2025 17:22:41.827] [Server thread/INFO] [net.mcreator.tloa.TloaMod/]: Max Stamina50.0
[08Mar2025 17:22:41.838] [Render thread/INFO] [net.mcreator.tloa.TloaMod/]: Current Stamina:20.3
[08Mar2025 17:22:41.838] [Render thread/INFO] [net.mcreator.tloa.TloaMod/]: Rounded Stamina20
[08Mar2025 17:22:41.838] [Render thread/INFO] [net.mcreator.tloa.TloaMod/]: Can Stamina:false
[08Mar2025 17:22:41.838] [Render thread/INFO] [net.mcreator.tloa.TloaMod/]: Max Stamina50.0
[08Mar2025 17:22:41.877] [Server thread/INFO] [net.mcreator.tloa.TloaMod/]: Current Stamina:20.3
[08Mar2025 17:22:41.877] [Server thread/INFO] [net.mcreator.tloa.TloaMod/]: Rounded Stamina20
[08Mar2025 17:22:41.877] [Server thread/INFO] [net.mcreator.tloa.TloaMod/]: Can Stamina:false
[08Mar2025 17:22:41.877] [Server thread/INFO] [net.mcreator.tloa.TloaMod/]: Max Stamina50.0
[08Mar2025 17:22:41.885] [Render thread/INFO] [net.mcreator.tloa.TloaMod/]: Current Stamina:20.8
[08Mar2025 17:22:41.885] [Render thread/INFO] [net.mcreator.tloa.TloaMod/]: Rounded Stamina21
[08Mar2025 17:22:41.885] [Render thread/INFO] [net.mcreator.tloa.TloaMod/]: Can Stamina:false
[08Mar2025 17:22:41.886] [Render thread/INFO] [net.mcreator.tloa.TloaMod/]: Max Stamina50.0
[08Mar2025 17:22:41.927] [Server thread/INFO] [net.mcreator.tloa.TloaMod/]: Current Stamina:20.8
[08Mar2025 17:22:41.927] [Server thread/INFO] [net.mcreator.tloa.TloaMod/]: Rounded Stamina21
[08Mar2025 17:22:41.927] [Server thread/INFO] [net.mcreator.tloa.TloaMod/]: Can Stamina:false
[08Mar2025 17:22:41.927] [Server thread/INFO] [net.mcreator.tloa.TloaMod/]: Max Stamina50.0
[08Mar2025 17:22:41.937] [Render thread/INFO] [net.mcreator.tloa.TloaMod/]: Current Stamina:21.3
[08Mar2025 17:22:41.938] [Render thread/INFO] [net.mcreator.tloa.TloaMod/]: Rounded Stamina21
[08Mar2025 17:22:41.938] [Render thread/INFO] [net.mcreator.tloa.TloaMod/]: Can Stamina:false
[08Mar2025 17:22:41.938] [Render thread/INFO] [net.mcreator.tloa.TloaMod/]: Max Stamina50.0
[08Mar2025 17:22:41.976] [Server thread/INFO] [net.mcreator.tloa.TloaMod/]: Current Stamina:21.3
[08Mar2025 17:22:41.976] [Server thread/INFO] [net.mcreator.tloa.TloaMod/]: Rounded Stamina21
[08Mar2025 17:22:41.976] [Server thread/INFO] [net.mcreator.tloa.TloaMod/]: Can Stamina:false
[08Mar2025 17:22:41.976] [Server thread/INFO] [net.mcreator.tloa.TloaMod/]: Max Stamina50.0
[08Mar2025 17:22:41.986] [Render thread/INFO] [net.mcreator.tloa.TloaMod/]: Current Stamina:21.8
[08Mar2025 17:22:41.986] [Render thread/INFO] [net.mcreator.tloa.TloaMod/]: Rounded Stamina22
[08Mar2025 17:22:41.986] [Render thread/INFO] [net.mcreator.tloa.TloaMod/]: Can Stamina:false
[08Mar2025 17:22:41.986] [Render thread/INFO] [net.mcreator.tloa.TloaMod/]: Max Stamina50.0
[08Mar2025 17:22:42.025] [Server thread/INFO] [net.mcreator.tloa.TloaMod/]: Current Stamina:21.8
[08Mar2025 17:22:42.026] [Server thread/INFO] [net.mcreator.tloa.TloaMod/]: Rounded Stamina22
[08Mar2025 17:22:42.026] [Server thread/INFO] [net.mcreator.tloa.TloaMod/]: Can Stamina:false
[08Mar2025 17:22:42.026] [Server thread/INFO] [net.mcreator.tloa.TloaMod/]: Max Stamina50.0
[08Mar2025 17:22:42.035] [Render thread/INFO] [net.mcreator.tloa.TloaMod/]: Current Stamina:22.3
[08Mar2025 17:22:42.035] [Render thread/INFO] [net.mcreator.tloa.TloaMod/]: Rounded Stamina22
[08Mar2025 17:22:42.035] [Render thread/INFO] [net.mcreator.tloa.TloaMod/]: Can Stamina:false
[08Mar2025 17:22:42.035] [Render thread/INFO] [net.mcreator.tloa.TloaMod/]: Max Stamina50.0
[08Mar2025 17:22:42.078] [Server thread/INFO] [net.mcreator.tloa.TloaMod/]: Current Stamina:22.3
[08Mar2025 17:22:42.078] [Server thread/INFO] [net.mcreator.tloa.TloaMod/]: Rounded Stamina22
[08Mar2025 17:22:42.078] [Server thread/INFO] [net.mcreator.tloa.TloaMod/]: Can Stamina:false
[08Mar2025 17:22:42.078] [Server thread/INFO] [net.mcreator.tloa.TloaMod/]: Max Stamina50.0
[08Mar2025 17:22:42.086] [Render thread/INFO] [net.mcreator.tloa.TloaMod/]: Current Stamina:22.8
[08Mar2025 17:22:42.086] [Render thread/INFO] [net.mcreator.tloa.TloaMod/]: Rounded Stamina23
[08Mar2025 17:22:42.086] [Render thread/INFO] [net.mcreator.tloa.TloaMod/]: Can Stamina:false
[08Mar2025 17:22:42.086] [Render thread/INFO] [net.mcreator.tloa.TloaMod/]: Max Stamina50.0
[08Mar2025 17:22:42.125] [Server thread/INFO] [net.mcreator.tloa.TloaMod/]: Current Stamina:22.8
[08Mar2025 17:22:42.125] [Server thread/INFO] [net.mcreator.tloa.TloaMod/]: Rounded Stamina23
[08Mar2025 17:22:42.127] [Server thread/INFO] [net.mcreator.tloa.TloaMod/]: Can Stamina:false
[08Mar2025 17:22:42.127] [Server thread/INFO] [net.mcreator.tloa.TloaMod/]: Max Stamina50.0
[08Mar2025 17:22:42.135] [Render thread/INFO] [net.mcreator.tloa.TloaMod/]: Current Stamina:23.3
[08Mar2025 17:22:42.135] [Render thread/INFO] [net.mcreator.tloa.TloaMod/]: Rounded Stamina23
[08Mar2025 17:22:42.136] [Render thread/INFO] [net.mcreator.tloa.TloaMod/]: Can Stamina:false
[08Mar2025 17:22:42.136] [Render thread/INFO] [net.mcreator.tloa.TloaMod/]: Max Stamina50.0
[08Mar2025 17:22:42.175] [Server thread/INFO] [net.mcreator.tloa.TloaMod/]: Current Stamina:23.3
[08Mar2025 17:22:42.176] [Server thread/INFO] [net.mcreator.tloa.TloaMod/]: Rounded Stamina23
[08Mar2025 17:22:42.176] [Server thread/INFO] [net.mcreator.tloa.TloaMod/]: Can Stamina:false
[08Mar2025 17:22:42.176] [Server thread/INFO] [net.mcreator.tloa.TloaMod/]: Max Stamina50.0
[08Mar2025 17:22:42.185] [Render thread/INFO] [net.mcreator.tloa.TloaMod/]: Current Stamina:23.8
[08Mar2025 17:22:42.185] [Render thread/INFO] [net.mcreator.tloa.TloaMod/]: Rounded Stamina24
[08Mar2025 17:22:42.186] [Render thread/INFO] [net.mcreator.tloa.TloaMod/]: Can Stamina:false
[08Mar2025 17:22:42.186] [Render thread/INFO] [net.mcreator.tloa.TloaMod/]: Max Stamina50.0
[08Mar2025 17:22:42.227] [Server thread/INFO] [net.mcreator.tloa.TloaMod/]: Current Stamina:23.8
[08Mar2025 17:22:42.228] [Server thread/INFO] [net.mcreator.tloa.TloaMod/]: Rounded Stamina24
[08Mar2025 17:22:42.228] [Server thread/INFO] [net.mcreator.tloa.TloaMod/]: Can Stamina:false
[08Mar2025 17:22:42.228] [Server thread/INFO] [net.mcreator.tloa.TloaMod/]: Max Stamina50.0
[08Mar2025 17:22:42.236] [Render thread/INFO] [net.mcreator.tloa.TloaMod/]: Current Stamina:24.3
[08Mar2025 17:22:42.236] [Render thread/INFO] [net.mcreator.tloa.TloaMod/]: Rounded Stamina24
[08Mar2025 17:22:42.237] [Render thread/INFO] [net.mcreator.tloa.TloaMod/]: Can Stamina:false
[08Mar2025 17:22:42.237] [Render thread/INFO] [net.mcreator.tloa.TloaMod/]: Max Stamina50.0
[08Mar2025 17:22:42.278] [Server thread/INFO] [net.mcreator.tloa.TloaMod/]: Current Stamina:24.3
[08Mar2025 17:22:42.278] [Server thread/INFO] [net.mcreator.tloa.TloaMod/]: Rounded Stamina24
[08Mar2025 17:22:42.278] [Server thread/INFO] [net.mcreator.tloa.TloaMod/]: Can Stamina:false
[08Mar2025 17:22:42.278] [Server thread/INFO] [net.mcreator.tloa.TloaMod/]: Max Stamina50.0
[08Mar2025 17:22:42.287] [Render thread/INFO] [net.mcreator.tloa.TloaMod/]: Current Stamina:24.8
[08Mar2025 17:22:42.287] [Render thread/INFO] [net.mcreator.tloa.TloaMod/]: Rounded Stamina25
[08Mar2025 17:22:42.287] [Render thread/INFO] [net.mcreator.tloa.TloaMod/]: Can Stamina:false
[08Mar2025 17:22:42.287] [Render thread/INFO] [net.mcreator.tloa.TloaMod/]: Max Stamina50.0
[08Mar2025 17:22:42.327] [Server thread/INFO] [net.mcreator.tloa.TloaMod/]: Current Stamina:24.8
[08Mar2025 17:22:42.327] [Server thread/INFO] [net.mcreator.tloa.TloaMod/]: Rounded Stamina25
[08Mar2025 17:22:42.327] [Server thread/INFO] [net.mcreator.tloa.TloaMod/]: Can Stamina:false
[08Mar2025 17:22:42.327] [Server thread/INFO] [net.mcreator.tloa.TloaMod/]: Max Stamina50.0
[08Mar2025 17:22:42.336] [Render thread/INFO] [net.mcreator.tloa.TloaMod/]: Current Stamina:25.3
[08Mar2025 17:22:42.337] [Render thread/INFO] [net.mcreator.tloa.TloaMod/]: Rounded Stamina25
[08Mar2025 17:22:42.337] [Render thread/INFO] [net.mcreator.tloa.TloaMod/]: Can Stamina:false
[08Mar2025 17:22:42.337] [Render thread/INFO] [net.mcreator.tloa.TloaMod/]: Max Stamina50.0
[08Mar2025 17:22:42.376] [Server thread/INFO] [net.mcreator.tloa.TloaMod/]: Current Stamina:25.3
[08Mar2025 17:22:42.376] [Server thread/INFO] [net.mcreator.tloa.TloaMod/]: Rounded Stamina25
[08Mar2025 17:22:42.376] [Server thread/INFO] [net.mcreator.tloa.TloaMod/]: Can Stamina:false
[08Mar2025 17:22:42.376] [Server thread/INFO] [net.mcreator.tloa.TloaMod/]: Max Stamina50.0
[08Mar2025 17:22:42.386] [Render thread/INFO] [net.mcreator.tloa.TloaMod/]: Current Stamina:25.8
[08Mar2025 17:22:42.386] [Render thread/INFO] [net.mcreator.tloa.TloaMod/]: Rounded Stamina26
[08Mar2025 17:22:42.386] [Render thread/INFO] [net.mcreator.tloa.TloaMod/]: Can Stamina:false
[08Mar2025 17:22:42.386] [Render thread/INFO] [net.mcreator.tloa.TloaMod/]: Max Stamina50.0
[08Mar2025 17:22:42.428] [Server thread/INFO] [net.mcreator.tloa.TloaMod/]: Current Stamina:25.8
[08Mar2025 17:22:42.428] [Server thread/INFO] [net.mcreator.tloa.TloaMod/]: Rounded Stamina26
[08Mar2025 17:22:42.428] [Server thread/INFO] [net.mcreator.tloa.TloaMod/]: Can Stamina:false
[08Mar2025 17:22:42.428] [Server thread/INFO] [net.mcreator.tloa.TloaMod/]: Max Stamina50.0
[08Mar2025 17:22:42.437] [Render thread/INFO] [net.mcreator.tloa.TloaMod/]: Current Stamina:26.3
[08Mar2025 17:22:42.437] [Render thread/INFO] [net.mcreator.tloa.TloaMod/]: Rounded Stamina26
[08Mar2025 17:22:42.437] [Render thread/INFO] [net.mcreator.tloa.TloaMod/]: Can Stamina:false
[08Mar2025 17:22:42.437] [Render thread/INFO] [net.mcreator.tloa.TloaMod/]: Max Stamina50.0
[08Mar2025 17:22:42.476] [Server thread/INFO] [net.mcreator.tloa.TloaMod/]: Current Stamina:26.3
[08Mar2025 17:22:42.477] [Server thread/INFO] [net.mcreator.tloa.TloaMod/]: Rounded Stamina26
[08Mar2025 17:22:42.477] [Server thread/INFO] [net.mcreator.tloa.TloaMod/]: Can Stamina:false
[08Mar2025 17:22:42.477] [Server thread/INFO] [net.mcreator.tloa.TloaMod/]: Max Stamina50.0
[08Mar2025 17:22:42.485] [Render thread/INFO] [net.mcreator.tloa.TloaMod/]: Current Stamina:26.8
[08Mar2025 17:22:42.486] [Render thread/INFO] [net.mcreator.tloa.TloaMod/]: Rounded Stamina27
[08Mar2025 17:22:42.486] [Render thread/INFO] [net.mcreator.tloa.TloaMod/]: Can Stamina:false
[08Mar2025 17:22:42.486] [Render thread/INFO] [net.mcreator.tloa.TloaMod/]: Max Stamina50.0
[08Mar2025 17:22:42.526] [Server thread/INFO] [net.mcreator.tloa.TloaMod/]: Current Stamina:26.8
[08Mar2025 17:22:42.526] [Server thread/INFO] [net.mcreator.tloa.TloaMod/]: Rounded Stamina27
[08Mar2025 17:22:42.526] [Server thread/INFO] [net.mcreator.tloa.TloaMod/]: Can Stamina:false
[08Mar2025 17:22:42.526] [Server thread/INFO] [net.mcreator.tloa.TloaMod/]: Max Stamina50.0
[08Mar2025 17:22:42.535] [Render thread/INFO] [net.mcreator.tloa.TloaMod/]: Current Stamina:27.3
[08Mar2025 17:22:42.536] [Render thread/INFO] [net.mcreator.tloa.TloaMod/]: Rounded Stamina27
[08Mar2025 17:22:42.536] [Render thread/INFO] [net.mcreator.tloa.TloaMod/]: Can Stamina:false
[08Mar2025 17:22:42.536] [Render thread/INFO] [net.mcreator.tloa.TloaMod/]: Max Stamina50.0
[08Mar2025 17:22:42.576] [Server thread/INFO] [net.mcreator.tloa.TloaMod/]: Current Stamina:27.3
[08Mar2025 17:22:42.577] [Server thread/INFO] [net.mcreator.tloa.TloaMod/]: Rounded Stamina27
[08Mar2025 17:22:42.577] [Server thread/INFO] [net.mcreator.tloa.TloaMod/]: Can Stamina:false
[08Mar2025 17:22:42.577] [Server thread/INFO] [net.mcreator.tloa.TloaMod/]: Max Stamina50.0
[08Mar2025 17:22:42.585] [Render thread/INFO] [net.mcreator.tloa.TloaMod/]: Current Stamina:27.8
[08Mar2025 17:22:42.585] [Render thread/INFO] [net.mcreator.tloa.TloaMod/]: Rounded Stamina28
[08Mar2025 17:22:42.585] [Render thread/INFO] [net.mcreator.tloa.TloaMod/]: Can Stamina:false
[08Mar2025 17:22:42.585] [Render thread/INFO] [net.mcreator.tloa.TloaMod/]: Max Stamina50.0
[08Mar2025 17:22:42.628] [Server thread/INFO] [net.mcreator.tloa.TloaMod/]: Current Stamina:27.8
[08Mar2025 17:22:42.629] [Server thread/INFO] [net.mcreator.tloa.TloaMod/]: Rounded Stamina28
[08Mar2025 17:22:42.629] [Server thread/INFO] [net.mcreator.tloa.TloaMod/]: Can Stamina:false
[08Mar2025 17:22:42.629] [Server thread/INFO] [net.mcreator.tloa.TloaMod/]: Max Stamina50.0
[08Mar2025 17:22:42.637] [Render thread/INFO] [net.mcreator.tloa.TloaMod/]: Current Stamina:28.3
[08Mar2025 17:22:42.637] [Render thread/INFO] [net.mcreator.tloa.TloaMod/]: Rounded Stamina28
[08Mar2025 17:22:42.637] [Render thread/INFO] [net.mcreator.tloa.TloaMod/]: Can Stamina:false
[08Mar2025 17:22:42.637] [Render thread/INFO] [net.mcreator.tloa.TloaMod/]: Max Stamina50.0
[08Mar2025 17:22:42.677] [Server thread/INFO] [net.mcreator.tloa.TloaMod/]: Current Stamina:28.3
[08Mar2025 17:22:42.677] [Server thread/INFO] [net.mcreator.tloa.TloaMod/]: Rounded Stamina28
[08Mar2025 17:22:42.677] [Server thread/INFO] [net.mcreator.tloa.TloaMod/]: Can Stamina:false
[08Mar2025 17:22:42.677] [Server thread/INFO] [net.mcreator.tloa.TloaMod/]: Max Stamina50.0
[08Mar2025 17:22:42.687] [Render thread/INFO] [net.mcreator.tloa.TloaMod/]: Current Stamina:28.8
[08Mar2025 17:22:42.687] [Render thread/INFO] [net.mcreator.tloa.TloaMod/]: Rounded Stamina29
[08Mar2025 17:22:42.687] [Render thread/INFO] [net.mcreator.tloa.TloaMod/]: Can Stamina:false
[08Mar2025 17:22:42.687] [Render thread/INFO] [net.mcreator.tloa.TloaMod/]: Max Stamina50.0
[08Mar2025 17:22:42.728] [Server thread/INFO] [net.mcreator.tloa.TloaMod/]: Current Stamina:28.8
[08Mar2025 17:22:42.728] [Server thread/INFO] [net.mcreator.tloa.TloaMod/]: Rounded Stamina29
[08Mar2025 17:22:42.728] [Server thread/INFO] [net.mcreator.tloa.TloaMod/]: Can Stamina:false
[08Mar2025 17:22:42.728] [Server thread/INFO] [net.mcreator.tloa.TloaMod/]: Max Stamina50.0
[08Mar2025 17:22:42.736] [Render thread/INFO] [net.mcreator.tloa.TloaMod/]: Current Stamina:29.3
[08Mar2025 17:22:42.736] [Render thread/INFO] [net.mcreator.tloa.TloaMod/]: Rounded Stamina29
[08Mar2025 17:22:42.736] [Render thread/INFO] [net.mcreator.tloa.TloaMod/]: Can Stamina:false
[08Mar2025 17:22:42.737] [Render thread/INFO] [net.mcreator.tloa.TloaMod/]: Max Stamina50.0
[08Mar2025 17:22:42.778] [Server thread/INFO] [net.mcreator.tloa.TloaMod/]: Current Stamina:29.3
[08Mar2025 17:22:42.778] [Server thread/INFO] [net.mcreator.tloa.TloaMod/]: Rounded Stamina29
[08Mar2025 17:22:42.778] [Server thread/INFO] [net.mcreator.tloa.TloaMod/]: Can Stamina:false
[08Mar2025 17:22:42.778] [Server thread/INFO] [net.mcreator.tloa.TloaMod/]: Max Stamina50.0
[08Mar2025 17:22:42.787] [Render thread/INFO] [net.mcreator.tloa.TloaMod/]: Current Stamina:29.8
[08Mar2025 17:22:42.787] [Render thread/INFO] [net.mcreator.tloa.TloaMod/]: Rounded Stamina30
[08Mar2025 17:22:42.787] [Render thread/INFO] [net.mcreator.tloa.TloaMod/]: Can Stamina:false
[08Mar2025 17:22:42.787] [Render thread/INFO] [net.mcreator.tloa.TloaMod/]: Max Stamina50.0
[08Mar2025 17:22:42.827] [Server thread/INFO] [net.mcreator.tloa.TloaMod/]: Current Stamina:29.8
[08Mar2025 17:22:42.827] [Server thread/INFO] [net.mcreator.tloa.TloaMod/]: Rounded Stamina30
[08Mar2025 17:22:42.828] [Server thread/INFO] [net.mcreator.tloa.TloaMod/]: Can Stamina:false
[08Mar2025 17:22:42.828] [Server thread/INFO] [net.mcreator.tloa.TloaMod/]: Max Stamina50.0
[08Mar2025 17:22:42.837] [Render thread/INFO] [net.mcreator.tloa.TloaMod/]: Current Stamina:30.3
[08Mar2025 17:22:42.837] [Render thread/INFO] [net.mcreator.tloa.TloaMod/]: Rounded Stamina30
[08Mar2025 17:22:42.837] [Render thread/INFO] [net.mcreator.tloa.TloaMod/]: Can Stamina:false
[08Mar2025 17:22:42.837] [Render thread/INFO] [net.mcreator.tloa.TloaMod/]: Max Stamina50.0
[08Mar2025 17:22:42.881] [Server thread/INFO] [net.mcreator.tloa.TloaMod/]: Current Stamina:30.3
[08Mar2025 17:22:42.881] [Server thread/INFO] [net.mcreator.tloa.TloaMod/]: Rounded Stamina30
[08Mar2025 17:22:42.881] [Server thread/INFO] [net.mcreator.tloa.TloaMod/]: Can Stamina:false
[08Mar2025 17:22:42.881] [Server thread/INFO] [net.mcreator.tloa.TloaMod/]: Max Stamina50.0
[08Mar2025 17:22:42.885] [Render thread/INFO] [net.mcreator.tloa.TloaMod/]: Current Stamina:30.8
[08Mar2025 17:22:42.886] [Render thread/INFO] [net.mcreator.tloa.TloaMod/]: Rounded Stamina31
[08Mar2025 17:22:42.886] [Render thread/INFO] [net.mcreator.tloa.TloaMod/]: Can Stamina:false
[08Mar2025 17:22:42.886] [Render thread/INFO] [net.mcreator.tloa.TloaMod/]: Max Stamina50.0
[08Mar2025 17:22:42.924] [Server thread/INFO] [net.mcreator.tloa.TloaMod/]: Current Stamina:30.8
[08Mar2025 17:22:42.924] [Server thread/INFO] [net.mcreator.tloa.TloaMod/]: Rounded Stamina31
[08Mar2025 17:22:42.924] [Server thread/INFO] [net.mcreator.tloa.TloaMod/]: Can Stamina:false
[08Mar2025 17:22:42.924] [Server thread/INFO] [net.mcreator.tloa.TloaMod/]: Max Stamina50.0
[08Mar2025 17:22:42.936] [Render thread/INFO] [net.mcreator.tloa.TloaMod/]: Current Stamina:31.3
[08Mar2025 17:22:42.936] [Render thread/INFO] [net.mcreator.tloa.TloaMod/]: Rounded Stamina31
[08Mar2025 17:22:42.936] [Render thread/INFO] [net.mcreator.tloa.TloaMod/]: Can Stamina:false
[08Mar2025 17:22:42.936] [Render thread/INFO] [net.mcreator.tloa.TloaMod/]: Max Stamina50.0
[08Mar2025 17:22:42.978] [Server thread/INFO] [net.mcreator.tloa.TloaMod/]: Current Stamina:31.3
[08Mar2025 17:22:42.979] [Server thread/INFO] [net.mcreator.tloa.TloaMod/]: Rounded Stamina31
[08Mar2025 17:22:42.979] [Server thread/INFO] [net.mcreator.tloa.TloaMod/]: Can Stamina:false
[08Mar2025 17:22:42.979] [Server thread/INFO] [net.mcreator.tloa.TloaMod/]: Max Stamina50.0
[08Mar2025 17:22:42.986] [Render thread/INFO] [net.mcreator.tloa.TloaMod/]: Current Stamina:31.8
[08Mar2025 17:22:42.986] [Render thread/INFO] [net.mcreator.tloa.TloaMod/]: Rounded Stamina32
[08Mar2025 17:22:42.986] [Render thread/INFO] [net.mcreator.tloa.TloaMod/]: Can Stamina:false
[08Mar2025 17:22:42.986] [Render thread/INFO] [net.mcreator.tloa.TloaMod/]: Max Stamina50.0
[08Mar2025 17:22:43.039] [Server thread/INFO] [net.mcreator.tloa.TloaMod/]: Current Stamina:31.8
[08Mar2025 17:22:43.039] [Render thread/INFO] [net.mcreator.tloa.TloaMod/]: Current Stamina:32.3
[08Mar2025 17:22:43.039] [Server thread/INFO] [net.mcreator.tloa.TloaMod/]: Rounded Stamina32
[08Mar2025 17:22:43.039] [Render thread/INFO] [net.mcreator.tloa.TloaMod/]: Rounded Stamina32
[08Mar2025 17:22:43.039] [Server thread/INFO] [net.mcreator.tloa.TloaMod/]: Can Stamina:false
[08Mar2025 17:22:43.039] [Render thread/INFO] [net.mcreator.tloa.TloaMod/]: Can Stamina:false
[08Mar2025 17:22:43.039] [Render thread/INFO] [net.mcreator.tloa.TloaMod/]: Max Stamina50.0
[08Mar2025 17:22:43.039] [Server thread/INFO] [net.mcreator.tloa.TloaMod/]: Max Stamina50.0
[08Mar2025 17:22:43.076] [Server thread/INFO] [net.mcreator.tloa.TloaMod/]: Current Stamina:32.3
[08Mar2025 17:22:43.076] [Server thread/INFO] [net.mcreator.tloa.TloaMod/]: Rounded Stamina32
[08Mar2025 17:22:43.078] [Server thread/INFO] [net.mcreator.tloa.TloaMod/]: Can Stamina:false
[08Mar2025 17:22:43.078] [Server thread/INFO] [net.mcreator.tloa.TloaMod/]: Max Stamina50.0
[08Mar2025 17:22:43.086] [Render thread/INFO] [net.mcreator.tloa.TloaMod/]: Current Stamina:32.8
[08Mar2025 17:22:43.086] [Render thread/INFO] [net.mcreator.tloa.TloaMod/]: Rounded Stamina33
[08Mar2025 17:22:43.086] [Render thread/INFO] [net.mcreator.tloa.TloaMod/]: Can Stamina:false
[08Mar2025 17:22:43.086] [Render thread/INFO] [net.mcreator.tloa.TloaMod/]: Max Stamina50.0
[08Mar2025 17:22:43.127] [Server thread/INFO] [net.mcreator.tloa.TloaMod/]: Current Stamina:32.8
[08Mar2025 17:22:43.127] [Server thread/INFO] [net.mcreator.tloa.TloaMod/]: Rounded Stamina33
[08Mar2025 17:22:43.127] [Server thread/INFO] [net.mcreator.tloa.TloaMod/]: Can Stamina:false
[08Mar2025 17:22:43.127] [Server thread/INFO] [net.mcreator.tloa.TloaMod/]: Max Stamina50.0
[08Mar2025 17:22:43.136] [Render thread/INFO] [net.mcreator.tloa.TloaMod/]: Current Stamina:33.3
[08Mar2025 17:22:43.137] [Render thread/INFO] [net.mcreator.tloa.TloaMod/]: Rounded Stamina33
[08Mar2025 17:22:43.137] [Render thread/INFO] [net.mcreator.tloa.TloaMod/]: Can Stamina:false
[08Mar2025 17:22:43.137] [Render thread/INFO] [net.mcreator.tloa.TloaMod/]: Max Stamina50.0
[08Mar2025 17:22:43.179] [Server thread/INFO] [net.mcreator.tloa.TloaMod/]: Current Stamina:33.3
[08Mar2025 17:22:43.179] [Server thread/INFO] [net.mcreator.tloa.TloaMod/]: Rounded Stamina33
[08Mar2025 17:22:43.179] [Server thread/INFO] [net.mcreator.tloa.TloaMod/]: Can Stamina:false
[08Mar2025 17:22:43.180] [Server thread/INFO] [net.mcreator.tloa.TloaMod/]: Max Stamina50.0
[08Mar2025 17:22:43.186] [Render thread/INFO] [net.mcreator.tloa.TloaMod/]: Current Stamina:33.8
[08Mar2025 17:22:43.186] [Render thread/INFO] [net.mcreator.tloa.TloaMod/]: Rounded Stamina34
[08Mar2025 17:22:43.187] [Render thread/INFO] [net.mcreator.tloa.TloaMod/]: Can Stamina:false
[08Mar2025 17:22:43.187] [Render thread/INFO] [net.mcreator.tloa.TloaMod/]: Max Stamina50.0
[08Mar2025 17:22:43.227] [Server thread/INFO] [net.mcreator.tloa.TloaMod/]: Current Stamina:33.8
[08Mar2025 17:22:43.227] [Server thread/INFO] [net.mcreator.tloa.TloaMod/]: Rounded Stamina34
[08Mar2025 17:22:43.227] [Server thread/INFO] [net.mcreator.tloa.TloaMod/]: Can Stamina:false
[08Mar2025 17:22:43.227] [Server thread/INFO] [net.mcreator.tloa.TloaMod/]: Max Stamina50.0
[08Mar2025 17:22:43.235] [Render thread/INFO] [net.mcreator.tloa.TloaMod/]: Current Stamina:34.3
[08Mar2025 17:22:43.235] [Render thread/INFO] [net.mcreator.tloa.TloaMod/]: Rounded Stamina34
[08Mar2025 17:22:43.235] [Render thread/INFO] [net.mcreator.tloa.TloaMod/]: Can Stamina:false
[08Mar2025 17:22:43.235] [Render thread/INFO] [net.mcreator.tloa.TloaMod/]: Max Stamina50.0
[08Mar2025 17:22:43.277] [Server thread/INFO] [net.mcreator.tloa.TloaMod/]: Current Stamina:34.3
[08Mar2025 17:22:43.278] [Server thread/INFO] [net.mcreator.tloa.TloaMod/]: Rounded Stamina34
[08Mar2025 17:22:43.278] [Server thread/INFO] [net.mcreator.tloa.TloaMod/]: Can Stamina:false
[08Mar2025 17:22:43.278] [Server thread/INFO] [net.mcreator.tloa.TloaMod/]: Max Stamina50.0
[08Mar2025 17:22:43.285] [Render thread/INFO] [net.mcreator.tloa.TloaMod/]: Current Stamina:34.8
[08Mar2025 17:22:43.286] [Render thread/INFO] [net.mcreator.tloa.TloaMod/]: Rounded Stamina35
[08Mar2025 17:22:43.286] [Render thread/INFO] [net.mcreator.tloa.TloaMod/]: Can Stamina:false
[08Mar2025 17:22:43.286] [Render thread/INFO] [net.mcreator.tloa.TloaMod/]: Max Stamina50.0
[08Mar2025 17:22:43.329] [Server thread/INFO] [net.mcreator.tloa.TloaMod/]: Current Stamina:34.8
[08Mar2025 17:22:43.330] [Server thread/INFO] [net.mcreator.tloa.TloaMod/]: Rounded Stamina35
[08Mar2025 17:22:43.330] [Server thread/INFO] [net.mcreator.tloa.TloaMod/]: Can Stamina:false
[08Mar2025 17:22:43.330] [Server thread/INFO] [net.mcreator.tloa.TloaMod/]: Max Stamina50.0
[08Mar2025 17:22:43.336] [Render thread/INFO] [net.mcreator.tloa.TloaMod/]: Current Stamina:35.3
[08Mar2025 17:22:43.336] [Render thread/INFO] [net.mcreator.tloa.TloaMod/]: Rounded Stamina35
[08Mar2025 17:22:43.336] [Render thread/INFO] [net.mcreator.tloa.TloaMod/]: Can Stamina:false
[08Mar2025 17:22:43.336] [Render thread/INFO] [net.mcreator.tloa.TloaMod/]: Max Stamina50.0
[08Mar2025 17:22:43.379] [Server thread/INFO] [net.mcreator.tloa.TloaMod/]: Current Stamina:35.3
[08Mar2025 17:22:43.380] [Server thread/INFO] [net.mcreator.tloa.TloaMod/]: Rounded Stamina35
[08Mar2025 17:22:43.380] [Server thread/INFO] [net.mcreator.tloa.TloaMod/]: Can Stamina:false
[08Mar2025 17:22:43.381] [Server thread/INFO] [net.mcreator.tloa.TloaMod/]: Max Stamina50.0
[08Mar2025 17:22:43.385] [Render thread/INFO] [net.mcreator.tloa.TloaMod/]: Current Stamina:35.8
[08Mar2025 17:22:43.386] [Render thread/INFO] [net.mcreator.tloa.TloaMod/]: Rounded Stamina36
[08Mar2025 17:22:43.386] [Render thread/INFO] [net.mcreator.tloa.TloaMod/]: Can Stamina:false
[08Mar2025 17:22:43.386] [Render thread/INFO] [net.mcreator.tloa.TloaMod/]: Max Stamina50.0
[08Mar2025 17:22:43.427] [Server thread/INFO] [net.mcreator.tloa.TloaMod/]: Current Stamina:35.8
[08Mar2025 17:22:43.427] [Server thread/INFO] [net.mcreator.tloa.TloaMod/]: Rounded Stamina36
[08Mar2025 17:22:43.427] [Server thread/INFO] [net.mcreator.tloa.TloaMod/]: Can Stamina:false
[08Mar2025 17:22:43.427] [Server thread/INFO] [net.mcreator.tloa.TloaMod/]: Max Stamina50.0
[08Mar2025 17:22:43.435] [Render thread/INFO] [net.mcreator.tloa.TloaMod/]: Current Stamina:36.3
[08Mar2025 17:22:43.436] [Render thread/INFO] [net.mcreator.tloa.TloaMod/]: Rounded Stamina36
[08Mar2025 17:22:43.436] [Render thread/INFO] [net.mcreator.tloa.TloaMod/]: Can Stamina:false
[08Mar2025 17:22:43.436] [Render thread/INFO] [net.mcreator.tloa.TloaMod/]: Max Stamina50.0
[08Mar2025 17:22:43.481] [Server thread/INFO] [net.mcreator.tloa.TloaMod/]: Current Stamina:36.3
[08Mar2025 17:22:43.481] [Server thread/INFO] [net.mcreator.tloa.TloaMod/]: Rounded Stamina36
[08Mar2025 17:22:43.481] [Server thread/INFO] [net.mcreator.tloa.TloaMod/]: Can Stamina:false
[08Mar2025 17:22:43.481] [Server thread/INFO] [net.mcreator.tloa.TloaMod/]: Max Stamina50.0
[08Mar2025 17:22:43.486] [Render thread/INFO] [net.mcreator.tloa.TloaMod/]: Current Stamina:36.8
[08Mar2025 17:22:43.486] [Render thread/INFO] [net.mcreator.tloa.TloaMod/]: Rounded Stamina37
[08Mar2025 17:22:43.486] [Render thread/INFO] [net.mcreator.tloa.TloaMod/]: Can Stamina:false
[08Mar2025 17:22:43.486] [Render thread/INFO] [net.mcreator.tloa.TloaMod/]: Max Stamina50.0
[08Mar2025 17:22:43.527] [Server thread/INFO] [net.mcreator.tloa.TloaMod/]: Current Stamina:36.8
[08Mar2025 17:22:43.527] [Server thread/INFO] [net.mcreator.tloa.TloaMod/]: Rounded Stamina37
[08Mar2025 17:22:43.527] [Server thread/INFO] [net.mcreator.tloa.TloaMod/]: Can Stamina:false
[08Mar2025 17:22:43.528] [Server thread/INFO] [net.mcreator.tloa.TloaMod/]: Max Stamina50.0
[08Mar2025 17:22:43.536] [Render thread/INFO] [net.mcreator.tloa.TloaMod/]: Current Stamina:37.3
[08Mar2025 17:22:43.536] [Render thread/INFO] [net.mcreator.tloa.TloaMod/]: Rounded Stamina37
[08Mar2025 17:22:43.536] [Render thread/INFO] [net.mcreator.tloa.TloaMod/]: Can Stamina:false
[08Mar2025 17:22:43.537] [Render thread/INFO] [net.mcreator.tloa.TloaMod/]: Max Stamina50.0
[08Mar2025 17:22:43.579] [Server thread/INFO] [net.mcreator.tloa.TloaMod/]: Current Stamina:37.3
[08Mar2025 17:22:43.579] [Server thread/INFO] [net.mcreator.tloa.TloaMod/]: Rounded Stamina37
[08Mar2025 17:22:43.579] [Server thread/INFO] [net.mcreator.tloa.TloaMod/]: Can Stamina:false
[08Mar2025 17:22:43.579] [Server thread/INFO] [net.mcreator.tloa.TloaMod/]: Max Stamina50.0
[08Mar2025 17:22:43.587] [Render thread/INFO] [net.mcreator.tloa.TloaMod/]: Current Stamina:37.8
[08Mar2025 17:22:43.588] [Render thread/INFO] [net.mcreator.tloa.TloaMod/]: Rounded Stamina38
[08Mar2025 17:22:43.588] [Render thread/INFO] [net.mcreator.tloa.TloaMod/]: Can Stamina:false
[08Mar2025 17:22:43.588] [Render thread/INFO] [net.mcreator.tloa.TloaMod/]: Max Stamina50.0
[08Mar2025 17:22:43.627] [Server thread/INFO] [net.mcreator.tloa.TloaMod/]: Current Stamina:37.8
[08Mar2025 17:22:43.627] [Server thread/INFO] [net.mcreator.tloa.TloaMod/]: Rounded Stamina38
[08Mar2025 17:22:43.627] [Server thread/INFO] [net.mcreator.tloa.TloaMod/]: Can Stamina:false
[08Mar2025 17:22:43.627] [Server thread/INFO] [net.mcreator.tloa.TloaMod/]: Max Stamina50.0
[08Mar2025 17:22:43.636] [Render thread/INFO] [net.mcreator.tloa.TloaMod/]: Current Stamina:38.3
[08Mar2025 17:22:43.636] [Render thread/INFO] [net.mcreator.tloa.TloaMod/]: Rounded Stamina38
[08Mar2025 17:22:43.636] [Render thread/INFO] [net.mcreator.tloa.TloaMod/]: Can Stamina:false
[08Mar2025 17:22:43.636] [Render thread/INFO] [net.mcreator.tloa.TloaMod/]: Max Stamina50.0
[08Mar2025 17:22:43.679] [Server thread/INFO] [net.mcreator.tloa.TloaMod/]: Current Stamina:38.3
[08Mar2025 17:22:43.680] [Server thread/INFO] [net.mcreator.tloa.TloaMod/]: Rounded Stamina38
[08Mar2025 17:22:43.680] [Server thread/INFO] [net.mcreator.tloa.TloaMod/]: Can Stamina:false
[08Mar2025 17:22:43.680] [Server thread/INFO] [net.mcreator.tloa.TloaMod/]: Max Stamina50.0
[08Mar2025 17:22:43.686] [Render thread/INFO] [net.mcreator.tloa.TloaMod/]: Current Stamina:38.8
[08Mar2025 17:22:43.686] [Render thread/INFO] [net.mcreator.tloa.TloaMod/]: Rounded Stamina39
[08Mar2025 17:22:43.686] [Render thread/INFO] [net.mcreator.tloa.TloaMod/]: Can Stamina:false
[08Mar2025 17:22:43.686] [Render thread/INFO] [net.mcreator.tloa.TloaMod/]: Max Stamina50.0
[08Mar2025 17:22:43.726] [Server thread/INFO] [net.mcreator.tloa.TloaMod/]: Current Stamina:38.8
[08Mar2025 17:22:43.727] [Server thread/INFO] [net.mcreator.tloa.TloaMod/]: Rounded Stamina39
[08Mar2025 17:22:43.727] [Server thread/INFO] [net.mcreator.tloa.TloaMod/]: Can Stamina:false
[08Mar2025 17:22:43.727] [Server thread/INFO] [net.mcreator.tloa.TloaMod/]: Max Stamina50.0
[08Mar2025 17:22:43.736] [Render thread/INFO] [net.mcreator.tloa.TloaMod/]: Current Stamina:39.3
[08Mar2025 17:22:43.736] [Render thread/INFO] [net.mcreator.tloa.TloaMod/]: Rounded Stamina39
[08Mar2025 17:22:43.736] [Render thread/INFO] [net.mcreator.tloa.TloaMod/]: Can Stamina:false
[08Mar2025 17:22:43.736] [Render thread/INFO] [net.mcreator.tloa.TloaMod/]: Max Stamina50.0
[08Mar2025 17:22:43.782] [Server thread/INFO] [net.mcreator.tloa.TloaMod/]: Current Stamina:39.3
[08Mar2025 17:22:43.782] [Server thread/INFO] [net.mcreator.tloa.TloaMod/]: Rounded Stamina39
[08Mar2025 17:22:43.782] [Server thread/INFO] [net.mcreator.tloa.TloaMod/]: Can Stamina:false
[08Mar2025 17:22:43.782] [Server thread/INFO] [net.mcreator.tloa.TloaMod/]: Max Stamina50.0
[08Mar2025 17:22:43.787] [Render thread/INFO] [net.mcreator.tloa.TloaMod/]: Current Stamina:39.8
[08Mar2025 17:22:43.787] [Render thread/INFO] [net.mcreator.tloa.TloaMod/]: Rounded Stamina40
[08Mar2025 17:22:43.787] [Render thread/INFO] [net.mcreator.tloa.TloaMod/]: Can Stamina:false
[08Mar2025 17:22:43.787] [Render thread/INFO] [net.mcreator.tloa.TloaMod/]: Max Stamina50.0
[08Mar2025 17:22:43.826] [Server thread/INFO] [net.mcreator.tloa.TloaMod/]: Current Stamina:39.8
[08Mar2025 17:22:43.826] [Server thread/INFO] [net.mcreator.tloa.TloaMod/]: Rounded Stamina40
[08Mar2025 17:22:43.826] [Server thread/INFO] [net.mcreator.tloa.TloaMod/]: Can Stamina:false
[08Mar2025 17:22:43.826] [Server thread/INFO] [net.mcreator.tloa.TloaMod/]: Max Stamina50.0
[08Mar2025 17:22:43.836] [Render thread/INFO] [net.mcreator.tloa.TloaMod/]: Current Stamina:40.3
[08Mar2025 17:22:43.836] [Render thread/INFO] [net.mcreator.tloa.TloaMod/]: Rounded Stamina40
[08Mar2025 17:22:43.836] [Render thread/INFO] [net.mcreator.tloa.TloaMod/]: Can Stamina:true
[08Mar2025 17:22:43.836] [Render thread/INFO] [net.mcreator.tloa.TloaMod/]: Max Stamina50.0
[08Mar2025 17:22:43.877] [Server thread/INFO] [net.mcreator.tloa.TloaMod/]: Current Stamina:40.3
[08Mar2025 17:22:43.877] [Server thread/INFO] [net.mcreator.tloa.TloaMod/]: Rounded Stamina40
[08Mar2025 17:22:43.877] [Server thread/INFO] [net.mcreator.tloa.TloaMod/]: Can Stamina:true
[08Mar2025 17:22:43.879] [Server thread/INFO] [net.mcreator.tloa.TloaMod/]: Max Stamina50.0
[08Mar2025 17:22:43.886] [Render thread/INFO] [net.mcreator.tloa.TloaMod/]: Current Stamina:40.8
[08Mar2025 17:22:43.886] [Render thread/INFO] [net.mcreator.tloa.TloaMod/]: Rounded Stamina41
[08Mar2025 17:22:43.886] [Render thread/INFO] [net.mcreator.tloa.TloaMod/]: Can Stamina:true
[08Mar2025 17:22:43.886] [Render thread/INFO] [net.mcreator.tloa.TloaMod/]: Max Stamina50.0
[08Mar2025 17:22:43.926] [Server thread/INFO] [net.mcreator.tloa.TloaMod/]: Current Stamina:40
[08Mar2025 17:22:43.927] [Server thread/INFO] [net.mcreator.tloa.TloaMod/]: Rounded Stamina40
[08Mar2025 17:22:43.927] [Server thread/INFO] [net.mcreator.tloa.TloaMod/]: Can Stamina:true
[08Mar2025 17:22:43.927] [Server thread/INFO] [net.mcreator.tloa.TloaMod/]: Max Stamina50.0
[08Mar2025 17:22:43.937] [Render thread/INFO] [net.mcreator.tloa.TloaMod/]: Current Stamina:39.7
[08Mar2025 17:22:43.937] [Render thread/INFO] [net.mcreator.tloa.TloaMod/]: Rounded Stamina40
[08Mar2025 17:22:43.937] [Render thread/INFO] [net.mcreator.tloa.TloaMod/]: Can Stamina:true
[08Mar2025 17:22:43.937] [Render thread/INFO] [net.mcreator.tloa.TloaMod/]: Max Stamina50.0
[08Mar2025 17:22:43.983] [Server thread/INFO] [net.mcreator.tloa.TloaMod/]: Current Stamina:39.7
[08Mar2025 17:22:43.984] [Server thread/INFO] [net.mcreator.tloa.TloaMod/]: Rounded Stamina40
[08Mar2025 17:22:43.984] [Server thread/INFO] [net.mcreator.tloa.TloaMod/]: Can Stamina:true
[08Mar2025 17:22:43.984] [Server thread/INFO] [net.mcreator.tloa.TloaMod/]: Max Stamina50.0
[08Mar2025 17:22:43.986] [Render thread/INFO] [net.mcreator.tloa.TloaMod/]: Current Stamina:39.4
[08Mar2025 17:22:43.986] [Render thread/INFO] [net.mcreator.tloa.TloaMod/]: Rounded Stamina39
[08Mar2025 17:22:43.986] [Render thread/INFO] [net.mcreator.tloa.TloaMod/]: Can Stamina:true
[08Mar2025 17:22:43.987] [Render thread/INFO] [net.mcreator.tloa.TloaMod/]: Max Stamina50.0
[08Mar2025 17:22:44.026] [Server thread/INFO] [net.mcreator.tloa.TloaMod/]: Current Stamina:40.2
[08Mar2025 17:22:44.026] [Server thread/INFO] [net.mcreator.tloa.TloaMod/]: Rounded Stamina40
[08Mar2025 17:22:44.026] [Server thread/INFO] [net.mcreator.tloa.TloaMod/]: Can Stamina:true
[08Mar2025 17:22:44.027] [Server thread/INFO] [net.mcreator.tloa.TloaMod/]: Max Stamina50.0
[08Mar2025 17:22:44.035] [Render thread/INFO] [net.mcreator.tloa.TloaMod/]: Current Stamina:40.7
[08Mar2025 17:22:44.035] [Render thread/INFO] [net.mcreator.tloa.TloaMod/]: Rounded Stamina41
[08Mar2025 17:22:44.035] [Render thread/INFO] [net.mcreator.tloa.TloaMod/]: Can Stamina:true
[08Mar2025 17:22:44.035] [Render thread/INFO] [net.mcreator.tloa.TloaMod/]: Max Stamina50.0
[08Mar2025 17:22:44.074] [Server thread/INFO] [net.mcreator.tloa.TloaMod/]: Current Stamina:40.7
[08Mar2025 17:22:44.074] [Server thread/INFO] [net.mcreator.tloa.TloaMod/]: Rounded Stamina41
[08Mar2025 17:22:44.074] [Server thread/INFO] [net.mcreator.tloa.TloaMod/]: Can Stamina:true
[08Mar2025 17:22:44.074] [Server thread/INFO] [net.mcreator.tloa.TloaMod/]: Max Stamina50.0
[08Mar2025 17:22:44.086] [Render thread/INFO] [net.mcreator.tloa.TloaMod/]: Current Stamina:41.2
[08Mar2025 17:22:44.086] [Render thread/INFO] [net.mcreator.tloa.TloaMod/]: Rounded Stamina41
[08Mar2025 17:22:44.086] [Render thread/INFO] [net.mcreator.tloa.TloaMod/]: Can Stamina:true
[08Mar2025 17:22:44.086] [Render thread/INFO] [net.mcreator.tloa.TloaMod/]: Max Stamina50.0
[08Mar2025 17:22:44.124] [Server thread/INFO] [net.mcreator.tloa.TloaMod/]: Current Stamina:41.2
[08Mar2025 17:22:44.124] [Server thread/INFO] [net.mcreator.tloa.TloaMod/]: Rounded Stamina41
[08Mar2025 17:22:44.124] [Server thread/INFO] [net.mcreator.tloa.TloaMod/]: Can Stamina:true
[08Mar2025 17:22:44.124] [Server thread/INFO] [net.mcreator.tloa.TloaMod/]: Max Stamina50.0
[08Mar2025 17:22:44.136] [Render thread/INFO] [net.mcreator.tloa.TloaMod/]: Current Stamina:41.7
[08Mar2025 17:22:44.136] [Render thread/INFO] [net.mcreator.tloa.TloaMod/]: Rounded Stamina42
[08Mar2025 17:22:44.136] [Render thread/INFO] [net.mcreator.tloa.TloaMod/]: Can Stamina:true
[08Mar2025 17:22:44.136] [Render thread/INFO] [net.mcreator.tloa.TloaMod/]: Max Stamina50.0
[08Mar2025 17:22:44.177] [Server thread/INFO] [net.mcreator.tloa.TloaMod/]: Current Stamina:41.7
[08Mar2025 17:22:44.177] [Server thread/INFO] [net.mcreator.tloa.TloaMod/]: Rounded Stamina42
[08Mar2025 17:22:44.178] [Server thread/INFO] [net.mcreator.tloa.TloaMod/]: Can Stamina:true
[08Mar2025 17:22:44.178] [Server thread/INFO] [net.mcreator.tloa.TloaMod/]: Max Stamina50.0
[08Mar2025 17:22:44.186] [Render thread/INFO] [net.mcreator.tloa.TloaMod/]: Current Stamina:42.2
[08Mar2025 17:22:44.186] [Render thread/INFO] [net.mcreator.tloa.TloaMod/]: Rounded Stamina42
[08Mar2025 17:22:44.186] [Render thread/INFO] [net.mcreator.tloa.TloaMod/]: Can Stamina:true
[08Mar2025 17:22:44.186] [Render thread/INFO] [net.mcreator.tloa.TloaMod/]: Max Stamina50.0
[08Mar2025 17:22:44.226] [Server thread/INFO] [net.mcreator.tloa.TloaMod/]: Current Stamina:41.4
[08Mar2025 17:22:44.227] [Server thread/INFO] [net.mcreator.tloa.TloaMod/]: Rounded Stamina41
[08Mar2025 17:22:44.227] [Server thread/INFO] [net.mcreator.tloa.TloaMod/]: Can Stamina:true
[08Mar2025 17:22:44.227] [Server thread/INFO] [net.mcreator.tloa.TloaMod/]: Max Stamina50.0
[08Mar2025 17:22:44.235] [Render thread/INFO] [net.mcreator.tloa.TloaMod/]: Current Stamina:41.1
[08Mar2025 17:22:44.236] [Render thread/INFO] [net.mcreator.tloa.TloaMod/]: Rounded Stamina41
[08Mar2025 17:22:44.236] [Render thread/INFO] [net.mcreator.tloa.TloaMod/]: Can Stamina:true
[08Mar2025 17:22:44.236] [Render thread/INFO] [net.mcreator.tloa.TloaMod/]: Max Stamina50.0
[08Mar2025 17:22:44.278] [Server thread/INFO] [net.mcreator.tloa.TloaMod/]: Current Stamina:41.1
[08Mar2025 17:22:44.278] [Server thread/INFO] [net.mcreator.tloa.TloaMod/]: Rounded Stamina41
[08Mar2025 17:22:44.278] [Server thread/INFO] [net.mcreator.tloa.TloaMod/]: Can Stamina:true
[08Mar2025 17:22:44.278] [Server thread/INFO] [net.mcreator.tloa.TloaMod/]: Max Stamina50.0
[08Mar2025 17:22:44.286] [Render thread/INFO] [net.mcreator.tloa.TloaMod/]: Current Stamina:40.8
[08Mar2025 17:22:44.287] [Render thread/INFO] [net.mcreator.tloa.TloaMod/]: Rounded Stamina41
[08Mar2025 17:22:44.287] [Render thread/INFO] [net.mcreator.tloa.TloaMod/]: Can Stamina:true
[08Mar2025 17:22:44.287] [Render thread/INFO] [net.mcreator.tloa.TloaMod/]: Max Stamina50.0
[08Mar2025 17:22:44.325] [Server thread/INFO] [net.mcreator.tloa.TloaMod/]: Current Stamina:40.8
[08Mar2025 17:22:44.325] [Server thread/INFO] [net.mcreator.tloa.TloaMod/]: Rounded Stamina41
[08Mar2025 17:22:44.325] [Server thread/INFO] [net.mcreator.tloa.TloaMod/]: Can Stamina:true
[08Mar2025 17:22:44.325] [Server thread/INFO] [net.mcreator.tloa.TloaMod/]: Max Stamina50.0
[08Mar2025 17:22:44.337] [Render thread/INFO] [net.mcreator.tloa.TloaMod/]: Current Stamina:40.5
[08Mar2025 17:22:44.338] [Render thread/INFO] [net.mcreator.tloa.TloaMod/]: Rounded Stamina41
[08Mar2025 17:22:44.338] [Render thread/INFO] [net.mcreator.tloa.TloaMod/]: Can Stamina:true
[08Mar2025 17:22:44.338] [Render thread/INFO] [net.mcreator.tloa.TloaMod/]: Max Stamina50.0
[08Mar2025 17:22:44.375] [Server thread/INFO] [net.mcreator.tloa.TloaMod/]: Current Stamina:40.5
[08Mar2025 17:22:44.376] [Server thread/INFO] [net.mcreator.tloa.TloaMod/]: Rounded Stamina41
[08Mar2025 17:22:44.376] [Server thread/INFO] [net.mcreator.tloa.TloaMod/]: Can Stamina:true
[08Mar2025 17:22:44.376] [Server thread/INFO] [net.mcreator.tloa.TloaMod/]: Max Stamina50.0
[08Mar2025 17:22:44.387] [Render thread/INFO] [net.mcreator.tloa.TloaMod/]: Current Stamina:40.2
[08Mar2025 17:22:44.387] [Render thread/INFO] [net.mcreator.tloa.TloaMod/]: Rounded Stamina40
[08Mar2025 17:22:44.387] [Render thread/INFO] [net.mcreator.tloa.TloaMod/]: Can Stamina:true
[08Mar2025 17:22:44.387] [Render thread/INFO] [net.mcreator.tloa.TloaMod/]: Max Stamina50.0
[08Mar2025 17:22:44.426] [Server thread/INFO] [net.mcreator.tloa.TloaMod/]: Current Stamina:40.2
[08Mar2025 17:22:44.426] [Server thread/INFO] [net.mcreator.tloa.TloaMod/]: Rounded Stamina40
[08Mar2025 17:22:44.426] [Server thread/INFO] [net.mcreator.tloa.TloaMod/]: Can Stamina:true
[08Mar2025 17:22:44.426] [Server thread/INFO] [net.mcreator.tloa.TloaMod/]: Max Stamina50.0
[08Mar2025 17:22:44.437] [Render thread/INFO] [net.mcreator.tloa.TloaMod/]: Current Stamina:39.9
[08Mar2025 17:22:44.438] [Render thread/INFO] [net.mcreator.tloa.TloaMod/]: Rounded Stamina40
[08Mar2025 17:22:44.438] [Render thread/INFO] [net.mcreator.tloa.TloaMod/]: Can Stamina:true
[08Mar2025 17:22:44.438] [Render thread/INFO] [net.mcreator.tloa.TloaMod/]: Max Stamina50.0
[08Mar2025 17:22:44.478] [Server thread/INFO] [net.mcreator.tloa.TloaMod/]: Current Stamina:39.9
[08Mar2025 17:22:44.478] [Server thread/INFO] [net.mcreator.tloa.TloaMod/]: Rounded Stamina40
[08Mar2025 17:22:44.478] [Server thread/INFO] [net.mcreator.tloa.TloaMod/]: Can Stamina:true
[08Mar2025 17:22:44.478] [Server thread/INFO] [net.mcreator.tloa.TloaMod/]: Max Stamina50.0
[08Mar2025 17:22:44.486] [Render thread/INFO] [net.mcreator.tloa.TloaMod/]: Current Stamina:39.6
[08Mar2025 17:22:44.486] [Render thread/INFO] [net.mcreator.tloa.TloaMod/]: Rounded Stamina40
[08Mar2025 17:22:44.486] [Render thread/INFO] [net.mcreator.tloa.TloaMod/]: Can Stamina:true
[08Mar2025 17:22:44.486] [Render thread/INFO] [net.mcreator.tloa.TloaMod/]: Max Stamina50.0
[08Mar2025 17:22:44.529] [Server thread/INFO] [net.mcreator.tloa.TloaMod/]: Current Stamina:39.6
[08Mar2025 17:22:44.529] [Server thread/INFO] [net.mcreator.tloa.TloaMod/]: Rounded Stamina40
[08Mar2025 17:22:44.529] [Server thread/INFO] [net.mcreator.tloa.TloaMod/]: Can Stamina:true
[08Mar2025 17:22:44.529] [Server thread/INFO] [net.mcreator.tloa.TloaMod/]: Max Stamina50.0
[08Mar2025 17:22:44.535] [Render thread/INFO] [net.mcreator.tloa.TloaMod/]: Current Stamina:39.3
[08Mar2025 17:22:44.536] [Render thread/INFO] [net.mcreator.tloa.TloaMod/]: Rounded Stamina39
[08Mar2025 17:22:44.536] [Render thread/INFO] [net.mcreator.tloa.TloaMod/]: Can Stamina:true
[08Mar2025 17:22:44.536] [Render thread/INFO] [net.mcreator.tloa.TloaMod/]: Max Stamina50.0
[08Mar2025 17:22:44.577] [Server thread/INFO] [net.mcreator.tloa.TloaMod/]: Current Stamina:39.3
[08Mar2025 17:22:44.577] [Server thread/INFO] [net.mcreator.tloa.TloaMod/]: Rounded Stamina39
[08Mar2025 17:22:44.577] [Server thread/INFO] [net.mcreator.tloa.TloaMod/]: Can Stamina:true
[08Mar2025 17:22:44.577] [Server thread/INFO] [net.mcreator.tloa.TloaMod/]: Max Stamina50.0
[08Mar2025 17:22:44.586] [Render thread/INFO] [net.mcreator.tloa.TloaMod/]: Current Stamina:39
[08Mar2025 17:22:44.586] [Render thread/INFO] [net.mcreator.tloa.TloaMod/]: Rounded Stamina39
[08Mar2025 17:22:44.586] [Render thread/INFO] [net.mcreator.tloa.TloaMod/]: Can Stamina:true
[08Mar2025 17:22:44.586] [Render thread/INFO] [net.mcreator.tloa.TloaMod/]: Max Stamina50.0
[08Mar2025 17:22:44.627] [Server thread/INFO] [net.mcreator.tloa.TloaMod/]: Current Stamina:39
[08Mar2025 17:22:44.627] [Server thread/INFO] [net.mcreator.tloa.TloaMod/]: Rounded Stamina39
[08Mar2025 17:22:44.627] [Server thread/INFO] [net.mcreator.tloa.TloaMod/]: Can Stamina:true
[08Mar2025 17:22:44.627] [Server thread/INFO] [net.mcreator.tloa.TloaMod/]: Max Stamina50.0
[08Mar2025 17:22:44.636] [Render thread/INFO] [net.mcreator.tloa.TloaMod/]: Current Stamina:38.7
[08Mar2025 17:22:44.636] [Render thread/INFO] [net.mcreator.tloa.TloaMod/]: Rounded Stamina39
[08Mar2025 17:22:44.636] [Render thread/INFO] [net.mcreator.tloa.TloaMod/]: Can Stamina:true
[08Mar2025 17:22:44.636] [Render thread/INFO] [net.mcreator.tloa.TloaMod/]: Max Stamina50.0
[08Mar2025 17:22:44.675] [Server thread/INFO] [net.mcreator.tloa.TloaMod/]: Current Stamina:38.7
[08Mar2025 17:22:44.676] [Server thread/INFO] [net.mcreator.tloa.TloaMod/]: Rounded Stamina39
[08Mar2025 17:22:44.676] [Server thread/INFO] [net.mcreator.tloa.TloaMod/]: Can Stamina:true
[08Mar2025 17:22:44.676] [Server thread/INFO] [net.mcreator.tloa.TloaMod/]: Max Stamina50.0
[08Mar2025 17:22:44.687] [Render thread/INFO] [net.mcreator.tloa.TloaMod/]: Current Stamina:38.4
[08Mar2025 17:22:44.687] [Render thread/INFO] [net.mcreator.tloa.TloaMod/]: Rounded Stamina38
[08Mar2025 17:22:44.687] [Render thread/INFO] [net.mcreator.tloa.TloaMod/]: Can Stamina:true
[08Mar2025 17:22:44.687] [Render thread/INFO] [net.mcreator.tloa.TloaMod/]: Max Stamina50.0
[08Mar2025 17:22:44.726] [Server thread/INFO] [net.mcreator.tloa.TloaMod/]: Current Stamina:38.4
[08Mar2025 17:22:44.726] [Server thread/INFO] [net.mcreator.tloa.TloaMod/]: Rounded Stamina38
[08Mar2025 17:22:44.726] [Server thread/INFO] [net.mcreator.tloa.TloaMod/]: Can Stamina:true
[08Mar2025 17:22:44.726] [Server thread/INFO] [net.mcreator.tloa.TloaMod/]: Max Stamina50.0
[08Mar2025 17:22:44.735] [Render thread/INFO] [net.mcreator.tloa.TloaMod/]: Current Stamina:38.1
[08Mar2025 17:22:44.736] [Render thread/INFO] [net.mcreator.tloa.TloaMod/]: Rounded Stamina38
[08Mar2025 17:22:44.736] [Render thread/INFO] [net.mcreator.tloa.TloaMod/]: Can Stamina:true
[08Mar2025 17:22:44.736] [Render thread/INFO] [net.mcreator.tloa.TloaMod/]: Max Stamina50.0
[08Mar2025 17:22:44.776] [Server thread/INFO] [net.mcreator.tloa.TloaMod/]: Current Stamina:38.1
[08Mar2025 17:22:44.777] [Server thread/INFO] [net.mcreator.tloa.TloaMod/]: Rounded Stamina38
[08Mar2025 17:22:44.777] [Server thread/INFO] [net.mcreator.tloa.TloaMod/]: Can Stamina:true
[08Mar2025 17:22:44.777] [Server thread/INFO] [net.mcreator.tloa.TloaMod/]: Max Stamina50.0
[08Mar2025 17:22:44.786] [Render thread/INFO] [net.mcreator.tloa.TloaMod/]: Current Stamina:37.8
[08Mar2025 17:22:44.786] [Render thread/INFO] [net.mcreator.tloa.TloaMod/]: Rounded Stamina38
[08Mar2025 17:22:44.786] [Render thread/INFO] [net.mcreator.tloa.TloaMod/]: Can Stamina:true
[08Mar2025 17:22:44.786] [Render thread/INFO] [net.mcreator.tloa.TloaMod/]: Max Stamina50.0
[08Mar2025 17:22:44.828] [Server thread/INFO] [net.mcreator.tloa.TloaMod/]: Current Stamina:37.8
[08Mar2025 17:22:44.828] [Server thread/INFO] [net.mcreator.tloa.TloaMod/]: Rounded Stamina38
[08Mar2025 17:22:44.828] [Server thread/INFO] [net.mcreator.tloa.TloaMod/]: Can Stamina:true
[08Mar2025 17:22:44.828] [Server thread/INFO] [net.mcreator.tloa.TloaMod/]: Max Stamina50.0
[08Mar2025 17:22:44.835] [Render thread/INFO] [net.mcreator.tloa.TloaMod/]: Current Stamina:37.5
[08Mar2025 17:22:44.836] [Render thread/INFO] [net.mcreator.tloa.TloaMod/]: Rounded Stamina38
[08Mar2025 17:22:44.836] [Render thread/INFO] [net.mcreator.tloa.TloaMod/]: Can Stamina:true
[08Mar2025 17:22:44.836] [Render thread/INFO] [net.mcreator.tloa.TloaMod/]: Max Stamina50.0
[08Mar2025 17:22:44.874] [Server thread/INFO] [net.mcreator.tloa.TloaMod/]: Current Stamina:37.5
[08Mar2025 17:22:44.874] [Server thread/INFO] [net.mcreator.tloa.TloaMod/]: Rounded Stamina38
[08Mar2025 17:22:44.874] [Server thread/INFO] [net.mcreator.tloa.TloaMod/]: Can Stamina:true
[08Mar2025 17:22:44.874] [Server thread/INFO] [net.mcreator.tloa.TloaMod/]: Max Stamina50.0
[08Mar2025 17:22:44.886] [Render thread/INFO] [net.mcreator.tloa.TloaMod/]: Current Stamina:37.2
[08Mar2025 17:22:44.887] [Render thread/INFO] [net.mcreator.tloa.TloaMod/]: Rounded Stamina37
[08Mar2025 17:22:44.887] [Render thread/INFO] [net.mcreator.tloa.TloaMod/]: Can Stamina:true
[08Mar2025 17:22:44.887] [Render thread/INFO] [net.mcreator.tloa.TloaMod/]: Max Stamina50.0
[08Mar2025 17:22:44.923] [Server thread/INFO] [net.mcreator.tloa.TloaMod/]: Current Stamina:37.2
[08Mar2025 17:22:44.924] [Server thread/INFO] [net.mcreator.tloa.TloaMod/]: Rounded Stamina37
[08Mar2025 17:22:44.924] [Server thread/INFO] [net.mcreator.tloa.TloaMod/]: Can Stamina:true
[08Mar2025 17:22:44.924] [Server thread/INFO] [net.mcreator.tloa.TloaMod/]: Max Stamina50.0
[08Mar2025 17:22:44.936] [Render thread/INFO] [net.mcreator.tloa.TloaMod/]: Current Stamina:36.9
[08Mar2025 17:22:44.937] [Render thread/INFO] [net.mcreator.tloa.TloaMod/]: Rounded Stamina37
[08Mar2025 17:22:44.937] [Render thread/INFO] [net.mcreator.tloa.TloaMod/]: Can Stamina:true
[08Mar2025 17:22:44.937] [Render thread/INFO] [net.mcreator.tloa.TloaMod/]: Max Stamina50.0
[08Mar2025 17:22:44.974] [Server thread/INFO] [net.mcreator.tloa.TloaMod/]: Current Stamina:36.9
[08Mar2025 17:22:44.976] [Server thread/INFO] [net.mcreator.tloa.TloaMod/]: Rounded Stamina37
[08Mar2025 17:22:44.976] [Server thread/INFO] [net.mcreator.tloa.TloaMod/]: Can Stamina:true
[08Mar2025 17:22:44.976] [Server thread/INFO] [net.mcreator.tloa.TloaMod/]: Max Stamina50.0
[08Mar2025 17:22:44.985] [Render thread/INFO] [net.mcreator.tloa.TloaMod/]: Current Stamina:36.6
[08Mar2025 17:22:44.985] [Render thread/INFO] [net.mcreator.tloa.TloaMod/]: Rounded Stamina37
[08Mar2025 17:22:44.987] [Render thread/INFO] [net.mcreator.tloa.TloaMod/]: Can Stamina:true
[08Mar2025 17:22:44.987] [Render thread/INFO] [net.mcreator.tloa.TloaMod/]: Max Stamina50.0
[08Mar2025 17:22:45.025] [Server thread/INFO] [net.mcreator.tloa.TloaMod/]: Current Stamina:36.6
[08Mar2025 17:22:45.025] [Server thread/INFO] [net.mcreator.tloa.TloaMod/]: Rounded Stamina37
[08Mar2025 17:22:45.025] [Server thread/INFO] [net.mcreator.tloa.TloaMod/]: Can Stamina:true
[08Mar2025 17:22:45.025] [Server thread/INFO] [net.mcreator.tloa.TloaMod/]: Max Stamina50.0
[08Mar2025 17:22:45.036] [Render thread/INFO] [net.mcreator.tloa.TloaMod/]: Current Stamina:36.3
[08Mar2025 17:22:45.036] [Render thread/INFO] [net.mcreator.tloa.TloaMod/]: Rounded Stamina36
[08Mar2025 17:22:45.036] [Render thread/INFO] [net.mcreator.tloa.TloaMod/]: Can Stamina:true
[08Mar2025 17:22:45.036] [Render thread/INFO] [net.mcreator.tloa.TloaMod/]: Max Stamina50.0
[08Mar2025 17:22:45.074] [Server thread/INFO] [net.mcreator.tloa.TloaMod/]: Current Stamina:36.3
[08Mar2025 17:22:45.074] [Server thread/INFO] [net.mcreator.tloa.TloaMod/]: Rounded Stamina36
[08Mar2025 17:22:45.074] [Server thread/INFO] [net.mcreator.tloa.TloaMod/]: Can Stamina:true
[08Mar2025 17:22:45.074] [Server thread/INFO] [net.mcreator.tloa.TloaMod/]: Max Stamina50.0
[08Mar2025 17:22:45.086] [Render thread/INFO] [net.mcreator.tloa.TloaMod/]: Current Stamina:36
[08Mar2025 17:22:45.087] [Render thread/INFO] [net.mcreator.tloa.TloaMod/]: Rounded Stamina36
[08Mar2025 17:22:45.087] [Render thread/INFO] [net.mcreator.tloa.TloaMod/]: Can Stamina:true
[08Mar2025 17:22:45.087] [Render thread/INFO] [net.mcreator.tloa.TloaMod/]: Max Stamina50.0
[08Mar2025 17:22:45.125] [Server thread/INFO] [net.mcreator.tloa.TloaMod/]: Current Stamina:36
[08Mar2025 17:22:45.125] [Server thread/INFO] [net.mcreator.tloa.TloaMod/]: Rounded Stamina36
[08Mar2025 17:22:45.125] [Server thread/INFO] [net.mcreator.tloa.TloaMod/]: Can Stamina:true
[08Mar2025 17:22:45.125] [Server thread/INFO] [net.mcreator.tloa.TloaMod/]: Max Stamina50.0
[08Mar2025 17:22:45.136] [Render thread/INFO] [net.mcreator.tloa.TloaMod/]: Current Stamina:35.7
[08Mar2025 17:22:45.136] [Render thread/INFO] [net.mcreator.tloa.TloaMod/]: Rounded Stamina36
[08Mar2025 17:22:45.136] [Render thread/INFO] [net.mcreator.tloa.TloaMod/]: Can Stamina:true
[08Mar2025 17:22:45.136] [Render thread/INFO] [net.mcreator.tloa.TloaMod/]: Max Stamina50.0
[08Mar2025 17:22:45.173] [Server thread/INFO] [net.mcreator.tloa.TloaMod/]: Current Stamina:35.7
[08Mar2025 17:22:45.173] [Server thread/INFO] [net.mcreator.tloa.TloaMod/]: Rounded Stamina36
[08Mar2025 17:22:45.174] [Server thread/INFO] [net.mcreator.tloa.TloaMod/]: Can Stamina:true
[08Mar2025 17:22:45.174] [Server thread/INFO] [net.mcreator.tloa.TloaMod/]: Max Stamina50.0
[08Mar2025 17:22:45.186] [Render thread/INFO] [net.mcreator.tloa.TloaMod/]: Current Stamina:35.4
[08Mar2025 17:22:45.186] [Render thread/INFO] [net.mcreator.tloa.TloaMod/]: Rounded Stamina35
[08Mar2025 17:22:45.186] [Render thread/INFO] [net.mcreator.tloa.TloaMod/]: Can Stamina:true
[08Mar2025 17:22:45.186] [Render thread/INFO] [net.mcreator.tloa.TloaMod/]: Max Stamina50.0
[08Mar2025 17:22:45.225] [Server thread/INFO] [net.mcreator.tloa.TloaMod/]: Current Stamina:35.4
[08Mar2025 17:22:45.225] [Server thread/INFO] [net.mcreator.tloa.TloaMod/]: Rounded Stamina35
[08Mar2025 17:22:45.225] [Server thread/INFO] [net.mcreator.tloa.TloaMod/]: Can Stamina:true
[08Mar2025 17:22:45.225] [Server thread/INFO] [net.mcreator.tloa.TloaMod/]: Max Stamina50.0
[08Mar2025 17:22:45.237] [Render thread/INFO] [net.mcreator.tloa.TloaMod/]: Current Stamina:35.1
[08Mar2025 17:22:45.237] [Render thread/INFO] [net.mcreator.tloa.TloaMod/]: Rounded Stamina35
[08Mar2025 17:22:45.237] [Render thread/INFO] [net.mcreator.tloa.TloaMod/]: Can Stamina:true
[08Mar2025 17:22:45.237] [Render thread/INFO] [net.mcreator.tloa.TloaMod/]: Max Stamina50.0
[08Mar2025 17:22:45.275] [Server thread/INFO] [net.mcreator.tloa.TloaMod/]: Current Stamina:35.1
[08Mar2025 17:22:45.276] [Server thread/INFO] [net.mcreator.tloa.TloaMod/]: Rounded Stamina35
[08Mar2025 17:22:45.276] [Server thread/INFO] [net.mcreator.tloa.TloaMod/]: Can Stamina:true
[08Mar2025 17:22:45.276] [Server thread/INFO] [net.mcreator.tloa.TloaMod/]: Max Stamina50.0
[08Mar2025 17:22:45.286] [Render thread/INFO] [net.mcreator.tloa.TloaMod/]: Current Stamina:34.8
[08Mar2025 17:22:45.286] [Render thread/INFO] [net.mcreator.tloa.TloaMod/]: Rounded Stamina35
[08Mar2025 17:22:45.286] [Render thread/INFO] [net.mcreator.tloa.TloaMod/]: Can Stamina:true
[08Mar2025 17:22:45.286] [Render thread/INFO] [net.mcreator.tloa.TloaMod/]: Max Stamina50.0
[08Mar2025 17:22:45.324] [Server thread/INFO] [net.mcreator.tloa.TloaMod/]: Current Stamina:34.8
[08Mar2025 17:22:45.324] [Server thread/INFO] [net.mcreator.tloa.TloaMod/]: Rounded Stamina35
[08Mar2025 17:22:45.324] [Server thread/INFO] [net.mcreator.tloa.TloaMod/]: Can Stamina:true
[08Mar2025 17:22:45.325] [Server thread/INFO] [net.mcreator.tloa.TloaMod/]: Max Stamina50.0
[08Mar2025 17:22:45.336] [Render thread/INFO] [net.mcreator.tloa.TloaMod/]: Current Stamina:34.5
[08Mar2025 17:22:45.336] [Render thread/INFO] [net.mcreator.tloa.TloaMod/]: Rounded Stamina35
[08Mar2025 17:22:45.336] [Render thread/INFO] [net.mcreator.tloa.TloaMod/]: Can Stamina:true
[08Mar2025 17:22:45.336] [Render thread/INFO] [net.mcreator.tloa.TloaMod/]: Max Stamina50.0
[08Mar2025 17:22:45.373] [Server thread/INFO] [net.mcreator.tloa.TloaMod/]: Current Stamina:34.5
[08Mar2025 17:22:45.373] [Server thread/INFO] [net.mcreator.tloa.TloaMod/]: Rounded Stamina35
[08Mar2025 17:22:45.373] [Server thread/INFO] [net.mcreator.tloa.TloaMod/]: Can Stamina:true
[08Mar2025 17:22:45.373] [Server thread/INFO] [net.mcreator.tloa.TloaMod/]: Max Stamina50.0
[08Mar2025 17:22:45.385] [Render thread/INFO] [net.mcreator.tloa.TloaMod/]: Current Stamina:34.2
[08Mar2025 17:22:45.386] [Render thread/INFO] [net.mcreator.tloa.TloaMod/]: Rounded Stamina34
[08Mar2025 17:22:45.386] [Render thread/INFO] [net.mcreator.tloa.TloaMod/]: Can Stamina:true
[08Mar2025 17:22:45.386] [Render thread/INFO] [net.mcreator.tloa.TloaMod/]: Max Stamina50.0
[08Mar2025 17:22:45.427] [Server thread/INFO] [net.mcreator.tloa.TloaMod/]: Current Stamina:34.2
[08Mar2025 17:22:45.427] [Server thread/INFO] [net.mcreator.tloa.TloaMod/]: Rounded Stamina34
[08Mar2025 17:22:45.427] [Server thread/INFO] [net.mcreator.tloa.TloaMod/]: Can Stamina:true
[08Mar2025 17:22:45.427] [Server thread/INFO] [net.mcreator.tloa.TloaMod/]: Max Stamina50.0
[08Mar2025 17:22:45.437] [Render thread/INFO] [net.mcreator.tloa.TloaMod/]: Current Stamina:33.9
[08Mar2025 17:22:45.437] [Render thread/INFO] [net.mcreator.tloa.TloaMod/]: Rounded Stamina34
[08Mar2025 17:22:45.437] [Render thread/INFO] [net.mcreator.tloa.TloaMod/]: Can Stamina:true
[08Mar2025 17:22:45.437] [Render thread/INFO] [net.mcreator.tloa.TloaMod/]: Max Stamina50.0
[08Mar2025 17:22:45.477] [Server thread/INFO] [net.mcreator.tloa.TloaMod/]: Current Stamina:33.9
[08Mar2025 17:22:45.477] [Server thread/INFO] [net.mcreator.tloa.TloaMod/]: Rounded Stamina34
[08Mar2025 17:22:45.477] [Server thread/INFO] [net.mcreator.tloa.TloaMod/]: Can Stamina:true
[08Mar2025 17:22:45.477] [Server thread/INFO] [net.mcreator.tloa.TloaMod/]: Max Stamina50.0
[08Mar2025 17:22:45.487] [Render thread/INFO] [net.mcreator.tloa.TloaMod/]: Current Stamina:33.6
[08Mar2025 17:22:45.487] [Render thread/INFO] [net.mcreator.tloa.TloaMod/]: Rounded Stamina34
[08Mar2025 17:22:45.487] [Render thread/INFO] [net.mcreator.tloa.TloaMod/]: Can Stamina:true
[08Mar2025 17:22:45.487] [Render thread/INFO] [net.mcreator.tloa.TloaMod/]: Max Stamina50.0
[08Mar2025 17:22:45.525] [Server thread/INFO] [net.mcreator.tloa.TloaMod/]: Current Stamina:33.6
[08Mar2025 17:22:45.525] [Server thread/INFO] [net.mcreator.tloa.TloaMod/]: Rounded Stamina34
[08Mar2025 17:22:45.525] [Server thread/INFO] [net.mcreator.tloa.TloaMod/]: Can Stamina:true
[08Mar2025 17:22:45.525] [Server thread/INFO] [net.mcreator.tloa.TloaMod/]: Max Stamina50.0
[08Mar2025 17:22:45.536] [Render thread/INFO] [net.mcreator.tloa.TloaMod/]: Current Stamina:33.3
[08Mar2025 17:22:45.536] [Render thread/INFO] [net.mcreator.tloa.TloaMod/]: Rounded Stamina33
[08Mar2025 17:22:45.536] [Render thread/INFO] [net.mcreator.tloa.TloaMod/]: Can Stamina:true
[08Mar2025 17:22:45.536] [Render thread/INFO] [net.mcreator.tloa.TloaMod/]: Max Stamina50.0
[08Mar2025 17:22:45.576] [Server thread/INFO] [net.mcreator.tloa.TloaMod/]: Current Stamina:33.3
[08Mar2025 17:22:45.577] [Server thread/INFO] [net.mcreator.tloa.TloaMod/]: Rounded Stamina33
[08Mar2025 17:22:45.577] [Server thread/INFO] [net.mcreator.tloa.TloaMod/]: Can Stamina:true
[08Mar2025 17:22:45.577] [Server thread/INFO] [net.mcreator.tloa.TloaMod/]: Max Stamina50.0
[08Mar2025 17:22:45.585] [Render thread/INFO] [net.mcreator.tloa.TloaMod/]: Current Stamina:33
[08Mar2025 17:22:45.585] [Render thread/INFO] [net.mcreator.tloa.TloaMod/]: Rounded Stamina33
[08Mar2025 17:22:45.585] [Render thread/INFO] [net.mcreator.tloa.TloaMod/]: Can Stamina:true
[08Mar2025 17:22:45.585] [Render thread/INFO] [net.mcreator.tloa.TloaMod/]: Max Stamina50.0
[08Mar2025 17:22:45.627] [Server thread/INFO] [net.mcreator.tloa.TloaMod/]: Current Stamina:33
[08Mar2025 17:22:45.627] [Server thread/INFO] [net.mcreator.tloa.TloaMod/]: Rounded Stamina33
[08Mar2025 17:22:45.627] [Server thread/INFO] [net.mcreator.tloa.TloaMod/]: Can Stamina:true
[08Mar2025 17:22:45.627] [Server thread/INFO] [net.mcreator.tloa.TloaMod/]: Max Stamina50.0
[08Mar2025 17:22:45.635] [Render thread/INFO] [net.mcreator.tloa.TloaMod/]: Current Stamina:32.7
[08Mar2025 17:22:45.635] [Render thread/INFO] [net.mcreator.tloa.TloaMod/]: Rounded Stamina33
[08Mar2025 17:22:45.635] [Render thread/INFO] [net.mcreator.tloa.TloaMod/]: Can Stamina:true
[08Mar2025 17:22:45.635] [Render thread/INFO] [net.mcreator.tloa.TloaMod/]: Max Stamina50.0
[08Mar2025 17:22:45.674] [Server thread/INFO] [net.mcreator.tloa.TloaMod/]: Current Stamina:32.7
[08Mar2025 17:22:45.674] [Server thread/INFO] [net.mcreator.tloa.TloaMod/]: Rounded Stamina33
[08Mar2025 17:22:45.674] [Server thread/INFO] [net.mcreator.tloa.TloaMod/]: Can Stamina:true
[08Mar2025 17:22:45.674] [Server thread/INFO] [net.mcreator.tloa.TloaMod/]: Max Stamina50.0
[08Mar2025 17:22:45.685] [Render thread/INFO] [net.mcreator.tloa.TloaMod/]: Current Stamina:32.4
[08Mar2025 17:22:45.686] [Render thread/INFO] [net.mcreator.tloa.TloaMod/]: Rounded Stamina32
[08Mar2025 17:22:45.686] [Render thread/INFO] [net.mcreator.tloa.TloaMod/]: Can Stamina:true
[08Mar2025 17:22:45.686] [Render thread/INFO] [net.mcreator.tloa.TloaMod/]: Max Stamina50.0
[08Mar2025 17:22:45.726] [Server thread/INFO] [net.mcreator.tloa.TloaMod/]: Current Stamina:32.4
[08Mar2025 17:22:45.726] [Server thread/INFO] [net.mcreator.tloa.TloaMod/]: Rounded Stamina32
[08Mar2025 17:22:45.726] [Server thread/INFO] [net.mcreator.tloa.TloaMod/]: Can Stamina:true
[08Mar2025 17:22:45.726] [Server thread/INFO] [net.mcreator.tloa.TloaMod/]: Max Stamina50.0
[08Mar2025 17:22:45.736] [Render thread/INFO] [net.mcreator.tloa.TloaMod/]: Current Stamina:32.1
[08Mar2025 17:22:45.737] [Render thread/INFO] [net.mcreator.tloa.TloaMod/]: Rounded Stamina32
[08Mar2025 17:22:45.737] [Render thread/INFO] [net.mcreator.tloa.TloaMod/]: Can Stamina:true
[08Mar2025 17:22:45.737] [Render thread/INFO] [net.mcreator.tloa.TloaMod/]: Max Stamina50.0
[08Mar2025 17:22:45.779] [Server thread/INFO] [net.mcreator.tloa.TloaMod/]: Current Stamina:32.1
[08Mar2025 17:22:45.779] [Server thread/INFO] [net.mcreator.tloa.TloaMod/]: Rounded Stamina32
[08Mar2025 17:22:45.779] [Server thread/INFO] [net.mcreator.tloa.TloaMod/]: Can Stamina:true
[08Mar2025 17:22:45.779] [Server thread/INFO] [net.mcreator.tloa.TloaMod/]: Max Stamina50.0
[08Mar2025 17:22:45.785] [Render thread/INFO] [net.mcreator.tloa.TloaMod/]: Current Stamina:31.8
[08Mar2025 17:22:45.785] [Render thread/INFO] [net.mcreator.tloa.TloaMod/]: Rounded Stamina32
[08Mar2025 17:22:45.785] [Render thread/INFO] [net.mcreator.tloa.TloaMod/]: Can Stamina:true
[08Mar2025 17:22:45.785] [Render thread/INFO] [net.mcreator.tloa.TloaMod/]: Max Stamina50.0
[08Mar2025 17:22:45.825] [Server thread/INFO] [net.mcreator.tloa.TloaMod/]: Current Stamina:31.8
[08Mar2025 17:22:45.825] [Server thread/INFO] [net.mcreator.tloa.TloaMod/]: Rounded Stamina32
[08Mar2025 17:22:45.825] [Server thread/INFO] [net.mcreator.tloa.TloaMod/]: Can Stamina:true
[08Mar2025 17:22:45.825] [Server thread/INFO] [net.mcreator.tloa.TloaMod/]: Max Stamina50.0
[08Mar2025 17:22:45.836] [Render thread/INFO] [net.mcreator.tloa.TloaMod/]: Current Stamina:31.5
[08Mar2025 17:22:45.836] [Render thread/INFO] [net.mcreator.tloa.TloaMod/]: Rounded Stamina32
[08Mar2025 17:22:45.836] [Render thread/INFO] [net.mcreator.tloa.TloaMod/]: Can Stamina:true
[08Mar2025 17:22:45.836] [Render thread/INFO] [net.mcreator.tloa.TloaMod/]: Max Stamina50.0
[08Mar2025 17:22:45.876] [Server thread/INFO] [net.mcreator.tloa.TloaMod/]: Current Stamina:31.5
[08Mar2025 17:22:45.876] [Server thread/INFO] [net.mcreator.tloa.TloaMod/]: Rounded Stamina32
[08Mar2025 17:22:45.876] [Server thread/INFO] [net.mcreator.tloa.TloaMod/]: Can Stamina:true
[08Mar2025 17:22:45.876] [Server thread/INFO] [net.mcreator.tloa.TloaMod/]: Max Stamina50.0
[08Mar2025 17:22:45.886] [Render thread/INFO] [net.mcreator.tloa.TloaMod/]: Current Stamina:31.2
[08Mar2025 17:22:45.886] [Render thread/INFO] [net.mcreator.tloa.TloaMod/]: Rounded Stamina31
[08Mar2025 17:22:45.886] [Render thread/INFO] [net.mcreator.tloa.TloaMod/]: Can Stamina:true
[08Mar2025 17:22:45.886] [Render thread/INFO] [net.mcreator.tloa.TloaMod/]: Max Stamina50.0
[08Mar2025 17:22:45.926] [Server thread/INFO] [net.mcreator.tloa.TloaMod/]: Current Stamina:31.2
[08Mar2025 17:22:45.926] [Server thread/INFO] [net.mcreator.tloa.TloaMod/]: Rounded Stamina31
[08Mar2025 17:22:45.926] [Server thread/INFO] [net.mcreator.tloa.TloaMod/]: Can Stamina:true
[08Mar2025 17:22:45.926] [Server thread/INFO] [net.mcreator.tloa.TloaMod/]: Max Stamina50.0
[08Mar2025 17:22:45.936] [Render thread/INFO] [net.mcreator.tloa.TloaMod/]: Current Stamina:30.9
[08Mar2025 17:22:45.936] [Render thread/INFO] [net.mcreator.tloa.TloaMod/]: Rounded Stamina31
[08Mar2025 17:22:45.936] [Render thread/INFO] [net.mcreator.tloa.TloaMod/]: Can Stamina:true
[08Mar2025 17:22:45.936] [Render thread/INFO] [net.mcreator.tloa.TloaMod/]: Max Stamina50.0
[08Mar2025 17:22:45.977] [Server thread/INFO] [net.mcreator.tloa.TloaMod/]: Current Stamina:30.9
[08Mar2025 17:22:45.977] [Server thread/INFO] [net.mcreator.tloa.TloaMod/]: Rounded Stamina31
[08Mar2025 17:22:45.978] [Server thread/INFO] [net.mcreator.tloa.TloaMod/]: Can Stamina:true
[08Mar2025 17:22:45.978] [Server thread/INFO] [net.mcreator.tloa.TloaMod/]: Max Stamina50.0
[08Mar2025 17:22:45.985] [Render thread/INFO] [net.mcreator.tloa.TloaMod/]: Current Stamina:30.6
[08Mar2025 17:22:45.985] [Render thread/INFO] [net.mcreator.tloa.TloaMod/]: Rounded Stamina31
[08Mar2025 17:22:45.985] [Render thread/INFO] [net.mcreator.tloa.TloaMod/]: Can Stamina:true
[08Mar2025 17:22:45.985] [Render thread/INFO] [net.mcreator.tloa.TloaMod/]: Max Stamina50.0
[08Mar2025 17:22:46.026] [Server thread/INFO] [net.mcreator.tloa.TloaMod/]: Current Stamina:30.6
[08Mar2025 17:22:46.026] [Server thread/INFO] [net.mcreator.tloa.TloaMod/]: Rounded Stamina31
[08Mar2025 17:22:46.026] [Server thread/INFO] [net.mcreator.tloa.TloaMod/]: Can Stamina:true
[08Mar2025 17:22:46.026] [Server thread/INFO] [net.mcreator.tloa.TloaMod/]: Max Stamina50.0
[08Mar2025 17:22:46.035] [Render thread/INFO] [net.mcreator.tloa.TloaMod/]: Current Stamina:30.3
[08Mar2025 17:22:46.035] [Render thread/INFO] [net.mcreator.tloa.TloaMod/]: Rounded Stamina30
[08Mar2025 17:22:46.035] [Render thread/INFO] [net.mcreator.tloa.TloaMod/]: Can Stamina:true
[08Mar2025 17:22:46.035] [Render thread/INFO] [net.mcreator.tloa.TloaMod/]: Max Stamina50.0
[08Mar2025 17:22:46.078] [Server thread/INFO] [net.mcreator.tloa.TloaMod/]: Current Stamina:30.3
[08Mar2025 17:22:46.078] [Server thread/INFO] [net.mcreator.tloa.TloaMod/]: Rounded Stamina30
[08Mar2025 17:22:46.078] [Server thread/INFO] [net.mcreator.tloa.TloaMod/]: Can Stamina:true
[08Mar2025 17:22:46.078] [Server thread/INFO] [net.mcreator.tloa.TloaMod/]: Max Stamina50.0
[08Mar2025 17:22:46.087] [Render thread/INFO] [net.mcreator.tloa.TloaMod/]: Current Stamina:30
[08Mar2025 17:22:46.087] [Render thread/INFO] [net.mcreator.tloa.TloaMod/]: Rounded Stamina30
[08Mar2025 17:22:46.087] [Render thread/INFO] [net.mcreator.tloa.TloaMod/]: Can Stamina:true
[08Mar2025 17:22:46.087] [Render thread/INFO] [net.mcreator.tloa.TloaMod/]: Max Stamina50.0
[08Mar2025 17:22:46.125] [Server thread/INFO] [net.mcreator.tloa.TloaMod/]: Current Stamina:30
[08Mar2025 17:22:46.125] [Server thread/INFO] [net.mcreator.tloa.TloaMod/]: Rounded Stamina30
[08Mar2025 17:22:46.125] [Server thread/INFO] [net.mcreator.tloa.TloaMod/]: Can Stamina:true
[08Mar2025 17:22:46.125] [Server thread/INFO] [net.mcreator.tloa.TloaMod/]: Max Stamina50.0
[08Mar2025 17:22:46.135] [Render thread/INFO] [net.mcreator.tloa.TloaMod/]: Current Stamina:29.7
[08Mar2025 17:22:46.135] [Render thread/INFO] [net.mcreator.tloa.TloaMod/]: Rounded Stamina30
[08Mar2025 17:22:46.135] [Render thread/INFO] [net.mcreator.tloa.TloaMod/]: Can Stamina:true
[08Mar2025 17:22:46.135] [Render thread/INFO] [net.mcreator.tloa.TloaMod/]: Max Stamina50.0
[08Mar2025 17:22:46.176] [Server thread/INFO] [net.mcreator.tloa.TloaMod/]: Current Stamina:29.7
[08Mar2025 17:22:46.176] [Server thread/INFO] [net.mcreator.tloa.TloaMod/]: Rounded Stamina30
[08Mar2025 17:22:46.176] [Server thread/INFO] [net.mcreator.tloa.TloaMod/]: Can Stamina:true
[08Mar2025 17:22:46.176] [Server thread/INFO] [net.mcreator.tloa.TloaMod/]: Max Stamina50.0
[08Mar2025 17:22:46.185] [Render thread/INFO] [net.mcreator.tloa.TloaMod/]: Current Stamina:29.4
[08Mar2025 17:22:46.185] [Render thread/INFO] [net.mcreator.tloa.TloaMod/]: Rounded Stamina29
[08Mar2025 17:22:46.185] [Render thread/INFO] [net.mcreator.tloa.TloaMod/]: Can Stamina:true
[08Mar2025 17:22:46.185] [Render thread/INFO] [net.mcreator.tloa.TloaMod/]: Max Stamina50.0
[08Mar2025 17:22:46.227] [Server thread/INFO] [net.mcreator.tloa.TloaMod/]: Current Stamina:29.4
[08Mar2025 17:22:46.227] [Server thread/INFO] [net.mcreator.tloa.TloaMod/]: Rounded Stamina29
[08Mar2025 17:22:46.227] [Server thread/INFO] [net.mcreator.tloa.TloaMod/]: Can Stamina:true
[08Mar2025 17:22:46.227] [Server thread/INFO] [net.mcreator.tloa.TloaMod/]: Max Stamina50.0
[08Mar2025 17:22:46.235] [Render thread/INFO] [net.mcreator.tloa.TloaMod/]: Current Stamina:29.1
[08Mar2025 17:22:46.235] [Render thread/INFO] [net.mcreator.tloa.TloaMod/]: Rounded Stamina29
[08Mar2025 17:22:46.235] [Render thread/INFO] [net.mcreator.tloa.TloaMod/]: Can Stamina:true
[08Mar2025 17:22:46.235] [Render thread/INFO] [net.mcreator.tloa.TloaMod/]: Max Stamina50.0
[08Mar2025 17:22:46.276] [Server thread/INFO] [net.mcreator.tloa.TloaMod/]: Current Stamina:29.1
[08Mar2025 17:22:46.277] [Server thread/INFO] [net.mcreator.tloa.TloaMod/]: Rounded Stamina29
[08Mar2025 17:22:46.277] [Server thread/INFO] [net.mcreator.tloa.TloaMod/]: Can Stamina:true
[08Mar2025 17:22:46.277] [Server thread/INFO] [net.mcreator.tloa.TloaMod/]: Max Stamina50.0
[08Mar2025 17:22:46.285] [Render thread/INFO] [net.mcreator.tloa.TloaMod/]: Current Stamina:28.8
[08Mar2025 17:22:46.285] [Render thread/INFO] [net.mcreator.tloa.TloaMod/]: Rounded Stamina29
[08Mar2025 17:22:46.285] [Render thread/INFO] [net.mcreator.tloa.TloaMod/]: Can Stamina:true
[08Mar2025 17:22:46.286] [Render thread/INFO] [net.mcreator.tloa.TloaMod/]: Max Stamina50.0
[08Mar2025 17:22:46.327] [Server thread/INFO] [net.mcreator.tloa.TloaMod/]: Current Stamina:28.8
[08Mar2025 17:22:46.327] [Server thread/INFO] [net.mcreator.tloa.TloaMod/]: Rounded Stamina29
[08Mar2025 17:22:46.327] [Server thread/INFO] [net.mcreator.tloa.TloaMod/]: Can Stamina:true
[08Mar2025 17:22:46.327] [Server thread/INFO] [net.mcreator.tloa.TloaMod/]: Max Stamina50.0
[08Mar2025 17:22:46.337] [Render thread/INFO] [net.mcreator.tloa.TloaMod/]: Current Stamina:28.5
[08Mar2025 17:22:46.337] [Render thread/INFO] [net.mcreator.tloa.TloaMod/]: Rounded Stamina29
[08Mar2025 17:22:46.337] [Render thread/INFO] [net.mcreator.tloa.TloaMod/]: Can Stamina:true
[08Mar2025 17:22:46.337] [Render thread/INFO] [net.mcreator.tloa.TloaMod/]: Max Stamina50.0
[08Mar2025 17:22:46.378] [Server thread/INFO] [net.mcreator.tloa.TloaMod/]: Current Stamina:28.5
[08Mar2025 17:22:46.378] [Server thread/INFO] [net.mcreator.tloa.TloaMod/]: Rounded Stamina29
[08Mar2025 17:22:46.378] [Server thread/INFO] [net.mcreator.tloa.TloaMod/]: Can Stamina:true
[08Mar2025 17:22:46.378] [Server thread/INFO] [net.mcreator.tloa.TloaMod/]: Max Stamina50.0
[08Mar2025 17:22:46.385] [Render thread/INFO] [net.mcreator.tloa.TloaMod/]: Current Stamina:28.2
[08Mar2025 17:22:46.385] [Render thread/INFO] [net.mcreator.tloa.TloaMod/]: Rounded Stamina28
[08Mar2025 17:22:46.385] [Render thread/INFO] [net.mcreator.tloa.TloaMod/]: Can Stamina:true
[08Mar2025 17:22:46.385] [Render thread/INFO] [net.mcreator.tloa.TloaMod/]: Max Stamina50.0
[08Mar2025 17:22:46.428] [Server thread/INFO] [net.mcreator.tloa.TloaMod/]: Current Stamina:28.2
[08Mar2025 17:22:46.428] [Server thread/INFO] [net.mcreator.tloa.TloaMod/]: Rounded Stamina28
[08Mar2025 17:22:46.428] [Server thread/INFO] [net.mcreator.tloa.TloaMod/]: Can Stamina:true
[08Mar2025 17:22:46.428] [Server thread/INFO] [net.mcreator.tloa.TloaMod/]: Max Stamina50.0
[08Mar2025 17:22:46.436] [Render thread/INFO] [net.mcreator.tloa.TloaMod/]: Current Stamina:27.9
[08Mar2025 17:22:46.436] [Render thread/INFO] [net.mcreator.tloa.TloaMod/]: Rounded Stamina28
[08Mar2025 17:22:46.436] [Render thread/INFO] [net.mcreator.tloa.TloaMod/]: Can Stamina:true
[08Mar2025 17:22:46.436] [Render thread/INFO] [net.mcreator.tloa.TloaMod/]: Max Stamina50.0
[08Mar2025 17:22:46.476] [Server thread/INFO] [net.mcreator.tloa.TloaMod/]: Current Stamina:27.9
[08Mar2025 17:22:46.476] [Server thread/INFO] [net.mcreator.tloa.TloaMod/]: Rounded Stamina28
[08Mar2025 17:22:46.476] [Server thread/INFO] [net.mcreator.tloa.TloaMod/]: Can Stamina:true
[08Mar2025 17:22:46.476] [Server thread/INFO] [net.mcreator.tloa.TloaMod/]: Max Stamina50.0
[08Mar2025 17:22:46.487] [Render thread/INFO] [net.mcreator.tloa.TloaMod/]: Current Stamina:27.6
[08Mar2025 17:22:46.487] [Render thread/INFO] [net.mcreator.tloa.TloaMod/]: Rounded Stamina28
[08Mar2025 17:22:46.487] [Render thread/INFO] [net.mcreator.tloa.TloaMod/]: Can Stamina:true
[08Mar2025 17:22:46.487] [Render thread/INFO] [net.mcreator.tloa.TloaMod/]: Max Stamina50.0
[08Mar2025 17:22:46.527] [Server thread/INFO] [net.mcreator.tloa.TloaMod/]: Current Stamina:27.6
[08Mar2025 17:22:46.527] [Server thread/INFO] [net.mcreator.tloa.TloaMod/]: Rounded Stamina28
[08Mar2025 17:22:46.527] [Server thread/INFO] [net.mcreator.tloa.TloaMod/]: Can Stamina:true
[08Mar2025 17:22:46.527] [Server thread/INFO] [net.mcreator.tloa.TloaMod/]: Max Stamina50.0
[08Mar2025 17:22:46.538] [Render thread/INFO] [net.mcreator.tloa.TloaMod/]: Current Stamina:27.3
[08Mar2025 17:22:46.538] [Render thread/INFO] [net.mcreator.tloa.TloaMod/]: Rounded Stamina27
[08Mar2025 17:22:46.538] [Render thread/INFO] [net.mcreator.tloa.TloaMod/]: Can Stamina:true
[08Mar2025 17:22:46.538] [Render thread/INFO] [net.mcreator.tloa.TloaMod/]: Max Stamina50.0
[08Mar2025 17:22:46.576] [Server thread/INFO] [net.mcreator.tloa.TloaMod/]: Current Stamina:27.3
[08Mar2025 17:22:46.576] [Server thread/INFO] [net.mcreator.tloa.TloaMod/]: Rounded Stamina27
[08Mar2025 17:22:46.576] [Server thread/INFO] [net.mcreator.tloa.TloaMod/]: Can Stamina:true
[08Mar2025 17:22:46.576] [Server thread/INFO] [net.mcreator.tloa.TloaMod/]: Max Stamina50.0
[08Mar2025 17:22:46.586] [Render thread/INFO] [net.mcreator.tloa.TloaMod/]: Current Stamina:27
[08Mar2025 17:22:46.586] [Render thread/INFO] [net.mcreator.tloa.TloaMod/]: Rounded Stamina27
[08Mar2025 17:22:46.586] [Render thread/INFO] [net.mcreator.tloa.TloaMod/]: Can Stamina:true
[08Mar2025 17:22:46.586] [Render thread/INFO] [net.mcreator.tloa.TloaMod/]: Max Stamina50.0
[08Mar2025 17:22:46.626] [Server thread/INFO] [net.mcreator.tloa.TloaMod/]: Current Stamina:27
[08Mar2025 17:22:46.626] [Server thread/INFO] [net.mcreator.tloa.TloaMod/]: Rounded Stamina27
[08Mar2025 17:22:46.626] [Server thread/INFO] [net.mcreator.tloa.TloaMod/]: Can Stamina:true
[08Mar2025 17:22:46.626] [Server thread/INFO] [net.mcreator.tloa.TloaMod/]: Max Stamina50.0
[08Mar2025 17:22:46.635] [Render thread/INFO] [net.mcreator.tloa.TloaMod/]: Current Stamina:26.7
[08Mar2025 17:22:46.636] [Render thread/INFO] [net.mcreator.tloa.TloaMod/]: Rounded Stamina27
[08Mar2025 17:22:46.636] [Render thread/INFO] [net.mcreator.tloa.TloaMod/]: Can Stamina:true
[08Mar2025 17:22:46.636] [Render thread/INFO] [net.mcreator.tloa.TloaMod/]: Max Stamina50.0
[08Mar2025 17:22:46.681] [Server thread/INFO] [net.mcreator.tloa.TloaMod/]: Current Stamina:26.7
[08Mar2025 17:22:46.681] [Server thread/INFO] [net.mcreator.tloa.TloaMod/]: Rounded Stamina27
[08Mar2025 17:22:46.681] [Server thread/INFO] [net.mcreator.tloa.TloaMod/]: Can Stamina:true
[08Mar2025 17:22:46.681] [Server thread/INFO] [net.mcreator.tloa.TloaMod/]: Max Stamina50.0
[08Mar2025 17:22:46.687] [Render thread/INFO] [net.mcreator.tloa.TloaMod/]: Current Stamina:26.4
[08Mar2025 17:22:46.687] [Render thread/INFO] [net.mcreator.tloa.TloaMod/]: Rounded Stamina26
[08Mar2025 17:22:46.687] [Render thread/INFO] [net.mcreator.tloa.TloaMod/]: Can Stamina:true
[08Mar2025 17:22:46.687] [Render thread/INFO] [net.mcreator.tloa.TloaMod/]: Max Stamina50.0
[08Mar2025 17:22:46.726] [Server thread/INFO] [net.mcreator.tloa.TloaMod/]: Current Stamina:26.4
[08Mar2025 17:22:46.726] [Server thread/INFO] [net.mcreator.tloa.TloaMod/]: Rounded Stamina26
[08Mar2025 17:22:46.726] [Server thread/INFO] [net.mcreator.tloa.TloaMod/]: Can Stamina:true
[08Mar2025 17:22:46.726] [Server thread/INFO] [net.mcreator.tloa.TloaMod/]: Max Stamina50.0
[08Mar2025 17:22:46.736] [Render thread/INFO] [net.mcreator.tloa.TloaMod/]: Current Stamina:26.1
[08Mar2025 17:22:46.736] [Render thread/INFO] [net.mcreator.tloa.TloaMod/]: Rounded Stamina26
[08Mar2025 17:22:46.736] [Render thread/INFO] [net.mcreator.tloa.TloaMod/]: Can Stamina:true
[08Mar2025 17:22:46.736] [Render thread/INFO] [net.mcreator.tloa.TloaMod/]: Max Stamina50.0
[08Mar2025 17:22:46.775] [Server thread/INFO] [net.mcreator.tloa.TloaMod/]: Current Stamina:26.1
[08Mar2025 17:22:46.776] [Server thread/INFO] [net.mcreator.tloa.TloaMod/]: Rounded Stamina26
[08Mar2025 17:22:46.776] [Server thread/INFO] [net.mcreator.tloa.TloaMod/]: Can Stamina:true
[08Mar2025 17:22:46.776] [Server thread/INFO] [net.mcreator.tloa.TloaMod/]: Max Stamina50.0
[08Mar2025 17:22:46.785] [Render thread/INFO] [net.mcreator.tloa.TloaMod/]: Current Stamina:25.8
[08Mar2025 17:22:46.785] [Render thread/INFO] [net.mcreator.tloa.TloaMod/]: Rounded Stamina26
[08Mar2025 17:22:46.785] [Render thread/INFO] [net.mcreator.tloa.TloaMod/]: Can Stamina:true
[08Mar2025 17:22:46.785] [Render thread/INFO] [net.mcreator.tloa.TloaMod/]: Max Stamina50.0
[08Mar2025 17:22:46.826] [Server thread/INFO] [net.mcreator.tloa.TloaMod/]: Current Stamina:25.8
[08Mar2025 17:22:46.826] [Server thread/INFO] [net.mcreator.tloa.TloaMod/]: Rounded Stamina26
[08Mar2025 17:22:46.826] [Server thread/INFO] [net.mcreator.tloa.TloaMod/]: Can Stamina:true
[08Mar2025 17:22:46.826] [Server thread/INFO] [net.mcreator.tloa.TloaMod/]: Max Stamina50.0
[08Mar2025 17:22:46.835] [Render thread/INFO] [net.mcreator.tloa.TloaMod/]: Current Stamina:25.5
[08Mar2025 17:22:46.835] [Render thread/INFO] [net.mcreator.tloa.TloaMod/]: Rounded Stamina26
[08Mar2025 17:22:46.835] [Render thread/INFO] [net.mcreator.tloa.TloaMod/]: Can Stamina:true
[08Mar2025 17:22:46.835] [Render thread/INFO] [net.mcreator.tloa.TloaMod/]: Max Stamina50.0
[08Mar2025 17:22:46.878] [Server thread/INFO] [net.mcreator.tloa.TloaMod/]: Current Stamina:25.5
[08Mar2025 17:22:46.878] [Server thread/INFO] [net.mcreator.tloa.TloaMod/]: Rounded Stamina26
[08Mar2025 17:22:46.878] [Server thread/INFO] [net.mcreator.tloa.TloaMod/]: Can Stamina:true
[08Mar2025 17:22:46.878] [Server thread/INFO] [net.mcreator.tloa.TloaMod/]: Max Stamina50.0
[08Mar2025 17:22:46.885] [Render thread/INFO] [net.mcreator.tloa.TloaMod/]: Current Stamina:25.2
[08Mar2025 17:22:46.885] [Render thread/INFO] [net.mcreator.tloa.TloaMod/]: Rounded Stamina25
[08Mar2025 17:22:46.885] [Render thread/INFO] [net.mcreator.tloa.TloaMod/]: Can Stamina:true
[08Mar2025 17:22:46.886] [Render thread/INFO] [net.mcreator.tloa.TloaMod/]: Max Stamina50.0
[08Mar2025 17:22:46.925] [Server thread/INFO] [net.mcreator.tloa.TloaMod/]: Current Stamina:25.2
[08Mar2025 17:22:46.925] [Server thread/INFO] [net.mcreator.tloa.TloaMod/]: Rounded Stamina25
[08Mar2025 17:22:46.925] [Server thread/INFO] [net.mcreator.tloa.TloaMod/]: Can Stamina:true
[08Mar2025 17:22:46.926] [Server thread/INFO] [net.mcreator.tloa.TloaMod/]: Max Stamina50.0
[08Mar2025 17:22:46.936] [Render thread/INFO] [net.mcreator.tloa.TloaMod/]: Current Stamina:24.9
[08Mar2025 17:22:46.936] [Render thread/INFO] [net.mcreator.tloa.TloaMod/]: Rounded Stamina25
[08Mar2025 17:22:46.936] [Render thread/INFO] [net.mcreator.tloa.TloaMod/]: Can Stamina:true
[08Mar2025 17:22:46.936] [Render thread/INFO] [net.mcreator.tloa.TloaMod/]: Max Stamina50.0
[08Mar2025 17:22:46.975] [Server thread/INFO] [net.mcreator.tloa.TloaMod/]: Current Stamina:24.9
[08Mar2025 17:22:46.975] [Server thread/INFO] [net.mcreator.tloa.TloaMod/]: Rounded Stamina25
[08Mar2025 17:22:46.975] [Server thread/INFO] [net.mcreator.tloa.TloaMod/]: Can Stamina:true
[08Mar2025 17:22:46.975] [Server thread/INFO] [net.mcreator.tloa.TloaMod/]: Max Stamina50.0
[08Mar2025 17:22:46.985] [Render thread/INFO] [net.mcreator.tloa.TloaMod/]: Current Stamina:24.6
[08Mar2025 17:22:46.986] [Render thread/INFO] [net.mcreator.tloa.TloaMod/]: Rounded Stamina25
[08Mar2025 17:22:46.986] [Render thread/INFO] [net.mcreator.tloa.TloaMod/]: Can Stamina:true
[08Mar2025 17:22:46.986] [Render thread/INFO] [net.mcreator.tloa.TloaMod/]: Max Stamina50.0
[08Mar2025 17:22:47.026] [Server thread/INFO] [net.mcreator.tloa.TloaMod/]: Current Stamina:24.6
[08Mar2025 17:22:47.026] [Server thread/INFO] [net.mcreator.tloa.TloaMod/]: Rounded Stamina25
[08Mar2025 17:22:47.026] [Server thread/INFO] [net.mcreator.tloa.TloaMod/]: Can Stamina:true
[08Mar2025 17:22:47.027] [Server thread/INFO] [net.mcreator.tloa.TloaMod/]: Max Stamina50.0
[08Mar2025 17:22:47.035] [Render thread/INFO] [net.mcreator.tloa.TloaMod/]: Current Stamina:24.3
[08Mar2025 17:22:47.035] [Render thread/INFO] [net.mcreator.tloa.TloaMod/]: Rounded Stamina24
[08Mar2025 17:22:47.035] [Render thread/INFO] [net.mcreator.tloa.TloaMod/]: Can Stamina:true
[08Mar2025 17:22:47.036] [Render thread/INFO] [net.mcreator.tloa.TloaMod/]: Max Stamina50.0
[08Mar2025 17:22:47.076] [Server thread/INFO] [net.mcreator.tloa.TloaMod/]: Current Stamina:24.3
[08Mar2025 17:22:47.078] [Server thread/INFO] [net.mcreator.tloa.TloaMod/]: Rounded Stamina24
[08Mar2025 17:22:47.078] [Server thread/INFO] [net.mcreator.tloa.TloaMod/]: Can Stamina:true
[08Mar2025 17:22:47.078] [Server thread/INFO] [net.mcreator.tloa.TloaMod/]: Max Stamina50.0
[08Mar2025 17:22:47.085] [Render thread/INFO] [net.mcreator.tloa.TloaMod/]: Current Stamina:24
[08Mar2025 17:22:47.085] [Render thread/INFO] [net.mcreator.tloa.TloaMod/]: Rounded Stamina24
[08Mar2025 17:22:47.085] [Render thread/INFO] [net.mcreator.tloa.TloaMod/]: Can Stamina:true
[08Mar2025 17:22:47.085] [Render thread/INFO] [net.mcreator.tloa.TloaMod/]: Max Stamina50.0
[08Mar2025 17:22:47.130] [Server thread/INFO] [net.mcreator.tloa.TloaMod/]: Current Stamina:24
[08Mar2025 17:22:47.130] [Server thread/INFO] [net.mcreator.tloa.TloaMod/]: Rounded Stamina24
[08Mar2025 17:22:47.130] [Server thread/INFO] [net.mcreator.tloa.TloaMod/]: Can Stamina:true
[08Mar2025 17:22:47.130] [Server thread/INFO] [net.mcreator.tloa.TloaMod/]: Max Stamina50.0
[08Mar2025 17:22:47.135] [Render thread/INFO] [net.mcreator.tloa.TloaMod/]: Current Stamina:23.7
[08Mar2025 17:22:47.135] [Render thread/INFO] [net.mcreator.tloa.TloaMod/]: Rounded Stamina24
[08Mar2025 17:22:47.135] [Render thread/INFO] [net.mcreator.tloa.TloaMod/]: Can Stamina:true
[08Mar2025 17:22:47.135] [Render thread/INFO] [net.mcreator.tloa.TloaMod/]: Max Stamina50.0
[08Mar2025 17:22:47.178] [Server thread/INFO] [net.mcreator.tloa.TloaMod/]: Current Stamina:23.7
[08Mar2025 17:22:47.178] [Server thread/INFO] [net.mcreator.tloa.TloaMod/]: Rounded Stamina24
[08Mar2025 17:22:47.178] [Server thread/INFO] [net.mcreator.tloa.TloaMod/]: Can Stamina:true
[08Mar2025 17:22:47.178] [Server thread/INFO] [net.mcreator.tloa.TloaMod/]: Max Stamina50.0
[08Mar2025 17:22:47.185] [Render thread/INFO] [net.mcreator.tloa.TloaMod/]: Current Stamina:23.4
[08Mar2025 17:22:47.185] [Render thread/INFO] [net.mcreator.tloa.TloaMod/]: Rounded Stamina23
[08Mar2025 17:22:47.186] [Render thread/INFO] [net.mcreator.tloa.TloaMod/]: Can Stamina:true
[08Mar2025 17:22:47.186] [Render thread/INFO] [net.mcreator.tloa.TloaMod/]: Max Stamina50.0
[08Mar2025 17:22:47.226] [Server thread/INFO] [net.mcreator.tloa.TloaMod/]: Current Stamina:23.4
[08Mar2025 17:22:47.226] [Server thread/INFO] [net.mcreator.tloa.TloaMod/]: Rounded Stamina23
[08Mar2025 17:22:47.226] [Server thread/INFO] [net.mcreator.tloa.TloaMod/]: Can Stamina:true
[08Mar2025 17:22:47.227] [Server thread/INFO] [net.mcreator.tloa.TloaMod/]: Max Stamina50.0
[08Mar2025 17:22:47.235] [Render thread/INFO] [net.mcreator.tloa.TloaMod/]: Current Stamina:23.1
[08Mar2025 17:22:47.235] [Render thread/INFO] [net.mcreator.tloa.TloaMod/]: Rounded Stamina23
[08Mar2025 17:22:47.237] [Render thread/INFO] [net.mcreator.tloa.TloaMod/]: Can Stamina:true
[08Mar2025 17:22:47.237] [Render thread/INFO] [net.mcreator.tloa.TloaMod/]: Max Stamina50.0
[08Mar2025 17:22:47.275] [Server thread/INFO] [net.mcreator.tloa.TloaMod/]: Current Stamina:23.1
[08Mar2025 17:22:47.275] [Server thread/INFO] [net.mcreator.tloa.TloaMod/]: Rounded Stamina23
[08Mar2025 17:22:47.275] [Server thread/INFO] [net.mcreator.tloa.TloaMod/]: Can Stamina:true
[08Mar2025 17:22:47.275] [Server thread/INFO] [net.mcreator.tloa.TloaMod/]: Max Stamina50.0
[08Mar2025 17:22:47.285] [Render thread/INFO] [net.mcreator.tloa.TloaMod/]: Current Stamina:22.8
[08Mar2025 17:22:47.285] [Render thread/INFO] [net.mcreator.tloa.TloaMod/]: Rounded Stamina23
[08Mar2025 17:22:47.285] [Render thread/INFO] [net.mcreator.tloa.TloaMod/]: Can Stamina:true
[08Mar2025 17:22:47.285] [Render thread/INFO] [net.mcreator.tloa.TloaMod/]: Max Stamina50.0
[08Mar2025 17:22:47.324] [Server thread/INFO] [net.mcreator.tloa.TloaMod/]: Current Stamina:22.8
[08Mar2025 17:22:47.325] [Server thread/INFO] [net.mcreator.tloa.TloaMod/]: Rounded Stamina23
[08Mar2025 17:22:47.325] [Server thread/INFO] [net.mcreator.tloa.TloaMod/]: Can Stamina:true
[08Mar2025 17:22:47.325] [Server thread/INFO] [net.mcreator.tloa.TloaMod/]: Max Stamina50.0
[08Mar2025 17:22:47.336] [Render thread/INFO] [net.mcreator.tloa.TloaMod/]: Current Stamina:22.5
[08Mar2025 17:22:47.336] [Render thread/INFO] [net.mcreator.tloa.TloaMod/]: Rounded Stamina23
[08Mar2025 17:22:47.336] [Render thread/INFO] [net.mcreator.tloa.TloaMod/]: Can Stamina:true
[08Mar2025 17:22:47.336] [Render thread/INFO] [net.mcreator.tloa.TloaMod/]: Max Stamina50.0
[08Mar2025 17:22:47.377] [Server thread/INFO] [net.mcreator.tloa.TloaMod/]: Current Stamina:22.5
[08Mar2025 17:22:47.377] [Server thread/INFO] [net.mcreator.tloa.TloaMod/]: Rounded Stamina23
[08Mar2025 17:22:47.377] [Server thread/INFO] [net.mcreator.tloa.TloaMod/]: Can Stamina:true
[08Mar2025 17:22:47.377] [Server thread/INFO] [net.mcreator.tloa.TloaMod/]: Max Stamina50.0
[08Mar2025 17:22:47.384] [Render thread/INFO] [net.mcreator.tloa.TloaMod/]: Current Stamina:22.2
[08Mar2025 17:22:47.386] [Render thread/INFO] [net.mcreator.tloa.TloaMod/]: Rounded Stamina22
[08Mar2025 17:22:47.386] [Render thread/INFO] [net.mcreator.tloa.TloaMod/]: Can Stamina:true
[08Mar2025 17:22:47.386] [Render thread/INFO] [net.mcreator.tloa.TloaMod/]: Max Stamina50.0
[08Mar2025 17:22:47.426] [Server thread/INFO] [net.mcreator.tloa.TloaMod/]: Current Stamina:22.2
[08Mar2025 17:22:47.426] [Server thread/INFO] [net.mcreator.tloa.TloaMod/]: Rounded Stamina22
[08Mar2025 17:22:47.426] [Server thread/INFO] [net.mcreator.tloa.TloaMod/]: Can Stamina:true
[08Mar2025 17:22:47.426] [Server thread/INFO] [net.mcreator.tloa.TloaMod/]: Max Stamina50.0
[08Mar2025 17:22:47.435] [Render thread/INFO] [net.mcreator.tloa.TloaMod/]: Current Stamina:21.9
[08Mar2025 17:22:47.436] [Render thread/INFO] [net.mcreator.tloa.TloaMod/]: Rounded Stamina22
[08Mar2025 17:22:47.436] [Render thread/INFO] [net.mcreator.tloa.TloaMod/]: Can Stamina:true
[08Mar2025 17:22:47.436] [Render thread/INFO] [net.mcreator.tloa.TloaMod/]: Max Stamina50.0
[08Mar2025 17:22:47.478] [Server thread/INFO] [net.mcreator.tloa.TloaMod/]: Current Stamina:21.9
[08Mar2025 17:22:47.478] [Server thread/INFO] [net.mcreator.tloa.TloaMod/]: Rounded Stamina22
[08Mar2025 17:22:47.478] [Server thread/INFO] [net.mcreator.tloa.TloaMod/]: Can Stamina:true
[08Mar2025 17:22:47.478] [Server thread/INFO] [net.mcreator.tloa.TloaMod/]: Max Stamina50.0
[08Mar2025 17:22:47.485] [Render thread/INFO] [net.mcreator.tloa.TloaMod/]: Current Stamina:21.6
[08Mar2025 17:22:47.485] [Render thread/INFO] [net.mcreator.tloa.TloaMod/]: Rounded Stamina22
[08Mar2025 17:22:47.485] [Render thread/INFO] [net.mcreator.tloa.TloaMod/]: Can Stamina:true
[08Mar2025 17:22:47.485] [Render thread/INFO] [net.mcreator.tloa.TloaMod/]: Max Stamina50.0
[08Mar2025 17:22:47.526] [Server thread/INFO] [net.mcreator.tloa.TloaMod/]: Current Stamina:21.6
[08Mar2025 17:22:47.526] [Server thread/INFO] [net.mcreator.tloa.TloaMod/]: Rounded Stamina22
[08Mar2025 17:22:47.526] [Server thread/INFO] [net.mcreator.tloa.TloaMod/]: Can Stamina:true
[08Mar2025 17:22:47.526] [Server thread/INFO] [net.mcreator.tloa.TloaMod/]: Max Stamina50.0
[08Mar2025 17:22:47.536] [Render thread/INFO] [net.mcreator.tloa.TloaMod/]: Current Stamina:21.3
[08Mar2025 17:22:47.536] [Render thread/INFO] [net.mcreator.tloa.TloaMod/]: Rounded Stamina21
[08Mar2025 17:22:47.536] [Render thread/INFO] [net.mcreator.tloa.TloaMod/]: Can Stamina:true
[08Mar2025 17:22:47.536] [Render thread/INFO] [net.mcreator.tloa.TloaMod/]: Max Stamina50.0
[08Mar2025 17:22:47.576] [Server thread/INFO] [net.mcreator.tloa.TloaMod/]: Current Stamina:21.3
[08Mar2025 17:22:47.576] [Server thread/INFO] [net.mcreator.tloa.TloaMod/]: Rounded Stamina21
[08Mar2025 17:22:47.576] [Server thread/INFO] [net.mcreator.tloa.TloaMod/]: Can Stamina:true
[08Mar2025 17:22:47.576] [Server thread/INFO] [net.mcreator.tloa.TloaMod/]: Max Stamina50.0
[08Mar2025 17:22:47.585] [Render thread/INFO] [net.mcreator.tloa.TloaMod/]: Current Stamina:21
[08Mar2025 17:22:47.585] [Render thread/INFO] [net.mcreator.tloa.TloaMod/]: Rounded Stamina21
[08Mar2025 17:22:47.585] [Render thread/INFO] [net.mcreator.tloa.TloaMod/]: Can Stamina:true
[08Mar2025 17:22:47.585] [Render thread/INFO] [net.mcreator.tloa.TloaMod/]: Max Stamina50.0
[08Mar2025 17:22:47.626] [Server thread/INFO] [net.mcreator.tloa.TloaMod/]: Current Stamina:21
[08Mar2025 17:22:47.626] [Server thread/INFO] [net.mcreator.tloa.TloaMod/]: Rounded Stamina21
[08Mar2025 17:22:47.627] [Server thread/INFO] [net.mcreator.tloa.TloaMod/]: Can Stamina:true
[08Mar2025 17:22:47.627] [Server thread/INFO] [net.mcreator.tloa.TloaMod/]: Max Stamina50.0
[08Mar2025 17:22:47.635] [Render thread/INFO] [net.mcreator.tloa.TloaMod/]: Current Stamina:20.7
[08Mar2025 17:22:47.636] [Render thread/INFO] [net.mcreator.tloa.TloaMod/]: Rounded Stamina21
[08Mar2025 17:22:47.636] [Render thread/INFO] [net.mcreator.tloa.TloaMod/]: Can Stamina:true
[08Mar2025 17:22:47.636] [Render thread/INFO] [net.mcreator.tloa.TloaMod/]: Max Stamina50.0
[08Mar2025 17:22:47.676] [Server thread/INFO] [net.mcreator.tloa.TloaMod/]: Current Stamina:20.7
[08Mar2025 17:22:47.677] [Server thread/INFO] [net.mcreator.tloa.TloaMod/]: Rounded Stamina21
[08Mar2025 17:22:47.677] [Server thread/INFO] [net.mcreator.tloa.TloaMod/]: Can Stamina:true
[08Mar2025 17:22:47.677] [Server thread/INFO] [net.mcreator.tloa.TloaMod/]: Max Stamina50.0
[08Mar2025 17:22:47.685] [Render thread/INFO] [net.mcreator.tloa.TloaMod/]: Current Stamina:20.4
[08Mar2025 17:22:47.685] [Render thread/INFO] [net.mcreator.tloa.TloaMod/]: Rounded Stamina20
[08Mar2025 17:22:47.685] [Render thread/INFO] [net.mcreator.tloa.TloaMod/]: Can Stamina:true
[08Mar2025 17:22:47.685] [Render thread/INFO] [net.mcreator.tloa.TloaMod/]: Max Stamina50.0
[08Mar2025 17:22:47.726] [Server thread/INFO] [net.mcreator.tloa.TloaMod/]: Current Stamina:20.4
[08Mar2025 17:22:47.726] [Server thread/INFO] [net.mcreator.tloa.TloaMod/]: Rounded Stamina20
[08Mar2025 17:22:47.726] [Server thread/INFO] [net.mcreator.tloa.TloaMod/]: Can Stamina:true
[08Mar2025 17:22:47.726] [Server thread/INFO] [net.mcreator.tloa.TloaMod/]: Max Stamina50.0
[08Mar2025 17:22:47.735] [Render thread/INFO] [net.mcreator.tloa.TloaMod/]: Current Stamina:20.1
[08Mar2025 17:22:47.735] [Render thread/INFO] [net.mcreator.tloa.TloaMod/]: Rounded Stamina20
[08Mar2025 17:22:47.735] [Render thread/INFO] [net.mcreator.tloa.TloaMod/]: Can Stamina:true
[08Mar2025 17:22:47.735] [Render thread/INFO] [net.mcreator.tloa.TloaMod/]: Max Stamina50.0
[08Mar2025 17:22:47.777] [Server thread/INFO] [net.mcreator.tloa.TloaMod/]: Current Stamina:20.1
[08Mar2025 17:22:47.777] [Server thread/INFO] [net.mcreator.tloa.TloaMod/]: Rounded Stamina20
[08Mar2025 17:22:47.777] [Server thread/INFO] [net.mcreator.tloa.TloaMod/]: Can Stamina:true
[08Mar2025 17:22:47.777] [Server thread/INFO] [net.mcreator.tloa.TloaMod/]: Max Stamina50.0
[08Mar2025 17:22:47.785] [Render thread/INFO] [net.mcreator.tloa.TloaMod/]: Current Stamina:19.8
[08Mar2025 17:22:47.786] [Render thread/INFO] [net.mcreator.tloa.TloaMod/]: Rounded Stamina20
[08Mar2025 17:22:47.786] [Render thread/INFO] [net.mcreator.tloa.TloaMod/]: Can Stamina:true
[08Mar2025 17:22:47.786] [Render thread/INFO] [net.mcreator.tloa.TloaMod/]: Max Stamina50.0
[08Mar2025 17:22:47.826] [Server thread/INFO] [net.mcreator.tloa.TloaMod/]: Current Stamina:19.8
[08Mar2025 17:22:47.826] [Server thread/INFO] [net.mcreator.tloa.TloaMod/]: Rounded Stamina20
[08Mar2025 17:22:47.826] [Server thread/INFO] [net.mcreator.tloa.TloaMod/]: Can Stamina:true
[08Mar2025 17:22:47.826] [Server thread/INFO] [net.mcreator.tloa.TloaMod/]: Max Stamina50.0
[08Mar2025 17:22:47.836] [Render thread/INFO] [net.mcreator.tloa.TloaMod/]: Current Stamina:19.5
[08Mar2025 17:22:47.836] [Render thread/INFO] [net.mcreator.tloa.TloaMod/]: Rounded Stamina20
[08Mar2025 17:22:47.836] [Render thread/INFO] [net.mcreator.tloa.TloaMod/]: Can Stamina:true
[08Mar2025 17:22:47.836] [Render thread/INFO] [net.mcreator.tloa.TloaMod/]: Max Stamina50.0
[08Mar2025 17:22:47.877] [Server thread/INFO] [net.mcreator.tloa.TloaMod/]: Current Stamina:19.5
[08Mar2025 17:22:47.877] [Server thread/INFO] [net.mcreator.tloa.TloaMod/]: Rounded Stamina20
[08Mar2025 17:22:47.877] [Server thread/INFO] [net.mcreator.tloa.TloaMod/]: Can Stamina:true
[08Mar2025 17:22:47.877] [Server thread/INFO] [net.mcreator.tloa.TloaMod/]: Max Stamina50.0
[08Mar2025 17:22:47.886] [Render thread/INFO] [net.mcreator.tloa.TloaMod/]: Current Stamina:19.2
[08Mar2025 17:22:47.886] [Render thread/INFO] [net.mcreator.tloa.TloaMod/]: Rounded Stamina19
[08Mar2025 17:22:47.887] [Render thread/INFO] [net.mcreator.tloa.TloaMod/]: Can Stamina:true
[08Mar2025 17:22:47.887] [Render thread/INFO] [net.mcreator.tloa.TloaMod/]: Max Stamina50.0
[08Mar2025 17:22:47.927] [Server thread/INFO] [net.mcreator.tloa.TloaMod/]: Current Stamina:19.2
[08Mar2025 17:22:47.927] [Server thread/INFO] [net.mcreator.tloa.TloaMod/]: Rounded Stamina19
[08Mar2025 17:22:47.927] [Server thread/INFO] [net.mcreator.tloa.TloaMod/]: Can Stamina:true
[08Mar2025 17:22:47.927] [Server thread/INFO] [net.mcreator.tloa.TloaMod/]: Max Stamina50.0
[08Mar2025 17:22:47.936] [Render thread/INFO] [net.mcreator.tloa.TloaMod/]: Current Stamina:18.9
[08Mar2025 17:22:47.936] [Render thread/INFO] [net.mcreator.tloa.TloaMod/]: Rounded Stamina19
[08Mar2025 17:22:47.936] [Render thread/INFO] [net.mcreator.tloa.TloaMod/]: Can Stamina:true
[08Mar2025 17:22:47.936] [Render thread/INFO] [net.mcreator.tloa.TloaMod/]: Max Stamina50.0
[08Mar2025 17:22:47.975] [Server thread/INFO] [net.mcreator.tloa.TloaMod/]: Current Stamina:18.9
[08Mar2025 17:22:47.975] [Server thread/INFO] [net.mcreator.tloa.TloaMod/]: Rounded Stamina19
[08Mar2025 17:22:47.976] [Server thread/INFO] [net.mcreator.tloa.TloaMod/]: Can Stamina:true
[08Mar2025 17:22:47.976] [Server thread/INFO] [net.mcreator.tloa.TloaMod/]: Max Stamina50.0
[08Mar2025 17:22:47.986] [Render thread/INFO] [net.mcreator.tloa.TloaMod/]: Current Stamina:18.6
[08Mar2025 17:22:47.986] [Render thread/INFO] [net.mcreator.tloa.TloaMod/]: Rounded Stamina19
[08Mar2025 17:22:47.986] [Render thread/INFO] [net.mcreator.tloa.TloaMod/]: Can Stamina:true
[08Mar2025 17:22:47.986] [Render thread/INFO] [net.mcreator.tloa.TloaMod/]: Max Stamina50.0
[08Mar2025 17:22:48.026] [Server thread/INFO] [net.mcreator.tloa.TloaMod/]: Current Stamina:18.6
[08Mar2025 17:22:48.026] [Server thread/INFO] [net.mcreator.tloa.TloaMod/]: Rounded Stamina19
[08Mar2025 17:22:48.026] [Server thread/INFO] [net.mcreator.tloa.TloaMod/]: Can Stamina:true
[08Mar2025 17:22:48.026] [Server thread/INFO] [net.mcreator.tloa.TloaMod/]: Max Stamina50.0
[08Mar2025 17:22:48.037] [Render thread/INFO] [net.mcreator.tloa.TloaMod/]: Current Stamina:18.3
[08Mar2025 17:22:48.038] [Render thread/INFO] [net.mcreator.tloa.TloaMod/]: Rounded Stamina18
[08Mar2025 17:22:48.038] [Render thread/INFO] [net.mcreator.tloa.TloaMod/]: Can Stamina:true
[08Mar2025 17:22:48.038] [Render thread/INFO] [net.mcreator.tloa.TloaMod/]: Max Stamina50.0
[08Mar2025 17:22:48.075] [Server thread/INFO] [net.mcreator.tloa.TloaMod/]: Current Stamina:18.3
[08Mar2025 17:22:48.075] [Server thread/INFO] [net.mcreator.tloa.TloaMod/]: Rounded Stamina18
[08Mar2025 17:22:48.075] [Server thread/INFO] [net.mcreator.tloa.TloaMod/]: Can Stamina:true
[08Mar2025 17:22:48.075] [Server thread/INFO] [net.mcreator.tloa.TloaMod/]: Max Stamina50.0
[08Mar2025 17:22:48.084] [Render thread/INFO] [net.mcreator.tloa.TloaMod/]: Current Stamina:18
[08Mar2025 17:22:48.086] [Render thread/INFO] [net.mcreator.tloa.TloaMod/]: Rounded Stamina18
[08Mar2025 17:22:48.086] [Render thread/INFO] [net.mcreator.tloa.TloaMod/]: Can Stamina:true
[08Mar2025 17:22:48.086] [Render thread/INFO] [net.mcreator.tloa.TloaMod/]: Max Stamina50.0
[08Mar2025 17:22:48.129] [Server thread/INFO] [net.mcreator.tloa.TloaMod/]: Current Stamina:18
[08Mar2025 17:22:48.130] [Server thread/INFO] [net.mcreator.tloa.TloaMod/]: Rounded Stamina18
[08Mar2025 17:22:48.130] [Server thread/INFO] [net.mcreator.tloa.TloaMod/]: Can Stamina:true
[08Mar2025 17:22:48.130] [Server thread/INFO] [net.mcreator.tloa.TloaMod/]: Max Stamina50.0
[08Mar2025 17:22:48.135] [Render thread/INFO] [net.mcreator.tloa.TloaMod/]: Current Stamina:17.7
[08Mar2025 17:22:48.135] [Render thread/INFO] [net.mcreator.tloa.TloaMod/]: Rounded Stamina18
[08Mar2025 17:22:48.135] [Render thread/INFO] [net.mcreator.tloa.TloaMod/]: Can Stamina:true
[08Mar2025 17:22:48.135] [Render thread/INFO] [net.mcreator.tloa.TloaMod/]: Max Stamina50.0
[08Mar2025 17:22:48.177] [Server thread/INFO] [net.mcreator.tloa.TloaMod/]: Current Stamina:17.7
[08Mar2025 17:22:48.177] [Server thread/INFO] [net.mcreator.tloa.TloaMod/]: Rounded Stamina18
[08Mar2025 17:22:48.177] [Server thread/INFO] [net.mcreator.tloa.TloaMod/]: Can Stamina:true
[08Mar2025 17:22:48.177] [Server thread/INFO] [net.mcreator.tloa.TloaMod/]: Max Stamina50.0
[08Mar2025 17:22:48.185] [Render thread/INFO] [net.mcreator.tloa.TloaMod/]: Current Stamina:17.4
[08Mar2025 17:22:48.185] [Render thread/INFO] [net.mcreator.tloa.TloaMod/]: Rounded Stamina17
[08Mar2025 17:22:48.185] [Render thread/INFO] [net.mcreator.tloa.TloaMod/]: Can Stamina:true
[08Mar2025 17:22:48.185] [Render thread/INFO] [net.mcreator.tloa.TloaMod/]: Max Stamina50.0
[08Mar2025 17:22:48.226] [Server thread/INFO] [net.mcreator.tloa.TloaMod/]: Current Stamina:17.4
[08Mar2025 17:22:48.226] [Server thread/INFO] [net.mcreator.tloa.TloaMod/]: Rounded Stamina17
[08Mar2025 17:22:48.226] [Server thread/INFO] [net.mcreator.tloa.TloaMod/]: Can Stamina:true
[08Mar2025 17:22:48.226] [Server thread/INFO] [net.mcreator.tloa.TloaMod/]: Max Stamina50.0
[08Mar2025 17:22:48.235] [Render thread/INFO] [net.mcreator.tloa.TloaMod/]: Current Stamina:17.1
[08Mar2025 17:22:48.236] [Render thread/INFO] [net.mcreator.tloa.TloaMod/]: Rounded Stamina17
[08Mar2025 17:22:48.236] [Render thread/INFO] [net.mcreator.tloa.TloaMod/]: Can Stamina:true
[08Mar2025 17:22:48.236] [Render thread/INFO] [net.mcreator.tloa.TloaMod/]: Max Stamina50.0
[08Mar2025 17:22:48.277] [Server thread/INFO] [net.mcreator.tloa.TloaMod/]: Current Stamina:17.1
[08Mar2025 17:22:48.277] [Server thread/INFO] [net.mcreator.tloa.TloaMod/]: Rounded Stamina17
[08Mar2025 17:22:48.277] [Server thread/INFO] [net.mcreator.tloa.TloaMod/]: Can Stamina:true
[08Mar2025 17:22:48.277] [Server thread/INFO] [net.mcreator.tloa.TloaMod/]: Max Stamina50.0
[08Mar2025 17:22:48.285] [Render thread/INFO] [net.mcreator.tloa.TloaMod/]: Current Stamina:16.8
[08Mar2025 17:22:48.286] [Render thread/INFO] [net.mcreator.tloa.TloaMod/]: Rounded Stamina17
[08Mar2025 17:22:48.286] [Render thread/INFO] [net.mcreator.tloa.TloaMod/]: Can Stamina:true
[08Mar2025 17:22:48.286] [Render thread/INFO] [net.mcreator.tloa.TloaMod/]: Max Stamina50.0
[08Mar2025 17:22:48.328] [Server thread/INFO] [net.mcreator.tloa.TloaMod/]: Current Stamina:16.8
[08Mar2025 17:22:48.328] [Server thread/INFO] [net.mcreator.tloa.TloaMod/]: Rounded Stamina17
[08Mar2025 17:22:48.328] [Server thread/INFO] [net.mcreator.tloa.TloaMod/]: Can Stamina:true
[08Mar2025 17:22:48.328] [Server thread/INFO] [net.mcreator.tloa.TloaMod/]: Max Stamina50.0
[08Mar2025 17:22:48.335] [Render thread/INFO] [net.mcreator.tloa.TloaMod/]: Current Stamina:16.5
[08Mar2025 17:22:48.335] [Render thread/INFO] [net.mcreator.tloa.TloaMod/]: Rounded Stamina17
[08Mar2025 17:22:48.335] [Render thread/INFO] [net.mcreator.tloa.TloaMod/]: Can Stamina:true
[08Mar2025 17:22:48.335] [Render thread/INFO] [net.mcreator.tloa.TloaMod/]: Max Stamina50.0
[08Mar2025 17:22:48.376] [Server thread/INFO] [net.mcreator.tloa.TloaMod/]: Current Stamina:16.5
[08Mar2025 17:22:48.376] [Server thread/INFO] [net.mcreator.tloa.TloaMod/]: Rounded Stamina17
[08Mar2025 17:22:48.376] [Server thread/INFO] [net.mcreator.tloa.TloaMod/]: Can Stamina:true
[08Mar2025 17:22:48.376] [Server thread/INFO] [net.mcreator.tloa.TloaMod/]: Max Stamina50.0
[08Mar2025 17:22:48.386] [Render thread/INFO] [net.mcreator.tloa.TloaMod/]: Current Stamina:16.2
[08Mar2025 17:22:48.386] [Render thread/INFO] [net.mcreator.tloa.TloaMod/]: Rounded Stamina16
[08Mar2025 17:22:48.386] [Render thread/INFO] [net.mcreator.tloa.TloaMod/]: Can Stamina:true
[08Mar2025 17:22:48.386] [Render thread/INFO] [net.mcreator.tloa.TloaMod/]: Max Stamina50.0
[08Mar2025 17:22:48.428] [Server thread/INFO] [net.mcreator.tloa.TloaMod/]: Current Stamina:16.2
[08Mar2025 17:22:48.428] [Server thread/INFO] [net.mcreator.tloa.TloaMod/]: Rounded Stamina16
[08Mar2025 17:22:48.428] [Server thread/INFO] [net.mcreator.tloa.TloaMod/]: Can Stamina:true
[08Mar2025 17:22:48.428] [Server thread/INFO] [net.mcreator.tloa.TloaMod/]: Max Stamina50.0
[08Mar2025 17:22:48.436] [Render thread/INFO] [net.mcreator.tloa.TloaMod/]: Current Stamina:15.9
[08Mar2025 17:22:48.436] [Render thread/INFO] [net.mcreator.tloa.TloaMod/]: Rounded Stamina16
[08Mar2025 17:22:48.436] [Render thread/INFO] [net.mcreator.tloa.TloaMod/]: Can Stamina:true
[08Mar2025 17:22:48.436] [Render thread/INFO] [net.mcreator.tloa.TloaMod/]: Max Stamina50.0
[08Mar2025 17:22:48.484] [Server thread/INFO] [net.mcreator.tloa.TloaMod/]: Current Stamina:15.9
[08Mar2025 17:22:48.484] [Server thread/INFO] [net.mcreator.tloa.TloaMod/]: Rounded Stamina16
[08Mar2025 17:22:48.484] [Server thread/INFO] [net.mcreator.tloa.TloaMod/]: Can Stamina:true
[08Mar2025 17:22:48.484] [Server thread/INFO] [net.mcreator.tloa.TloaMod/]: Max Stamina50.0
[08Mar2025 17:22:48.487] [Render thread/INFO] [net.mcreator.tloa.TloaMod/]: Current Stamina:15.6
[08Mar2025 17:22:48.487] [Render thread/INFO] [net.mcreator.tloa.TloaMod/]: Rounded Stamina16
[08Mar2025 17:22:48.487] [Render thread/INFO] [net.mcreator.tloa.TloaMod/]: Can Stamina:true
[08Mar2025 17:22:48.487] [Render thread/INFO] [net.mcreator.tloa.TloaMod/]: Max Stamina50.0
[08Mar2025 17:22:48.526] [Server thread/INFO] [net.mcreator.tloa.TloaMod/]: Current Stamina:15.6
[08Mar2025 17:22:48.526] [Server thread/INFO] [net.mcreator.tloa.TloaMod/]: Rounded Stamina16
[08Mar2025 17:22:48.526] [Server thread/INFO] [net.mcreator.tloa.TloaMod/]: Can Stamina:true
[08Mar2025 17:22:48.526] [Server thread/INFO] [net.mcreator.tloa.TloaMod/]: Max Stamina50.0
[08Mar2025 17:22:48.535] [Render thread/INFO] [net.mcreator.tloa.TloaMod/]: Current Stamina:15.3
[08Mar2025 17:22:48.536] [Render thread/INFO] [net.mcreator.tloa.TloaMod/]: Rounded Stamina15
[08Mar2025 17:22:48.536] [Render thread/INFO] [net.mcreator.tloa.TloaMod/]: Can Stamina:true
[08Mar2025 17:22:48.536] [Render thread/INFO] [net.mcreator.tloa.TloaMod/]: Max Stamina50.0
[08Mar2025 17:22:48.577] [Server thread/INFO] [net.mcreator.tloa.TloaMod/]: Current Stamina:15.3
[08Mar2025 17:22:48.578] [Server thread/INFO] [net.mcreator.tloa.TloaMod/]: Rounded Stamina15
[08Mar2025 17:22:48.578] [Server thread/INFO] [net.mcreator.tloa.TloaMod/]: Can Stamina:true
[08Mar2025 17:22:48.578] [Server thread/INFO] [net.mcreator.tloa.TloaMod/]: Max Stamina50.0
[08Mar2025 17:22:48.585] [Render thread/INFO] [net.mcreator.tloa.TloaMod/]: Current Stamina:15
[08Mar2025 17:22:48.586] [Render thread/INFO] [net.mcreator.tloa.TloaMod/]: Rounded Stamina15
[08Mar2025 17:22:48.586] [Render thread/INFO] [net.mcreator.tloa.TloaMod/]: Can Stamina:true
[08Mar2025 17:22:48.586] [Render thread/INFO] [net.mcreator.tloa.TloaMod/]: Max Stamina50.0
[08Mar2025 17:22:48.631] [Server thread/INFO] [net.mcreator.tloa.TloaMod/]: Current Stamina:15
[08Mar2025 17:22:48.632] [Server thread/INFO] [net.mcreator.tloa.TloaMod/]: Rounded Stamina15
[08Mar2025 17:22:48.632] [Server thread/INFO] [net.mcreator.tloa.TloaMod/]: Can Stamina:true
[08Mar2025 17:22:48.632] [Server thread/INFO] [net.mcreator.tloa.TloaMod/]: Max Stamina50.0
[08Mar2025 17:22:48.636] [Render thread/INFO] [net.mcreator.tloa.TloaMod/]: Current Stamina:14.7
[08Mar2025 17:22:48.637] [Render thread/INFO] [net.mcreator.tloa.TloaMod/]: Rounded Stamina15
[08Mar2025 17:22:48.637] [Render thread/INFO] [net.mcreator.tloa.TloaMod/]: Can Stamina:true
[08Mar2025 17:22:48.637] [Render thread/INFO] [net.mcreator.tloa.TloaMod/]: Max Stamina50.0
[08Mar2025 17:22:48.678] [Server thread/INFO] [net.mcreator.tloa.TloaMod/]: Current Stamina:14.7
[08Mar2025 17:22:48.678] [Server thread/INFO] [net.mcreator.tloa.TloaMod/]: Rounded Stamina15
[08Mar2025 17:22:48.678] [Server thread/INFO] [net.mcreator.tloa.TloaMod/]: Can Stamina:true
[08Mar2025 17:22:48.678] [Server thread/INFO] [net.mcreator.tloa.TloaMod/]: Max Stamina50.0
[08Mar2025 17:22:48.686] [Render thread/INFO] [net.mcreator.tloa.TloaMod/]: Current Stamina:14.4
[08Mar2025 17:22:48.686] [Render thread/INFO] [net.mcreator.tloa.TloaMod/]: Rounded Stamina14
[08Mar2025 17:22:48.686] [Render thread/INFO] [net.mcreator.tloa.TloaMod/]: Can Stamina:true
[08Mar2025 17:22:48.686] [Render thread/INFO] [net.mcreator.tloa.TloaMod/]: Max Stamina50.0
[08Mar2025 17:22:48.726] [Server thread/INFO] [net.mcreator.tloa.TloaMod/]: Current Stamina:14.4
[08Mar2025 17:22:48.726] [Server thread/INFO] [net.mcreator.tloa.TloaMod/]: Rounded Stamina14
[08Mar2025 17:22:48.726] [Server thread/INFO] [net.mcreator.tloa.TloaMod/]: Can Stamina:true
[08Mar2025 17:22:48.726] [Server thread/INFO] [net.mcreator.tloa.TloaMod/]: Max Stamina50.0
[08Mar2025 17:22:48.735] [Render thread/INFO] [net.mcreator.tloa.TloaMod/]: Current Stamina:14.1
[08Mar2025 17:22:48.735] [Render thread/INFO] [net.mcreator.tloa.TloaMod/]: Rounded Stamina14
[08Mar2025 17:22:48.735] [Render thread/INFO] [net.mcreator.tloa.TloaMod/]: Can Stamina:true
[08Mar2025 17:22:48.735] [Render thread/INFO] [net.mcreator.tloa.TloaMod/]: Max Stamina50.0
[08Mar2025 17:22:48.775] [Server thread/INFO] [net.mcreator.tloa.TloaMod/]: Current Stamina:14.1
[08Mar2025 17:22:48.776] [Server thread/INFO] [net.mcreator.tloa.TloaMod/]: Rounded Stamina14
[08Mar2025 17:22:48.776] [Server thread/INFO] [net.mcreator.tloa.TloaMod/]: Can Stamina:true
[08Mar2025 17:22:48.776] [Server thread/INFO] [net.mcreator.tloa.TloaMod/]: Max Stamina50.0
[08Mar2025 17:22:48.785] [Render thread/INFO] [net.mcreator.tloa.TloaMod/]: Current Stamina:13.8
[08Mar2025 17:22:48.785] [Render thread/INFO] [net.mcreator.tloa.TloaMod/]: Rounded Stamina14
[08Mar2025 17:22:48.785] [Render thread/INFO] [net.mcreator.tloa.TloaMod/]: Can Stamina:true
[08Mar2025 17:22:48.785] [Render thread/INFO] [net.mcreator.tloa.TloaMod/]: Max Stamina50.0
[08Mar2025 17:22:48.828] [Server thread/INFO] [net.mcreator.tloa.TloaMod/]: Current Stamina:13.8
[08Mar2025 17:22:48.828] [Server thread/INFO] [net.mcreator.tloa.TloaMod/]: Rounded Stamina14
[08Mar2025 17:22:48.828] [Server thread/INFO] [net.mcreator.tloa.TloaMod/]: Can Stamina:true
[08Mar2025 17:22:48.828] [Server thread/INFO] [net.mcreator.tloa.TloaMod/]: Max Stamina50.0
[08Mar2025 17:22:48.835] [Render thread/INFO] [net.mcreator.tloa.TloaMod/]: Current Stamina:13.5
[08Mar2025 17:22:48.835] [Render thread/INFO] [net.mcreator.tloa.TloaMod/]: Rounded Stamina14
[08Mar2025 17:22:48.835] [Render thread/INFO] [net.mcreator.tloa.TloaMod/]: Can Stamina:true
[08Mar2025 17:22:48.835] [Render thread/INFO] [net.mcreator.tloa.TloaMod/]: Max Stamina50.0
[08Mar2025 17:22:48.876] [Server thread/INFO] [net.mcreator.tloa.TloaMod/]: Current Stamina:13.5
[08Mar2025 17:22:48.876] [Server thread/INFO] [net.mcreator.tloa.TloaMod/]: Rounded Stamina14
[08Mar2025 17:22:48.877] [Server thread/INFO] [net.mcreator.tloa.TloaMod/]: Can Stamina:true
[08Mar2025 17:22:48.877] [Server thread/INFO] [net.mcreator.tloa.TloaMod/]: Max Stamina50.0
[08Mar2025 17:22:48.886] [Render thread/INFO] [net.mcreator.tloa.TloaMod/]: Current Stamina:13.2
[08Mar2025 17:22:48.886] [Render thread/INFO] [net.mcreator.tloa.TloaMod/]: Rounded Stamina13
[08Mar2025 17:22:48.886] [Render thread/INFO] [net.mcreator.tloa.TloaMod/]: Can Stamina:true
[08Mar2025 17:22:48.886] [Render thread/INFO] [net.mcreator.tloa.TloaMod/]: Max Stamina50.0
[08Mar2025 17:22:48.928] [Server thread/INFO] [net.mcreator.tloa.TloaMod/]: Current Stamina:13.2
[08Mar2025 17:22:48.929] [Server thread/INFO] [net.mcreator.tloa.TloaMod/]: Rounded Stamina13
[08Mar2025 17:22:48.929] [Server thread/INFO] [net.mcreator.tloa.TloaMod/]: Can Stamina:true
[08Mar2025 17:22:48.929] [Server thread/INFO] [net.mcreator.tloa.TloaMod/]: Max Stamina50.0
[08Mar2025 17:22:48.936] [Render thread/INFO] [net.mcreator.tloa.TloaMod/]: Current Stamina:12.9
[08Mar2025 17:22:48.936] [Render thread/INFO] [net.mcreator.tloa.TloaMod/]: Rounded Stamina13
[08Mar2025 17:22:48.936] [Render thread/INFO] [net.mcreator.tloa.TloaMod/]: Can Stamina:true
[08Mar2025 17:22:48.936] [Render thread/INFO] [net.mcreator.tloa.TloaMod/]: Max Stamina50.0
[08Mar2025 17:22:48.975] [Server thread/INFO] [net.mcreator.tloa.TloaMod/]: Current Stamina:12.9
[08Mar2025 17:22:48.975] [Server thread/INFO] [net.mcreator.tloa.TloaMod/]: Rounded Stamina13
[08Mar2025 17:22:48.975] [Server thread/INFO] [net.mcreator.tloa.TloaMod/]: Can Stamina:true
[08Mar2025 17:22:48.975] [Server thread/INFO] [net.mcreator.tloa.TloaMod/]: Max Stamina50.0
[08Mar2025 17:22:48.985] [Render thread/INFO] [net.mcreator.tloa.TloaMod/]: Current Stamina:12.6
[08Mar2025 17:22:48.985] [Render thread/INFO] [net.mcreator.tloa.TloaMod/]: Rounded Stamina13
[08Mar2025 17:22:48.985] [Render thread/INFO] [net.mcreator.tloa.TloaMod/]: Can Stamina:true
[08Mar2025 17:22:48.985] [Render thread/INFO] [net.mcreator.tloa.TloaMod/]: Max Stamina50.0
[08Mar2025 17:22:49.025] [Server thread/INFO] [net.mcreator.tloa.TloaMod/]: Current Stamina:12.6
[08Mar2025 17:22:49.025] [Server thread/INFO] [net.mcreator.tloa.TloaMod/]: Rounded Stamina13
[08Mar2025 17:22:49.025] [Server thread/INFO] [net.mcreator.tloa.TloaMod/]: Can Stamina:true
[08Mar2025 17:22:49.025] [Server thread/INFO] [net.mcreator.tloa.TloaMod/]: Max Stamina50.0
[08Mar2025 17:22:49.036] [Render thread/INFO] [net.mcreator.tloa.TloaMod/]: Current Stamina:12.3
[08Mar2025 17:22:49.036] [Render thread/INFO] [net.mcreator.tloa.TloaMod/]: Rounded Stamina12
[08Mar2025 17:22:49.036] [Render thread/INFO] [net.mcreator.tloa.TloaMod/]: Can Stamina:true
[08Mar2025 17:22:49.036] [Render thread/INFO] [net.mcreator.tloa.TloaMod/]: Max Stamina50.0
[08Mar2025 17:22:49.075] [Server thread/INFO] [net.mcreator.tloa.TloaMod/]: Current Stamina:12.3
[08Mar2025 17:22:49.076] [Server thread/INFO] [net.mcreator.tloa.TloaMod/]: Rounded Stamina12
[08Mar2025 17:22:49.076] [Server thread/INFO] [net.mcreator.tloa.TloaMod/]: Can Stamina:true
[08Mar2025 17:22:49.076] [Server thread/INFO] [net.mcreator.tloa.TloaMod/]: Max Stamina50.0
[08Mar2025 17:22:49.086] [Render thread/INFO] [net.mcreator.tloa.TloaMod/]: Current Stamina:12
[08Mar2025 17:22:49.086] [Render thread/INFO] [net.mcreator.tloa.TloaMod/]: Rounded Stamina12
[08Mar2025 17:22:49.086] [Render thread/INFO] [net.mcreator.tloa.TloaMod/]: Can Stamina:true
[08Mar2025 17:22:49.086] [Render thread/INFO] [net.mcreator.tloa.TloaMod/]: Max Stamina50.0
[08Mar2025 17:22:49.129] [Server thread/INFO] [net.mcreator.tloa.TloaMod/]: Current Stamina:12
[08Mar2025 17:22:49.129] [Server thread/INFO] [net.mcreator.tloa.TloaMod/]: Rounded Stamina12
[08Mar2025 17:22:49.129] [Server thread/INFO] [net.mcreator.tloa.TloaMod/]: Can Stamina:true
[08Mar2025 17:22:49.129] [Server thread/INFO] [net.mcreator.tloa.TloaMod/]: Max Stamina50.0
[08Mar2025 17:22:49.137] [Render thread/INFO] [net.mcreator.tloa.TloaMod/]: Current Stamina:11.7
[08Mar2025 17:22:49.137] [Render thread/INFO] [net.mcreator.tloa.TloaMod/]: Rounded Stamina12
[08Mar2025 17:22:49.137] [Render thread/INFO] [net.mcreator.tloa.TloaMod/]: Can Stamina:true
[08Mar2025 17:22:49.137] [Render thread/INFO] [net.mcreator.tloa.TloaMod/]: Max Stamina50.0
[08Mar2025 17:22:49.176] [Server thread/INFO] [net.mcreator.tloa.TloaMod/]: Current Stamina:11.7
[08Mar2025 17:22:49.177] [Server thread/INFO] [net.mcreator.tloa.TloaMod/]: Rounded Stamina12
[08Mar2025 17:22:49.177] [Server thread/INFO] [net.mcreator.tloa.TloaMod/]: Can Stamina:true
[08Mar2025 17:22:49.177] [Server thread/INFO] [net.mcreator.tloa.TloaMod/]: Max Stamina50.0
[08Mar2025 17:22:49.186] [Render thread/INFO] [net.mcreator.tloa.TloaMod/]: Current Stamina:11.4
[08Mar2025 17:22:49.186] [Render thread/INFO] [net.mcreator.tloa.TloaMod/]: Rounded Stamina11
[08Mar2025 17:22:49.186] [Render thread/INFO] [net.mcreator.tloa.TloaMod/]: Can Stamina:true
[08Mar2025 17:22:49.186] [Render thread/INFO] [net.mcreator.tloa.TloaMod/]: Max Stamina50.0
[08Mar2025 17:22:49.226] [Server thread/INFO] [net.mcreator.tloa.TloaMod/]: Current Stamina:11.4
[08Mar2025 17:22:49.227] [Server thread/INFO] [net.mcreator.tloa.TloaMod/]: Rounded Stamina11
[08Mar2025 17:22:49.227] [Server thread/INFO] [net.mcreator.tloa.TloaMod/]: Can Stamina:true
[08Mar2025 17:22:49.227] [Server thread/INFO] [net.mcreator.tloa.TloaMod/]: Max Stamina50.0
[08Mar2025 17:22:49.236] [Render thread/INFO] [net.mcreator.tloa.TloaMod/]: Current Stamina:11.1
[08Mar2025 17:22:49.236] [Render thread/INFO] [net.mcreator.tloa.TloaMod/]: Rounded Stamina11
[08Mar2025 17:22:49.236] [Render thread/INFO] [net.mcreator.tloa.TloaMod/]: Can Stamina:true
[08Mar2025 17:22:49.236] [Render thread/INFO] [net.mcreator.tloa.TloaMod/]: Max Stamina50.0
[08Mar2025 17:22:49.282] [Server thread/INFO] [net.mcreator.tloa.TloaMod/]: Current Stamina:11.1
[08Mar2025 17:22:49.283] [Server thread/INFO] [net.mcreator.tloa.TloaMod/]: Rounded Stamina11
[08Mar2025 17:22:49.283] [Server thread/INFO] [net.mcreator.tloa.TloaMod/]: Can Stamina:true
[08Mar2025 17:22:49.283] [Server thread/INFO] [net.mcreator.tloa.TloaMod/]: Max Stamina50.0
[08Mar2025 17:22:49.286] [Render thread/INFO] [net.mcreator.tloa.TloaMod/]: Current Stamina:11.6
[08Mar2025 17:22:49.286] [Render thread/INFO] [net.mcreator.tloa.TloaMod/]: Rounded Stamina12
[08Mar2025 17:22:49.286] [Render thread/INFO] [net.mcreator.tloa.TloaMod/]: Can Stamina:true
[08Mar2025 17:22:49.286] [Render thread/INFO] [net.mcreator.tloa.TloaMod/]: Max Stamina50.0
[08Mar2025 17:22:49.325] [Server thread/INFO] [net.mcreator.tloa.TloaMod/]: Current Stamina:11.6
[08Mar2025 17:22:49.325] [Server thread/INFO] [net.mcreator.tloa.TloaMod/]: Rounded Stamina12
[08Mar2025 17:22:49.325] [Server thread/INFO] [net.mcreator.tloa.TloaMod/]: Can Stamina:true
[08Mar2025 17:22:49.325] [Server thread/INFO] [net.mcreator.tloa.TloaMod/]: Max Stamina50.0
[08Mar2025 17:22:49.335] [Render thread/INFO] [net.mcreator.tloa.TloaMod/]: Current Stamina:12.1
[08Mar2025 17:22:49.336] [Render thread/INFO] [net.mcreator.tloa.TloaMod/]: Rounded Stamina12
[08Mar2025 17:22:49.336] [Render thread/INFO] [net.mcreator.tloa.TloaMod/]: Can Stamina:true
[08Mar2025 17:22:49.336] [Render thread/INFO] [net.mcreator.tloa.TloaMod/]: Max Stamina50.0
[08Mar2025 17:22:49.383] [Server thread/INFO] [net.mcreator.tloa.TloaMod/]: Current Stamina:12.1
[08Mar2025 17:22:49.383] [Server thread/INFO] [net.mcreator.tloa.TloaMod/]: Rounded Stamina12
[08Mar2025 17:22:49.383] [Server thread/INFO] [net.mcreator.tloa.TloaMod/]: Can Stamina:true
[08Mar2025 17:22:49.383] [Server thread/INFO] [net.mcreator.tloa.TloaMod/]: Max Stamina50.0
[08Mar2025 17:22:49.386] [Render thread/INFO] [net.mcreator.tloa.TloaMod/]: Current Stamina:12.6
[08Mar2025 17:22:49.387] [Render thread/INFO] [net.mcreator.tloa.TloaMod/]: Rounded Stamina13
[08Mar2025 17:22:49.387] [Render thread/INFO] [net.mcreator.tloa.TloaMod/]: Can Stamina:true
[08Mar2025 17:22:49.387] [Render thread/INFO] [net.mcreator.tloa.TloaMod/]: Max Stamina50.0
[08Mar2025 17:22:49.428] [Server thread/INFO] [net.mcreator.tloa.TloaMod/]: Current Stamina:11.8
[08Mar2025 17:22:49.428] [Server thread/INFO] [net.mcreator.tloa.TloaMod/]: Rounded Stamina12
[08Mar2025 17:22:49.428] [Server thread/INFO] [net.mcreator.tloa.TloaMod/]: Can Stamina:true
[08Mar2025 17:22:49.428] [Server thread/INFO] [net.mcreator.tloa.TloaMod/]: Max Stamina50.0
[08Mar2025 17:22:49.435] [Render thread/INFO] [net.mcreator.tloa.TloaMod/]: Current Stamina:11.5
[08Mar2025 17:22:49.436] [Render thread/INFO] [net.mcreator.tloa.TloaMod/]: Rounded Stamina12
[08Mar2025 17:22:49.436] [Render thread/INFO] [net.mcreator.tloa.TloaMod/]: Can Stamina:true
[08Mar2025 17:22:49.436] [Render thread/INFO] [net.mcreator.tloa.TloaMod/]: Max Stamina50.0
[08Mar2025 17:22:49.480] [Server thread/INFO] [net.mcreator.tloa.TloaMod/]: Current Stamina:11.5
[08Mar2025 17:22:49.480] [Server thread/INFO] [net.mcreator.tloa.TloaMod/]: Rounded Stamina12
[08Mar2025 17:22:49.480] [Server thread/INFO] [net.mcreator.tloa.TloaMod/]: Can Stamina:true
[08Mar2025 17:22:49.480] [Server thread/INFO] [net.mcreator.tloa.TloaMod/]: Max Stamina50.0
[08Mar2025 17:22:49.487] [Render thread/INFO] [net.mcreator.tloa.TloaMod/]: Current Stamina:11.2
[08Mar2025 17:22:49.487] [Render thread/INFO] [net.mcreator.tloa.TloaMod/]: Rounded Stamina11
[08Mar2025 17:22:49.487] [Render thread/INFO] [net.mcreator.tloa.TloaMod/]: Can Stamina:true
[08Mar2025 17:22:49.487] [Render thread/INFO] [net.mcreator.tloa.TloaMod/]: Max Stamina50.0
[08Mar2025 17:22:49.528] [Server thread/INFO] [net.mcreator.tloa.TloaMod/]: Current Stamina:11.2
[08Mar2025 17:22:49.530] [Server thread/INFO] [net.mcreator.tloa.TloaMod/]: Rounded Stamina11
[08Mar2025 17:22:49.530] [Server thread/INFO] [net.mcreator.tloa.TloaMod/]: Can Stamina:true
[08Mar2025 17:22:49.530] [Server thread/INFO] [net.mcreator.tloa.TloaMod/]: Max Stamina50.0
[08Mar2025 17:22:49.535] [Render thread/INFO] [net.mcreator.tloa.TloaMod/]: Current Stamina:10.9
[08Mar2025 17:22:49.536] [Render thread/INFO] [net.mcreator.tloa.TloaMod/]: Rounded Stamina11
[08Mar2025 17:22:49.536] [Render thread/INFO] [net.mcreator.tloa.TloaMod/]: Can Stamina:true
[08Mar2025 17:22:49.536] [Render thread/INFO] [net.mcreator.tloa.TloaMod/]: Max Stamina50.0
[08Mar2025 17:22:49.578] [Server thread/INFO] [net.mcreator.tloa.TloaMod/]: Current Stamina:10.9
[08Mar2025 17:22:49.578] [Server thread/INFO] [net.mcreator.tloa.TloaMod/]: Rounded Stamina11
[08Mar2025 17:22:49.578] [Server thread/INFO] [net.mcreator.tloa.TloaMod/]: Can Stamina:true
[08Mar2025 17:22:49.578] [Server thread/INFO] [net.mcreator.tloa.TloaMod/]: Max Stamina50.0
[08Mar2025 17:22:49.587] [Render thread/INFO] [net.mcreator.tloa.TloaMod/]: Current Stamina:10.6
[08Mar2025 17:22:49.587] [Render thread/INFO] [net.mcreator.tloa.TloaMod/]: Rounded Stamina11
[08Mar2025 17:22:49.587] [Render thread/INFO] [net.mcreator.tloa.TloaMod/]: Can Stamina:true
[08Mar2025 17:22:49.587] [Render thread/INFO] [net.mcreator.tloa.TloaMod/]: Max Stamina50.0
[08Mar2025 17:22:49.627] [Server thread/INFO] [net.mcreator.tloa.TloaMod/]: Current Stamina:10.6
[08Mar2025 17:22:49.627] [Server thread/INFO] [net.mcreator.tloa.TloaMod/]: Rounded Stamina11
[08Mar2025 17:22:49.627] [Server thread/INFO] [net.mcreator.tloa.TloaMod/]: Can Stamina:true
[08Mar2025 17:22:49.628] [Server thread/INFO] [net.mcreator.tloa.TloaMod/]: Max Stamina50.0
[08Mar2025 17:22:49.636] [Render thread/INFO] [net.mcreator.tloa.TloaMod/]: Current Stamina:10.3
[08Mar2025 17:22:49.637] [Render thread/INFO] [net.mcreator.tloa.TloaMod/]: Rounded Stamina10
[08Mar2025 17:22:49.637] [Render thread/INFO] [net.mcreator.tloa.TloaMod/]: Can Stamina:true
[08Mar2025 17:22:49.637] [Render thread/INFO] [net.mcreator.tloa.TloaMod/]: Max Stamina50.0
[08Mar2025 17:22:49.683] [Server thread/INFO] [net.mcreator.tloa.TloaMod/]: Current Stamina:10.3
[08Mar2025 17:22:49.684] [Server thread/INFO] [net.mcreator.tloa.TloaMod/]: Rounded Stamina10
[08Mar2025 17:22:49.684] [Server thread/INFO] [net.mcreator.tloa.TloaMod/]: Can Stamina:true
[08Mar2025 17:22:49.684] [Server thread/INFO] [net.mcreator.tloa.TloaMod/]: Max Stamina50.0
[08Mar2025 17:22:49.686] [Render thread/INFO] [net.mcreator.tloa.TloaMod/]: Current Stamina:10
[08Mar2025 17:22:49.687] [Render thread/INFO] [net.mcreator.tloa.TloaMod/]: Rounded Stamina10
[08Mar2025 17:22:49.687] [Render thread/INFO] [net.mcreator.tloa.TloaMod/]: Can Stamina:true
[08Mar2025 17:22:49.687] [Render thread/INFO] [net.mcreator.tloa.TloaMod/]: Max Stamina50.0
[08Mar2025 17:22:49.729] [Server thread/INFO] [net.mcreator.tloa.TloaMod/]: Current Stamina:10
[08Mar2025 17:22:49.729] [Server thread/INFO] [net.mcreator.tloa.TloaMod/]: Rounded Stamina10
[08Mar2025 17:22:49.729] [Server thread/INFO] [net.mcreator.tloa.TloaMod/]: Can Stamina:true
[08Mar2025 17:22:49.729] [Server thread/INFO] [net.mcreator.tloa.TloaMod/]: Max Stamina50.0
[08Mar2025 17:22:49.736] [Render thread/INFO] [net.mcreator.tloa.TloaMod/]: Current Stamina:9.7
[08Mar2025 17:22:49.736] [Render thread/INFO] [net.mcreator.tloa.TloaMod/]: Rounded Stamina10
[08Mar2025 17:22:49.736] [Render thread/INFO] [net.mcreator.tloa.TloaMod/]: Can Stamina:true
[08Mar2025 17:22:49.736] [Render thread/INFO] [net.mcreator.tloa.TloaMod/]: Max Stamina50.0
[08Mar2025 17:22:49.776] [Server thread/INFO] [net.mcreator.tloa.TloaMod/]: Current Stamina:9.7
[08Mar2025 17:22:49.777] [Server thread/INFO] [net.mcreator.tloa.TloaMod/]: Rounded Stamina10
[08Mar2025 17:22:49.777] [Server thread/INFO] [net.mcreator.tloa.TloaMod/]: Can Stamina:true
[08Mar2025 17:22:49.777] [Server thread/INFO] [net.mcreator.tloa.TloaMod/]: Max Stamina50.0
[08Mar2025 17:22:49.786] [Render thread/INFO] [net.mcreator.tloa.TloaMod/]: Current Stamina:9.4
[08Mar2025 17:22:49.786] [Render thread/INFO] [net.mcreator.tloa.TloaMod/]: Rounded Stamina9
[08Mar2025 17:22:49.786] [Render thread/INFO] [net.mcreator.tloa.TloaMod/]: Can Stamina:true
[08Mar2025 17:22:49.786] [Render thread/INFO] [net.mcreator.tloa.TloaMod/]: Max Stamina50.0
[08Mar2025 17:22:49.826] [Server thread/INFO] [net.mcreator.tloa.TloaMod/]: Current Stamina:9.4
[08Mar2025 17:22:49.826] [Server thread/INFO] [net.mcreator.tloa.TloaMod/]: Rounded Stamina9
[08Mar2025 17:22:49.826] [Server thread/INFO] [net.mcreator.tloa.TloaMod/]: Can Stamina:true
[08Mar2025 17:22:49.826] [Server thread/INFO] [net.mcreator.tloa.TloaMod/]: Max Stamina50.0
[08Mar2025 17:22:49.836] [Render thread/INFO] [net.mcreator.tloa.TloaMod/]: Current Stamina:9.1
[08Mar2025 17:22:49.836] [Render thread/INFO] [net.mcreator.tloa.TloaMod/]: Rounded Stamina9
[08Mar2025 17:22:49.836] [Render thread/INFO] [net.mcreator.tloa.TloaMod/]: Can Stamina:true
[08Mar2025 17:22:49.836] [Render thread/INFO] [net.mcreator.tloa.TloaMod/]: Max Stamina50.0
[08Mar2025 17:22:49.877] [Server thread/INFO] [net.mcreator.tloa.TloaMod/]: Current Stamina:9.1
[08Mar2025 17:22:49.877] [Server thread/INFO] [net.mcreator.tloa.TloaMod/]: Rounded Stamina9
[08Mar2025 17:22:49.877] [Server thread/INFO] [net.mcreator.tloa.TloaMod/]: Can Stamina:true
[08Mar2025 17:22:49.877] [Server thread/INFO] [net.mcreator.tloa.TloaMod/]: Max Stamina50.0
[08Mar2025 17:22:49.886] [Render thread/INFO] [net.mcreator.tloa.TloaMod/]: Current Stamina:8.8
[08Mar2025 17:22:49.886] [Render thread/INFO] [net.mcreator.tloa.TloaMod/]: Rounded Stamina9
[08Mar2025 17:22:49.886] [Render thread/INFO] [net.mcreator.tloa.TloaMod/]: Can Stamina:true
[08Mar2025 17:22:49.886] [Render thread/INFO] [net.mcreator.tloa.TloaMod/]: Max Stamina50.0
[08Mar2025 17:22:49.925] [Server thread/INFO] [net.mcreator.tloa.TloaMod/]: Current Stamina:8.8
[08Mar2025 17:22:49.925] [Server thread/INFO] [net.mcreator.tloa.TloaMod/]: Rounded Stamina9
[08Mar2025 17:22:49.925] [Server thread/INFO] [net.mcreator.tloa.TloaMod/]: Can Stamina:true
[08Mar2025 17:22:49.925] [Server thread/INFO] [net.mcreator.tloa.TloaMod/]: Max Stamina50.0
[08Mar2025 17:22:49.935] [Render thread/INFO] [net.mcreator.tloa.TloaMod/]: Current Stamina:8.5
[08Mar2025 17:22:49.937] [Render thread/INFO] [net.mcreator.tloa.TloaMod/]: Rounded Stamina9
[08Mar2025 17:22:49.937] [Render thread/INFO] [net.mcreator.tloa.TloaMod/]: Can Stamina:true
[08Mar2025 17:22:49.937] [Render thread/INFO] [net.mcreator.tloa.TloaMod/]: Max Stamina50.0
[08Mar2025 17:22:49.976] [Server thread/INFO] [net.mcreator.tloa.TloaMod/]: Current Stamina:8.5
[08Mar2025 17:22:49.976] [Server thread/INFO] [net.mcreator.tloa.TloaMod/]: Rounded Stamina9
[08Mar2025 17:22:49.976] [Server thread/INFO] [net.mcreator.tloa.TloaMod/]: Can Stamina:true
[08Mar2025 17:22:49.976] [Server thread/INFO] [net.mcreator.tloa.TloaMod/]: Max Stamina50.0
[08Mar2025 17:22:49.985] [Render thread/INFO] [net.mcreator.tloa.TloaMod/]: Current Stamina:8.2
[08Mar2025 17:22:49.985] [Render thread/INFO] [net.mcreator.tloa.TloaMod/]: Rounded Stamina8
[08Mar2025 17:22:49.985] [Render thread/INFO] [net.mcreator.tloa.TloaMod/]: Can Stamina:true
[08Mar2025 17:22:49.985] [Render thread/INFO] [net.mcreator.tloa.TloaMod/]: Max Stamina50.0
[08Mar2025 17:22:50.027] [Server thread/INFO] [net.mcreator.tloa.TloaMod/]: Current Stamina:8.2
[08Mar2025 17:22:50.027] [Server thread/INFO] [net.mcreator.tloa.TloaMod/]: Rounded Stamina8
[08Mar2025 17:22:50.027] [Server thread/INFO] [net.mcreator.tloa.TloaMod/]: Can Stamina:true
[08Mar2025 17:22:50.027] [Server thread/INFO] [net.mcreator.tloa.TloaMod/]: Max Stamina50.0
[08Mar2025 17:22:50.035] [Render thread/INFO] [net.mcreator.tloa.TloaMod/]: Current Stamina:7.9
[08Mar2025 17:22:50.035] [Render thread/INFO] [net.mcreator.tloa.TloaMod/]: Rounded Stamina8
[08Mar2025 17:22:50.036] [Render thread/INFO] [net.mcreator.tloa.TloaMod/]: Can Stamina:true
[08Mar2025 17:22:50.036] [Render thread/INFO] [net.mcreator.tloa.TloaMod/]: Max Stamina50.0
[08Mar2025 17:22:50.073] [Server thread/INFO] [net.mcreator.tloa.TloaMod/]: Current Stamina:7.9
[08Mar2025 17:22:50.073] [Server thread/INFO] [net.mcreator.tloa.TloaMod/]: Rounded Stamina8
[08Mar2025 17:22:50.073] [Server thread/INFO] [net.mcreator.tloa.TloaMod/]: Can Stamina:true
[08Mar2025 17:22:50.073] [Server thread/INFO] [net.mcreator.tloa.TloaMod/]: Max Stamina50.0
[08Mar2025 17:22:50.086] [Render thread/INFO] [net.mcreator.tloa.TloaMod/]: Current Stamina:7.6
[08Mar2025 17:22:50.086] [Render thread/INFO] [net.mcreator.tloa.TloaMod/]: Rounded Stamina8
[08Mar2025 17:22:50.086] [Render thread/INFO] [net.mcreator.tloa.TloaMod/]: Can Stamina:true
[08Mar2025 17:22:50.086] [Render thread/INFO] [net.mcreator.tloa.TloaMod/]: Max Stamina50.0
[08Mar2025 17:22:50.125] [Server thread/INFO] [net.mcreator.tloa.TloaMod/]: Current Stamina:7.6
[08Mar2025 17:22:50.125] [Server thread/INFO] [net.mcreator.tloa.TloaMod/]: Rounded Stamina8
[08Mar2025 17:22:50.125] [Server thread/INFO] [net.mcreator.tloa.TloaMod/]: Can Stamina:true
[08Mar2025 17:22:50.126] [Server thread/INFO] [net.mcreator.tloa.TloaMod/]: Max Stamina50.0
[08Mar2025 17:22:50.136] [Render thread/INFO] [net.mcreator.tloa.TloaMod/]: Current Stamina:7.3
[08Mar2025 17:22:50.136] [Render thread/INFO] [net.mcreator.tloa.TloaMod/]: Rounded Stamina7
[08Mar2025 17:22:50.136] [Render thread/INFO] [net.mcreator.tloa.TloaMod/]: Can Stamina:true
[08Mar2025 17:22:50.136] [Render thread/INFO] [net.mcreator.tloa.TloaMod/]: Max Stamina50.0
[08Mar2025 17:22:50.176] [Server thread/INFO] [net.mcreator.tloa.TloaMod/]: Current Stamina:7.3
[08Mar2025 17:22:50.176] [Server thread/INFO] [net.mcreator.tloa.TloaMod/]: Rounded Stamina7
[08Mar2025 17:22:50.176] [Server thread/INFO] [net.mcreator.tloa.TloaMod/]: Can Stamina:true
[08Mar2025 17:22:50.176] [Server thread/INFO] [net.mcreator.tloa.TloaMod/]: Max Stamina50.0
[08Mar2025 17:22:50.185] [Render thread/INFO] [net.mcreator.tloa.TloaMod/]: Current Stamina:7
[08Mar2025 17:22:50.186] [Render thread/INFO] [net.mcreator.tloa.TloaMod/]: Rounded Stamina7
[08Mar2025 17:22:50.186] [Render thread/INFO] [net.mcreator.tloa.TloaMod/]: Can Stamina:true
[08Mar2025 17:22:50.186] [Render thread/INFO] [net.mcreator.tloa.TloaMod/]: Max Stamina50.0
[08Mar2025 17:22:50.224] [Server thread/INFO] [net.mcreator.tloa.TloaMod/]: Current Stamina:7
[08Mar2025 17:22:50.224] [Server thread/INFO] [net.mcreator.tloa.TloaMod/]: Rounded Stamina7
[08Mar2025 17:22:50.224] [Server thread/INFO] [net.mcreator.tloa.TloaMod/]: Can Stamina:true
[08Mar2025 17:22:50.224] [Server thread/INFO] [net.mcreator.tloa.TloaMod/]: Max Stamina50.0
[08Mar2025 17:22:50.237] [Render thread/INFO] [net.mcreator.tloa.TloaMod/]: Current Stamina:6.7
[08Mar2025 17:22:50.237] [Render thread/INFO] [net.mcreator.tloa.TloaMod/]: Rounded Stamina7
[08Mar2025 17:22:50.237] [Render thread/INFO] [net.mcreator.tloa.TloaMod/]: Can Stamina:true
[08Mar2025 17:22:50.237] [Render thread/INFO] [net.mcreator.tloa.TloaMod/]: Max Stamina50.0
[08Mar2025 17:22:50.274] [Server thread/INFO] [net.mcreator.tloa.TloaMod/]: Current Stamina:6.7
[08Mar2025 17:22:50.275] [Server thread/INFO] [net.mcreator.tloa.TloaMod/]: Rounded Stamina7
[08Mar2025 17:22:50.275] [Server thread/INFO] [net.mcreator.tloa.TloaMod/]: Can Stamina:true
[08Mar2025 17:22:50.275] [Server thread/INFO] [net.mcreator.tloa.TloaMod/]: Max Stamina50.0
[08Mar2025 17:22:50.285] [Render thread/INFO] [net.mcreator.tloa.TloaMod/]: Current Stamina:6.4
[08Mar2025 17:22:50.287] [Render thread/INFO] [net.mcreator.tloa.TloaMod/]: Rounded Stamina6
[08Mar2025 17:22:50.287] [Render thread/INFO] [net.mcreator.tloa.TloaMod/]: Can Stamina:true
[08Mar2025 17:22:50.287] [Render thread/INFO] [net.mcreator.tloa.TloaMod/]: Max Stamina50.0
[08Mar2025 17:22:50.328] [Server thread/INFO] [net.mcreator.tloa.TloaMod/]: Current Stamina:6.4
[08Mar2025 17:22:50.328] [Server thread/INFO] [net.mcreator.tloa.TloaMod/]: Rounded Stamina6
[08Mar2025 17:22:50.328] [Server thread/INFO] [net.mcreator.tloa.TloaMod/]: Can Stamina:true
[08Mar2025 17:22:50.328] [Server thread/INFO] [net.mcreator.tloa.TloaMod/]: Max Stamina50.0
[08Mar2025 17:22:50.337] [Render thread/INFO] [net.mcreator.tloa.TloaMod/]: Current Stamina:6.1
[08Mar2025 17:22:50.337] [Render thread/INFO] [net.mcreator.tloa.TloaMod/]: Rounded Stamina6
[08Mar2025 17:22:50.337] [Render thread/INFO] [net.mcreator.tloa.TloaMod/]: Can Stamina:true
[08Mar2025 17:22:50.337] [Render thread/INFO] [net.mcreator.tloa.TloaMod/]: Max Stamina50.0
[08Mar2025 17:22:50.376] [Server thread/INFO] [net.mcreator.tloa.TloaMod/]: Current Stamina:6.1
[08Mar2025 17:22:50.376] [Server thread/INFO] [net.mcreator.tloa.TloaMod/]: Rounded Stamina6
[08Mar2025 17:22:50.376] [Server thread/INFO] [net.mcreator.tloa.TloaMod/]: Can Stamina:true
[08Mar2025 17:22:50.376] [Server thread/INFO] [net.mcreator.tloa.TloaMod/]: Max Stamina50.0
[08Mar2025 17:22:50.385] [Render thread/INFO] [net.mcreator.tloa.TloaMod/]: Current Stamina:5.8
[08Mar2025 17:22:50.385] [Render thread/INFO] [net.mcreator.tloa.TloaMod/]: Rounded Stamina6
[08Mar2025 17:22:50.385] [Render thread/INFO] [net.mcreator.tloa.TloaMod/]: Can Stamina:true
[08Mar2025 17:22:50.385] [Render thread/INFO] [net.mcreator.tloa.TloaMod/]: Max Stamina50.0
[08Mar2025 17:22:50.425] [Server thread/INFO] [net.mcreator.tloa.TloaMod/]: Current Stamina:5.8
[08Mar2025 17:22:50.425] [Server thread/INFO] [net.mcreator.tloa.TloaMod/]: Rounded Stamina6
[08Mar2025 17:22:50.425] [Server thread/INFO] [net.mcreator.tloa.TloaMod/]: Can Stamina:true
[08Mar2025 17:22:50.425] [Server thread/INFO] [net.mcreator.tloa.TloaMod/]: Max Stamina50.0
[08Mar2025 17:22:50.435] [Render thread/INFO] [net.mcreator.tloa.TloaMod/]: Current Stamina:5.5
[08Mar2025 17:22:50.437] [Render thread/INFO] [net.mcreator.tloa.TloaMod/]: Rounded Stamina6
[08Mar2025 17:22:50.437] [Render thread/INFO] [net.mcreator.tloa.TloaMod/]: Can Stamina:true
[08Mar2025 17:22:50.437] [Render thread/INFO] [net.mcreator.tloa.TloaMod/]: Max Stamina50.0
[08Mar2025 17:22:50.474] [Server thread/INFO] [net.mcreator.tloa.TloaMod/]: Current Stamina:5.5
[08Mar2025 17:22:50.475] [Server thread/INFO] [net.mcreator.tloa.TloaMod/]: Rounded Stamina6
[08Mar2025 17:22:50.475] [Server thread/INFO] [net.mcreator.tloa.TloaMod/]: Can Stamina:true
[08Mar2025 17:22:50.475] [Server thread/INFO] [net.mcreator.tloa.TloaMod/]: Max Stamina50.0
[08Mar2025 17:22:50.485] [Render thread/INFO] [net.mcreator.tloa.TloaMod/]: Current Stamina:5.2
[08Mar2025 17:22:50.486] [Render thread/INFO] [net.mcreator.tloa.TloaMod/]: Rounded Stamina5
[08Mar2025 17:22:50.486] [Render thread/INFO] [net.mcreator.tloa.TloaMod/]: Can Stamina:true
[08Mar2025 17:22:50.486] [Render thread/INFO] [net.mcreator.tloa.TloaMod/]: Max Stamina50.0
[08Mar2025 17:22:50.527] [Server thread/INFO] [net.mcreator.tloa.TloaMod/]: Current Stamina:5.2
[08Mar2025 17:22:50.528] [Server thread/INFO] [net.mcreator.tloa.TloaMod/]: Rounded Stamina5
[08Mar2025 17:22:50.528] [Server thread/INFO] [net.mcreator.tloa.TloaMod/]: Can Stamina:true
[08Mar2025 17:22:50.528] [Server thread/INFO] [net.mcreator.tloa.TloaMod/]: Max Stamina50.0
[08Mar2025 17:22:50.537] [Render thread/INFO] [net.mcreator.tloa.TloaMod/]: Current Stamina:4.9
[08Mar2025 17:22:50.538] [Render thread/INFO] [net.mcreator.tloa.TloaMod/]: Rounded Stamina5
[08Mar2025 17:22:50.538] [Render thread/INFO] [net.mcreator.tloa.TloaMod/]: Can Stamina:true
[08Mar2025 17:22:50.538] [Render thread/INFO] [net.mcreator.tloa.TloaMod/]: Max Stamina50.0
[08Mar2025 17:22:50.575] [Server thread/INFO] [net.mcreator.tloa.TloaMod/]: Current Stamina:4.9
[08Mar2025 17:22:50.575] [Server thread/INFO] [net.mcreator.tloa.TloaMod/]: Rounded Stamina5
[08Mar2025 17:22:50.575] [Server thread/INFO] [net.mcreator.tloa.TloaMod/]: Can Stamina:true
[08Mar2025 17:22:50.575] [Server thread/INFO] [net.mcreator.tloa.TloaMod/]: Max Stamina50.0
[08Mar2025 17:22:50.587] [Render thread/INFO] [net.mcreator.tloa.TloaMod/]: Current Stamina:4.6
[08Mar2025 17:22:50.587] [Render thread/INFO] [net.mcreator.tloa.TloaMod/]: Rounded Stamina5
[08Mar2025 17:22:50.587] [Render thread/INFO] [net.mcreator.tloa.TloaMod/]: Can Stamina:true
[08Mar2025 17:22:50.587] [Render thread/INFO] [net.mcreator.tloa.TloaMod/]: Max Stamina50.0
[08Mar2025 17:22:50.626] [Server thread/INFO] [net.mcreator.tloa.TloaMod/]: Current Stamina:4.6
[08Mar2025 17:22:50.626] [Server thread/INFO] [net.mcreator.tloa.TloaMod/]: Rounded Stamina5
[08Mar2025 17:22:50.626] [Server thread/INFO] [net.mcreator.tloa.TloaMod/]: Can Stamina:true
[08Mar2025 17:22:50.626] [Server thread/INFO] [net.mcreator.tloa.TloaMod/]: Max Stamina50.0
[08Mar2025 17:22:50.635] [Render thread/INFO] [net.mcreator.tloa.TloaMod/]: Current Stamina:4.3
[08Mar2025 17:22:50.635] [Render thread/INFO] [net.mcreator.tloa.TloaMod/]: Rounded Stamina4
[08Mar2025 17:22:50.635] [Render thread/INFO] [net.mcreator.tloa.TloaMod/]: Can Stamina:true
[08Mar2025 17:22:50.635] [Render thread/INFO] [net.mcreator.tloa.TloaMod/]: Max Stamina50.0
[08Mar2025 17:22:50.676] [Server thread/INFO] [net.mcreator.tloa.TloaMod/]: Current Stamina:4.3
[08Mar2025 17:22:50.676] [Server thread/INFO] [net.mcreator.tloa.TloaMod/]: Rounded Stamina4
[08Mar2025 17:22:50.676] [Server thread/INFO] [net.mcreator.tloa.TloaMod/]: Can Stamina:true
[08Mar2025 17:22:50.677] [Server thread/INFO] [net.mcreator.tloa.TloaMod/]: Max Stamina50.0
[08Mar2025 17:22:50.687] [Render thread/INFO] [net.mcreator.tloa.TloaMod/]: Current Stamina:4
[08Mar2025 17:22:50.687] [Render thread/INFO] [net.mcreator.tloa.TloaMod/]: Rounded Stamina4
[08Mar2025 17:22:50.688] [Render thread/INFO] [net.mcreator.tloa.TloaMod/]: Can Stamina:true
[08Mar2025 17:22:50.688] [Render thread/INFO] [net.mcreator.tloa.TloaMod/]: Max Stamina50.0
[08Mar2025 17:22:50.725] [Server thread/INFO] [net.mcreator.tloa.TloaMod/]: Current Stamina:4
[08Mar2025 17:22:50.726] [Server thread/INFO] [net.mcreator.tloa.TloaMod/]: Rounded Stamina4
[08Mar2025 17:22:50.726] [Server thread/INFO] [net.mcreator.tloa.TloaMod/]: Can Stamina:true
[08Mar2025 17:22:50.726] [Server thread/INFO] [net.mcreator.tloa.TloaMod/]: Max Stamina50.0
[08Mar2025 17:22:50.739] [Render thread/INFO] [net.mcreator.tloa.TloaMod/]: Current Stamina:3.7
[08Mar2025 17:22:50.739] [Render thread/INFO] [net.mcreator.tloa.TloaMod/]: Rounded Stamina4
[08Mar2025 17:22:50.739] [Render thread/INFO] [net.mcreator.tloa.TloaMod/]: Can Stamina:true
[08Mar2025 17:22:50.739] [Render thread/INFO] [net.mcreator.tloa.TloaMod/]: Max Stamina50.0
[08Mar2025 17:22:50.774] [Server thread/INFO] [net.mcreator.tloa.TloaMod/]: Current Stamina:3.7
[08Mar2025 17:22:50.774] [Server thread/INFO] [net.mcreator.tloa.TloaMod/]: Rounded Stamina4
[08Mar2025 17:22:50.774] [Server thread/INFO] [net.mcreator.tloa.TloaMod/]: Can Stamina:true
[08Mar2025 17:22:50.774] [Server thread/INFO] [net.mcreator.tloa.TloaMod/]: Max Stamina50.0
[08Mar2025 17:22:50.787] [Render thread/INFO] [net.mcreator.tloa.TloaMod/]: Current Stamina:3.4
[08Mar2025 17:22:50.787] [Render thread/INFO] [net.mcreator.tloa.TloaMod/]: Rounded Stamina3
[08Mar2025 17:22:50.787] [Render thread/INFO] [net.mcreator.tloa.TloaMod/]: Can Stamina:true
[08Mar2025 17:22:50.787] [Render thread/INFO] [net.mcreator.tloa.TloaMod/]: Max Stamina50.0
[08Mar2025 17:22:50.825] [Server thread/INFO] [net.mcreator.tloa.TloaMod/]: Current Stamina:3.4
[08Mar2025 17:22:50.825] [Server thread/INFO] [net.mcreator.tloa.TloaMod/]: Rounded Stamina3
[08Mar2025 17:22:50.825] [Server thread/INFO] [net.mcreator.tloa.TloaMod/]: Can Stamina:true
[08Mar2025 17:22:50.825] [Server thread/INFO] [net.mcreator.tloa.TloaMod/]: Max Stamina50.0
[08Mar2025 17:22:50.836] [Render thread/INFO] [net.mcreator.tloa.TloaMod/]: Current Stamina:3.1
[08Mar2025 17:22:50.836] [Render thread/INFO] [net.mcreator.tloa.TloaMod/]: Rounded Stamina3
[08Mar2025 17:22:50.836] [Render thread/INFO] [net.mcreator.tloa.TloaMod/]: Can Stamina:true
[08Mar2025 17:22:50.836] [Render thread/INFO] [net.mcreator.tloa.TloaMod/]: Max Stamina50.0
[08Mar2025 17:22:50.874] [Server thread/INFO] [net.mcreator.tloa.TloaMod/]: Current Stamina:3.1
[08Mar2025 17:22:50.874] [Server thread/INFO] [net.mcreator.tloa.TloaMod/]: Rounded Stamina3
[08Mar2025 17:22:50.874] [Server thread/INFO] [net.mcreator.tloa.TloaMod/]: Can Stamina:true
[08Mar2025 17:22:50.874] [Server thread/INFO] [net.mcreator.tloa.TloaMod/]: Max Stamina50.0
[08Mar2025 17:22:50.886] [Render thread/INFO] [net.mcreator.tloa.TloaMod/]: Current Stamina:2.8
[08Mar2025 17:22:50.886] [Render thread/INFO] [net.mcreator.tloa.TloaMod/]: Rounded Stamina3
[08Mar2025 17:22:50.886] [Render thread/INFO] [net.mcreator.tloa.TloaMod/]: Can Stamina:true
[08Mar2025 17:22:50.886] [Render thread/INFO] [net.mcreator.tloa.TloaMod/]: Max Stamina50.0
[08Mar2025 17:22:50.925] [Server thread/INFO] [net.mcreator.tloa.TloaMod/]: Current Stamina:2.8
[08Mar2025 17:22:50.925] [Server thread/INFO] [net.mcreator.tloa.TloaMod/]: Rounded Stamina3
[08Mar2025 17:22:50.925] [Server thread/INFO] [net.mcreator.tloa.TloaMod/]: Can Stamina:true
[08Mar2025 17:22:50.925] [Server thread/INFO] [net.mcreator.tloa.TloaMod/]: Max Stamina50.0
[08Mar2025 17:22:50.937] [Render thread/INFO] [net.mcreator.tloa.TloaMod/]: Current Stamina:2.5
[08Mar2025 17:22:50.937] [Render thread/INFO] [net.mcreator.tloa.TloaMod/]: Rounded Stamina3
[08Mar2025 17:22:50.937] [Render thread/INFO] [net.mcreator.tloa.TloaMod/]: Can Stamina:true
[08Mar2025 17:22:50.937] [Render thread/INFO] [net.mcreator.tloa.TloaMod/]: Max Stamina50.0
[08Mar2025 17:22:50.975] [Server thread/INFO] [net.mcreator.tloa.TloaMod/]: Current Stamina:2.5
[08Mar2025 17:22:50.975] [Server thread/INFO] [net.mcreator.tloa.TloaMod/]: Rounded Stamina3
[08Mar2025 17:22:50.975] [Server thread/INFO] [net.mcreator.tloa.TloaMod/]: Can Stamina:true
[08Mar2025 17:22:50.975] [Server thread/INFO] [net.mcreator.tloa.TloaMod/]: Max Stamina50.0
[08Mar2025 17:22:50.986] [Render thread/INFO] [net.mcreator.tloa.TloaMod/]: Current Stamina:2.2
[08Mar2025 17:22:50.987] [Render thread/INFO] [net.mcreator.tloa.TloaMod/]: Rounded Stamina2
[08Mar2025 17:22:50.987] [Render thread/INFO] [net.mcreator.tloa.TloaMod/]: Can Stamina:true
[08Mar2025 17:22:50.987] [Render thread/INFO] [net.mcreator.tloa.TloaMod/]: Max Stamina50.0
[08Mar2025 17:22:51.027] [Server thread/INFO] [net.mcreator.tloa.TloaMod/]: Current Stamina:2.2
[08Mar2025 17:22:51.027] [Server thread/INFO] [net.mcreator.tloa.TloaMod/]: Rounded Stamina2
[08Mar2025 17:22:51.027] [Server thread/INFO] [net.mcreator.tloa.TloaMod/]: Can Stamina:true
[08Mar2025 17:22:51.028] [Server thread/INFO] [net.mcreator.tloa.TloaMod/]: Max Stamina50.0
[08Mar2025 17:22:51.036] [Render thread/INFO] [net.mcreator.tloa.TloaMod/]: Current Stamina:1.9
[08Mar2025 17:22:51.036] [Render thread/INFO] [net.mcreator.tloa.TloaMod/]: Rounded Stamina2
[08Mar2025 17:22:51.036] [Render thread/INFO] [net.mcreator.tloa.TloaMod/]: Can Stamina:true
[08Mar2025 17:22:51.036] [Render thread/INFO] [net.mcreator.tloa.TloaMod/]: Max Stamina50.0
[08Mar2025 17:22:51.078] [Server thread/INFO] [net.mcreator.tloa.TloaMod/]: Current Stamina:1.9
[08Mar2025 17:22:51.078] [Server thread/INFO] [net.mcreator.tloa.TloaMod/]: Rounded Stamina2
[08Mar2025 17:22:51.078] [Server thread/INFO] [net.mcreator.tloa.TloaMod/]: Can Stamina:true
[08Mar2025 17:22:51.078] [Server thread/INFO] [net.mcreator.tloa.TloaMod/]: Max Stamina50.0
[08Mar2025 17:22:51.086] [Render thread/INFO] [net.mcreator.tloa.TloaMod/]: Current Stamina:1.6
[08Mar2025 17:22:51.086] [Render thread/INFO] [net.mcreator.tloa.TloaMod/]: Rounded Stamina2
[08Mar2025 17:22:51.086] [Render thread/INFO] [net.mcreator.tloa.TloaMod/]: Can Stamina:true
[08Mar2025 17:22:51.086] [Render thread/INFO] [net.mcreator.tloa.TloaMod/]: Max Stamina50.0
[08Mar2025 17:22:51.129] [Server thread/INFO] [net.mcreator.tloa.TloaMod/]: Current Stamina:1.6
[08Mar2025 17:22:51.129] [Server thread/INFO] [net.mcreator.tloa.TloaMod/]: Rounded Stamina2
[08Mar2025 17:22:51.129] [Server thread/INFO] [net.mcreator.tloa.TloaMod/]: Can Stamina:true
[08Mar2025 17:22:51.129] [Server thread/INFO] [net.mcreator.tloa.TloaMod/]: Max Stamina50.0
[08Mar2025 17:22:51.135] [Render thread/INFO] [net.mcreator.tloa.TloaMod/]: Current Stamina:1.3
[08Mar2025 17:22:51.135] [Render thread/INFO] [net.mcreator.tloa.TloaMod/]: Rounded Stamina1
[08Mar2025 17:22:51.137] [Render thread/INFO] [net.mcreator.tloa.TloaMod/]: Can Stamina:true
[08Mar2025 17:22:51.137] [Render thread/INFO] [net.mcreator.tloa.TloaMod/]: Max Stamina50.0
[08Mar2025 17:22:51.177] [Server thread/INFO] [net.mcreator.tloa.TloaMod/]: Current Stamina:1.3
[08Mar2025 17:22:51.177] [Server thread/INFO] [net.mcreator.tloa.TloaMod/]: Rounded Stamina1
[08Mar2025 17:22:51.177] [Server thread/INFO] [net.mcreator.tloa.TloaMod/]: Can Stamina:true
[08Mar2025 17:22:51.177] [Server thread/INFO] [net.mcreator.tloa.TloaMod/]: Max Stamina50.0
[08Mar2025 17:22:51.188] [Render thread/INFO] [net.mcreator.tloa.TloaMod/]: Current Stamina:1
[08Mar2025 17:22:51.189] [Render thread/INFO] [net.mcreator.tloa.TloaMod/]: Rounded Stamina1
[08Mar2025 17:22:51.189] [Render thread/INFO] [net.mcreator.tloa.TloaMod/]: Can Stamina:true
[08Mar2025 17:22:51.189] [Render thread/INFO] [net.mcreator.tloa.TloaMod/]: Max Stamina50.0
[08Mar2025 17:22:51.227] [Server thread/INFO] [net.mcreator.tloa.TloaMod/]: Current Stamina:1
[08Mar2025 17:22:51.228] [Server thread/INFO] [net.mcreator.tloa.TloaMod/]: Rounded Stamina1
[08Mar2025 17:22:51.228] [Server thread/INFO] [net.mcreator.tloa.TloaMod/]: Can Stamina:true
[08Mar2025 17:22:51.228] [Server thread/INFO] [net.mcreator.tloa.TloaMod/]: Max Stamina50.0
[08Mar2025 17:22:51.236] [Render thread/INFO] [net.mcreator.tloa.TloaMod/]: Current Stamina:0.7
[08Mar2025 17:22:51.236] [Render thread/INFO] [net.mcreator.tloa.TloaMod/]: Rounded Stamina1
[08Mar2025 17:22:51.236] [Render thread/INFO] [net.mcreator.tloa.TloaMod/]: Can Stamina:true
[08Mar2025 17:22:51.236] [Render thread/INFO] [net.mcreator.tloa.TloaMod/]: Max Stamina50.0
[08Mar2025 17:22:51.277] [Server thread/INFO] [net.mcreator.tloa.TloaMod/]: Current Stamina:0.7
[08Mar2025 17:22:51.277] [Server thread/INFO] [net.mcreator.tloa.TloaMod/]: Rounded Stamina1
[08Mar2025 17:22:51.277] [Server thread/INFO] [net.mcreator.tloa.TloaMod/]: Can Stamina:true
[08Mar2025 17:22:51.277] [Server thread/INFO] [net.mcreator.tloa.TloaMod/]: Max Stamina50.0
[08Mar2025 17:22:51.286] [Render thread/INFO] [net.mcreator.tloa.TloaMod/]: Current Stamina:0.4
[08Mar2025 17:22:51.286] [Render thread/INFO] [net.mcreator.tloa.TloaMod/]: Rounded Stamina0
[08Mar2025 17:22:51.286] [Render thread/INFO] [net.mcreator.tloa.TloaMod/]: Can Stamina:true
[08Mar2025 17:22:51.286] [Render thread/INFO] [net.mcreator.tloa.TloaMod/]: Max Stamina50.0
[08Mar2025 17:22:51.326] [Server thread/INFO] [net.mcreator.tloa.TloaMod/]: Current Stamina:0.4
[08Mar2025 17:22:51.326] [Server thread/INFO] [net.mcreator.tloa.TloaMod/]: Rounded Stamina0
[08Mar2025 17:22:51.326] [Server thread/INFO] [net.mcreator.tloa.TloaMod/]: Can Stamina:true
[08Mar2025 17:22:51.326] [Server thread/INFO] [net.mcreator.tloa.TloaMod/]: Max Stamina50.0
[08Mar2025 17:22:51.335] [Render thread/INFO] [net.mcreator.tloa.TloaMod/]: Current Stamina:0.1
[08Mar2025 17:22:51.336] [Render thread/INFO] [net.mcreator.tloa.TloaMod/]: Rounded Stamina0
[08Mar2025 17:22:51.336] [Render thread/INFO] [net.mcreator.tloa.TloaMod/]: Can Stamina:true
[08Mar2025 17:22:51.336] [Render thread/INFO] [net.mcreator.tloa.TloaMod/]: Max Stamina50.0
[08Mar2025 17:22:51.377] [Server thread/INFO] [net.mcreator.tloa.TloaMod/]: Current Stamina:0.1
[08Mar2025 17:22:51.377] [Server thread/INFO] [net.mcreator.tloa.TloaMod/]: Rounded Stamina0
[08Mar2025 17:22:51.377] [Server thread/INFO] [net.mcreator.tloa.TloaMod/]: Can Stamina:true
[08Mar2025 17:22:51.377] [Server thread/INFO] [net.mcreator.tloa.TloaMod/]: Max Stamina50.0
[08Mar2025 17:22:51.388] [Render thread/INFO] [net.mcreator.tloa.TloaMod/]: Current Stamina:-0.2
[08Mar2025 17:22:51.388] [Render thread/INFO] [net.mcreator.tloa.TloaMod/]: Rounded Stamina0
[08Mar2025 17:22:51.388] [Render thread/INFO] [net.mcreator.tloa.TloaMod/]: Can Stamina:true
[08Mar2025 17:22:51.388] [Render thread/INFO] [net.mcreator.tloa.TloaMod/]: Max Stamina50.0
[08Mar2025 17:22:51.426] [Server thread/INFO] [net.mcreator.tloa.TloaMod/]: Current Stamina:-0.2
[08Mar2025 17:22:51.427] [Server thread/INFO] [net.mcreator.tloa.TloaMod/]: Rounded Stamina0
[08Mar2025 17:22:51.427] [Server thread/INFO] [net.mcreator.tloa.TloaMod/]: Can Stamina:true
[08Mar2025 17:22:51.427] [Server thread/INFO] [net.mcreator.tloa.TloaMod/]: Max Stamina50.0
[08Mar2025 17:22:51.435] [Render thread/INFO] [net.mcreator.tloa.TloaMod/]: Current Stamina:0.3
[08Mar2025 17:22:51.435] [Render thread/INFO] [net.mcreator.tloa.TloaMod/]: Rounded Stamina0
[08Mar2025 17:22:51.436] [Render thread/INFO] [net.mcreator.tloa.TloaMod/]: Can Stamina:false
[08Mar2025 17:22:51.436] [Render thread/INFO] [net.mcreator.tloa.TloaMod/]: Max Stamina50.0
[08Mar2025 17:22:51.477] [Server thread/INFO] [net.mcreator.tloa.TloaMod/]: Current Stamina:0.3
[08Mar2025 17:22:51.477] [Server thread/INFO] [net.mcreator.tloa.TloaMod/]: Rounded Stamina0
[08Mar2025 17:22:51.477] [Server thread/INFO] [net.mcreator.tloa.TloaMod/]: Can Stamina:false
[08Mar2025 17:22:51.477] [Server thread/INFO] [net.mcreator.tloa.TloaMod/]: Max Stamina50.0
[08Mar2025 17:22:51.486] [Render thread/INFO] [net.mcreator.tloa.TloaMod/]: Current Stamina:0.8
[08Mar2025 17:22:51.486] [Render thread/INFO] [net.mcreator.tloa.TloaMod/]: Rounded Stamina1
[08Mar2025 17:22:51.486] [Render thread/INFO] [net.mcreator.tloa.TloaMod/]: Can Stamina:false
[08Mar2025 17:22:51.486] [Render thread/INFO] [net.mcreator.tloa.TloaMod/]: Max Stamina50.0
[08Mar2025 17:22:51.526] [Server thread/INFO] [net.mcreator.tloa.TloaMod/]: Current Stamina:0.8
[08Mar2025 17:22:51.526] [Server thread/INFO] [net.mcreator.tloa.TloaMod/]: Rounded Stamina1
[08Mar2025 17:22:51.526] [Server thread/INFO] [net.mcreator.tloa.TloaMod/]: Can Stamina:false
[08Mar2025 17:22:51.526] [Server thread/INFO] [net.mcreator.tloa.TloaMod/]: Max Stamina50.0
[08Mar2025 17:22:51.536] [Render thread/INFO] [net.mcreator.tloa.TloaMod/]: Current Stamina:1.3
[08Mar2025 17:22:51.536] [Render thread/INFO] [net.mcreator.tloa.TloaMod/]: Rounded Stamina1
[08Mar2025 17:22:51.536] [Render thread/INFO] [net.mcreator.tloa.TloaMod/]: Can Stamina:false
[08Mar2025 17:22:51.536] [Render thread/INFO] [net.mcreator.tloa.TloaMod/]: Max Stamina50.0
[08Mar2025 17:22:51.575] [Server thread/INFO] [net.mcreator.tloa.TloaMod/]: Current Stamina:1.3
[08Mar2025 17:22:51.575] [Server thread/INFO] [net.mcreator.tloa.TloaMod/]: Rounded Stamina1
[08Mar2025 17:22:51.575] [Server thread/INFO] [net.mcreator.tloa.TloaMod/]: Can Stamina:false
[08Mar2025 17:22:51.575] [Server thread/INFO] [net.mcreator.tloa.TloaMod/]: Max Stamina50.0
[08Mar2025 17:22:51.587] [Render thread/INFO] [net.mcreator.tloa.TloaMod/]: Current Stamina:1.8
[08Mar2025 17:22:51.587] [Render thread/INFO] [net.mcreator.tloa.TloaMod/]: Rounded Stamina2
[08Mar2025 17:22:51.587] [Render thread/INFO] [net.mcreator.tloa.TloaMod/]: Can Stamina:false
[08Mar2025 17:22:51.587] [Render thread/INFO] [net.mcreator.tloa.TloaMod/]: Max Stamina50.0
[08Mar2025 17:22:51.627] [Server thread/INFO] [net.mcreator.tloa.TloaMod/]: Current Stamina:1.8
[08Mar2025 17:22:51.627] [Server thread/INFO] [net.mcreator.tloa.TloaMod/]: Rounded Stamina2
[08Mar2025 17:22:51.627] [Server thread/INFO] [net.mcreator.tloa.TloaMod/]: Can Stamina:false
[08Mar2025 17:22:51.627] [Server thread/INFO] [net.mcreator.tloa.TloaMod/]: Max Stamina50.0
[08Mar2025 17:22:51.637] [Render thread/INFO] [net.mcreator.tloa.TloaMod/]: Current Stamina:2.3
[08Mar2025 17:22:51.638] [Render thread/INFO] [net.mcreator.tloa.TloaMod/]: Rounded Stamina2
[08Mar2025 17:22:51.638] [Render thread/INFO] [net.mcreator.tloa.TloaMod/]: Can Stamina:false
[08Mar2025 17:22:51.638] [Render thread/INFO] [net.mcreator.tloa.TloaMod/]: Max Stamina50.0
[08Mar2025 17:22:51.675] [Server thread/INFO] [net.mcreator.tloa.TloaMod/]: Current Stamina:2.3
[08Mar2025 17:22:51.675] [Server thread/INFO] [net.mcreator.tloa.TloaMod/]: Rounded Stamina2
[08Mar2025 17:22:51.675] [Server thread/INFO] [net.mcreator.tloa.TloaMod/]: Can Stamina:false
[08Mar2025 17:22:51.675] [Server thread/INFO] [net.mcreator.tloa.TloaMod/]: Max Stamina50.0
[08Mar2025 17:22:51.686] [Render thread/INFO] [net.mcreator.tloa.TloaMod/]: Current Stamina:2.8
[08Mar2025 17:22:51.687] [Render thread/INFO] [net.mcreator.tloa.TloaMod/]: Rounded Stamina3
[08Mar2025 17:22:51.687] [Render thread/INFO] [net.mcreator.tloa.TloaMod/]: Can Stamina:false
[08Mar2025 17:22:51.687] [Render thread/INFO] [net.mcreator.tloa.TloaMod/]: Max Stamina50.0
[08Mar2025 17:22:51.728] [Server thread/INFO] [net.mcreator.tloa.TloaMod/]: Current Stamina:2.8
[08Mar2025 17:22:51.730] [Server thread/INFO] [net.mcreator.tloa.TloaMod/]: Rounded Stamina3
[08Mar2025 17:22:51.730] [Server thread/INFO] [net.mcreator.tloa.TloaMod/]: Can Stamina:false
[08Mar2025 17:22:51.730] [Server thread/INFO] [net.mcreator.tloa.TloaMod/]: Max Stamina50.0
[08Mar2025 17:22:51.737] [Render thread/INFO] [net.mcreator.tloa.TloaMod/]: Current Stamina:3.3
[08Mar2025 17:22:51.737] [Render thread/INFO] [net.mcreator.tloa.TloaMod/]: Rounded Stamina3
[08Mar2025 17:22:51.737] [Render thread/INFO] [net.mcreator.tloa.TloaMod/]: Can Stamina:false
[08Mar2025 17:22:51.737] [Render thread/INFO] [net.mcreator.tloa.TloaMod/]: Max Stamina50.0
[08Mar2025 17:22:51.779] [Server thread/INFO] [net.mcreator.tloa.TloaMod/]: Current Stamina:3.3
[08Mar2025 17:22:51.780] [Server thread/INFO] [net.mcreator.tloa.TloaMod/]: Rounded Stamina3
[08Mar2025 17:22:51.780] [Server thread/INFO] [net.mcreator.tloa.TloaMod/]: Can Stamina:false
[08Mar2025 17:22:51.780] [Server thread/INFO] [net.mcreator.tloa.TloaMod/]: Max Stamina50.0
[08Mar2025 17:22:51.785] [Render thread/INFO] [net.mcreator.tloa.TloaMod/]: Current Stamina:3.8
[08Mar2025 17:22:51.786] [Render thread/INFO] [net.mcreator.tloa.TloaMod/]: Rounded Stamina4
[08Mar2025 17:22:51.786] [Render thread/INFO] [net.mcreator.tloa.TloaMod/]: Can Stamina:false
[08Mar2025 17:22:51.786] [Render thread/INFO] [net.mcreator.tloa.TloaMod/]: Max Stamina50.0
[08Mar2025 17:22:51.825] [Server thread/INFO] [net.mcreator.tloa.TloaMod/]: Current Stamina:3.8
[08Mar2025 17:22:51.825] [Server thread/INFO] [net.mcreator.tloa.TloaMod/]: Rounded Stamina4
[08Mar2025 17:22:51.825] [Server thread/INFO] [net.mcreator.tloa.TloaMod/]: Can Stamina:false
[08Mar2025 17:22:51.825] [Server thread/INFO] [net.mcreator.tloa.TloaMod/]: Max Stamina50.0
[08Mar2025 17:22:51.836] [Render thread/INFO] [net.mcreator.tloa.TloaMod/]: Current Stamina:4.3
[08Mar2025 17:22:51.837] [Render thread/INFO] [net.mcreator.tloa.TloaMod/]: Rounded Stamina4
[08Mar2025 17:22:51.837] [Render thread/INFO] [net.mcreator.tloa.TloaMod/]: Can Stamina:false
[08Mar2025 17:22:51.837] [Render thread/INFO] [net.mcreator.tloa.TloaMod/]: Max Stamina50.0
[08Mar2025 17:22:51.875] [Server thread/INFO] [net.mcreator.tloa.TloaMod/]: Current Stamina:4.3
[08Mar2025 17:22:51.875] [Server thread/INFO] [net.mcreator.tloa.TloaMod/]: Rounded Stamina4
[08Mar2025 17:22:51.875] [Server thread/INFO] [net.mcreator.tloa.TloaMod/]: Can Stamina:false
[08Mar2025 17:22:51.875] [Server thread/INFO] [net.mcreator.tloa.TloaMod/]: Max Stamina50.0
[08Mar2025 17:22:51.887] [Render thread/INFO] [net.mcreator.tloa.TloaMod/]: Current Stamina:4.8
[08Mar2025 17:22:51.887] [Render thread/INFO] [net.mcreator.tloa.TloaMod/]: Rounded Stamina5
[08Mar2025 17:22:51.887] [Render thread/INFO] [net.mcreator.tloa.TloaMod/]: Can Stamina:false
[08Mar2025 17:22:51.887] [Render thread/INFO] [net.mcreator.tloa.TloaMod/]: Max Stamina50.0
[08Mar2025 17:22:51.928] [Server thread/INFO] [net.mcreator.tloa.TloaMod/]: Current Stamina:4.8
[08Mar2025 17:22:51.928] [Server thread/INFO] [net.mcreator.tloa.TloaMod/]: Rounded Stamina5
[08Mar2025 17:22:51.928] [Server thread/INFO] [net.mcreator.tloa.TloaMod/]: Can Stamina:false
[08Mar2025 17:22:51.928] [Server thread/INFO] [net.mcreator.tloa.TloaMod/]: Max Stamina50.0
[08Mar2025 17:22:51.936] [Render thread/INFO] [net.mcreator.tloa.TloaMod/]: Current Stamina:5.3
[08Mar2025 17:22:51.936] [Render thread/INFO] [net.mcreator.tloa.TloaMod/]: Rounded Stamina5
[08Mar2025 17:22:51.936] [Render thread/INFO] [net.mcreator.tloa.TloaMod/]: Can Stamina:false
[08Mar2025 17:22:51.936] [Render thread/INFO] [net.mcreator.tloa.TloaMod/]: Max Stamina50.0
[08Mar2025 17:22:51.975] [Server thread/INFO] [net.mcreator.tloa.TloaMod/]: Current Stamina:5.3
[08Mar2025 17:22:51.975] [Server thread/INFO] [net.mcreator.tloa.TloaMod/]: Rounded Stamina5
[08Mar2025 17:22:51.975] [Server thread/INFO] [net.mcreator.tloa.TloaMod/]: Can Stamina:false
[08Mar2025 17:22:51.975] [Server thread/INFO] [net.mcreator.tloa.TloaMod/]: Max Stamina50.0
[08Mar2025 17:22:51.988] [Render thread/INFO] [net.mcreator.tloa.TloaMod/]: Current Stamina:5.8
[08Mar2025 17:22:51.988] [Render thread/INFO] [net.mcreator.tloa.TloaMod/]: Rounded Stamina6
[08Mar2025 17:22:51.988] [Render thread/INFO] [net.mcreator.tloa.TloaMod/]: Can Stamina:false
[08Mar2025 17:22:51.988] [Render thread/INFO] [net.mcreator.tloa.TloaMod/]: Max Stamina50.0
[08Mar2025 17:22:52.025] [Server thread/INFO] [net.mcreator.tloa.TloaMod/]: Current Stamina:5.8
[08Mar2025 17:22:52.025] [Server thread/INFO] [net.mcreator.tloa.TloaMod/]: Rounded Stamina6
[08Mar2025 17:22:52.025] [Server thread/INFO] [net.mcreator.tloa.TloaMod/]: Can Stamina:false
[08Mar2025 17:22:52.025] [Server thread/INFO] [net.mcreator.tloa.TloaMod/]: Max Stamina50.0
[08Mar2025 17:22:52.035] [Render thread/INFO] [net.mcreator.tloa.TloaMod/]: Current Stamina:6.3
[08Mar2025 17:22:52.037] [Render thread/INFO] [net.mcreator.tloa.TloaMod/]: Rounded Stamina6
[08Mar2025 17:22:52.037] [Render thread/INFO] [net.mcreator.tloa.TloaMod/]: Can Stamina:false
[08Mar2025 17:22:52.037] [Render thread/INFO] [net.mcreator.tloa.TloaMod/]: Max Stamina50.0
[08Mar2025 17:22:52.076] [Server thread/INFO] [net.mcreator.tloa.TloaMod/]: Current Stamina:6.3
[08Mar2025 17:22:52.076] [Server thread/INFO] [net.mcreator.tloa.TloaMod/]: Rounded Stamina6
[08Mar2025 17:22:52.076] [Server thread/INFO] [net.mcreator.tloa.TloaMod/]: Can Stamina:false
[08Mar2025 17:22:52.076] [Server thread/INFO] [net.mcreator.tloa.TloaMod/]: Max Stamina50.0
[08Mar2025 17:22:52.087] [Render thread/INFO] [net.mcreator.tloa.TloaMod/]: Current Stamina:6.8
[08Mar2025 17:22:52.087] [Render thread/INFO] [net.mcreator.tloa.TloaMod/]: Rounded Stamina7
[08Mar2025 17:22:52.087] [Render thread/INFO] [net.mcreator.tloa.TloaMod/]: Can Stamina:false
[08Mar2025 17:22:52.088] [Render thread/INFO] [net.mcreator.tloa.TloaMod/]: Max Stamina50.0
[08Mar2025 17:22:52.129] [Server thread/INFO] [net.mcreator.tloa.TloaMod/]: Current Stamina:6.8
[08Mar2025 17:22:52.129] [Server thread/INFO] [net.mcreator.tloa.TloaMod/]: Rounded Stamina7
[08Mar2025 17:22:52.130] [Server thread/INFO] [net.mcreator.tloa.TloaMod/]: Can Stamina:false
[08Mar2025 17:22:52.130] [Server thread/INFO] [net.mcreator.tloa.TloaMod/]: Max Stamina50.0
[08Mar2025 17:22:52.135] [Render thread/INFO] [net.mcreator.tloa.TloaMod/]: Current Stamina:7.3
[08Mar2025 17:22:52.136] [Render thread/INFO] [net.mcreator.tloa.TloaMod/]: Rounded Stamina7
[08Mar2025 17:22:52.136] [Render thread/INFO] [net.mcreator.tloa.TloaMod/]: Can Stamina:false
[08Mar2025 17:22:52.136] [Render thread/INFO] [net.mcreator.tloa.TloaMod/]: Max Stamina50.0
[08Mar2025 17:22:52.176] [Server thread/INFO] [net.mcreator.tloa.TloaMod/]: Current Stamina:7.3
[08Mar2025 17:22:52.176] [Server thread/INFO] [net.mcreator.tloa.TloaMod/]: Rounded Stamina7
[08Mar2025 17:22:52.176] [Server thread/INFO] [net.mcreator.tloa.TloaMod/]: Can Stamina:false
[08Mar2025 17:22:52.176] [Server thread/INFO] [net.mcreator.tloa.TloaMod/]: Max Stamina50.0
[08Mar2025 17:22:52.186] [Render thread/INFO] [net.mcreator.tloa.TloaMod/]: Current Stamina:7.8
[08Mar2025 17:22:52.186] [Render thread/INFO] [net.mcreator.tloa.TloaMod/]: Rounded Stamina8
[08Mar2025 17:22:52.186] [Render thread/INFO] [net.mcreator.tloa.TloaMod/]: Can Stamina:false
[08Mar2025 17:22:52.186] [Render thread/INFO] [net.mcreator.tloa.TloaMod/]: Max Stamina50.0
[08Mar2025 17:22:52.225] [Server thread/INFO] [net.mcreator.tloa.TloaMod/]: Current Stamina:7.8
[08Mar2025 17:22:52.225] [Server thread/INFO] [net.mcreator.tloa.TloaMod/]: Rounded Stamina8
[08Mar2025 17:22:52.225] [Server thread/INFO] [net.mcreator.tloa.TloaMod/]: Can Stamina:false
[08Mar2025 17:22:52.225] [Server thread/INFO] [net.mcreator.tloa.TloaMod/]: Max Stamina50.0
[08Mar2025 17:22:52.236] [Render thread/INFO] [net.mcreator.tloa.TloaMod/]: Current Stamina:8.3
[08Mar2025 17:22:52.236] [Render thread/INFO] [net.mcreator.tloa.TloaMod/]: Rounded Stamina8
[08Mar2025 17:22:52.236] [Render thread/INFO] [net.mcreator.tloa.TloaMod/]: Can Stamina:false
[08Mar2025 17:22:52.236] [Render thread/INFO] [net.mcreator.tloa.TloaMod/]: Max Stamina50.0
[08Mar2025 17:22:52.279] [Server thread/INFO] [net.mcreator.tloa.TloaMod/]: Current Stamina:8.3
[08Mar2025 17:22:52.279] [Server thread/INFO] [net.mcreator.tloa.TloaMod/]: Rounded Stamina8
[08Mar2025 17:22:52.279] [Server thread/INFO] [net.mcreator.tloa.TloaMod/]: Can Stamina:false
[08Mar2025 17:22:52.279] [Server thread/INFO] [net.mcreator.tloa.TloaMod/]: Max Stamina50.0
[08Mar2025 17:22:52.288] [Render thread/INFO] [net.mcreator.tloa.TloaMod/]: Current Stamina:8.8
[08Mar2025 17:22:52.288] [Render thread/INFO] [net.mcreator.tloa.TloaMod/]: Rounded Stamina9
[08Mar2025 17:22:52.288] [Render thread/INFO] [net.mcreator.tloa.TloaMod/]: Can Stamina:false
[08Mar2025 17:22:52.289] [Render thread/INFO] [net.mcreator.tloa.TloaMod/]: Max Stamina50.0
[08Mar2025 17:22:52.326] [Server thread/INFO] [net.mcreator.tloa.TloaMod/]: Current Stamina:8.8
[08Mar2025 17:22:52.326] [Server thread/INFO] [net.mcreator.tloa.TloaMod/]: Rounded Stamina9
[08Mar2025 17:22:52.326] [Server thread/INFO] [net.mcreator.tloa.TloaMod/]: Can Stamina:false
[08Mar2025 17:22:52.326] [Server thread/INFO] [net.mcreator.tloa.TloaMod/]: Max Stamina50.0
[08Mar2025 17:22:52.335] [Render thread/INFO] [net.mcreator.tloa.TloaMod/]: Current Stamina:9.3
[08Mar2025 17:22:52.335] [Render thread/INFO] [net.mcreator.tloa.TloaMod/]: Rounded Stamina9
[08Mar2025 17:22:52.335] [Render thread/INFO] [net.mcreator.tloa.TloaMod/]: Can Stamina:false
[08Mar2025 17:22:52.335] [Render thread/INFO] [net.mcreator.tloa.TloaMod/]: Max Stamina50.0
[08Mar2025 17:22:52.378] [Server thread/INFO] [net.mcreator.tloa.TloaMod/]: Current Stamina:9.3
[08Mar2025 17:22:52.379] [Server thread/INFO] [net.mcreator.tloa.TloaMod/]: Rounded Stamina9
[08Mar2025 17:22:52.379] [Server thread/INFO] [net.mcreator.tloa.TloaMod/]: Can Stamina:false
[08Mar2025 17:22:52.379] [Server thread/INFO] [net.mcreator.tloa.TloaMod/]: Max Stamina50.0
[08Mar2025 17:22:52.386] [Render thread/INFO] [net.mcreator.tloa.TloaMod/]: Current Stamina:9.8
[08Mar2025 17:22:52.386] [Render thread/INFO] [net.mcreator.tloa.TloaMod/]: Rounded Stamina10
[08Mar2025 17:22:52.386] [Render thread/INFO] [net.mcreator.tloa.TloaMod/]: Can Stamina:false
[08Mar2025 17:22:52.386] [Render thread/INFO] [net.mcreator.tloa.TloaMod/]: Max Stamina50.0
[08Mar2025 17:22:52.424] [Server thread/INFO] [net.mcreator.tloa.TloaMod/]: Current Stamina:9.8
[08Mar2025 17:22:52.425] [Server thread/INFO] [net.mcreator.tloa.TloaMod/]: Rounded Stamina10
[08Mar2025 17:22:52.425] [Server thread/INFO] [net.mcreator.tloa.TloaMod/]: Can Stamina:false
[08Mar2025 17:22:52.425] [Server thread/INFO] [net.mcreator.tloa.TloaMod/]: Max Stamina50.0
[08Mar2025 17:22:52.436] [Render thread/INFO] [net.mcreator.tloa.TloaMod/]: Current Stamina:10.3
[08Mar2025 17:22:52.436] [Render thread/INFO] [net.mcreator.tloa.TloaMod/]: Rounded Stamina10
[08Mar2025 17:22:52.436] [Render thread/INFO] [net.mcreator.tloa.TloaMod/]: Can Stamina:false
[08Mar2025 17:22:52.436] [Render thread/INFO] [net.mcreator.tloa.TloaMod/]: Max Stamina50.0
[08Mar2025 17:22:52.475] [Server thread/INFO] [net.mcreator.tloa.TloaMod/]: Current Stamina:10.3
[08Mar2025 17:22:52.476] [Server thread/INFO] [net.mcreator.tloa.TloaMod/]: Rounded Stamina10
[08Mar2025 17:22:52.476] [Server thread/INFO] [net.mcreator.tloa.TloaMod/]: Can Stamina:false
[08Mar2025 17:22:52.476] [Server thread/INFO] [net.mcreator.tloa.TloaMod/]: Max Stamina50.0
[08Mar2025 17:22:52.490] [Render thread/INFO] [net.mcreator.tloa.TloaMod/]: Current Stamina:10.8
[08Mar2025 17:22:52.491] [Render thread/INFO] [net.mcreator.tloa.TloaMod/]: Rounded Stamina11
[08Mar2025 17:22:52.491] [Render thread/INFO] [net.mcreator.tloa.TloaMod/]: Can Stamina:false
[08Mar2025 17:22:52.491] [Render thread/INFO] [net.mcreator.tloa.TloaMod/]: Max Stamina50.0
[08Mar2025 17:22:52.524] [Server thread/INFO] [net.mcreator.tloa.TloaMod/]: Current Stamina:10.8
[08Mar2025 17:22:52.524] [Server thread/INFO] [net.mcreator.tloa.TloaMod/]: Rounded Stamina11
[08Mar2025 17:22:52.524] [Server thread/INFO] [net.mcreator.tloa.TloaMod/]: Can Stamina:false
[08Mar2025 17:22:52.524] [Server thread/INFO] [net.mcreator.tloa.TloaMod/]: Max Stamina50.0
[08Mar2025 17:22:52.536] [Render thread/INFO] [net.mcreator.tloa.TloaMod/]: Current Stamina:11.3
[08Mar2025 17:22:52.536] [Render thread/INFO] [net.mcreator.tloa.TloaMod/]: Rounded Stamina11
[08Mar2025 17:22:52.536] [Render thread/INFO] [net.mcreator.tloa.TloaMod/]: Can Stamina:false
[08Mar2025 17:22:52.536] [Render thread/INFO] [net.mcreator.tloa.TloaMod/]: Max Stamina50.0
[08Mar2025 17:22:52.575] [Server thread/INFO] [net.mcreator.tloa.TloaMod/]: Current Stamina:11.3
[08Mar2025 17:22:52.575] [Server thread/INFO] [net.mcreator.tloa.TloaMod/]: Rounded Stamina11
[08Mar2025 17:22:52.575] [Server thread/INFO] [net.mcreator.tloa.TloaMod/]: Can Stamina:false
[08Mar2025 17:22:52.575] [Server thread/INFO] [net.mcreator.tloa.TloaMod/]: Max Stamina50.0
[08Mar2025 17:22:52.586] [Render thread/INFO] [net.mcreator.tloa.TloaMod/]: Current Stamina:11.8
[08Mar2025 17:22:52.586] [Render thread/INFO] [net.mcreator.tloa.TloaMod/]: Rounded Stamina12
[08Mar2025 17:22:52.586] [Render thread/INFO] [net.mcreator.tloa.TloaMod/]: Can Stamina:false
[08Mar2025 17:22:52.586] [Render thread/INFO] [net.mcreator.tloa.TloaMod/]: Max Stamina50.0
[08Mar2025 17:22:52.625] [Server thread/INFO] [net.mcreator.tloa.TloaMod/]: Current Stamina:11.8
[08Mar2025 17:22:52.625] [Server thread/INFO] [net.mcreator.tloa.TloaMod/]: Rounded Stamina12
[08Mar2025 17:22:52.625] [Server thread/INFO] [net.mcreator.tloa.TloaMod/]: Can Stamina:false
[08Mar2025 17:22:52.625] [Server thread/INFO] [net.mcreator.tloa.TloaMod/]: Max Stamina50.0
[08Mar2025 17:22:52.636] [Render thread/INFO] [net.mcreator.tloa.TloaMod/]: Current Stamina:12.3
[08Mar2025 17:22:52.638] [Render thread/INFO] [net.mcreator.tloa.TloaMod/]: Rounded Stamina12
[08Mar2025 17:22:52.638] [Render thread/INFO] [net.mcreator.tloa.TloaMod/]: Can Stamina:false
[08Mar2025 17:22:52.638] [Render thread/INFO] [net.mcreator.tloa.TloaMod/]: Max Stamina50.0
[08Mar2025 17:22:52.678] [Server thread/INFO] [net.mcreator.tloa.TloaMod/]: Current Stamina:12.3
[08Mar2025 17:22:52.678] [Server thread/INFO] [net.mcreator.tloa.TloaMod/]: Rounded Stamina12
[08Mar2025 17:22:52.678] [Server thread/INFO] [net.mcreator.tloa.TloaMod/]: Can Stamina:false
[08Mar2025 17:22:52.678] [Server thread/INFO] [net.mcreator.tloa.TloaMod/]: Max Stamina50.0
[08Mar2025 17:22:52.685] [Render thread/INFO] [net.mcreator.tloa.TloaMod/]: Current Stamina:12.8
[08Mar2025 17:22:52.685] [Render thread/INFO] [net.mcreator.tloa.TloaMod/]: Rounded Stamina13
[08Mar2025 17:22:52.685] [Render thread/INFO] [net.mcreator.tloa.TloaMod/]: Can Stamina:false
[08Mar2025 17:22:52.685] [Render thread/INFO] [net.mcreator.tloa.TloaMod/]: Max Stamina50.0
[08Mar2025 17:22:52.727] [Server thread/INFO] [net.mcreator.tloa.TloaMod/]: Current Stamina:12.8
[08Mar2025 17:22:52.727] [Server thread/INFO] [net.mcreator.tloa.TloaMod/]: Rounded Stamina13
[08Mar2025 17:22:52.727] [Server thread/INFO] [net.mcreator.tloa.TloaMod/]: Can Stamina:false
[08Mar2025 17:22:52.727] [Server thread/INFO] [net.mcreator.tloa.TloaMod/]: Max Stamina50.0
[08Mar2025 17:22:52.736] [Render thread/INFO] [net.mcreator.tloa.TloaMod/]: Current Stamina:13.3
[08Mar2025 17:22:52.736] [Render thread/INFO] [net.mcreator.tloa.TloaMod/]: Rounded Stamina13
[08Mar2025 17:22:52.736] [Render thread/INFO] [net.mcreator.tloa.TloaMod/]: Can Stamina:false
[08Mar2025 17:22:52.736] [Render thread/INFO] [net.mcreator.tloa.TloaMod/]: Max Stamina50.0
[08Mar2025 17:22:52.739] [Server thread/INFO] [net.minecraft.server.MinecraftServer/]: Dev fell from a high place
[08Mar2025 17:22:52.760] [Render thread/INFO] [net.minecraft.client.gui.components.ChatComponent/]: [System] [CHAT] Dev fell from a high place
[08Mar2025 17:22:52.776] [Server thread/INFO] [net.mcreator.tloa.TloaMod/]: Current Stamina:13.3
[08Mar2025 17:22:52.776] [Server thread/INFO] [net.mcreator.tloa.TloaMod/]: Rounded Stamina13
[08Mar2025 17:22:52.776] [Server thread/INFO] [net.mcreator.tloa.TloaMod/]: Can Stamina:false
[08Mar2025 17:22:52.776] [Server thread/INFO] [net.mcreator.tloa.TloaMod/]: Max Stamina50.0
[08Mar2025 17:22:52.785] [Render thread/INFO] [net.mcreator.tloa.TloaMod/]: Current Stamina:13.8
[08Mar2025 17:22:52.785] [Render thread/INFO] [net.mcreator.tloa.TloaMod/]: Rounded Stamina14
[08Mar2025 17:22:52.785] [Render thread/INFO] [net.mcreator.tloa.TloaMod/]: Can Stamina:false
[08Mar2025 17:22:52.785] [Render thread/INFO] [net.mcreator.tloa.TloaMod/]: Max Stamina50.0
[08Mar2025 17:22:52.825] [Server thread/INFO] [net.mcreator.tloa.TloaMod/]: Current Stamina:13.8
[08Mar2025 17:22:52.825] [Server thread/INFO] [net.mcreator.tloa.TloaMod/]: Rounded Stamina14
[08Mar2025 17:22:52.825] [Server thread/INFO] [net.mcreator.tloa.TloaMod/]: Can Stamina:false
[08Mar2025 17:22:52.825] [Server thread/INFO] [net.mcreator.tloa.TloaMod/]: Max Stamina50.0
[08Mar2025 17:22:52.836] [Render thread/INFO] [net.mcreator.tloa.TloaMod/]: Current Stamina:14.3
[08Mar2025 17:22:52.836] [Render thread/INFO] [net.mcreator.tloa.TloaMod/]: Rounded Stamina14
[08Mar2025 17:22:52.836] [Render thread/INFO] [net.mcreator.tloa.TloaMod/]: Can Stamina:false
[08Mar2025 17:22:52.836] [Render thread/INFO] [net.mcreator.tloa.TloaMod/]: Max Stamina50.0
[08Mar2025 17:22:52.874] [Server thread/INFO] [net.mcreator.tloa.TloaMod/]: Current Stamina:14.3
[08Mar2025 17:22:52.874] [Server thread/INFO] [net.mcreator.tloa.TloaMod/]: Rounded Stamina14
[08Mar2025 17:22:52.874] [Server thread/INFO] [net.mcreator.tloa.TloaMod/]: Can Stamina:false
[08Mar2025 17:22:52.874] [Server thread/INFO] [net.mcreator.tloa.TloaMod/]: Max Stamina50.0
[08Mar2025 17:22:52.885] [Render thread/INFO] [net.mcreator.tloa.TloaMod/]: Current Stamina:14.8
[08Mar2025 17:22:52.886] [Render thread/INFO] [net.mcreator.tloa.TloaMod/]: Rounded Stamina15
[08Mar2025 17:22:52.886] [Render thread/INFO] [net.mcreator.tloa.TloaMod/]: Can Stamina:false
[08Mar2025 17:22:52.886] [Render thread/INFO] [net.mcreator.tloa.TloaMod/]: Max Stamina50.0
[08Mar2025 17:22:52.927] [Server thread/INFO] [net.mcreator.tloa.TloaMod/]: Current Stamina:14.8
[08Mar2025 17:22:52.927] [Server thread/INFO] [net.mcreator.tloa.TloaMod/]: Rounded Stamina15
[08Mar2025 17:22:52.927] [Server thread/INFO] [net.mcreator.tloa.TloaMod/]: Can Stamina:false
[08Mar2025 17:22:52.927] [Server thread/INFO] [net.mcreator.tloa.TloaMod/]: Max Stamina50.0
[08Mar2025 17:22:52.935] [Render thread/INFO] [net.mcreator.tloa.TloaMod/]: Current Stamina:15.3
[08Mar2025 17:22:52.936] [Render thread/INFO] [net.mcreator.tloa.TloaMod/]: Rounded Stamina15
[08Mar2025 17:22:52.936] [Render thread/INFO] [net.mcreator.tloa.TloaMod/]: Can Stamina:false
[08Mar2025 17:22:52.936] [Render thread/INFO] [net.mcreator.tloa.TloaMod/]: Max Stamina50.0
[08Mar2025 17:22:52.976] [Server thread/INFO] [net.mcreator.tloa.TloaMod/]: Current Stamina:15.3
[08Mar2025 17:22:52.976] [Server thread/INFO] [net.mcreator.tloa.TloaMod/]: Rounded Stamina15
[08Mar2025 17:22:52.978] [Server thread/INFO] [net.mcreator.tloa.TloaMod/]: Can Stamina:false
[08Mar2025 17:22:52.978] [Server thread/INFO] [net.mcreator.tloa.TloaMod/]: Max Stamina50.0
[08Mar2025 17:22:52.987] [Render thread/INFO] [net.mcreator.tloa.TloaMod/]: Current Stamina:15.8
[08Mar2025 17:22:52.987] [Render thread/INFO] [net.mcreator.tloa.TloaMod/]: Rounded Stamina16
[08Mar2025 17:22:52.987] [Render thread/INFO] [net.mcreator.tloa.TloaMod/]: Can Stamina:false
[08Mar2025 17:22:52.987] [Render thread/INFO] [net.mcreator.tloa.TloaMod/]: Max Stamina50.0
[08Mar2025 17:22:53.026] [Server thread/INFO] [net.mcreator.tloa.TloaMod/]: Current Stamina:15.8
[08Mar2025 17:22:53.026] [Server thread/INFO] [net.mcreator.tloa.TloaMod/]: Rounded Stamina16
[08Mar2025 17:22:53.026] [Server thread/INFO] [net.mcreator.tloa.TloaMod/]: Can Stamina:false
[08Mar2025 17:22:53.026] [Server thread/INFO] [net.mcreator.tloa.TloaMod/]: Max Stamina50.0
[08Mar2025 17:22:53.035] [Render thread/INFO] [net.mcreator.tloa.TloaMod/]: Current Stamina:16.3
[08Mar2025 17:22:53.035] [Render thread/INFO] [net.mcreator.tloa.TloaMod/]: Rounded Stamina16
[08Mar2025 17:22:53.035] [Render thread/INFO] [net.mcreator.tloa.TloaMod/]: Can Stamina:false
[08Mar2025 17:22:53.035] [Render thread/INFO] [net.mcreator.tloa.TloaMod/]: Max Stamina50.0
[08Mar2025 17:22:53.080] [Server thread/INFO] [net.mcreator.tloa.TloaMod/]: Current Stamina:16.3
[08Mar2025 17:22:53.081] [Server thread/INFO] [net.mcreator.tloa.TloaMod/]: Rounded Stamina16
[08Mar2025 17:22:53.081] [Server thread/INFO] [net.mcreator.tloa.TloaMod/]: Can Stamina:false
[08Mar2025 17:22:53.081] [Server thread/INFO] [net.mcreator.tloa.TloaMod/]: Max Stamina50.0
[08Mar2025 17:22:53.085] [Render thread/INFO] [net.mcreator.tloa.TloaMod/]: Current Stamina:16.8
[08Mar2025 17:22:53.085] [Render thread/INFO] [net.mcreator.tloa.TloaMod/]: Rounded Stamina17
[08Mar2025 17:22:53.085] [Render thread/INFO] [net.mcreator.tloa.TloaMod/]: Can Stamina:false
[08Mar2025 17:22:53.085] [Render thread/INFO] [net.mcreator.tloa.TloaMod/]: Max Stamina50.0
[08Mar2025 17:22:53.125] [Server thread/INFO] [net.mcreator.tloa.TloaMod/]: Current Stamina:16.8
[08Mar2025 17:22:53.126] [Server thread/INFO] [net.mcreator.tloa.TloaMod/]: Rounded Stamina17
[08Mar2025 17:22:53.126] [Server thread/INFO] [net.mcreator.tloa.TloaMod/]: Can Stamina:false
[08Mar2025 17:22:53.126] [Server thread/INFO] [net.mcreator.tloa.TloaMod/]: Max Stamina50.0
[08Mar2025 17:22:53.135] [Render thread/INFO] [net.mcreator.tloa.TloaMod/]: Current Stamina:17.3
[08Mar2025 17:22:53.135] [Render thread/INFO] [net.mcreator.tloa.TloaMod/]: Rounded Stamina17
[08Mar2025 17:22:53.137] [Render thread/INFO] [net.mcreator.tloa.TloaMod/]: Can Stamina:false
[08Mar2025 17:22:53.137] [Render thread/INFO] [net.mcreator.tloa.TloaMod/]: Max Stamina50.0
[08Mar2025 17:22:53.177] [Server thread/INFO] [net.mcreator.tloa.TloaMod/]: Current Stamina:17.3
[08Mar2025 17:22:53.177] [Server thread/INFO] [net.mcreator.tloa.TloaMod/]: Rounded Stamina17
[08Mar2025 17:22:53.177] [Server thread/INFO] [net.mcreator.tloa.TloaMod/]: Can Stamina:false
[08Mar2025 17:22:53.177] [Server thread/INFO] [net.mcreator.tloa.TloaMod/]: Max Stamina50.0
[08Mar2025 17:22:53.185] [Render thread/INFO] [net.mcreator.tloa.TloaMod/]: Current Stamina:17.8
[08Mar2025 17:22:53.185] [Render thread/INFO] [net.mcreator.tloa.TloaMod/]: Rounded Stamina18
[08Mar2025 17:22:53.186] [Render thread/INFO] [net.mcreator.tloa.TloaMod/]: Can Stamina:false
[08Mar2025 17:22:53.186] [Render thread/INFO] [net.mcreator.tloa.TloaMod/]: Max Stamina50.0
[08Mar2025 17:22:53.226] [Server thread/INFO] [net.mcreator.tloa.TloaMod/]: Current Stamina:17.8
[08Mar2025 17:22:53.227] [Server thread/INFO] [net.mcreator.tloa.TloaMod/]: Rounded Stamina18
[08Mar2025 17:22:53.227] [Server thread/INFO] [net.mcreator.tloa.TloaMod/]: Can Stamina:false
[08Mar2025 17:22:53.227] [Server thread/INFO] [net.mcreator.tloa.TloaMod/]: Max Stamina50.0
[08Mar2025 17:22:53.238] [Render thread/INFO] [net.mcreator.tloa.TloaMod/]: Current Stamina:18.3
[08Mar2025 17:22:53.238] [Render thread/INFO] [net.mcreator.tloa.TloaMod/]: Rounded Stamina18
[08Mar2025 17:22:53.238] [Render thread/INFO] [net.mcreator.tloa.TloaMod/]: Can Stamina:false
[08Mar2025 17:22:53.238] [Render thread/INFO] [net.mcreator.tloa.TloaMod/]: Max Stamina50.0
[08Mar2025 17:22:53.275] [Server thread/INFO] [net.mcreator.tloa.TloaMod/]: Current Stamina:18.3
[08Mar2025 17:22:53.275] [Server thread/INFO] [net.mcreator.tloa.TloaMod/]: Rounded Stamina18
[08Mar2025 17:22:53.275] [Server thread/INFO] [net.mcreator.tloa.TloaMod/]: Can Stamina:false
[08Mar2025 17:22:53.275] [Server thread/INFO] [net.mcreator.tloa.TloaMod/]: Max Stamina50.0
[08Mar2025 17:22:53.287] [Render thread/INFO] [net.mcreator.tloa.TloaMod/]: Current Stamina:18.8
[08Mar2025 17:22:53.287] [Render thread/INFO] [net.mcreator.tloa.TloaMod/]: Rounded Stamina19
[08Mar2025 17:22:53.287] [Render thread/INFO] [net.mcreator.tloa.TloaMod/]: Can Stamina:false
[08Mar2025 17:22:53.287] [Render thread/INFO] [net.mcreator.tloa.TloaMod/]: Max Stamina50.0
[08Mar2025 17:22:53.325] [Server thread/INFO] [net.mcreator.tloa.TloaMod/]: Current Stamina:18.8
[08Mar2025 17:22:53.325] [Server thread/INFO] [net.mcreator.tloa.TloaMod/]: Rounded Stamina19
[08Mar2025 17:22:53.326] [Server thread/INFO] [net.mcreator.tloa.TloaMod/]: Can Stamina:false
[08Mar2025 17:22:53.326] [Server thread/INFO] [net.mcreator.tloa.TloaMod/]: Max Stamina50.0
[08Mar2025 17:22:53.335] [Render thread/INFO] [net.mcreator.tloa.TloaMod/]: Current Stamina:19.3
[08Mar2025 17:22:53.335] [Render thread/INFO] [net.mcreator.tloa.TloaMod/]: Rounded Stamina19
[08Mar2025 17:22:53.335] [Render thread/INFO] [net.mcreator.tloa.TloaMod/]: Can Stamina:false
[08Mar2025 17:22:53.335] [Render thread/INFO] [net.mcreator.tloa.TloaMod/]: Max Stamina50.0
[08Mar2025 17:22:53.375] [Server thread/INFO] [net.mcreator.tloa.TloaMod/]: Current Stamina:19.3
[08Mar2025 17:22:53.375] [Server thread/INFO] [net.mcreator.tloa.TloaMod/]: Rounded Stamina19
[08Mar2025 17:22:53.375] [Server thread/INFO] [net.mcreator.tloa.TloaMod/]: Can Stamina:false
[08Mar2025 17:22:53.375] [Server thread/INFO] [net.mcreator.tloa.TloaMod/]: Max Stamina50.0
[08Mar2025 17:22:53.386] [Render thread/INFO] [net.mcreator.tloa.TloaMod/]: Current Stamina:19.8
[08Mar2025 17:22:53.386] [Render thread/INFO] [net.mcreator.tloa.TloaMod/]: Rounded Stamina20
[08Mar2025 17:22:53.386] [Render thread/INFO] [net.mcreator.tloa.TloaMod/]: Can Stamina:false
[08Mar2025 17:22:53.386] [Render thread/INFO] [net.mcreator.tloa.TloaMod/]: Max Stamina50.0
[08Mar2025 17:22:53.428] [Server thread/INFO] [net.mcreator.tloa.TloaMod/]: Current Stamina:19.8
[08Mar2025 17:22:53.428] [Server thread/INFO] [net.mcreator.tloa.TloaMod/]: Rounded Stamina20
[08Mar2025 17:22:53.428] [Server thread/INFO] [net.mcreator.tloa.TloaMod/]: Can Stamina:false
[08Mar2025 17:22:53.428] [Server thread/INFO] [net.mcreator.tloa.TloaMod/]: Max Stamina50.0
[08Mar2025 17:22:53.436] [Render thread/INFO] [net.mcreator.tloa.TloaMod/]: Current Stamina:20.3
[08Mar2025 17:22:53.436] [Render thread/INFO] [net.mcreator.tloa.TloaMod/]: Rounded Stamina20
[08Mar2025 17:22:53.436] [Render thread/INFO] [net.mcreator.tloa.TloaMod/]: Can Stamina:false
[08Mar2025 17:22:53.436] [Render thread/INFO] [net.mcreator.tloa.TloaMod/]: Max Stamina50.0
[08Mar2025 17:22:53.477] [Server thread/INFO] [net.mcreator.tloa.TloaMod/]: Current Stamina:20.3
[08Mar2025 17:22:53.477] [Server thread/INFO] [net.mcreator.tloa.TloaMod/]: Rounded Stamina20
[08Mar2025 17:22:53.479] [Server thread/INFO] [net.mcreator.tloa.TloaMod/]: Can Stamina:false
[08Mar2025 17:22:53.479] [Server thread/INFO] [net.mcreator.tloa.TloaMod/]: Max Stamina50.0
[08Mar2025 17:22:53.486] [Render thread/INFO] [net.mcreator.tloa.TloaMod/]: Current Stamina:20.8
[08Mar2025 17:22:53.486] [Render thread/INFO] [net.mcreator.tloa.TloaMod/]: Rounded Stamina21
[08Mar2025 17:22:53.486] [Render thread/INFO] [net.mcreator.tloa.TloaMod/]: Can Stamina:false
[08Mar2025 17:22:53.486] [Render thread/INFO] [net.mcreator.tloa.TloaMod/]: Max Stamina50.0
[08Mar2025 17:22:53.525] [Server thread/INFO] [net.mcreator.tloa.TloaMod/]: Current Stamina:20.8
[08Mar2025 17:22:53.526] [Server thread/INFO] [net.mcreator.tloa.TloaMod/]: Rounded Stamina21
[08Mar2025 17:22:53.526] [Server thread/INFO] [net.mcreator.tloa.TloaMod/]: Can Stamina:false
[08Mar2025 17:22:53.526] [Server thread/INFO] [net.mcreator.tloa.TloaMod/]: Max Stamina50.0
[08Mar2025 17:22:53.536] [Render thread/INFO] [net.mcreator.tloa.TloaMod/]: Current Stamina:21.3
[08Mar2025 17:22:53.536] [Render thread/INFO] [net.mcreator.tloa.TloaMod/]: Rounded Stamina21
[08Mar2025 17:22:53.536] [Render thread/INFO] [net.mcreator.tloa.TloaMod/]: Can Stamina:false
[08Mar2025 17:22:53.536] [Render thread/INFO] [net.mcreator.tloa.TloaMod/]: Max Stamina50.0
[08Mar2025 17:22:53.577] [Server thread/INFO] [net.mcreator.tloa.TloaMod/]: Current Stamina:21.3
[08Mar2025 17:22:53.577] [Server thread/INFO] [net.mcreator.tloa.TloaMod/]: Rounded Stamina21
[08Mar2025 17:22:53.577] [Server thread/INFO] [net.mcreator.tloa.TloaMod/]: Can Stamina:false
[08Mar2025 17:22:53.577] [Server thread/INFO] [net.mcreator.tloa.TloaMod/]: Max Stamina50.0
[08Mar2025 17:22:53.585] [Render thread/INFO] [net.mcreator.tloa.TloaMod/]: Current Stamina:21.8
[08Mar2025 17:22:53.585] [Render thread/INFO] [net.mcreator.tloa.TloaMod/]: Rounded Stamina22
[08Mar2025 17:22:53.585] [Render thread/INFO] [net.mcreator.tloa.TloaMod/]: Can Stamina:false
[08Mar2025 17:22:53.585] [Render thread/INFO] [net.mcreator.tloa.TloaMod/]: Max Stamina50.0
[08Mar2025 17:22:53.627] [Server thread/INFO] [net.mcreator.tloa.TloaMod/]: Current Stamina:21.8
[08Mar2025 17:22:53.627] [Server thread/INFO] [net.mcreator.tloa.TloaMod/]: Rounded Stamina22
[08Mar2025 17:22:53.627] [Server thread/INFO] [net.mcreator.tloa.TloaMod/]: Can Stamina:false
[08Mar2025 17:22:53.627] [Server thread/INFO] [net.mcreator.tloa.TloaMod/]: Max Stamina50.0
[08Mar2025 17:22:53.635] [Render thread/INFO] [net.mcreator.tloa.TloaMod/]: Current Stamina:22.3
[08Mar2025 17:22:53.635] [Render thread/INFO] [net.mcreator.tloa.TloaMod/]: Rounded Stamina22
[08Mar2025 17:22:53.635] [Render thread/INFO] [net.mcreator.tloa.TloaMod/]: Can Stamina:false
[08Mar2025 17:22:53.635] [Render thread/INFO] [net.mcreator.tloa.TloaMod/]: Max Stamina50.0
[08Mar2025 17:22:53.677] [Server thread/INFO] [net.mcreator.tloa.TloaMod/]: Current Stamina:22.3
[08Mar2025 17:22:53.677] [Server thread/INFO] [net.mcreator.tloa.TloaMod/]: Rounded Stamina22
[08Mar2025 17:22:53.677] [Server thread/INFO] [net.mcreator.tloa.TloaMod/]: Can Stamina:false
[08Mar2025 17:22:53.678] [Server thread/INFO] [net.mcreator.tloa.TloaMod/]: Max Stamina50.0
[08Mar2025 17:22:53.685] [Render thread/INFO] [net.mcreator.tloa.TloaMod/]: Current Stamina:22.8
[08Mar2025 17:22:53.685] [Render thread/INFO] [net.mcreator.tloa.TloaMod/]: Rounded Stamina23
[08Mar2025 17:22:53.685] [Render thread/INFO] [net.mcreator.tloa.TloaMod/]: Can Stamina:false
[08Mar2025 17:22:53.686] [Render thread/INFO] [net.mcreator.tloa.TloaMod/]: Max Stamina50.0
[08Mar2025 17:22:53.730] [Server thread/INFO] [net.mcreator.tloa.TloaMod/]: Current Stamina:22.8
[08Mar2025 17:22:53.731] [Server thread/INFO] [net.mcreator.tloa.TloaMod/]: Rounded Stamina23
[08Mar2025 17:22:53.731] [Server thread/INFO] [net.mcreator.tloa.TloaMod/]: Can Stamina:false
[08Mar2025 17:22:53.731] [Server thread/INFO] [net.mcreator.tloa.TloaMod/]: Max Stamina50.0
[08Mar2025 17:22:53.739] [Render thread/INFO] [net.mcreator.tloa.TloaMod/]: Current Stamina:23.3
[08Mar2025 17:22:53.739] [Render thread/INFO] [net.mcreator.tloa.TloaMod/]: Rounded Stamina23
[08Mar2025 17:22:53.739] [Render thread/INFO] [net.mcreator.tloa.TloaMod/]: Can Stamina:false
[08Mar2025 17:22:53.739] [Render thread/INFO] [net.mcreator.tloa.TloaMod/]: Max Stamina50.0
[08Mar2025 17:22:53.772] [Server thread/INFO] [net.mcreator.tloa.TloaMod/]: Current Stamina:23.3
[08Mar2025 17:22:53.772] [Server thread/INFO] [net.mcreator.tloa.TloaMod/]: Rounded Stamina23
[08Mar2025 17:22:53.772] [Server thread/INFO] [net.mcreator.tloa.TloaMod/]: Can Stamina:false
[08Mar2025 17:22:53.772] [Server thread/INFO] [net.mcreator.tloa.TloaMod/]: Max Stamina50.0
[08Mar2025 17:22:53.823] [Server thread/INFO] [net.mcreator.tloa.TloaMod/]: Current Stamina:23.8
[08Mar2025 17:22:53.823] [Server thread/INFO] [net.mcreator.tloa.TloaMod/]: Rounded Stamina24
[08Mar2025 17:22:53.823] [Server thread/INFO] [net.mcreator.tloa.TloaMod/]: Can Stamina:false
[08Mar2025 17:22:53.823] [Server thread/INFO] [net.mcreator.tloa.TloaMod/]: Max Stamina50.0
[08Mar2025 17:22:53.936] [Server thread/INFO] [net.mcreator.tloa.TloaMod/]: Current Stamina:24.3
[08Mar2025 17:22:53.936] [Server thread/INFO] [net.mcreator.tloa.TloaMod/]: Rounded Stamina24
[08Mar2025 17:22:53.936] [Server thread/INFO] [net.mcreator.tloa.TloaMod/]: Can Stamina:false
[08Mar2025 17:22:53.936] [Server thread/INFO] [net.mcreator.tloa.TloaMod/]: Max Stamina50.0
[08Mar2025 17:22:53.969] [Server thread/INFO] [net.mcreator.tloa.TloaMod/]: Current Stamina:24.8
[08Mar2025 17:22:53.969] [Server thread/INFO] [net.mcreator.tloa.TloaMod/]: Rounded Stamina25
[08Mar2025 17:22:53.969] [Server thread/INFO] [net.mcreator.tloa.TloaMod/]: Can Stamina:false
[08Mar2025 17:22:53.969] [Server thread/INFO] [net.mcreator.tloa.TloaMod/]: Max Stamina50.0
[08Mar2025 17:22:54.021] [Server thread/INFO] [net.mcreator.tloa.TloaMod/]: Current Stamina:25.3
[08Mar2025 17:22:54.021] [Server thread/INFO] [net.mcreator.tloa.TloaMod/]: Rounded Stamina25
[08Mar2025 17:22:54.021] [Server thread/INFO] [net.mcreator.tloa.TloaMod/]: Can Stamina:false
[08Mar2025 17:22:54.021] [Server thread/INFO] [net.mcreator.tloa.TloaMod/]: Max Stamina50.0
[08Mar2025 17:22:54.041] [Render thread/INFO] [net.mcreator.tloa.TloaMod/]: Current Stamina:40
[08Mar2025 17:22:54.041] [Render thread/INFO] [net.mcreator.tloa.TloaMod/]: Rounded Stamina40
[08Mar2025 17:22:54.041] [Render thread/INFO] [net.mcreator.tloa.TloaMod/]: Can Stamina:true
[08Mar2025 17:22:54.042] [Render thread/INFO] [net.mcreator.tloa.TloaMod/]: Max Stamina40.0
[08Mar2025 17:22:54.085] [Render thread/INFO] [net.mcreator.tloa.TloaMod/]: Current Stamina:40
[08Mar2025 17:22:54.085] [Render thread/INFO] [net.mcreator.tloa.TloaMod/]: Rounded Stamina40
[08Mar2025 17:22:54.085] [Render thread/INFO] [net.mcreator.tloa.TloaMod/]: Can Stamina:true
[08Mar2025 17:22:54.085] [Render thread/INFO] [net.mcreator.tloa.TloaMod/]: Max Stamina40.0
[08Mar2025 17:22:54.135] [Render thread/INFO] [net.mcreator.tloa.TloaMod/]: Current Stamina:40
[08Mar2025 17:22:54.135] [Render thread/INFO] [net.mcreator.tloa.TloaMod/]: Rounded Stamina40
[08Mar2025 17:22:54.136] [Render thread/INFO] [net.mcreator.tloa.TloaMod/]: Can Stamina:true
[08Mar2025 17:22:54.136] [Render thread/INFO] [net.mcreator.tloa.TloaMod/]: Max Stamina40.0
[08Mar2025 17:22:54.144] [Server thread/INFO] [net.mcreator.tloa.TloaMod/]: Current Stamina:40.5
[08Mar2025 17:22:54.144] [Server thread/INFO] [net.mcreator.tloa.TloaMod/]: Rounded Stamina41
[08Mar2025 17:22:54.144] [Server thread/INFO] [net.mcreator.tloa.TloaMod/]: Can Stamina:true
[08Mar2025 17:22:54.144] [Server thread/INFO] [net.mcreator.tloa.TloaMod/]: Max Stamina50.0
[08Mar2025 17:22:54.153] [Server thread/INFO] [net.mcreator.tloa.TloaMod/]: Current Stamina:41
[08Mar2025 17:22:54.153] [Server thread/INFO] [net.mcreator.tloa.TloaMod/]: Rounded Stamina41
[08Mar2025 17:22:54.153] [Server thread/INFO] [net.mcreator.tloa.TloaMod/]: Can Stamina:true
[08Mar2025 17:22:54.153] [Server thread/INFO] [net.mcreator.tloa.TloaMod/]: Max Stamina50.0
[08Mar2025 17:22:54.169] [Server thread/INFO] [net.mcreator.tloa.TloaMod/]: Current Stamina:41.5
[08Mar2025 17:22:54.169] [Server thread/INFO] [net.mcreator.tloa.TloaMod/]: Rounded Stamina42
[08Mar2025 17:22:54.169] [Server thread/INFO] [net.mcreator.tloa.TloaMod/]: Can Stamina:true
[08Mar2025 17:22:54.169] [Server thread/INFO] [net.mcreator.tloa.TloaMod/]: Max Stamina50.0
[08Mar2025 17:22:54.189] [Render thread/INFO] [net.mcreator.tloa.TloaMod/]: Current Stamina:42
[08Mar2025 17:22:54.189] [Render thread/INFO] [net.mcreator.tloa.TloaMod/]: Rounded Stamina42
[08Mar2025 17:22:54.189] [Render thread/INFO] [net.mcreator.tloa.TloaMod/]: Can Stamina:true
[08Mar2025 17:22:54.189] [Render thread/INFO] [net.mcreator.tloa.TloaMod/]: Max Stamina50.0
[08Mar2025 17:22:54.206] [Server thread/INFO] [net.mcreator.tloa.TloaMod/]: Current Stamina:42
[08Mar2025 17:22:54.206] [Server thread/INFO] [net.mcreator.tloa.TloaMod/]: Rounded Stamina42
[08Mar2025 17:22:54.206] [Server thread/INFO] [net.mcreator.tloa.TloaMod/]: Can Stamina:true
[08Mar2025 17:22:54.206] [Server thread/INFO] [net.mcreator.tloa.TloaMod/]: Max Stamina50.0
[08Mar2025 17:22:54.235] [Render thread/INFO] [net.mcreator.tloa.TloaMod/]: Current Stamina:42.5
[08Mar2025 17:22:54.236] [Render thread/INFO] [net.mcreator.tloa.TloaMod/]: Rounded Stamina43
[08Mar2025 17:22:54.236] [Render thread/INFO] [net.mcreator.tloa.TloaMod/]: Can Stamina:true
[08Mar2025 17:22:54.236] [Render thread/INFO] [net.mcreator.tloa.TloaMod/]: Max Stamina50.0
[08Mar2025 17:22:54.250] [Server thread/INFO] [net.mcreator.tloa.TloaMod/]: Current Stamina:42.5
[08Mar2025 17:22:54.250] [Server thread/INFO] [net.mcreator.tloa.TloaMod/]: Rounded Stamina43
[08Mar2025 17:22:54.250] [Server thread/INFO] [net.mcreator.tloa.TloaMod/]: Can Stamina:true
[08Mar2025 17:22:54.250] [Server thread/INFO] [net.mcreator.tloa.TloaMod/]: Max Stamina50.0
[08Mar2025 17:22:54.288] [Render thread/INFO] [net.mcreator.tloa.TloaMod/]: Current Stamina:43
[08Mar2025 17:22:54.288] [Render thread/INFO] [net.mcreator.tloa.TloaMod/]: Rounded Stamina43
[08Mar2025 17:22:54.288] [Render thread/INFO] [net.mcreator.tloa.TloaMod/]: Can Stamina:true
[08Mar2025 17:22:54.288] [Render thread/INFO] [net.mcreator.tloa.TloaMod/]: Max Stamina50.0
[08Mar2025 17:22:54.333] [Server thread/INFO] [net.mcreator.tloa.TloaMod/]: Current Stamina:43
[08Mar2025 17:22:54.333] [Server thread/INFO] [net.mcreator.tloa.TloaMod/]: Rounded Stamina43
[08Mar2025 17:22:54.333] [Server thread/INFO] [net.mcreator.tloa.TloaMod/]: Can Stamina:true
[08Mar2025 17:22:54.333] [Server thread/INFO] [net.mcreator.tloa.TloaMod/]: Max Stamina50.0
[08Mar2025 17:22:54.339] [Render thread/INFO] [net.mcreator.tloa.TloaMod/]: Current Stamina:43.5
[08Mar2025 17:22:54.339] [Render thread/INFO] [net.mcreator.tloa.TloaMod/]: Rounded Stamina44
[08Mar2025 17:22:54.339] [Render thread/INFO] [net.mcreator.tloa.TloaMod/]: Can Stamina:true
[08Mar2025 17:22:54.339] [Render thread/INFO] [net.mcreator.tloa.TloaMod/]: Max Stamina50.0
[08Mar2025 17:22:54.345] [Server thread/INFO] [net.mcreator.tloa.TloaMod/]: Current Stamina:43.5
[08Mar2025 17:22:54.345] [Server thread/INFO] [net.mcreator.tloa.TloaMod/]: Rounded Stamina44
[08Mar2025 17:22:54.345] [Server thread/INFO] [net.mcreator.tloa.TloaMod/]: Can Stamina:true
[08Mar2025 17:22:54.345] [Server thread/INFO] [net.mcreator.tloa.TloaMod/]: Max Stamina50.0
[08Mar2025 17:22:54.383] [Server thread/INFO] [net.mcreator.tloa.TloaMod/]: Current Stamina:44
[08Mar2025 17:22:54.383] [Server thread/INFO] [net.mcreator.tloa.TloaMod/]: Rounded Stamina44
[08Mar2025 17:22:54.383] [Server thread/INFO] [net.mcreator.tloa.TloaMod/]: Can Stamina:true
[08Mar2025 17:22:54.383] [Server thread/INFO] [net.mcreator.tloa.TloaMod/]: Max Stamina50.0
[08Mar2025 17:22:54.386] [Render thread/INFO] [net.mcreator.tloa.TloaMod/]: Current Stamina:44.5
[08Mar2025 17:22:54.386] [Render thread/INFO] [net.mcreator.tloa.TloaMod/]: Rounded Stamina45
[08Mar2025 17:22:54.386] [Render thread/INFO] [net.mcreator.tloa.TloaMod/]: Can Stamina:true
[08Mar2025 17:22:54.386] [Render thread/INFO] [net.mcreator.tloa.TloaMod/]: Max Stamina50.0
[08Mar2025 17:22:54.437] [Server thread/INFO] [net.mcreator.tloa.TloaMod/]: Current Stamina:44.5
[08Mar2025 17:22:54.437] [Server thread/INFO] [net.mcreator.tloa.TloaMod/]: Rounded Stamina45
[08Mar2025 17:22:54.437] [Server thread/INFO] [net.mcreator.tloa.TloaMod/]: Can Stamina:true
[08Mar2025 17:22:54.437] [Server thread/INFO] [net.mcreator.tloa.TloaMod/]: Max Stamina50.0
[08Mar2025 17:22:54.440] [Render thread/INFO] [net.mcreator.tloa.TloaMod/]: Current Stamina:45
[08Mar2025 17:22:54.440] [Render thread/INFO] [net.mcreator.tloa.TloaMod/]: Rounded Stamina45
[08Mar2025 17:22:54.440] [Render thread/INFO] [net.mcreator.tloa.TloaMod/]: Can Stamina:true
[08Mar2025 17:22:54.440] [Render thread/INFO] [net.mcreator.tloa.TloaMod/]: Max Stamina50.0
[08Mar2025 17:22:54.483] [Server thread/INFO] [net.mcreator.tloa.TloaMod/]: Current Stamina:45
[08Mar2025 17:22:54.483] [Server thread/INFO] [net.mcreator.tloa.TloaMod/]: Rounded Stamina45
[08Mar2025 17:22:54.483] [Server thread/INFO] [net.mcreator.tloa.TloaMod/]: Can Stamina:true
[08Mar2025 17:22:54.483] [Server thread/INFO] [net.mcreator.tloa.TloaMod/]: Max Stamina50.0
[08Mar2025 17:22:54.490] [Render thread/INFO] [net.mcreator.tloa.TloaMod/]: Current Stamina:45
[08Mar2025 17:22:54.490] [Render thread/INFO] [net.mcreator.tloa.TloaMod/]: Rounded Stamina45
[08Mar2025 17:22:54.490] [Render thread/INFO] [net.mcreator.tloa.TloaMod/]: Can Stamina:true
[08Mar2025 17:22:54.490] [Render thread/INFO] [net.mcreator.tloa.TloaMod/]: Max Stamina50.0
[08Mar2025 17:22:54.532] [Server thread/INFO] [net.mcreator.tloa.TloaMod/]: Current Stamina:45.5
[08Mar2025 17:22:54.532] [Server thread/INFO] [net.mcreator.tloa.TloaMod/]: Rounded Stamina46
[08Mar2025 17:22:54.532] [Server thread/INFO] [net.mcreator.tloa.TloaMod/]: Can Stamina:true
[08Mar2025 17:22:54.532] [Server thread/INFO] [net.mcreator.tloa.TloaMod/]: Max Stamina50.0
[08Mar2025 17:22:54.541] [Render thread/INFO] [net.mcreator.tloa.TloaMod/]: Current Stamina:46
[08Mar2025 17:22:54.541] [Render thread/INFO] [net.mcreator.tloa.TloaMod/]: Rounded Stamina46
[08Mar2025 17:22:54.541] [Render thread/INFO] [net.mcreator.tloa.TloaMod/]: Can Stamina:true
[08Mar2025 17:22:54.541] [Render thread/INFO] [net.mcreator.tloa.TloaMod/]: Max Stamina50.0
[08Mar2025 17:22:54.574] [Server thread/INFO] [net.mcreator.tloa.TloaMod/]: Current Stamina:46
[08Mar2025 17:22:54.574] [Server thread/INFO] [net.mcreator.tloa.TloaMod/]: Rounded Stamina46
[08Mar2025 17:22:54.574] [Server thread/INFO] [net.mcreator.tloa.TloaMod/]: Can Stamina:true
[08Mar2025 17:22:54.574] [Server thread/INFO] [net.mcreator.tloa.TloaMod/]: Max Stamina50.0
[08Mar2025 17:22:54.586] [Render thread/INFO] [net.mcreator.tloa.TloaMod/]: Current Stamina:46.5
[08Mar2025 17:22:54.586] [Render thread/INFO] [net.mcreator.tloa.TloaMod/]: Rounded Stamina47
[08Mar2025 17:22:54.586] [Render thread/INFO] [net.mcreator.tloa.TloaMod/]: Can Stamina:true
[08Mar2025 17:22:54.586] [Render thread/INFO] [net.mcreator.tloa.TloaMod/]: Max Stamina50.0
[08Mar2025 17:22:54.626] [Server thread/INFO] [net.mcreator.tloa.TloaMod/]: Current Stamina:46.5
[08Mar2025 17:22:54.626] [Server thread/INFO] [net.mcreator.tloa.TloaMod/]: Rounded Stamina47
[08Mar2025 17:22:54.626] [Server thread/INFO] [net.mcreator.tloa.TloaMod/]: Can Stamina:true
[08Mar2025 17:22:54.626] [Server thread/INFO] [net.mcreator.tloa.TloaMod/]: Max Stamina50.0
[08Mar2025 17:22:54.638] [Render thread/INFO] [net.mcreator.tloa.TloaMod/]: Current Stamina:47
[08Mar2025 17:22:54.638] [Render thread/INFO] [net.mcreator.tloa.TloaMod/]: Rounded Stamina47
[08Mar2025 17:22:54.638] [Render thread/INFO] [net.mcreator.tloa.TloaMod/]: Can Stamina:true
[08Mar2025 17:22:54.638] [Render thread/INFO] [net.mcreator.tloa.TloaMod/]: Max Stamina50.0
[08Mar2025 17:22:54.683] [Server thread/INFO] [net.mcreator.tloa.TloaMod/]: Current Stamina:47
[08Mar2025 17:22:54.683] [Server thread/INFO] [net.mcreator.tloa.TloaMod/]: Rounded Stamina47
[08Mar2025 17:22:54.683] [Server thread/INFO] [net.mcreator.tloa.TloaMod/]: Can Stamina:true
[08Mar2025 17:22:54.683] [Server thread/INFO] [net.mcreator.tloa.TloaMod/]: Max Stamina50.0
[08Mar2025 17:22:54.687] [Render thread/INFO] [net.mcreator.tloa.TloaMod/]: Current Stamina:47.5
[08Mar2025 17:22:54.687] [Render thread/INFO] [net.mcreator.tloa.TloaMod/]: Rounded Stamina48
[08Mar2025 17:22:54.687] [Render thread/INFO] [net.mcreator.tloa.TloaMod/]: Can Stamina:true
[08Mar2025 17:22:54.687] [Render thread/INFO] [net.mcreator.tloa.TloaMod/]: Max Stamina50.0
[08Mar2025 17:22:54.726] [Server thread/INFO] [net.mcreator.tloa.TloaMod/]: Current Stamina:47.5
[08Mar2025 17:22:54.726] [Server thread/INFO] [net.mcreator.tloa.TloaMod/]: Rounded Stamina48
[08Mar2025 17:22:54.727] [Server thread/INFO] [net.mcreator.tloa.TloaMod/]: Can Stamina:true
[08Mar2025 17:22:54.727] [Server thread/INFO] [net.mcreator.tloa.TloaMod/]: Max Stamina50.0
[08Mar2025 17:22:54.737] [Render thread/INFO] [net.mcreator.tloa.TloaMod/]: Current Stamina:48
[08Mar2025 17:22:54.738] [Render thread/INFO] [net.mcreator.tloa.TloaMod/]: Rounded Stamina48
[08Mar2025 17:22:54.738] [Render thread/INFO] [net.mcreator.tloa.TloaMod/]: Can Stamina:true
[08Mar2025 17:22:54.738] [Render thread/INFO] [net.mcreator.tloa.TloaMod/]: Max Stamina50.0
[08Mar2025 17:22:54.778] [Server thread/INFO] [net.mcreator.tloa.TloaMod/]: Current Stamina:48
[08Mar2025 17:22:54.778] [Server thread/INFO] [net.mcreator.tloa.TloaMod/]: Rounded Stamina48
[08Mar2025 17:22:54.779] [Server thread/INFO] [net.mcreator.tloa.TloaMod/]: Can Stamina:true
[08Mar2025 17:22:54.779] [Server thread/INFO] [net.mcreator.tloa.TloaMod/]: Max Stamina50.0
[08Mar2025 17:22:54.786] [Render thread/INFO] [net.mcreator.tloa.TloaMod/]: Current Stamina:48.5
[08Mar2025 17:22:54.786] [Render thread/INFO] [net.mcreator.tloa.TloaMod/]: Rounded Stamina49
[08Mar2025 17:22:54.786] [Render thread/INFO] [net.mcreator.tloa.TloaMod/]: Can Stamina:true
[08Mar2025 17:22:54.786] [Render thread/INFO] [net.mcreator.tloa.TloaMod/]: Max Stamina50.0
[08Mar2025 17:22:54.824] [Server thread/INFO] [net.mcreator.tloa.TloaMod/]: Current Stamina:48.5
[08Mar2025 17:22:54.825] [Server thread/INFO] [net.mcreator.tloa.TloaMod/]: Rounded Stamina49
[08Mar2025 17:22:54.825] [Server thread/INFO] [net.mcreator.tloa.TloaMod/]: Can Stamina:true
[08Mar2025 17:22:54.825] [Server thread/INFO] [net.mcreator.tloa.TloaMod/]: Max Stamina50.0
[08Mar2025 17:22:54.836] [Render thread/INFO] [net.mcreator.tloa.TloaMod/]: Current Stamina:49
[08Mar2025 17:22:54.836] [Render thread/INFO] [net.mcreator.tloa.TloaMod/]: Rounded Stamina49
[08Mar2025 17:22:54.836] [Render thread/INFO] [net.mcreator.tloa.TloaMod/]: Can Stamina:true
[08Mar2025 17:22:54.836] [Render thread/INFO] [net.mcreator.tloa.TloaMod/]: Max Stamina50.0
[08Mar2025 17:22:54.875] [Server thread/INFO] [net.mcreator.tloa.TloaMod/]: Current Stamina:49
[08Mar2025 17:22:54.875] [Server thread/INFO] [net.mcreator.tloa.TloaMod/]: Rounded Stamina49
[08Mar2025 17:22:54.876] [Server thread/INFO] [net.mcreator.tloa.TloaMod/]: Can Stamina:true
[08Mar2025 17:22:54.876] [Server thread/INFO] [net.mcreator.tloa.TloaMod/]: Max Stamina50.0
[08Mar2025 17:22:54.886] [Render thread/INFO] [net.mcreator.tloa.TloaMod/]: Current Stamina:49.5
[08Mar2025 17:22:54.887] [Render thread/INFO] [net.mcreator.tloa.TloaMod/]: Rounded Stamina50
[08Mar2025 17:22:54.887] [Render thread/INFO] [net.mcreator.tloa.TloaMod/]: Can Stamina:true
[08Mar2025 17:22:54.887] [Render thread/INFO] [net.mcreator.tloa.TloaMod/]: Max Stamina50.0
[08Mar2025 17:22:54.935] [Server thread/INFO] [net.mcreator.tloa.TloaMod/]: Current Stamina:49.5
[08Mar2025 17:22:54.935] [Server thread/INFO] [net.mcreator.tloa.TloaMod/]: Rounded Stamina50
[08Mar2025 17:22:54.935] [Server thread/INFO] [net.mcreator.tloa.TloaMod/]: Can Stamina:true
[08Mar2025 17:22:54.935] [Server thread/INFO] [net.mcreator.tloa.TloaMod/]: Max Stamina50.0
[08Mar2025 17:22:54.938] [Render thread/INFO] [net.mcreator.tloa.TloaMod/]: Current Stamina:50
[08Mar2025 17:22:54.939] [Render thread/INFO] [net.mcreator.tloa.TloaMod/]: Rounded Stamina50
[08Mar2025 17:22:54.939] [Render thread/INFO] [net.mcreator.tloa.TloaMod/]: Can Stamina:true
[08Mar2025 17:22:54.939] [Render thread/INFO] [net.mcreator.tloa.TloaMod/]: Max Stamina50.0
[08Mar2025 17:22:54.974] [Server thread/INFO] [net.mcreator.tloa.TloaMod/]: Current Stamina:50
[08Mar2025 17:22:54.974] [Server thread/INFO] [net.mcreator.tloa.TloaMod/]: Rounded Stamina50
[08Mar2025 17:22:54.974] [Server thread/INFO] [net.mcreator.tloa.TloaMod/]: Can Stamina:true
[08Mar2025 17:22:54.974] [Server thread/INFO] [net.mcreator.tloa.TloaMod/]: Max Stamina50.0
[08Mar2025 17:22:54.986] [Render thread/INFO] [net.mcreator.tloa.TloaMod/]: Current Stamina:50
[08Mar2025 17:22:54.986] [Render thread/INFO] [net.mcreator.tloa.TloaMod/]: Rounded Stamina50
[08Mar2025 17:22:54.986] [Render thread/INFO] [net.mcreator.tloa.TloaMod/]: Can Stamina:true
[08Mar2025 17:22:54.986] [Render thread/INFO] [net.mcreator.tloa.TloaMod/]: Max Stamina50.0
[08Mar2025 17:22:55.028] [Server thread/INFO] [net.mcreator.tloa.TloaMod/]: Current Stamina:50
[08Mar2025 17:22:55.028] [Server thread/INFO] [net.mcreator.tloa.TloaMod/]: Rounded Stamina50
[08Mar2025 17:22:55.028] [Server thread/INFO] [net.mcreator.tloa.TloaMod/]: Can Stamina:true
[08Mar2025 17:22:55.029] [Server thread/INFO] [net.mcreator.tloa.TloaMod/]: Max Stamina50.0
[08Mar2025 17:22:55.057] [Render thread/INFO] [net.mcreator.tloa.TloaMod/]: Current Stamina:50
[08Mar2025 17:22:55.058] [Render thread/INFO] [net.mcreator.tloa.TloaMod/]: Rounded Stamina50
[08Mar2025 17:22:55.058] [Render thread/INFO] [net.mcreator.tloa.TloaMod/]: Can Stamina:true
[08Mar2025 17:22:55.058] [Render thread/INFO] [net.mcreator.tloa.TloaMod/]: Max Stamina50.0
[08Mar2025 17:22:55.077] [Server thread/INFO] [net.mcreator.tloa.TloaMod/]: Current Stamina:50
[08Mar2025 17:22:55.077] [Server thread/INFO] [net.mcreator.tloa.TloaMod/]: Rounded Stamina50
[08Mar2025 17:22:55.077] [Server thread/INFO] [net.mcreator.tloa.TloaMod/]: Can Stamina:true
[08Mar2025 17:22:55.077] [Server thread/INFO] [net.mcreator.tloa.TloaMod/]: Max Stamina50.0
[08Mar2025 17:22:55.088] [Render thread/INFO] [net.mcreator.tloa.TloaMod/]: Current Stamina:50
[08Mar2025 17:22:55.088] [Render thread/INFO] [net.mcreator.tloa.TloaMod/]: Rounded Stamina50
[08Mar2025 17:22:55.088] [Render thread/INFO] [net.mcreator.tloa.TloaMod/]: Can Stamina:true
[08Mar2025 17:22:55.088] [Render thread/INFO] [net.mcreator.tloa.TloaMod/]: Max Stamina50.0
[08Mar2025 17:22:55.124] [Server thread/INFO] [net.mcreator.tloa.TloaMod/]: Current Stamina:50
[08Mar2025 17:22:55.124] [Server thread/INFO] [net.mcreator.tloa.TloaMod/]: Rounded Stamina50
[08Mar2025 17:22:55.124] [Server thread/INFO] [net.mcreator.tloa.TloaMod/]: Can Stamina:true
[08Mar2025 17:22:55.124] [Server thread/INFO] [net.mcreator.tloa.TloaMod/]: Max Stamina50.0
[08Mar2025 17:22:55.137] [Render thread/INFO] [net.mcreator.tloa.TloaMod/]: Current Stamina:50
[08Mar2025 17:22:55.137] [Render thread/INFO] [net.mcreator.tloa.TloaMod/]: Rounded Stamina50
[08Mar2025 17:22:55.137] [Render thread/INFO] [net.mcreator.tloa.TloaMod/]: Can Stamina:true
[08Mar2025 17:22:55.137] [Render thread/INFO] [net.mcreator.tloa.TloaMod/]: Max Stamina50.0
[08Mar2025 17:22:55.173] [Server thread/INFO] [net.mcreator.tloa.TloaMod/]: Current Stamina:50
[08Mar2025 17:22:55.173] [Server thread/INFO] [net.mcreator.tloa.TloaMod/]: Rounded Stamina50
[08Mar2025 17:22:55.173] [Server thread/INFO] [net.mcreator.tloa.TloaMod/]: Can Stamina:true
[08Mar2025 17:22:55.173] [Server thread/INFO] [net.mcreator.tloa.TloaMod/]: Max Stamina50.0
[08Mar2025 17:22:55.190] [Render thread/INFO] [net.mcreator.tloa.TloaMod/]: Current Stamina:50
[08Mar2025 17:22:55.190] [Render thread/INFO] [net.mcreator.tloa.TloaMod/]: Rounded Stamina50
[08Mar2025 17:22:55.190] [Render thread/INFO] [net.mcreator.tloa.TloaMod/]: Can Stamina:true
[08Mar2025 17:22:55.190] [Render thread/INFO] [net.mcreator.tloa.TloaMod/]: Max Stamina50.0
[08Mar2025 17:22:55.223] [Server thread/INFO] [net.mcreator.tloa.TloaMod/]: Current Stamina:50
[08Mar2025 17:22:55.223] [Server thread/INFO] [net.mcreator.tloa.TloaMod/]: Rounded Stamina50
[08Mar2025 17:22:55.223] [Server thread/INFO] [net.mcreator.tloa.TloaMod/]: Can Stamina:true
[08Mar2025 17:22:55.223] [Server thread/INFO] [net.mcreator.tloa.TloaMod/]: Max Stamina50.0
[08Mar2025 17:22:55.239] [Render thread/INFO] [net.mcreator.tloa.TloaMod/]: Current Stamina:50
[08Mar2025 17:22:55.239] [Render thread/INFO] [net.mcreator.tloa.TloaMod/]: Rounded Stamina50
[08Mar2025 17:22:55.239] [Render thread/INFO] [net.mcreator.tloa.TloaMod/]: Can Stamina:true
[08Mar2025 17:22:55.239] [Render thread/INFO] [net.mcreator.tloa.TloaMod/]: Max Stamina50.0
[08Mar2025 17:22:55.272] [Server thread/INFO] [net.mcreator.tloa.TloaMod/]: Current Stamina:50
[08Mar2025 17:22:55.272] [Server thread/INFO] [net.mcreator.tloa.TloaMod/]: Rounded Stamina50
[08Mar2025 17:22:55.272] [Server thread/INFO] [net.mcreator.tloa.TloaMod/]: Can Stamina:true
[08Mar2025 17:22:55.272] [Server thread/INFO] [net.mcreator.tloa.TloaMod/]: Max Stamina50.0
[08Mar2025 17:22:55.294] [Render thread/INFO] [net.mcreator.tloa.TloaMod/]: Current Stamina:50
[08Mar2025 17:22:55.294] [Render thread/INFO] [net.mcreator.tloa.TloaMod/]: Rounded Stamina50
[08Mar2025 17:22:55.294] [Render thread/INFO] [net.mcreator.tloa.TloaMod/]: Can Stamina:true
[08Mar2025 17:22:55.294] [Render thread/INFO] [net.mcreator.tloa.TloaMod/]: Max Stamina50.0
[08Mar2025 17:22:55.325] [Server thread/INFO] [net.mcreator.tloa.TloaMod/]: Current Stamina:50
[08Mar2025 17:22:55.325] [Server thread/INFO] [net.mcreator.tloa.TloaMod/]: Rounded Stamina50
[08Mar2025 17:22:55.325] [Server thread/INFO] [net.mcreator.tloa.TloaMod/]: Can Stamina:true
[08Mar2025 17:22:55.325] [Server thread/INFO] [net.mcreator.tloa.TloaMod/]: Max Stamina50.0
[08Mar2025 17:22:55.346] [Render thread/INFO] [net.mcreator.tloa.TloaMod/]: Current Stamina:50
[08Mar2025 17:22:55.347] [Render thread/INFO] [net.mcreator.tloa.TloaMod/]: Rounded Stamina50
[08Mar2025 17:22:55.347] [Render thread/INFO] [net.mcreator.tloa.TloaMod/]: Can Stamina:true
[08Mar2025 17:22:55.347] [Render thread/INFO] [net.mcreator.tloa.TloaMod/]: Max Stamina50.0
[08Mar2025 17:22:55.375] [Server thread/INFO] [net.mcreator.tloa.TloaMod/]: Current Stamina:50
[08Mar2025 17:22:55.375] [Server thread/INFO] [net.mcreator.tloa.TloaMod/]: Rounded Stamina50
[08Mar2025 17:22:55.375] [Server thread/INFO] [net.mcreator.tloa.TloaMod/]: Can Stamina:true
[08Mar2025 17:22:55.375] [Server thread/INFO] [net.mcreator.tloa.TloaMod/]: Max Stamina50.0
[08Mar2025 17:22:55.385] [Render thread/INFO] [net.mcreator.tloa.TloaMod/]: Current Stamina:50
[08Mar2025 17:22:55.386] [Render thread/INFO] [net.mcreator.tloa.TloaMod/]: Rounded Stamina50
[08Mar2025 17:22:55.386] [Render thread/INFO] [net.mcreator.tloa.TloaMod/]: Can Stamina:true
[08Mar2025 17:22:55.386] [Render thread/INFO] [net.mcreator.tloa.TloaMod/]: Max Stamina50.0
[08Mar2025 17:22:55.426] [Server thread/INFO] [net.mcreator.tloa.TloaMod/]: Current Stamina:50
[08Mar2025 17:22:55.426] [Server thread/INFO] [net.mcreator.tloa.TloaMod/]: Rounded Stamina50
[08Mar2025 17:22:55.426] [Server thread/INFO] [net.mcreator.tloa.TloaMod/]: Can Stamina:true
[08Mar2025 17:22:55.426] [Server thread/INFO] [net.mcreator.tloa.TloaMod/]: Max Stamina50.0
[08Mar2025 17:22:55.435] [Render thread/INFO] [net.mcreator.tloa.TloaMod/]: Current Stamina:50
[08Mar2025 17:22:55.436] [Render thread/INFO] [net.mcreator.tloa.TloaMod/]: Rounded Stamina50
[08Mar2025 17:22:55.436] [Render thread/INFO] [net.mcreator.tloa.TloaMod/]: Can Stamina:true
[08Mar2025 17:22:55.436] [Render thread/INFO] [net.mcreator.tloa.TloaMod/]: Max Stamina50.0
[08Mar2025 17:22:55.474] [Server thread/INFO] [net.mcreator.tloa.TloaMod/]: Current Stamina:50
[08Mar2025 17:22:55.474] [Server thread/INFO] [net.mcreator.tloa.TloaMod/]: Rounded Stamina50
[08Mar2025 17:22:55.474] [Server thread/INFO] [net.mcreator.tloa.TloaMod/]: Can Stamina:true
[08Mar2025 17:22:55.474] [Server thread/INFO] [net.mcreator.tloa.TloaMod/]: Max Stamina50.0
[08Mar2025 17:22:55.487] [Render thread/INFO] [net.mcreator.tloa.TloaMod/]: Current Stamina:50
[08Mar2025 17:22:55.488] [Render thread/INFO] [net.mcreator.tloa.TloaMod/]: Rounded Stamina50
[08Mar2025 17:22:55.488] [Render thread/INFO] [net.mcreator.tloa.TloaMod/]: Can Stamina:true
[08Mar2025 17:22:55.488] [Render thread/INFO] [net.mcreator.tloa.TloaMod/]: Max Stamina50.0
[08Mar2025 17:22:55.525] [Server thread/INFO] [net.mcreator.tloa.TloaMod/]: Current Stamina:50
[08Mar2025 17:22:55.525] [Server thread/INFO] [net.mcreator.tloa.TloaMod/]: Rounded Stamina50
[08Mar2025 17:22:55.525] [Server thread/INFO] [net.mcreator.tloa.TloaMod/]: Can Stamina:true
[08Mar2025 17:22:55.525] [Server thread/INFO] [net.mcreator.tloa.TloaMod/]: Max Stamina50.0
[08Mar2025 17:22:55.537] [Render thread/INFO] [net.mcreator.tloa.TloaMod/]: Current Stamina:50
[08Mar2025 17:22:55.537] [Render thread/INFO] [net.mcreator.tloa.TloaMod/]: Rounded Stamina50
[08Mar2025 17:22:55.537] [Render thread/INFO] [net.mcreator.tloa.TloaMod/]: Can Stamina:true
[08Mar2025 17:22:55.537] [Render thread/INFO] [net.mcreator.tloa.TloaMod/]: Max Stamina50.0
[08Mar2025 17:22:55.574] [Server thread/INFO] [net.mcreator.tloa.TloaMod/]: Current Stamina:50
[08Mar2025 17:22:55.574] [Server thread/INFO] [net.mcreator.tloa.TloaMod/]: Rounded Stamina50
[08Mar2025 17:22:55.574] [Server thread/INFO] [net.mcreator.tloa.TloaMod/]: Can Stamina:true
[08Mar2025 17:22:55.574] [Server thread/INFO] [net.mcreator.tloa.TloaMod/]: Max Stamina50.0
[08Mar2025 17:22:55.585] [Render thread/INFO] [net.mcreator.tloa.TloaMod/]: Current Stamina:50
[08Mar2025 17:22:55.585] [Render thread/INFO] [net.mcreator.tloa.TloaMod/]: Rounded Stamina50
[08Mar2025 17:22:55.585] [Render thread/INFO] [net.mcreator.tloa.TloaMod/]: Can Stamina:true
[08Mar2025 17:22:55.585] [Render thread/INFO] [net.mcreator.tloa.TloaMod/]: Max Stamina50.0
[08Mar2025 17:22:55.626] [Server thread/INFO] [net.mcreator.tloa.TloaMod/]: Current Stamina:50
[08Mar2025 17:22:55.627] [Server thread/INFO] [net.mcreator.tloa.TloaMod/]: Rounded Stamina50
[08Mar2025 17:22:55.627] [Server thread/INFO] [net.mcreator.tloa.TloaMod/]: Can Stamina:true
[08Mar2025 17:22:55.627] [Server thread/INFO] [net.mcreator.tloa.TloaMod/]: Max Stamina50.0
[08Mar2025 17:22:55.636] [Render thread/INFO] [net.mcreator.tloa.TloaMod/]: Current Stamina:50
[08Mar2025 17:22:55.636] [Render thread/INFO] [net.mcreator.tloa.TloaMod/]: Rounded Stamina50
[08Mar2025 17:22:55.636] [Render thread/INFO] [net.mcreator.tloa.TloaMod/]: Can Stamina:true
[08Mar2025 17:22:55.636] [Render thread/INFO] [net.mcreator.tloa.TloaMod/]: Max Stamina50.0
[08Mar2025 17:22:55.674] [Server thread/INFO] [net.mcreator.tloa.TloaMod/]: Current Stamina:50
[08Mar2025 17:22:55.674] [Server thread/INFO] [net.mcreator.tloa.TloaMod/]: Rounded Stamina50
[08Mar2025 17:22:55.674] [Server thread/INFO] [net.mcreator.tloa.TloaMod/]: Can Stamina:true
[08Mar2025 17:22:55.675] [Server thread/INFO] [net.mcreator.tloa.TloaMod/]: Max Stamina50.0
[08Mar2025 17:22:55.686] [Render thread/INFO] [net.mcreator.tloa.TloaMod/]: Current Stamina:50
[08Mar2025 17:22:55.686] [Render thread/INFO] [net.mcreator.tloa.TloaMod/]: Rounded Stamina50
[08Mar2025 17:22:55.686] [Render thread/INFO] [net.mcreator.tloa.TloaMod/]: Can Stamina:true
[08Mar2025 17:22:55.686] [Render thread/INFO] [net.mcreator.tloa.TloaMod/]: Max Stamina50.0
[08Mar2025 17:22:55.726] [Server thread/INFO] [net.mcreator.tloa.TloaMod/]: Current Stamina:50
[08Mar2025 17:22:55.726] [Server thread/INFO] [net.mcreator.tloa.TloaMod/]: Rounded Stamina50
[08Mar2025 17:22:55.726] [Server thread/INFO] [net.mcreator.tloa.TloaMod/]: Can Stamina:true
[08Mar2025 17:22:55.726] [Server thread/INFO] [net.mcreator.tloa.TloaMod/]: Max Stamina50.0
[08Mar2025 17:22:55.736] [Render thread/INFO] [net.mcreator.tloa.TloaMod/]: Current Stamina:50
[08Mar2025 17:22:55.736] [Render thread/INFO] [net.mcreator.tloa.TloaMod/]: Rounded Stamina50
[08Mar2025 17:22:55.736] [Render thread/INFO] [net.mcreator.tloa.TloaMod/]: Can Stamina:true
[08Mar2025 17:22:55.736] [Render thread/INFO] [net.mcreator.tloa.TloaMod/]: Max Stamina50.0
[08Mar2025 17:22:55.776] [Server thread/INFO] [net.mcreator.tloa.TloaMod/]: Current Stamina:50
[08Mar2025 17:22:55.776] [Server thread/INFO] [net.mcreator.tloa.TloaMod/]: Rounded Stamina50
[08Mar2025 17:22:55.776] [Server thread/INFO] [net.mcreator.tloa.TloaMod/]: Can Stamina:true
[08Mar2025 17:22:55.776] [Server thread/INFO] [net.mcreator.tloa.TloaMod/]: Max Stamina50.0
[08Mar2025 17:22:55.786] [Render thread/INFO] [net.mcreator.tloa.TloaMod/]: Current Stamina:50
[08Mar2025 17:22:55.787] [Render thread/INFO] [net.mcreator.tloa.TloaMod/]: Rounded Stamina50
[08Mar2025 17:22:55.787] [Render thread/INFO] [net.mcreator.tloa.TloaMod/]: Can Stamina:true
[08Mar2025 17:22:55.787] [Render thread/INFO] [net.mcreator.tloa.TloaMod/]: Max Stamina50.0
[08Mar2025 17:22:55.824] [Server thread/INFO] [net.mcreator.tloa.TloaMod/]: Current Stamina:50
[08Mar2025 17:22:55.824] [Server thread/INFO] [net.mcreator.tloa.TloaMod/]: Rounded Stamina50
[08Mar2025 17:22:55.824] [Server thread/INFO] [net.mcreator.tloa.TloaMod/]: Can Stamina:true
[08Mar2025 17:22:55.824] [Server thread/INFO] [net.mcreator.tloa.TloaMod/]: Max Stamina50.0
[08Mar2025 17:22:55.836] [Render thread/INFO] [net.mcreator.tloa.TloaMod/]: Current Stamina:50
[08Mar2025 17:22:55.837] [Render thread/INFO] [net.mcreator.tloa.TloaMod/]: Rounded Stamina50
[08Mar2025 17:22:55.837] [Render thread/INFO] [net.mcreator.tloa.TloaMod/]: Can Stamina:true
[08Mar2025 17:22:55.837] [Render thread/INFO] [net.mcreator.tloa.TloaMod/]: Max Stamina50.0
[08Mar2025 17:22:55.878] [Server thread/INFO] [net.mcreator.tloa.TloaMod/]: Current Stamina:50
[08Mar2025 17:22:55.878] [Server thread/INFO] [net.mcreator.tloa.TloaMod/]: Rounded Stamina50
[08Mar2025 17:22:55.878] [Server thread/INFO] [net.mcreator.tloa.TloaMod/]: Can Stamina:true
[08Mar2025 17:22:55.878] [Server thread/INFO] [net.mcreator.tloa.TloaMod/]: Max Stamina50.0
[08Mar2025 17:22:55.885] [Render thread/INFO] [net.mcreator.tloa.TloaMod/]: Current Stamina:50
[08Mar2025 17:22:55.885] [Render thread/INFO] [net.mcreator.tloa.TloaMod/]: Rounded Stamina50
[08Mar2025 17:22:55.885] [Render thread/INFO] [net.mcreator.tloa.TloaMod/]: Can Stamina:true
[08Mar2025 17:22:55.885] [Render thread/INFO] [net.mcreator.tloa.TloaMod/]: Max Stamina50.0
[08Mar2025 17:22:55.927] [Server thread/INFO] [net.mcreator.tloa.TloaMod/]: Current Stamina:50
[08Mar2025 17:22:55.927] [Server thread/INFO] [net.mcreator.tloa.TloaMod/]: Rounded Stamina50
[08Mar2025 17:22:55.927] [Server thread/INFO] [net.mcreator.tloa.TloaMod/]: Can Stamina:true
[08Mar2025 17:22:55.927] [Server thread/INFO] [net.mcreator.tloa.TloaMod/]: Max Stamina50.0
[08Mar2025 17:22:55.937] [Render thread/INFO] [net.mcreator.tloa.TloaMod/]: Current Stamina:50
[08Mar2025 17:22:55.938] [Render thread/INFO] [net.mcreator.tloa.TloaMod/]: Rounded Stamina50
[08Mar2025 17:22:55.938] [Render thread/INFO] [net.mcreator.tloa.TloaMod/]: Can Stamina:true
[08Mar2025 17:22:55.938] [Render thread/INFO] [net.mcreator.tloa.TloaMod/]: Max Stamina50.0
[08Mar2025 17:22:55.977] [Server thread/INFO] [net.mcreator.tloa.TloaMod/]: Current Stamina:50
[08Mar2025 17:22:55.977] [Server thread/INFO] [net.mcreator.tloa.TloaMod/]: Rounded Stamina50
[08Mar2025 17:22:55.978] [Server thread/INFO] [net.mcreator.tloa.TloaMod/]: Can Stamina:true
[08Mar2025 17:22:55.978] [Server thread/INFO] [net.mcreator.tloa.TloaMod/]: Max Stamina50.0
[08Mar2025 17:22:55.987] [Render thread/INFO] [net.mcreator.tloa.TloaMod/]: Current Stamina:50
[08Mar2025 17:22:55.987] [Render thread/INFO] [net.mcreator.tloa.TloaMod/]: Rounded Stamina50
[08Mar2025 17:22:55.987] [Render thread/INFO] [net.mcreator.tloa.TloaMod/]: Can Stamina:true
[08Mar2025 17:22:55.987] [Render thread/INFO] [net.mcreator.tloa.TloaMod/]: Max Stamina50.0
[08Mar2025 17:22:56.025] [Server thread/INFO] [net.mcreator.tloa.TloaMod/]: Current Stamina:50
[08Mar2025 17:22:56.025] [Server thread/INFO] [net.mcreator.tloa.TloaMod/]: Rounded Stamina50
[08Mar2025 17:22:56.025] [Server thread/INFO] [net.mcreator.tloa.TloaMod/]: Can Stamina:true
[08Mar2025 17:22:56.025] [Server thread/INFO] [net.mcreator.tloa.TloaMod/]: Max Stamina50.0
[08Mar2025 17:22:56.037] [Render thread/INFO] [net.mcreator.tloa.TloaMod/]: Current Stamina:50
[08Mar2025 17:22:56.037] [Render thread/INFO] [net.mcreator.tloa.TloaMod/]: Rounded Stamina50
[08Mar2025 17:22:56.037] [Render thread/INFO] [net.mcreator.tloa.TloaMod/]: Can Stamina:true
[08Mar2025 17:22:56.037] [Render thread/INFO] [net.mcreator.tloa.TloaMod/]: Max Stamina50.0
[08Mar2025 17:22:56.076] [Server thread/INFO] [net.mcreator.tloa.TloaMod/]: Current Stamina:50
[08Mar2025 17:22:56.076] [Server thread/INFO] [net.mcreator.tloa.TloaMod/]: Rounded Stamina50
[08Mar2025 17:22:56.076] [Server thread/INFO] [net.mcreator.tloa.TloaMod/]: Can Stamina:true
[08Mar2025 17:22:56.076] [Server thread/INFO] [net.mcreator.tloa.TloaMod/]: Max Stamina50.0
[08Mar2025 17:22:56.087] [Render thread/INFO] [net.mcreator.tloa.TloaMod/]: Current Stamina:50
[08Mar2025 17:22:56.087] [Render thread/INFO] [net.mcreator.tloa.TloaMod/]: Rounded Stamina50
[08Mar2025 17:22:56.087] [Render thread/INFO] [net.mcreator.tloa.TloaMod/]: Can Stamina:true
[08Mar2025 17:22:56.087] [Render thread/INFO] [net.mcreator.tloa.TloaMod/]: Max Stamina50.0
[08Mar2025 17:22:56.126] [Server thread/INFO] [net.mcreator.tloa.TloaMod/]: Current Stamina:50
[08Mar2025 17:22:56.126] [Server thread/INFO] [net.mcreator.tloa.TloaMod/]: Rounded Stamina50
[08Mar2025 17:22:56.126] [Server thread/INFO] [net.mcreator.tloa.TloaMod/]: Can Stamina:true
[08Mar2025 17:22:56.126] [Server thread/INFO] [net.mcreator.tloa.TloaMod/]: Max Stamina50.0
[08Mar2025 17:22:56.136] [Render thread/INFO] [net.mcreator.tloa.TloaMod/]: Current Stamina:50
[08Mar2025 17:22:56.136] [Render thread/INFO] [net.mcreator.tloa.TloaMod/]: Rounded Stamina50
[08Mar2025 17:22:56.136] [Render thread/INFO] [net.mcreator.tloa.TloaMod/]: Can Stamina:true
[08Mar2025 17:22:56.136] [Render thread/INFO] [net.mcreator.tloa.TloaMod/]: Max Stamina50.0
[08Mar2025 17:22:56.175] [Server thread/INFO] [net.mcreator.tloa.TloaMod/]: Current Stamina:50
[08Mar2025 17:22:56.175] [Server thread/INFO] [net.mcreator.tloa.TloaMod/]: Rounded Stamina50
[08Mar2025 17:22:56.175] [Server thread/INFO] [net.mcreator.tloa.TloaMod/]: Can Stamina:true
[08Mar2025 17:22:56.175] [Server thread/INFO] [net.mcreator.tloa.TloaMod/]: Max Stamina50.0
[08Mar2025 17:22:56.186] [Render thread/INFO] [net.mcreator.tloa.TloaMod/]: Current Stamina:50
[08Mar2025 17:22:56.186] [Render thread/INFO] [net.mcreator.tloa.TloaMod/]: Rounded Stamina50
[08Mar2025 17:22:56.186] [Render thread/INFO] [net.mcreator.tloa.TloaMod/]: Can Stamina:true
[08Mar2025 17:22:56.186] [Render thread/INFO] [net.mcreator.tloa.TloaMod/]: Max Stamina50.0
[08Mar2025 17:22:56.227] [Server thread/INFO] [net.mcreator.tloa.TloaMod/]: Current Stamina:50
[08Mar2025 17:22:56.227] [Server thread/INFO] [net.mcreator.tloa.TloaMod/]: Rounded Stamina50
[08Mar2025 17:22:56.227] [Server thread/INFO] [net.mcreator.tloa.TloaMod/]: Can Stamina:true
[08Mar2025 17:22:56.227] [Server thread/INFO] [net.mcreator.tloa.TloaMod/]: Max Stamina50.0
[08Mar2025 17:22:56.235] [Render thread/INFO] [net.mcreator.tloa.TloaMod/]: Current Stamina:50
[08Mar2025 17:22:56.235] [Render thread/INFO] [net.mcreator.tloa.TloaMod/]: Rounded Stamina50
[08Mar2025 17:22:56.235] [Render thread/INFO] [net.mcreator.tloa.TloaMod/]: Can Stamina:true
[08Mar2025 17:22:56.235] [Render thread/INFO] [net.mcreator.tloa.TloaMod/]: Max Stamina50.0
[08Mar2025 17:22:56.280] [Server thread/INFO] [net.mcreator.tloa.TloaMod/]: Current Stamina:50
[08Mar2025 17:22:56.280] [Server thread/INFO] [net.mcreator.tloa.TloaMod/]: Rounded Stamina50
[08Mar2025 17:22:56.280] [Server thread/INFO] [net.mcreator.tloa.TloaMod/]: Can Stamina:true
[08Mar2025 17:22:56.280] [Server thread/INFO] [net.mcreator.tloa.TloaMod/]: Max Stamina50.0
[08Mar2025 17:22:56.287] [Render thread/INFO] [net.mcreator.tloa.TloaMod/]: Current Stamina:50
[08Mar2025 17:22:56.287] [Render thread/INFO] [net.mcreator.tloa.TloaMod/]: Rounded Stamina50
[08Mar2025 17:22:56.287] [Render thread/INFO] [net.mcreator.tloa.TloaMod/]: Can Stamina:true
[08Mar2025 17:22:56.287] [Render thread/INFO] [net.mcreator.tloa.TloaMod/]: Max Stamina50.0
[08Mar2025 17:22:56.326] [Server thread/INFO] [net.mcreator.tloa.TloaMod/]: Current Stamina:50
[08Mar2025 17:22:56.326] [Server thread/INFO] [net.mcreator.tloa.TloaMod/]: Rounded Stamina50
[08Mar2025 17:22:56.326] [Server thread/INFO] [net.mcreator.tloa.TloaMod/]: Can Stamina:true
[08Mar2025 17:22:56.326] [Server thread/INFO] [net.mcreator.tloa.TloaMod/]: Max Stamina50.0
[08Mar2025 17:22:56.335] [Render thread/INFO] [net.mcreator.tloa.TloaMod/]: Current Stamina:50
[08Mar2025 17:22:56.335] [Render thread/INFO] [net.mcreator.tloa.TloaMod/]: Rounded Stamina50
[08Mar2025 17:22:56.335] [Render thread/INFO] [net.mcreator.tloa.TloaMod/]: Can Stamina:true
[08Mar2025 17:22:56.335] [Render thread/INFO] [net.mcreator.tloa.TloaMod/]: Max Stamina50.0
[08Mar2025 17:22:56.374] [Server thread/INFO] [net.minecraft.client.server.IntegratedServer/]: Saving and pausing game...
[08Mar2025 17:22:56.400] [Server thread/INFO] [net.minecraft.server.MinecraftServer/]: Saving chunks for level 'ServerLevel[Test 2]'/minecraft:overworld
[08Mar2025 17:22:56.432] [Server thread/INFO] [net.minecraft.server.MinecraftServer/]: Saving chunks for level 'ServerLevel[Test 2]'/minecraft:the_end
[08Mar2025 17:22:56.439] [Server thread/INFO] [net.minecraft.server.MinecraftServer/]: Saving chunks for level 'ServerLevel[Test 2]'/minecraft:the_nether
[08Mar2025 17:22:56.502] [Server thread/DEBUG] [net.neoforged.neoforge.common.CommonHooks/WP]: Gathered mod list to write to world save Test 2
[08Mar2025 17:22:56.904] [Server thread/INFO] [net.minecraft.server.network.ServerGamePacketListenerImpl/]: Dev lost connection: Disconnected
[08Mar2025 17:22:56.905] [Server thread/INFO] [net.minecraft.server.MinecraftServer/]: Dev left the game
[08Mar2025 17:22:56.922] [Server thread/INFO] [net.minecraft.server.network.ServerCommonPacketListenerImpl/]: Stopping singleplayer server as player logged out
[08Mar2025 17:22:56.939] [Server thread/INFO] [net.minecraft.server.MinecraftServer/]: Stopping server
[08Mar2025 17:22:56.940] [Server thread/INFO] [net.minecraft.server.MinecraftServer/]: Saving players
[08Mar2025 17:22:56.940] [Server thread/INFO] [net.minecraft.server.MinecraftServer/]: Saving worlds
[08Mar2025 17:22:59.237] [Server thread/INFO] [net.minecraft.server.MinecraftServer/]: Saving chunks for level 'ServerLevel[Test 2]'/minecraft:overworld
[08Mar2025 17:22:59.510] [Server thread/INFO] [net.minecraft.server.MinecraftServer/]: Saving chunks for level 'ServerLevel[Test 2]'/minecraft:the_end
[08Mar2025 17:22:59.527] [Server thread/INFO] [net.minecraft.server.MinecraftServer/]: Saving chunks for level 'ServerLevel[Test 2]'/minecraft:the_nether
[08Mar2025 17:22:59.689] [Server thread/DEBUG] [net.neoforged.neoforge.common.CommonHooks/WP]: Gathered mod list to write to world save Test 2
[08Mar2025 17:22:59.886] [Server thread/INFO] [net.minecraft.server.MinecraftServer/]: ThreadedAnvilChunkStorage (Test 2): All chunks are saved
[08Mar2025 17:22:59.886] [Server thread/INFO] [net.minecraft.server.MinecraftServer/]: ThreadedAnvilChunkStorage (DIM1): All chunks are saved
[08Mar2025 17:22:59.886] [Server thread/INFO] [net.minecraft.server.MinecraftServer/]: ThreadedAnvilChunkStorage (DIM-1): All chunks are saved
[08Mar2025 17:22:59.886] [Server thread/INFO] [net.minecraft.server.MinecraftServer/]: ThreadedAnvilChunkStorage: All dimensions are saved
[08Mar2025 17:23:00.047] [Server thread/DEBUG] [net.neoforged.fml.config.ConfigTracker/CONFIG]: Unloading configs type SERVER
[08Mar2025 17:23:00.626] [Render thread/INFO] [net.minecraft.client.Minecraft/]: Stopping!
