[26Jun2025 21:28:46.434] [main/INFO] [cpw.mods.modlauncher.Launcher/MODLAUNCHER]: ModLauncher running: args [--launchTarget, forgeclientuserdev, --version, 21.1.92, --assetIndex, 17, --assetsDir, C:\\Users\\tucke\\.mcreator\\gradle\\caches\\neoformruntime\\assets, --gameDir, ., --fml.neoForgeVersion, 21.1.92, --fml.fmlVersion, 4.0.34, --fml.mcVersion, 1.21.1, --fml.neoFormVersion, 20240808.144430]
[26Jun2025 21:28:46.441] [main/INFO] [cpw.mods.modlauncher.Launcher/MODLAUNCHER]: JVM identified as Eclipse Adoptium OpenJDK 64-Bit Server VM 21.0.5+11-LTS
[26Jun2025 21:28:46.443] [main/INFO] [cpw.mods.modlauncher.Launcher/MODLAUNCHER]: ModLauncher 11.0.4+main.d2e20e43 starting: java version 21.0.5 by Eclipse Adoptium; OS Windows 11 arch amd64 version 10.0
[26Jun2025 21:28:46.734] [main/INFO] [net.neoforged.fml.loading.ImmediateWindowHandler/]: Loading ImmediateWindowProvider fmlearlywindow
[26Jun2025 21:28:46.869] [main/INFO] [EARLYDISPLAY/]: Trying GL version 4.6
[26Jun2025 21:28:47.024] [main/INFO] [EARLYDISPLAY/]: Requested GL version 4.6 got version 4.6
[26Jun2025 21:28:47.230] [main/INFO] [mixin/]: SpongePowered MIXIN Subsystem Version=0.8.7 Source=union:/C:/Users/tucke/.mcreator/gradle/caches/modules-2/files-2.1/net.fabricmc/sponge-mixin/0.15.2+mixin.0.8.7/2af2f021d8e02a0220dc27a7a72b4666d66d44ca/sponge-mixin-0.15.2+mixin.0.8.7.jar%23131!/ Service=ModLauncher Env=CLIENT
[26Jun2025 21:28:47.610] [pool-2-thread-1/INFO] [EARLYDISPLAY/]: GL info: AMD Radeon Graphics GL version 4.6.0 Core Profile Context 25.5.1.250417, ATI Technologies Inc.
[26Jun2025 21:28:47.787] [main/INFO] [net.neoforged.fml.loading.moddiscovery.locators.JarInJarDependencyLocator/]: Found 2 dependencies adding them to mods collection
[26Jun2025 21:28:47.789] [main/INFO] [net.neoforged.fml.loading.moddiscovery.ModDiscoverer/]: 
     Mod List:
		Name Version (Mod Id)

		Minecraft 1.21.1 (minecraft)
		NeoForge 21.1.92 (neoforge)
		The Legend of Alex 0.1.2 (tloa)
[26Jun2025 21:28:49.100] [main/INFO] [cpw.mods.modlauncher.LaunchServiceHandler/MODLAUNCHER]: Launching target 'forgeclientuserdev' with arguments [--version, 21.1.92, --gameDir, ., --assetsDir, C:\Users\tucke\.mcreator\gradle\caches\neoformruntime\assets, --assetIndex, 17]
[26Jun2025 21:28:52.818] [Datafixer Bootstrap/INFO] [com.mojang.datafixers.DataFixerBuilder/]: 229 Datafixer optimizations took 657 milliseconds
[26Jun2025 21:28:53.340] [pool-7-thread-1/INFO] [MixinExtras|Service/]: Initializing MixinExtras via com.llamalad7.mixinextras.service.MixinExtrasServiceImpl(version=0.4.1).
[26Jun2025 21:29:02.276] [main/WARN] [net.minecraft.commands.Commands/]: Ambiguity between arguments [teleport, location] and [teleport, destination] with inputs: [0.1 -0.5 .9, 0 0 0]
[26Jun2025 21:29:02.279] [main/WARN] [net.minecraft.commands.Commands/]: Ambiguity between arguments [teleport, location] and [teleport, targets] with inputs: [0.1 -0.5 .9, 0 0 0]
[26Jun2025 21:29:02.283] [main/WARN] [net.minecraft.commands.Commands/]: Ambiguity between arguments [teleport, destination] and [teleport, targets] with inputs: [Player, 0123, @e, dd12be42-52a9-4a91-a8a1-11c01849e498]
[26Jun2025 21:29:02.285] [main/WARN] [net.minecraft.commands.Commands/]: Ambiguity between arguments [teleport, targets] and [teleport, destination] with inputs: [Player, 0123, dd12be42-52a9-4a91-a8a1-11c01849e498]
[26Jun2025 21:29:02.286] [main/WARN] [net.minecraft.commands.Commands/]: Ambiguity between arguments [teleport, targets, location] and [teleport, targets, destination] with inputs: [0.1 -0.5 .9, 0 0 0]
[26Jun2025 21:29:02.547] [Render thread/WARN] [net.minecraft.server.packs.VanillaPackResourcesBuilder/]: Assets URL 'union:/C:/Users/tucke/MCreatorWorkspaces/TheLegendofSteve/build/moddev/artifacts/neoforge-21.1.92.jar%23183!/assets/.mcassetsroot' uses unexpected schema
[26Jun2025 21:29:02.548] [Render thread/WARN] [net.minecraft.server.packs.VanillaPackResourcesBuilder/]: Assets URL 'union:/C:/Users/tucke/MCreatorWorkspaces/TheLegendofSteve/build/moddev/artifacts/neoforge-21.1.92.jar%23183!/data/.mcassetsroot' uses unexpected schema
[26Jun2025 21:29:02.639] [Render thread/INFO] [com.mojang.authlib.yggdrasil.YggdrasilAuthenticationService/]: Environment: Environment[sessionHost=https://sessionserver.mojang.com, servicesHost=https://api.minecraftservices.com, name=PROD]
[26Jun2025 21:29:02.653] [Render thread/INFO] [net.minecraft.client.Minecraft/]: Setting user: Dev
[26Jun2025 21:29:02.872] [Render thread/INFO] [net.minecraft.client.Minecraft/]: Backend library: LWJGL version 3.3.3+5
[26Jun2025 21:29:03.385] [modloading-worker-0/INFO] [net.neoforged.neoforge.common.NeoForgeMod/NEOFORGE-MOD]: NeoForge mod loading, version 21.1.92, for MC 1.21.1
[26Jun2025 21:29:05.277] [Render thread/INFO] [net.neoforged.neoforge.gametest.GameTestHooks/]: Enabled Gametest Namespaces: []
[26Jun2025 21:29:05.753] [Render thread/INFO] [net.minecraft.server.packs.resources.ReloadableResourceManager/]: Reloading ResourceManager: vanilla, mod_resources, mod/neoforge, mod/tloa
[26Jun2025 21:29:06.038] [Worker-Main-5/INFO] [net.minecraft.client.gui.font.providers.UnihexProvider/]: Found unifont_all_no_pua-15.1.05.hex, loading
[26Jun2025 21:29:06.039] [Worker-Main-2/INFO] [net.minecraft.client.gui.font.providers.UnihexProvider/]: Found unifont_jp_patch-15.1.05.hex, loading
[26Jun2025 21:29:08.467] [Render thread/WARN] [net.minecraft.client.sounds.SoundEngine/]: Missing sound for event: minecraft:item.goat_horn.play
[26Jun2025 21:29:08.468] [Render thread/WARN] [net.minecraft.client.sounds.SoundEngine/]: Missing sound for event: minecraft:entity.goat.screaming.horn_break
[26Jun2025 21:29:09.212] [Render thread/INFO] [com.mojang.blaze3d.audio.Library/]: OpenAL initialized on device OpenAL Soft on Speakers (Realtek(R) Audio)
[26Jun2025 21:29:09.214] [Render thread/INFO] [net.minecraft.client.sounds.SoundEngine/SOUNDS]: Sound engine started
[26Jun2025 21:29:09.387] [Render thread/INFO] [net.minecraft.client.renderer.texture.TextureAtlas/]: Created: 1024x512x2 minecraft:textures/atlas/blocks.png-atlas
[26Jun2025 21:29:09.402] [Render thread/INFO] [net.minecraft.client.renderer.texture.TextureAtlas/]: Created: 256x256x2 minecraft:textures/atlas/signs.png-atlas
[26Jun2025 21:29:09.403] [Render thread/INFO] [net.minecraft.client.renderer.texture.TextureAtlas/]: Created: 512x512x2 minecraft:textures/atlas/banner_patterns.png-atlas
[26Jun2025 21:29:09.404] [Render thread/INFO] [net.minecraft.client.renderer.texture.TextureAtlas/]: Created: 512x512x2 minecraft:textures/atlas/shield_patterns.png-atlas
[26Jun2025 21:29:09.405] [Render thread/INFO] [net.minecraft.client.renderer.texture.TextureAtlas/]: Created: 1024x1024x2 minecraft:textures/atlas/armor_trims.png-atlas
[26Jun2025 21:29:09.408] [Render thread/INFO] [net.minecraft.client.renderer.texture.TextureAtlas/]: Created: 256x256x2 minecraft:textures/atlas/chest.png-atlas
[26Jun2025 21:29:09.409] [Render thread/INFO] [net.minecraft.client.renderer.texture.TextureAtlas/]: Created: 128x64x2 minecraft:textures/atlas/decorated_pot.png-atlas
[26Jun2025 21:29:09.409] [Render thread/INFO] [net.minecraft.client.renderer.texture.TextureAtlas/]: Created: 512x256x2 minecraft:textures/atlas/beds.png-atlas
[26Jun2025 21:29:09.409] [Render thread/INFO] [net.minecraft.client.renderer.texture.TextureAtlas/]: Created: 512x256x2 minecraft:textures/atlas/shulker_boxes.png-atlas
[26Jun2025 21:29:09.576] [Render thread/INFO] [net.minecraft.client.renderer.texture.TextureAtlas/]: Created: 512x256x0 minecraft:textures/atlas/particles.png-atlas
[26Jun2025 21:29:09.578] [Render thread/INFO] [net.minecraft.client.renderer.texture.TextureAtlas/]: Created: 512x256x0 minecraft:textures/atlas/paintings.png-atlas
[26Jun2025 21:29:09.579] [Render thread/INFO] [net.minecraft.client.renderer.texture.TextureAtlas/]: Created: 256x128x0 minecraft:textures/atlas/mob_effects.png-atlas
[26Jun2025 21:29:09.579] [Render thread/INFO] [net.minecraft.client.renderer.texture.TextureAtlas/]: Created: 64x64x0 minecraft:textures/atlas/map_decorations.png-atlas
[26Jun2025 21:29:09.579] [Render thread/INFO] [net.minecraft.client.renderer.texture.TextureAtlas/]: Created: 1024x512x0 minecraft:textures/atlas/gui.png-atlas
[26Jun2025 21:29:09.636] [Render thread/WARN] [net.minecraft.client.renderer.ShaderInstance/]: Shader rendertype_entity_translucent_emissive could not find sampler named Sampler2 in the specified shader program.
[26Jun2025 21:29:09.769] [Render thread/INFO] [net.neoforged.neoforge.client.entity.animation.json.AnimationLoader/]: Loaded 0 entity animations
[26Jun2025 21:29:20.784] [Render thread/INFO] [net.minecraft.world.item.crafting.RecipeManager/]: Loaded 1314 recipes
[26Jun2025 21:29:21.064] [Render thread/INFO] [net.minecraft.advancements.AdvancementTree/]: Loaded 1399 advancements
[26Jun2025 21:29:22.095] [Server thread/INFO] [net.minecraft.client.server.IntegratedServer/]: Starting integrated minecraft server version 1.21.1
[26Jun2025 21:29:22.096] [Server thread/INFO] [net.minecraft.server.MinecraftServer/]: Generating keypair
[26Jun2025 21:29:23.864] [Server thread/INFO] [net.minecraft.server.MinecraftServer/]: Preparing start region for dimension minecraft:overworld
[26Jun2025 21:29:24.470] [progressListener/INFO] [net.minecraft.server.level.progress.LoggerChunkProgressListener/]: Preparing spawn area: 0%
[26Jun2025 21:29:24.471] [progressListener/INFO] [net.minecraft.server.level.progress.LoggerChunkProgressListener/]: Preparing spawn area: 0%
[26Jun2025 21:29:24.766] [Server thread/INFO] [net.neoforged.neoforge.server.permission.PermissionAPI/]: Successfully initialized permission handler neoforge:default_handler
[26Jun2025 21:29:24.773] [progressListener/INFO] [net.minecraft.server.level.progress.LoggerChunkProgressListener/]: Time elapsed: 902 ms
[26Jun2025 21:29:24.942] [Server thread/INFO] [net.minecraft.client.server.IntegratedServer/]: Changing view distance to 5, from 10
[26Jun2025 21:29:24.942] [Server thread/INFO] [net.minecraft.client.server.IntegratedServer/]: Changing simulation distance to 12, from 0
[26Jun2025 21:29:26.237] [Server thread/INFO] [net.minecraft.server.players.PlayerList/]: Dev[local:E:e80afc32] logged in with entity id 70 at (166.91242550396703, 93.0, 0.6399991951779954)
[26Jun2025 21:29:26.393] [Server thread/INFO] [net.minecraft.server.MinecraftServer/]: Dev joined the game
[26Jun2025 21:29:26.718] [Render thread/INFO] [net.mcreator.tloa.TloaMod/]: Current Stamina:40.2
[26Jun2025 21:29:26.718] [Render thread/INFO] [net.mcreator.tloa.TloaMod/]: Rounded Stamina40
[26Jun2025 21:29:26.719] [Render thread/INFO] [net.mcreator.tloa.TloaMod/]: Can Stamina:true
[26Jun2025 21:29:26.720] [Render thread/INFO] [net.mcreator.tloa.TloaMod/]: Max Stamina40.0
[26Jun2025 21:29:26.732] [Server thread/INFO] [net.mcreator.tloa.TloaMod/]: Current Stamina:40.2
[26Jun2025 21:29:26.732] [Server thread/INFO] [net.mcreator.tloa.TloaMod/]: Rounded Stamina40
[26Jun2025 21:29:26.732] [Server thread/INFO] [net.mcreator.tloa.TloaMod/]: Can Stamina:true
[26Jun2025 21:29:26.732] [Server thread/INFO] [net.mcreator.tloa.TloaMod/]: Max Stamina40.0
[26Jun2025 21:29:26.770] [Server thread/INFO] [net.mcreator.tloa.TloaMod/]: Current Stamina:40.2
[26Jun2025 21:29:26.771] [Server thread/INFO] [net.mcreator.tloa.TloaMod/]: Rounded Stamina40
[26Jun2025 21:29:26.771] [Server thread/INFO] [net.mcreator.tloa.TloaMod/]: Can Stamina:true
[26Jun2025 21:29:26.771] [Server thread/INFO] [net.mcreator.tloa.TloaMod/]: Max Stamina40.0
[26Jun2025 21:29:26.774] [Server thread/INFO] [net.mcreator.tloa.TloaMod/]: Current Stamina:40.2
[26Jun2025 21:29:26.774] [Server thread/INFO] [net.mcreator.tloa.TloaMod/]: Rounded Stamina40
[26Jun2025 21:29:26.774] [Server thread/INFO] [net.mcreator.tloa.TloaMod/]: Can Stamina:true
[26Jun2025 21:29:26.774] [Server thread/INFO] [net.mcreator.tloa.TloaMod/]: Max Stamina40.0
[26Jun2025 21:29:26.778] [Server thread/INFO] [net.mcreator.tloa.TloaMod/]: Current Stamina:40.2
[26Jun2025 21:29:26.778] [Server thread/INFO] [net.mcreator.tloa.TloaMod/]: Rounded Stamina40
[26Jun2025 21:29:26.778] [Server thread/INFO] [net.mcreator.tloa.TloaMod/]: Can Stamina:true
[26Jun2025 21:29:26.778] [Server thread/INFO] [net.mcreator.tloa.TloaMod/]: Max Stamina40.0
[26Jun2025 21:29:26.817] [Server thread/INFO] [net.mcreator.tloa.TloaMod/]: Current Stamina:40.2
[26Jun2025 21:29:26.818] [Server thread/INFO] [net.mcreator.tloa.TloaMod/]: Rounded Stamina40
[26Jun2025 21:29:26.818] [Server thread/INFO] [net.mcreator.tloa.TloaMod/]: Can Stamina:true
[26Jun2025 21:29:26.818] [Server thread/INFO] [net.mcreator.tloa.TloaMod/]: Max Stamina40.0
[26Jun2025 21:29:26.821] [Server thread/INFO] [net.mcreator.tloa.TloaMod/]: Current Stamina:40.2
[26Jun2025 21:29:26.822] [Server thread/INFO] [net.mcreator.tloa.TloaMod/]: Rounded Stamina40
[26Jun2025 21:29:26.822] [Server thread/INFO] [net.mcreator.tloa.TloaMod/]: Can Stamina:true
[26Jun2025 21:29:26.822] [Server thread/INFO] [net.mcreator.tloa.TloaMod/]: Max Stamina40.0
[26Jun2025 21:29:26.824] [Server thread/INFO] [net.mcreator.tloa.TloaMod/]: Current Stamina:40.2
[26Jun2025 21:29:26.824] [Server thread/INFO] [net.mcreator.tloa.TloaMod/]: Rounded Stamina40
[26Jun2025 21:29:26.824] [Server thread/INFO] [net.mcreator.tloa.TloaMod/]: Can Stamina:true
[26Jun2025 21:29:26.824] [Server thread/INFO] [net.mcreator.tloa.TloaMod/]: Max Stamina40.0
[26Jun2025 21:29:26.828] [Server thread/INFO] [net.mcreator.tloa.TloaMod/]: Current Stamina:40.2
[26Jun2025 21:29:26.828] [Server thread/INFO] [net.mcreator.tloa.TloaMod/]: Rounded Stamina40
[26Jun2025 21:29:26.828] [Server thread/INFO] [net.mcreator.tloa.TloaMod/]: Can Stamina:true
[26Jun2025 21:29:26.828] [Server thread/INFO] [net.mcreator.tloa.TloaMod/]: Max Stamina40.0
[26Jun2025 21:29:26.830] [Server thread/INFO] [net.mcreator.tloa.TloaMod/]: Current Stamina:40.2
[26Jun2025 21:29:26.830] [Server thread/INFO] [net.mcreator.tloa.TloaMod/]: Rounded Stamina40
[26Jun2025 21:29:26.830] [Server thread/INFO] [net.mcreator.tloa.TloaMod/]: Can Stamina:true
[26Jun2025 21:29:26.830] [Server thread/INFO] [net.mcreator.tloa.TloaMod/]: Max Stamina40.0
[26Jun2025 21:29:26.832] [Server thread/INFO] [net.mcreator.tloa.TloaMod/]: Current Stamina:40.2
[26Jun2025 21:29:26.832] [Server thread/INFO] [net.mcreator.tloa.TloaMod/]: Rounded Stamina40
[26Jun2025 21:29:26.832] [Server thread/INFO] [net.mcreator.tloa.TloaMod/]: Can Stamina:true
[26Jun2025 21:29:26.832] [Server thread/INFO] [net.mcreator.tloa.TloaMod/]: Max Stamina40.0
[26Jun2025 21:29:26.836] [Server thread/INFO] [net.mcreator.tloa.TloaMod/]: Current Stamina:40.2
[26Jun2025 21:29:26.836] [Server thread/INFO] [net.mcreator.tloa.TloaMod/]: Rounded Stamina40
[26Jun2025 21:29:26.836] [Server thread/INFO] [net.mcreator.tloa.TloaMod/]: Can Stamina:true
[26Jun2025 21:29:26.836] [Server thread/INFO] [net.mcreator.tloa.TloaMod/]: Max Stamina40.0
[26Jun2025 21:29:26.838] [Server thread/INFO] [net.mcreator.tloa.TloaMod/]: Current Stamina:40.2
[26Jun2025 21:29:26.838] [Server thread/INFO] [net.mcreator.tloa.TloaMod/]: Rounded Stamina40
[26Jun2025 21:29:26.838] [Server thread/INFO] [net.mcreator.tloa.TloaMod/]: Can Stamina:true
[26Jun2025 21:29:26.838] [Server thread/INFO] [net.mcreator.tloa.TloaMod/]: Max Stamina40.0
[26Jun2025 21:29:26.841] [Server thread/INFO] [net.mcreator.tloa.TloaMod/]: Current Stamina:40.2
[26Jun2025 21:29:26.841] [Server thread/INFO] [net.mcreator.tloa.TloaMod/]: Rounded Stamina40
[26Jun2025 21:29:26.841] [Server thread/INFO] [net.mcreator.tloa.TloaMod/]: Can Stamina:true
[26Jun2025 21:29:26.841] [Server thread/INFO] [net.mcreator.tloa.TloaMod/]: Max Stamina40.0
[26Jun2025 21:29:26.844] [Server thread/INFO] [net.mcreator.tloa.TloaMod/]: Current Stamina:40.2
[26Jun2025 21:29:26.844] [Server thread/INFO] [net.mcreator.tloa.TloaMod/]: Rounded Stamina40
[26Jun2025 21:29:26.844] [Server thread/INFO] [net.mcreator.tloa.TloaMod/]: Can Stamina:true
[26Jun2025 21:29:26.844] [Server thread/INFO] [net.mcreator.tloa.TloaMod/]: Max Stamina40.0
[26Jun2025 21:29:26.850] [Server thread/INFO] [net.mcreator.tloa.TloaMod/]: Current Stamina:40.2
[26Jun2025 21:29:26.850] [Server thread/INFO] [net.mcreator.tloa.TloaMod/]: Rounded Stamina40
[26Jun2025 21:29:26.850] [Server thread/INFO] [net.mcreator.tloa.TloaMod/]: Can Stamina:true
[26Jun2025 21:29:26.850] [Server thread/INFO] [net.mcreator.tloa.TloaMod/]: Max Stamina40.0
[26Jun2025 21:29:26.892] [Server thread/INFO] [net.mcreator.tloa.TloaMod/]: Current Stamina:40.2
[26Jun2025 21:29:26.892] [Server thread/INFO] [net.mcreator.tloa.TloaMod/]: Rounded Stamina40
[26Jun2025 21:29:26.892] [Server thread/INFO] [net.mcreator.tloa.TloaMod/]: Can Stamina:true
[26Jun2025 21:29:26.892] [Server thread/INFO] [net.mcreator.tloa.TloaMod/]: Max Stamina40.0
[26Jun2025 21:29:26.972] [Render thread/INFO] [net.minecraft.advancements.AdvancementTree/]: Loaded 38 advancements
[26Jun2025 21:29:26.987] [Server thread/INFO] [net.mcreator.tloa.TloaMod/]: Current Stamina:40.2
[26Jun2025 21:29:26.988] [Server thread/INFO] [net.mcreator.tloa.TloaMod/]: Rounded Stamina40
[26Jun2025 21:29:26.988] [Server thread/INFO] [net.mcreator.tloa.TloaMod/]: Can Stamina:true
[26Jun2025 21:29:26.988] [Server thread/INFO] [net.mcreator.tloa.TloaMod/]: Max Stamina40.0
[26Jun2025 21:29:27.016] [Server thread/INFO] [net.mcreator.tloa.TloaMod/]: Current Stamina:40.2
[26Jun2025 21:29:27.017] [Server thread/INFO] [net.mcreator.tloa.TloaMod/]: Rounded Stamina40
[26Jun2025 21:29:27.017] [Server thread/INFO] [net.mcreator.tloa.TloaMod/]: Can Stamina:true
[26Jun2025 21:29:27.017] [Server thread/INFO] [net.mcreator.tloa.TloaMod/]: Max Stamina40.0
[26Jun2025 21:29:27.026] [Server thread/INFO] [net.mcreator.tloa.TloaMod/]: Current Stamina:40.2
[26Jun2025 21:29:27.027] [Server thread/INFO] [net.mcreator.tloa.TloaMod/]: Rounded Stamina40
[26Jun2025 21:29:27.027] [Server thread/INFO] [net.mcreator.tloa.TloaMod/]: Can Stamina:true
[26Jun2025 21:29:27.027] [Server thread/INFO] [net.mcreator.tloa.TloaMod/]: Max Stamina40.0
[26Jun2025 21:29:27.035] [Render thread/INFO] [net.mcreator.tloa.TloaMod/]: Current Stamina:40.2
[26Jun2025 21:29:27.036] [Render thread/INFO] [net.mcreator.tloa.TloaMod/]: Rounded Stamina40
[26Jun2025 21:29:27.036] [Render thread/INFO] [net.mcreator.tloa.TloaMod/]: Can Stamina:true
[26Jun2025 21:29:27.036] [Render thread/INFO] [net.mcreator.tloa.TloaMod/]: Max Stamina40.0
[26Jun2025 21:29:27.048] [Render thread/INFO] [net.mcreator.tloa.TloaMod/]: Current Stamina:40.2
[26Jun2025 21:29:27.049] [Render thread/INFO] [net.mcreator.tloa.TloaMod/]: Rounded Stamina40
[26Jun2025 21:29:27.049] [Render thread/INFO] [net.mcreator.tloa.TloaMod/]: Can Stamina:true
[26Jun2025 21:29:27.049] [Render thread/INFO] [net.mcreator.tloa.TloaMod/]: Max Stamina40.0
[26Jun2025 21:29:27.056] [Render thread/INFO] [net.mcreator.tloa.TloaMod/]: Current Stamina:40.2
[26Jun2025 21:29:27.056] [Render thread/INFO] [net.mcreator.tloa.TloaMod/]: Rounded Stamina40
[26Jun2025 21:29:27.056] [Render thread/INFO] [net.mcreator.tloa.TloaMod/]: Can Stamina:true
[26Jun2025 21:29:27.056] [Render thread/INFO] [net.mcreator.tloa.TloaMod/]: Max Stamina40.0
[26Jun2025 21:29:27.064] [Render thread/INFO] [net.mcreator.tloa.TloaMod/]: Current Stamina:40.2
[26Jun2025 21:29:27.065] [Render thread/INFO] [net.mcreator.tloa.TloaMod/]: Rounded Stamina40
[26Jun2025 21:29:27.065] [Render thread/INFO] [net.mcreator.tloa.TloaMod/]: Can Stamina:true
[26Jun2025 21:29:27.065] [Render thread/INFO] [net.mcreator.tloa.TloaMod/]: Max Stamina40.0
[26Jun2025 21:29:27.070] [Render thread/INFO] [net.mcreator.tloa.TloaMod/]: Current Stamina:40.2
[26Jun2025 21:29:27.070] [Render thread/INFO] [net.mcreator.tloa.TloaMod/]: Rounded Stamina40
[26Jun2025 21:29:27.070] [Render thread/INFO] [net.mcreator.tloa.TloaMod/]: Can Stamina:true
[26Jun2025 21:29:27.070] [Render thread/INFO] [net.mcreator.tloa.TloaMod/]: Max Stamina40.0
[26Jun2025 21:29:27.077] [Render thread/INFO] [net.mcreator.tloa.TloaMod/]: Current Stamina:40.2
[26Jun2025 21:29:27.077] [Render thread/INFO] [net.mcreator.tloa.TloaMod/]: Rounded Stamina40
[26Jun2025 21:29:27.077] [Render thread/INFO] [net.mcreator.tloa.TloaMod/]: Can Stamina:true
[26Jun2025 21:29:27.077] [Render thread/INFO] [net.mcreator.tloa.TloaMod/]: Max Stamina40.0
[26Jun2025 21:29:27.083] [Render thread/INFO] [net.mcreator.tloa.TloaMod/]: Current Stamina:40.2
[26Jun2025 21:29:27.083] [Render thread/INFO] [net.mcreator.tloa.TloaMod/]: Rounded Stamina40
[26Jun2025 21:29:27.083] [Render thread/INFO] [net.mcreator.tloa.TloaMod/]: Can Stamina:true
[26Jun2025 21:29:27.083] [Render thread/INFO] [net.mcreator.tloa.TloaMod/]: Max Stamina40.0
[26Jun2025 21:29:27.086] [Server thread/INFO] [net.mcreator.tloa.TloaMod/]: Current Stamina:40.2
[26Jun2025 21:29:27.087] [Server thread/INFO] [net.mcreator.tloa.TloaMod/]: Rounded Stamina40
[26Jun2025 21:29:27.087] [Server thread/INFO] [net.mcreator.tloa.TloaMod/]: Can Stamina:true
[26Jun2025 21:29:27.087] [Server thread/INFO] [net.mcreator.tloa.TloaMod/]: Max Stamina40.0
[26Jun2025 21:29:27.089] [Render thread/INFO] [net.mcreator.tloa.TloaMod/]: Current Stamina:40.2
[26Jun2025 21:29:27.089] [Render thread/INFO] [net.mcreator.tloa.TloaMod/]: Rounded Stamina40
[26Jun2025 21:29:27.089] [Render thread/INFO] [net.mcreator.tloa.TloaMod/]: Can Stamina:true
[26Jun2025 21:29:27.089] [Render thread/INFO] [net.mcreator.tloa.TloaMod/]: Max Stamina40.0
[26Jun2025 21:29:27.094] [Render thread/INFO] [net.mcreator.tloa.TloaMod/]: Current Stamina:40.2
[26Jun2025 21:29:27.095] [Render thread/INFO] [net.mcreator.tloa.TloaMod/]: Rounded Stamina40
[26Jun2025 21:29:27.095] [Render thread/INFO] [net.mcreator.tloa.TloaMod/]: Can Stamina:true
[26Jun2025 21:29:27.095] [Render thread/INFO] [net.mcreator.tloa.TloaMod/]: Max Stamina40.0
[26Jun2025 21:29:27.101] [Render thread/INFO] [net.mcreator.tloa.TloaMod/]: Current Stamina:40.2
[26Jun2025 21:29:27.101] [Render thread/INFO] [net.mcreator.tloa.TloaMod/]: Rounded Stamina40
[26Jun2025 21:29:27.101] [Render thread/INFO] [net.mcreator.tloa.TloaMod/]: Can Stamina:true
[26Jun2025 21:29:27.101] [Render thread/INFO] [net.mcreator.tloa.TloaMod/]: Max Stamina40.0
[26Jun2025 21:29:27.144] [Server thread/INFO] [net.mcreator.tloa.TloaMod/]: Current Stamina:40.2
[26Jun2025 21:29:27.145] [Server thread/INFO] [net.mcreator.tloa.TloaMod/]: Rounded Stamina40
[26Jun2025 21:29:27.145] [Server thread/INFO] [net.mcreator.tloa.TloaMod/]: Can Stamina:true
[26Jun2025 21:29:27.145] [Server thread/INFO] [net.mcreator.tloa.TloaMod/]: Max Stamina40.0
[26Jun2025 21:29:27.186] [Render thread/INFO] [net.mcreator.tloa.TloaMod/]: Current Stamina:40.2
[26Jun2025 21:29:27.186] [Render thread/INFO] [net.mcreator.tloa.TloaMod/]: Rounded Stamina40
[26Jun2025 21:29:27.186] [Render thread/INFO] [net.mcreator.tloa.TloaMod/]: Can Stamina:true
[26Jun2025 21:29:27.186] [Render thread/INFO] [net.mcreator.tloa.TloaMod/]: Max Stamina40.0
[26Jun2025 21:29:27.196] [Render thread/INFO] [net.mcreator.tloa.TloaMod/]: Current Stamina:40.2
[26Jun2025 21:29:27.196] [Render thread/INFO] [net.mcreator.tloa.TloaMod/]: Rounded Stamina40
[26Jun2025 21:29:27.197] [Render thread/INFO] [net.mcreator.tloa.TloaMod/]: Can Stamina:true
[26Jun2025 21:29:27.197] [Render thread/INFO] [net.mcreator.tloa.TloaMod/]: Max Stamina40.0
[26Jun2025 21:29:27.203] [Render thread/INFO] [net.mcreator.tloa.TloaMod/]: Current Stamina:40.2
[26Jun2025 21:29:27.204] [Render thread/INFO] [net.mcreator.tloa.TloaMod/]: Rounded Stamina40
[26Jun2025 21:29:27.204] [Render thread/INFO] [net.mcreator.tloa.TloaMod/]: Can Stamina:true
[26Jun2025 21:29:27.204] [Render thread/INFO] [net.mcreator.tloa.TloaMod/]: Max Stamina40.0
[26Jun2025 21:29:27.205] [Server thread/INFO] [net.mcreator.tloa.TloaMod/]: Current Stamina:40.2
[26Jun2025 21:29:27.206] [Server thread/INFO] [net.mcreator.tloa.TloaMod/]: Rounded Stamina40
[26Jun2025 21:29:27.206] [Server thread/INFO] [net.mcreator.tloa.TloaMod/]: Can Stamina:true
[26Jun2025 21:29:27.206] [Server thread/INFO] [net.mcreator.tloa.TloaMod/]: Max Stamina40.0
[26Jun2025 21:29:27.210] [Render thread/INFO] [net.mcreator.tloa.TloaMod/]: Current Stamina:40.2
[26Jun2025 21:29:27.211] [Render thread/INFO] [net.mcreator.tloa.TloaMod/]: Rounded Stamina40
[26Jun2025 21:29:27.211] [Render thread/INFO] [net.mcreator.tloa.TloaMod/]: Can Stamina:true
[26Jun2025 21:29:27.211] [Render thread/INFO] [net.mcreator.tloa.TloaMod/]: Max Stamina40.0
[26Jun2025 21:29:27.249] [Render thread/INFO] [net.mcreator.tloa.TloaMod/]: Current Stamina:40.2
[26Jun2025 21:29:27.250] [Render thread/INFO] [net.mcreator.tloa.TloaMod/]: Rounded Stamina40
[26Jun2025 21:29:27.250] [Render thread/INFO] [net.mcreator.tloa.TloaMod/]: Can Stamina:true
[26Jun2025 21:29:27.250] [Render thread/INFO] [net.mcreator.tloa.TloaMod/]: Max Stamina40.0
[26Jun2025 21:29:27.272] [Render thread/INFO] [net.mcreator.tloa.TloaMod/]: Current Stamina:40.2
[26Jun2025 21:29:27.273] [Render thread/INFO] [net.mcreator.tloa.TloaMod/]: Rounded Stamina40
[26Jun2025 21:29:27.273] [Render thread/INFO] [net.mcreator.tloa.TloaMod/]: Can Stamina:true
[26Jun2025 21:29:27.273] [Render thread/INFO] [net.mcreator.tloa.TloaMod/]: Max Stamina40.0
[26Jun2025 21:29:27.274] [Server thread/INFO] [net.mcreator.tloa.TloaMod/]: Current Stamina:40.2
[26Jun2025 21:29:27.274] [Server thread/INFO] [net.mcreator.tloa.TloaMod/]: Rounded Stamina40
[26Jun2025 21:29:27.274] [Server thread/INFO] [net.mcreator.tloa.TloaMod/]: Can Stamina:true
[26Jun2025 21:29:27.274] [Server thread/INFO] [net.mcreator.tloa.TloaMod/]: Max Stamina40.0
[26Jun2025 21:29:27.322] [Render thread/INFO] [net.mcreator.tloa.TloaMod/]: Current Stamina:40.2
[26Jun2025 21:29:27.322] [Render thread/INFO] [net.mcreator.tloa.TloaMod/]: Rounded Stamina40
[26Jun2025 21:29:27.322] [Render thread/INFO] [net.mcreator.tloa.TloaMod/]: Can Stamina:true
[26Jun2025 21:29:27.323] [Render thread/INFO] [net.mcreator.tloa.TloaMod/]: Max Stamina40.0
[26Jun2025 21:29:27.353] [Server thread/INFO] [net.mcreator.tloa.TloaMod/]: Current Stamina:40.2
[26Jun2025 21:29:27.354] [Server thread/INFO] [net.mcreator.tloa.TloaMod/]: Rounded Stamina40
[26Jun2025 21:29:27.355] [Server thread/INFO] [net.mcreator.tloa.TloaMod/]: Can Stamina:true
[26Jun2025 21:29:27.355] [Server thread/INFO] [net.mcreator.tloa.TloaMod/]: Max Stamina40.0
[26Jun2025 21:29:27.365] [Server thread/INFO] [net.mcreator.tloa.TloaMod/]: Current Stamina:40.2
[26Jun2025 21:29:27.366] [Server thread/INFO] [net.mcreator.tloa.TloaMod/]: Rounded Stamina40
[26Jun2025 21:29:27.366] [Server thread/INFO] [net.mcreator.tloa.TloaMod/]: Can Stamina:true
[26Jun2025 21:29:27.366] [Server thread/INFO] [net.mcreator.tloa.TloaMod/]: Max Stamina40.0
[26Jun2025 21:29:27.399] [Server thread/INFO] [net.mcreator.tloa.TloaMod/]: Current Stamina:40.2
[26Jun2025 21:29:27.399] [Server thread/INFO] [net.mcreator.tloa.TloaMod/]: Rounded Stamina40
[26Jun2025 21:29:27.399] [Server thread/INFO] [net.mcreator.tloa.TloaMod/]: Can Stamina:true
[26Jun2025 21:29:27.399] [Server thread/INFO] [net.mcreator.tloa.TloaMod/]: Max Stamina40.0
[26Jun2025 21:29:27.399] [Render thread/INFO] [net.mcreator.tloa.TloaMod/]: Current Stamina:40.2
[26Jun2025 21:29:27.400] [Render thread/INFO] [net.mcreator.tloa.TloaMod/]: Rounded Stamina40
[26Jun2025 21:29:27.400] [Render thread/INFO] [net.mcreator.tloa.TloaMod/]: Can Stamina:true
[26Jun2025 21:29:27.400] [Render thread/INFO] [net.mcreator.tloa.TloaMod/]: Max Stamina40.0
[26Jun2025 21:29:27.424] [Render thread/INFO] [net.mcreator.tloa.TloaMod/]: Current Stamina:40.2
[26Jun2025 21:29:27.424] [Render thread/INFO] [net.mcreator.tloa.TloaMod/]: Rounded Stamina40
[26Jun2025 21:29:27.424] [Render thread/INFO] [net.mcreator.tloa.TloaMod/]: Can Stamina:true
[26Jun2025 21:29:27.424] [Render thread/INFO] [net.mcreator.tloa.TloaMod/]: Max Stamina40.0
[26Jun2025 21:29:27.464] [Server thread/INFO] [net.mcreator.tloa.TloaMod/]: Current Stamina:40.2
[26Jun2025 21:29:27.465] [Server thread/INFO] [net.mcreator.tloa.TloaMod/]: Rounded Stamina40
[26Jun2025 21:29:27.465] [Server thread/INFO] [net.mcreator.tloa.TloaMod/]: Can Stamina:true
[26Jun2025 21:29:27.465] [Server thread/INFO] [net.mcreator.tloa.TloaMod/]: Max Stamina40.0
[26Jun2025 21:29:27.478] [Render thread/INFO] [net.mcreator.tloa.TloaMod/]: Current Stamina:40.2
[26Jun2025 21:29:27.478] [Render thread/INFO] [net.mcreator.tloa.TloaMod/]: Rounded Stamina40
[26Jun2025 21:29:27.478] [Render thread/INFO] [net.mcreator.tloa.TloaMod/]: Can Stamina:true
[26Jun2025 21:29:27.478] [Render thread/INFO] [net.mcreator.tloa.TloaMod/]: Max Stamina40.0
[26Jun2025 21:29:27.525] [Render thread/INFO] [net.mcreator.tloa.TloaMod/]: Current Stamina:40.2
[26Jun2025 21:29:27.525] [Render thread/INFO] [net.mcreator.tloa.TloaMod/]: Rounded Stamina40
[26Jun2025 21:29:27.525] [Render thread/INFO] [net.mcreator.tloa.TloaMod/]: Can Stamina:true
[26Jun2025 21:29:27.525] [Render thread/INFO] [net.mcreator.tloa.TloaMod/]: Max Stamina40.0
[26Jun2025 21:29:27.526] [Server thread/INFO] [net.mcreator.tloa.TloaMod/]: Current Stamina:40.2
[26Jun2025 21:29:27.526] [Server thread/INFO] [net.mcreator.tloa.TloaMod/]: Rounded Stamina40
[26Jun2025 21:29:27.526] [Server thread/INFO] [net.mcreator.tloa.TloaMod/]: Can Stamina:true
[26Jun2025 21:29:27.526] [Server thread/INFO] [net.mcreator.tloa.TloaMod/]: Max Stamina40.0
[26Jun2025 21:29:27.559] [Server thread/INFO] [net.mcreator.tloa.TloaMod/]: Current Stamina:40.2
[26Jun2025 21:29:27.559] [Server thread/INFO] [net.mcreator.tloa.TloaMod/]: Rounded Stamina40
[26Jun2025 21:29:27.559] [Server thread/INFO] [net.mcreator.tloa.TloaMod/]: Can Stamina:true
[26Jun2025 21:29:27.559] [Server thread/INFO] [net.mcreator.tloa.TloaMod/]: Max Stamina40.0
[26Jun2025 21:29:27.575] [Render thread/INFO] [net.mcreator.tloa.TloaMod/]: Current Stamina:40.2
[26Jun2025 21:29:27.575] [Render thread/INFO] [net.mcreator.tloa.TloaMod/]: Rounded Stamina40
[26Jun2025 21:29:27.575] [Render thread/INFO] [net.mcreator.tloa.TloaMod/]: Can Stamina:true
[26Jun2025 21:29:27.576] [Render thread/INFO] [net.mcreator.tloa.TloaMod/]: Max Stamina40.0
[26Jun2025 21:29:27.592] [Server thread/INFO] [net.mcreator.tloa.TloaMod/]: Current Stamina:40.2
[26Jun2025 21:29:27.594] [Server thread/INFO] [net.mcreator.tloa.TloaMod/]: Rounded Stamina40
[26Jun2025 21:29:27.594] [Server thread/INFO] [net.mcreator.tloa.TloaMod/]: Can Stamina:true
[26Jun2025 21:29:27.594] [Server thread/INFO] [net.mcreator.tloa.TloaMod/]: Max Stamina40.0
[26Jun2025 21:29:27.624] [Render thread/INFO] [net.mcreator.tloa.TloaMod/]: Current Stamina:40.2
[26Jun2025 21:29:27.624] [Render thread/INFO] [net.mcreator.tloa.TloaMod/]: Rounded Stamina40
[26Jun2025 21:29:27.624] [Render thread/INFO] [net.mcreator.tloa.TloaMod/]: Can Stamina:true
[26Jun2025 21:29:27.624] [Render thread/INFO] [net.mcreator.tloa.TloaMod/]: Max Stamina40.0
[26Jun2025 21:29:27.645] [Server thread/INFO] [net.mcreator.tloa.TloaMod/]: Current Stamina:40.2
[26Jun2025 21:29:27.645] [Server thread/INFO] [net.mcreator.tloa.TloaMod/]: Rounded Stamina40
[26Jun2025 21:29:27.646] [Server thread/INFO] [net.mcreator.tloa.TloaMod/]: Can Stamina:true
[26Jun2025 21:29:27.646] [Server thread/INFO] [net.mcreator.tloa.TloaMod/]: Max Stamina40.0
[26Jun2025 21:29:27.672] [Render thread/INFO] [net.mcreator.tloa.TloaMod/]: Current Stamina:40.2
[26Jun2025 21:29:27.672] [Render thread/INFO] [net.mcreator.tloa.TloaMod/]: Rounded Stamina40
[26Jun2025 21:29:27.672] [Render thread/INFO] [net.mcreator.tloa.TloaMod/]: Can Stamina:true
[26Jun2025 21:29:27.672] [Render thread/INFO] [net.mcreator.tloa.TloaMod/]: Max Stamina40.0
[26Jun2025 21:29:27.721] [Render thread/INFO] [net.mcreator.tloa.TloaMod/]: Current Stamina:40.2
[26Jun2025 21:29:27.721] [Render thread/INFO] [net.mcreator.tloa.TloaMod/]: Rounded Stamina40
[26Jun2025 21:29:27.721] [Render thread/INFO] [net.mcreator.tloa.TloaMod/]: Can Stamina:true
[26Jun2025 21:29:27.721] [Render thread/INFO] [net.mcreator.tloa.TloaMod/]: Max Stamina40.0
[26Jun2025 21:29:27.750] [Server thread/INFO] [net.mcreator.tloa.TloaMod/]: Current Stamina:40.2
[26Jun2025 21:29:27.750] [Server thread/INFO] [net.mcreator.tloa.TloaMod/]: Rounded Stamina40
[26Jun2025 21:29:27.750] [Server thread/INFO] [net.mcreator.tloa.TloaMod/]: Can Stamina:true
[26Jun2025 21:29:27.750] [Server thread/INFO] [net.mcreator.tloa.TloaMod/]: Max Stamina40.0
[26Jun2025 21:29:27.770] [Render thread/INFO] [net.mcreator.tloa.TloaMod/]: Current Stamina:40.2
[26Jun2025 21:29:27.770] [Render thread/INFO] [net.mcreator.tloa.TloaMod/]: Rounded Stamina40
[26Jun2025 21:29:27.770] [Render thread/INFO] [net.mcreator.tloa.TloaMod/]: Can Stamina:true
[26Jun2025 21:29:27.770] [Render thread/INFO] [net.mcreator.tloa.TloaMod/]: Max Stamina40.0
[26Jun2025 21:29:27.790] [Server thread/INFO] [net.mcreator.tloa.TloaMod/]: Current Stamina:40.2
[26Jun2025 21:29:27.790] [Server thread/INFO] [net.mcreator.tloa.TloaMod/]: Rounded Stamina40
[26Jun2025 21:29:27.790] [Server thread/INFO] [net.mcreator.tloa.TloaMod/]: Can Stamina:true
[26Jun2025 21:29:27.790] [Server thread/INFO] [net.mcreator.tloa.TloaMod/]: Max Stamina40.0
[26Jun2025 21:29:27.821] [Render thread/INFO] [net.mcreator.tloa.TloaMod/]: Current Stamina:40.2
[26Jun2025 21:29:27.821] [Render thread/INFO] [net.mcreator.tloa.TloaMod/]: Rounded Stamina40
[26Jun2025 21:29:27.821] [Render thread/INFO] [net.mcreator.tloa.TloaMod/]: Can Stamina:true
[26Jun2025 21:29:27.821] [Render thread/INFO] [net.mcreator.tloa.TloaMod/]: Max Stamina40.0
[26Jun2025 21:29:27.871] [Render thread/INFO] [net.mcreator.tloa.TloaMod/]: Current Stamina:40.2
[26Jun2025 21:29:27.872] [Render thread/INFO] [net.mcreator.tloa.TloaMod/]: Rounded Stamina40
[26Jun2025 21:29:27.872] [Render thread/INFO] [net.mcreator.tloa.TloaMod/]: Can Stamina:true
[26Jun2025 21:29:27.872] [Render thread/INFO] [net.mcreator.tloa.TloaMod/]: Max Stamina40.0
[26Jun2025 21:29:27.878] [Server thread/INFO] [net.mcreator.tloa.TloaMod/]: Current Stamina:40.2
[26Jun2025 21:29:27.879] [Server thread/INFO] [net.mcreator.tloa.TloaMod/]: Rounded Stamina40
[26Jun2025 21:29:27.879] [Server thread/INFO] [net.mcreator.tloa.TloaMod/]: Can Stamina:true
[26Jun2025 21:29:27.879] [Server thread/INFO] [net.mcreator.tloa.TloaMod/]: Max Stamina40.0
[26Jun2025 21:29:27.918] [Server thread/INFO] [net.mcreator.tloa.TloaMod/]: Current Stamina:40.2
[26Jun2025 21:29:27.918] [Server thread/INFO] [net.mcreator.tloa.TloaMod/]: Rounded Stamina40
[26Jun2025 21:29:27.918] [Server thread/INFO] [net.mcreator.tloa.TloaMod/]: Can Stamina:true
[26Jun2025 21:29:27.918] [Server thread/INFO] [net.mcreator.tloa.TloaMod/]: Max Stamina40.0
[26Jun2025 21:29:27.920] [Render thread/INFO] [net.mcreator.tloa.TloaMod/]: Current Stamina:40.2
[26Jun2025 21:29:27.921] [Render thread/INFO] [net.mcreator.tloa.TloaMod/]: Rounded Stamina40
[26Jun2025 21:29:27.921] [Render thread/INFO] [net.mcreator.tloa.TloaMod/]: Can Stamina:true
[26Jun2025 21:29:27.921] [Render thread/INFO] [net.mcreator.tloa.TloaMod/]: Max Stamina40.0
[26Jun2025 21:29:27.934] [Server thread/INFO] [net.mcreator.tloa.TloaMod/]: Current Stamina:40.2
[26Jun2025 21:29:27.934] [Server thread/INFO] [net.mcreator.tloa.TloaMod/]: Rounded Stamina40
[26Jun2025 21:29:27.934] [Server thread/INFO] [net.mcreator.tloa.TloaMod/]: Can Stamina:true
[26Jun2025 21:29:27.934] [Server thread/INFO] [net.mcreator.tloa.TloaMod/]: Max Stamina40.0
[26Jun2025 21:29:27.949] [Server thread/INFO] [net.mcreator.tloa.TloaMod/]: Current Stamina:40.2
[26Jun2025 21:29:27.949] [Server thread/INFO] [net.mcreator.tloa.TloaMod/]: Rounded Stamina40
[26Jun2025 21:29:27.950] [Server thread/INFO] [net.mcreator.tloa.TloaMod/]: Can Stamina:true
[26Jun2025 21:29:27.950] [Server thread/INFO] [net.mcreator.tloa.TloaMod/]: Max Stamina40.0
[26Jun2025 21:29:27.972] [Render thread/INFO] [net.mcreator.tloa.TloaMod/]: Current Stamina:40.2
[26Jun2025 21:29:27.972] [Render thread/INFO] [net.mcreator.tloa.TloaMod/]: Rounded Stamina40
[26Jun2025 21:29:27.973] [Render thread/INFO] [net.mcreator.tloa.TloaMod/]: Can Stamina:true
[26Jun2025 21:29:27.973] [Render thread/INFO] [net.mcreator.tloa.TloaMod/]: Max Stamina40.0
[26Jun2025 21:29:28.004] [Server thread/INFO] [net.mcreator.tloa.TloaMod/]: Current Stamina:40.2
[26Jun2025 21:29:28.005] [Server thread/INFO] [net.mcreator.tloa.TloaMod/]: Rounded Stamina40
[26Jun2025 21:29:28.005] [Server thread/INFO] [net.mcreator.tloa.TloaMod/]: Can Stamina:true
[26Jun2025 21:29:28.005] [Server thread/INFO] [net.mcreator.tloa.TloaMod/]: Max Stamina40.0
[26Jun2025 21:29:28.025] [Render thread/INFO] [net.mcreator.tloa.TloaMod/]: Current Stamina:40.2
[26Jun2025 21:29:28.025] [Render thread/INFO] [net.mcreator.tloa.TloaMod/]: Rounded Stamina40
[26Jun2025 21:29:28.025] [Render thread/INFO] [net.mcreator.tloa.TloaMod/]: Can Stamina:true
[26Jun2025 21:29:28.026] [Render thread/INFO] [net.mcreator.tloa.TloaMod/]: Max Stamina40.0
[26Jun2025 21:29:28.069] [Render thread/INFO] [net.mcreator.tloa.TloaMod/]: Current Stamina:40.2
[26Jun2025 21:29:28.070] [Render thread/INFO] [net.mcreator.tloa.TloaMod/]: Rounded Stamina40
[26Jun2025 21:29:28.070] [Render thread/INFO] [net.mcreator.tloa.TloaMod/]: Can Stamina:true
[26Jun2025 21:29:28.070] [Render thread/INFO] [net.mcreator.tloa.TloaMod/]: Max Stamina40.0
[26Jun2025 21:29:28.123] [Render thread/INFO] [net.mcreator.tloa.TloaMod/]: Current Stamina:40.2
[26Jun2025 21:29:28.123] [Render thread/INFO] [net.mcreator.tloa.TloaMod/]: Rounded Stamina40
[26Jun2025 21:29:28.123] [Render thread/INFO] [net.mcreator.tloa.TloaMod/]: Can Stamina:true
[26Jun2025 21:29:28.123] [Render thread/INFO] [net.mcreator.tloa.TloaMod/]: Max Stamina40.0
[26Jun2025 21:29:28.171] [Render thread/INFO] [net.mcreator.tloa.TloaMod/]: Current Stamina:40.2
[26Jun2025 21:29:28.172] [Render thread/INFO] [net.mcreator.tloa.TloaMod/]: Rounded Stamina40
[26Jun2025 21:29:28.172] [Render thread/INFO] [net.mcreator.tloa.TloaMod/]: Can Stamina:true
[26Jun2025 21:29:28.172] [Render thread/INFO] [net.mcreator.tloa.TloaMod/]: Max Stamina40.0
[26Jun2025 21:29:28.222] [Render thread/INFO] [net.mcreator.tloa.TloaMod/]: Current Stamina:40.2
[26Jun2025 21:29:28.223] [Render thread/INFO] [net.mcreator.tloa.TloaMod/]: Rounded Stamina40
[26Jun2025 21:29:28.223] [Render thread/INFO] [net.mcreator.tloa.TloaMod/]: Can Stamina:true
[26Jun2025 21:29:28.223] [Render thread/INFO] [net.mcreator.tloa.TloaMod/]: Max Stamina40.0
[26Jun2025 21:29:28.272] [Render thread/INFO] [net.mcreator.tloa.TloaMod/]: Current Stamina:40.2
[26Jun2025 21:29:28.272] [Render thread/INFO] [net.mcreator.tloa.TloaMod/]: Rounded Stamina40
[26Jun2025 21:29:28.272] [Render thread/INFO] [net.mcreator.tloa.TloaMod/]: Can Stamina:true
[26Jun2025 21:29:28.272] [Render thread/INFO] [net.mcreator.tloa.TloaMod/]: Max Stamina40.0
[26Jun2025 21:29:28.320] [Render thread/INFO] [net.mcreator.tloa.TloaMod/]: Current Stamina:40.2
[26Jun2025 21:29:28.321] [Render thread/INFO] [net.mcreator.tloa.TloaMod/]: Rounded Stamina40
[26Jun2025 21:29:28.321] [Render thread/INFO] [net.mcreator.tloa.TloaMod/]: Can Stamina:true
[26Jun2025 21:29:28.321] [Render thread/INFO] [net.mcreator.tloa.TloaMod/]: Max Stamina40.0
[26Jun2025 21:29:28.370] [Render thread/INFO] [net.mcreator.tloa.TloaMod/]: Current Stamina:40.2
[26Jun2025 21:29:28.370] [Render thread/INFO] [net.mcreator.tloa.TloaMod/]: Rounded Stamina40
[26Jun2025 21:29:28.371] [Render thread/INFO] [net.mcreator.tloa.TloaMod/]: Can Stamina:true
[26Jun2025 21:29:28.371] [Render thread/INFO] [net.mcreator.tloa.TloaMod/]: Max Stamina40.0
[26Jun2025 21:29:28.423] [Render thread/INFO] [net.mcreator.tloa.TloaMod/]: Current Stamina:40.2
[26Jun2025 21:29:28.423] [Render thread/INFO] [net.mcreator.tloa.TloaMod/]: Rounded Stamina40
[26Jun2025 21:29:28.423] [Render thread/INFO] [net.mcreator.tloa.TloaMod/]: Can Stamina:true
[26Jun2025 21:29:28.423] [Render thread/INFO] [net.mcreator.tloa.TloaMod/]: Max Stamina40.0
[26Jun2025 21:29:28.469] [Render thread/INFO] [net.mcreator.tloa.TloaMod/]: Current Stamina:40.2
[26Jun2025 21:29:28.469] [Render thread/INFO] [net.mcreator.tloa.TloaMod/]: Rounded Stamina40
[26Jun2025 21:29:28.469] [Render thread/INFO] [net.mcreator.tloa.TloaMod/]: Can Stamina:true
[26Jun2025 21:29:28.469] [Render thread/INFO] [net.mcreator.tloa.TloaMod/]: Max Stamina40.0
[26Jun2025 21:29:28.523] [Render thread/INFO] [net.mcreator.tloa.TloaMod/]: Current Stamina:40.2
[26Jun2025 21:29:28.523] [Render thread/INFO] [net.mcreator.tloa.TloaMod/]: Rounded Stamina40
[26Jun2025 21:29:28.523] [Render thread/INFO] [net.mcreator.tloa.TloaMod/]: Can Stamina:true
[26Jun2025 21:29:28.523] [Render thread/INFO] [net.mcreator.tloa.TloaMod/]: Max Stamina40.0
[26Jun2025 21:29:28.571] [Render thread/INFO] [net.mcreator.tloa.TloaMod/]: Current Stamina:40.2
[26Jun2025 21:29:28.572] [Render thread/INFO] [net.mcreator.tloa.TloaMod/]: Rounded Stamina40
[26Jun2025 21:29:28.572] [Render thread/INFO] [net.mcreator.tloa.TloaMod/]: Can Stamina:true
[26Jun2025 21:29:28.572] [Render thread/INFO] [net.mcreator.tloa.TloaMod/]: Max Stamina40.0
[26Jun2025 21:29:28.596] [Server thread/INFO] [net.mcreator.tloa.TloaMod/]: Current Stamina:40.2
[26Jun2025 21:29:28.596] [Server thread/INFO] [net.mcreator.tloa.TloaMod/]: Rounded Stamina40
[26Jun2025 21:29:28.597] [Server thread/INFO] [net.mcreator.tloa.TloaMod/]: Can Stamina:true
[26Jun2025 21:29:28.597] [Server thread/INFO] [net.mcreator.tloa.TloaMod/]: Max Stamina40.0
[26Jun2025 21:29:28.620] [Render thread/INFO] [net.mcreator.tloa.TloaMod/]: Current Stamina:40.2
[26Jun2025 21:29:28.621] [Render thread/INFO] [net.mcreator.tloa.TloaMod/]: Rounded Stamina40
[26Jun2025 21:29:28.621] [Render thread/INFO] [net.mcreator.tloa.TloaMod/]: Can Stamina:true
[26Jun2025 21:29:28.621] [Render thread/INFO] [net.mcreator.tloa.TloaMod/]: Max Stamina40.0
[26Jun2025 21:29:28.625] [Server thread/INFO] [net.mcreator.tloa.TloaMod/]: Current Stamina:40.2
[26Jun2025 21:29:28.625] [Server thread/INFO] [net.mcreator.tloa.TloaMod/]: Rounded Stamina40
[26Jun2025 21:29:28.625] [Server thread/INFO] [net.mcreator.tloa.TloaMod/]: Can Stamina:true
[26Jun2025 21:29:28.625] [Server thread/INFO] [net.mcreator.tloa.TloaMod/]: Max Stamina40.0
[26Jun2025 21:29:28.651] [Server thread/INFO] [net.mcreator.tloa.TloaMod/]: Current Stamina:40.2
[26Jun2025 21:29:28.652] [Server thread/INFO] [net.mcreator.tloa.TloaMod/]: Rounded Stamina40
[26Jun2025 21:29:28.652] [Server thread/INFO] [net.mcreator.tloa.TloaMod/]: Can Stamina:true
[26Jun2025 21:29:28.652] [Server thread/INFO] [net.mcreator.tloa.TloaMod/]: Max Stamina40.0
[26Jun2025 21:29:28.670] [Render thread/INFO] [net.mcreator.tloa.TloaMod/]: Current Stamina:40.2
[26Jun2025 21:29:28.671] [Render thread/INFO] [net.mcreator.tloa.TloaMod/]: Rounded Stamina40
[26Jun2025 21:29:28.671] [Render thread/INFO] [net.mcreator.tloa.TloaMod/]: Can Stamina:true
[26Jun2025 21:29:28.671] [Render thread/INFO] [net.mcreator.tloa.TloaMod/]: Max Stamina40.0
[26Jun2025 21:29:28.722] [Render thread/INFO] [net.mcreator.tloa.TloaMod/]: Current Stamina:40.2
[26Jun2025 21:29:28.722] [Render thread/INFO] [net.mcreator.tloa.TloaMod/]: Rounded Stamina40
[26Jun2025 21:29:28.722] [Render thread/INFO] [net.mcreator.tloa.TloaMod/]: Can Stamina:true
[26Jun2025 21:29:28.722] [Server thread/INFO] [net.mcreator.tloa.TloaMod/]: Current Stamina:40.2
[26Jun2025 21:29:28.722] [Render thread/INFO] [net.mcreator.tloa.TloaMod/]: Max Stamina40.0
[26Jun2025 21:29:28.722] [Server thread/INFO] [net.mcreator.tloa.TloaMod/]: Rounded Stamina40
[26Jun2025 21:29:28.722] [Server thread/INFO] [net.mcreator.tloa.TloaMod/]: Can Stamina:true
[26Jun2025 21:29:28.723] [Server thread/INFO] [net.mcreator.tloa.TloaMod/]: Max Stamina40.0
[26Jun2025 21:29:28.742] [Server thread/INFO] [net.mcreator.tloa.TloaMod/]: Current Stamina:40.2
[26Jun2025 21:29:28.742] [Server thread/INFO] [net.mcreator.tloa.TloaMod/]: Rounded Stamina40
[26Jun2025 21:29:28.742] [Server thread/INFO] [net.mcreator.tloa.TloaMod/]: Can Stamina:true
[26Jun2025 21:29:28.742] [Server thread/INFO] [net.mcreator.tloa.TloaMod/]: Max Stamina40.0
[26Jun2025 21:29:28.762] [Server thread/INFO] [net.mcreator.tloa.TloaMod/]: Current Stamina:40.2
[26Jun2025 21:29:28.762] [Server thread/INFO] [net.mcreator.tloa.TloaMod/]: Rounded Stamina40
[26Jun2025 21:29:28.763] [Server thread/INFO] [net.mcreator.tloa.TloaMod/]: Can Stamina:true
[26Jun2025 21:29:28.763] [Server thread/INFO] [net.mcreator.tloa.TloaMod/]: Max Stamina40.0
[26Jun2025 21:29:28.772] [Render thread/INFO] [net.mcreator.tloa.TloaMod/]: Current Stamina:40.2
[26Jun2025 21:29:28.772] [Render thread/INFO] [net.mcreator.tloa.TloaMod/]: Rounded Stamina40
[26Jun2025 21:29:28.772] [Render thread/INFO] [net.mcreator.tloa.TloaMod/]: Can Stamina:true
[26Jun2025 21:29:28.772] [Render thread/INFO] [net.mcreator.tloa.TloaMod/]: Max Stamina40.0
[26Jun2025 21:29:28.778] [Server thread/INFO] [net.mcreator.tloa.TloaMod/]: Current Stamina:40.2
[26Jun2025 21:29:28.779] [Server thread/INFO] [net.mcreator.tloa.TloaMod/]: Rounded Stamina40
[26Jun2025 21:29:28.779] [Server thread/INFO] [net.mcreator.tloa.TloaMod/]: Can Stamina:true
[26Jun2025 21:29:28.779] [Server thread/INFO] [net.mcreator.tloa.TloaMod/]: Max Stamina40.0
[26Jun2025 21:29:28.797] [Server thread/INFO] [net.mcreator.tloa.TloaMod/]: Current Stamina:40.2
[26Jun2025 21:29:28.797] [Server thread/INFO] [net.mcreator.tloa.TloaMod/]: Rounded Stamina40
[26Jun2025 21:29:28.797] [Server thread/INFO] [net.mcreator.tloa.TloaMod/]: Can Stamina:true
[26Jun2025 21:29:28.798] [Server thread/INFO] [net.mcreator.tloa.TloaMod/]: Max Stamina40.0
[26Jun2025 21:29:28.815] [Server thread/INFO] [net.mcreator.tloa.TloaMod/]: Current Stamina:40.2
[26Jun2025 21:29:28.815] [Server thread/INFO] [net.mcreator.tloa.TloaMod/]: Rounded Stamina40
[26Jun2025 21:29:28.815] [Server thread/INFO] [net.mcreator.tloa.TloaMod/]: Can Stamina:true
[26Jun2025 21:29:28.815] [Server thread/INFO] [net.mcreator.tloa.TloaMod/]: Max Stamina40.0
[26Jun2025 21:29:28.824] [Render thread/INFO] [net.mcreator.tloa.TloaMod/]: Current Stamina:40.2
[26Jun2025 21:29:28.824] [Render thread/INFO] [net.mcreator.tloa.TloaMod/]: Rounded Stamina40
[26Jun2025 21:29:28.824] [Render thread/INFO] [net.mcreator.tloa.TloaMod/]: Can Stamina:true
[26Jun2025 21:29:28.824] [Render thread/INFO] [net.mcreator.tloa.TloaMod/]: Max Stamina40.0
[26Jun2025 21:29:28.830] [Server thread/INFO] [net.mcreator.tloa.TloaMod/]: Current Stamina:40.2
[26Jun2025 21:29:28.831] [Server thread/INFO] [net.mcreator.tloa.TloaMod/]: Rounded Stamina40
[26Jun2025 21:29:28.831] [Server thread/INFO] [net.mcreator.tloa.TloaMod/]: Can Stamina:true
[26Jun2025 21:29:28.831] [Server thread/INFO] [net.mcreator.tloa.TloaMod/]: Max Stamina40.0
[26Jun2025 21:29:28.845] [Server thread/INFO] [net.mcreator.tloa.TloaMod/]: Current Stamina:40.2
[26Jun2025 21:29:28.845] [Server thread/INFO] [net.mcreator.tloa.TloaMod/]: Rounded Stamina40
[26Jun2025 21:29:28.846] [Server thread/INFO] [net.mcreator.tloa.TloaMod/]: Can Stamina:true
[26Jun2025 21:29:28.846] [Server thread/INFO] [net.mcreator.tloa.TloaMod/]: Max Stamina40.0
[26Jun2025 21:29:28.869] [Server thread/INFO] [net.mcreator.tloa.TloaMod/]: Current Stamina:40.2
[26Jun2025 21:29:28.869] [Server thread/INFO] [net.mcreator.tloa.TloaMod/]: Rounded Stamina40
[26Jun2025 21:29:28.869] [Server thread/INFO] [net.mcreator.tloa.TloaMod/]: Can Stamina:true
[26Jun2025 21:29:28.869] [Server thread/INFO] [net.mcreator.tloa.TloaMod/]: Max Stamina40.0
[26Jun2025 21:29:28.871] [Render thread/INFO] [net.mcreator.tloa.TloaMod/]: Current Stamina:40.2
[26Jun2025 21:29:28.871] [Render thread/INFO] [net.mcreator.tloa.TloaMod/]: Rounded Stamina40
[26Jun2025 21:29:28.871] [Render thread/INFO] [net.mcreator.tloa.TloaMod/]: Can Stamina:true
[26Jun2025 21:29:28.871] [Render thread/INFO] [net.mcreator.tloa.TloaMod/]: Max Stamina40.0
[26Jun2025 21:29:28.882] [Server thread/INFO] [net.mcreator.tloa.TloaMod/]: Current Stamina:40.2
[26Jun2025 21:29:28.882] [Server thread/INFO] [net.mcreator.tloa.TloaMod/]: Rounded Stamina40
[26Jun2025 21:29:28.882] [Server thread/INFO] [net.mcreator.tloa.TloaMod/]: Can Stamina:true
[26Jun2025 21:29:28.882] [Server thread/INFO] [net.mcreator.tloa.TloaMod/]: Max Stamina40.0
[26Jun2025 21:29:28.901] [Server thread/INFO] [net.mcreator.tloa.TloaMod/]: Current Stamina:40.2
[26Jun2025 21:29:28.901] [Server thread/INFO] [net.mcreator.tloa.TloaMod/]: Rounded Stamina40
[26Jun2025 21:29:28.902] [Server thread/INFO] [net.mcreator.tloa.TloaMod/]: Can Stamina:true
[26Jun2025 21:29:28.902] [Server thread/INFO] [net.mcreator.tloa.TloaMod/]: Max Stamina40.0
[26Jun2025 21:29:28.924] [Server thread/INFO] [net.mcreator.tloa.TloaMod/]: Current Stamina:40.2
[26Jun2025 21:29:28.925] [Server thread/INFO] [net.mcreator.tloa.TloaMod/]: Rounded Stamina40
[26Jun2025 21:29:28.925] [Server thread/INFO] [net.mcreator.tloa.TloaMod/]: Can Stamina:true
[26Jun2025 21:29:28.925] [Server thread/INFO] [net.mcreator.tloa.TloaMod/]: Max Stamina40.0
[26Jun2025 21:29:28.925] [Render thread/INFO] [net.mcreator.tloa.TloaMod/]: Current Stamina:40.2
[26Jun2025 21:29:28.926] [Render thread/INFO] [net.mcreator.tloa.TloaMod/]: Rounded Stamina40
[26Jun2025 21:29:28.926] [Render thread/INFO] [net.mcreator.tloa.TloaMod/]: Can Stamina:true
[26Jun2025 21:29:28.926] [Render thread/INFO] [net.mcreator.tloa.TloaMod/]: Max Stamina40.0
[26Jun2025 21:29:28.945] [Server thread/INFO] [net.mcreator.tloa.TloaMod/]: Current Stamina:40.2
[26Jun2025 21:29:28.945] [Server thread/INFO] [net.mcreator.tloa.TloaMod/]: Rounded Stamina40
[26Jun2025 21:29:28.945] [Server thread/INFO] [net.mcreator.tloa.TloaMod/]: Can Stamina:true
[26Jun2025 21:29:28.946] [Server thread/INFO] [net.mcreator.tloa.TloaMod/]: Max Stamina40.0
[26Jun2025 21:29:28.962] [Server thread/INFO] [net.mcreator.tloa.TloaMod/]: Current Stamina:40.2
[26Jun2025 21:29:28.963] [Server thread/INFO] [net.mcreator.tloa.TloaMod/]: Rounded Stamina40
[26Jun2025 21:29:28.963] [Server thread/INFO] [net.mcreator.tloa.TloaMod/]: Can Stamina:true
[26Jun2025 21:29:28.963] [Server thread/INFO] [net.mcreator.tloa.TloaMod/]: Max Stamina40.0
[26Jun2025 21:29:28.972] [Render thread/INFO] [net.mcreator.tloa.TloaMod/]: Current Stamina:40.2
[26Jun2025 21:29:28.974] [Render thread/INFO] [net.mcreator.tloa.TloaMod/]: Rounded Stamina40
[26Jun2025 21:29:28.974] [Render thread/INFO] [net.mcreator.tloa.TloaMod/]: Can Stamina:true
[26Jun2025 21:29:28.974] [Render thread/INFO] [net.mcreator.tloa.TloaMod/]: Max Stamina40.0
[26Jun2025 21:29:28.981] [Server thread/INFO] [net.mcreator.tloa.TloaMod/]: Current Stamina:40.2
[26Jun2025 21:29:28.982] [Server thread/INFO] [net.mcreator.tloa.TloaMod/]: Rounded Stamina40
[26Jun2025 21:29:28.982] [Server thread/INFO] [net.mcreator.tloa.TloaMod/]: Can Stamina:true
[26Jun2025 21:29:28.982] [Server thread/INFO] [net.mcreator.tloa.TloaMod/]: Max Stamina40.0
[26Jun2025 21:29:28.995] [Server thread/INFO] [net.mcreator.tloa.TloaMod/]: Current Stamina:40.2
[26Jun2025 21:29:28.995] [Server thread/INFO] [net.mcreator.tloa.TloaMod/]: Rounded Stamina40
[26Jun2025 21:29:28.995] [Server thread/INFO] [net.mcreator.tloa.TloaMod/]: Can Stamina:true
[26Jun2025 21:29:28.995] [Server thread/INFO] [net.mcreator.tloa.TloaMod/]: Max Stamina40.0
[26Jun2025 21:29:29.023] [Render thread/INFO] [net.mcreator.tloa.TloaMod/]: Current Stamina:40.2
[26Jun2025 21:29:29.023] [Render thread/INFO] [net.mcreator.tloa.TloaMod/]: Rounded Stamina40
[26Jun2025 21:29:29.023] [Render thread/INFO] [net.mcreator.tloa.TloaMod/]: Can Stamina:true
[26Jun2025 21:29:29.023] [Render thread/INFO] [net.mcreator.tloa.TloaMod/]: Max Stamina40.0
[26Jun2025 21:29:29.028] [Server thread/INFO] [net.mcreator.tloa.TloaMod/]: Current Stamina:40.2
[26Jun2025 21:29:29.029] [Server thread/INFO] [net.mcreator.tloa.TloaMod/]: Rounded Stamina40
[26Jun2025 21:29:29.029] [Server thread/INFO] [net.mcreator.tloa.TloaMod/]: Can Stamina:true
[26Jun2025 21:29:29.029] [Server thread/INFO] [net.mcreator.tloa.TloaMod/]: Max Stamina40.0
[26Jun2025 21:29:29.048] [Server thread/INFO] [net.mcreator.tloa.TloaMod/]: Current Stamina:40.2
[26Jun2025 21:29:29.049] [Server thread/INFO] [net.mcreator.tloa.TloaMod/]: Rounded Stamina40
[26Jun2025 21:29:29.049] [Server thread/INFO] [net.mcreator.tloa.TloaMod/]: Can Stamina:true
[26Jun2025 21:29:29.049] [Server thread/INFO] [net.mcreator.tloa.TloaMod/]: Max Stamina40.0
[26Jun2025 21:29:29.069] [Render thread/INFO] [net.mcreator.tloa.TloaMod/]: Current Stamina:40.2
[26Jun2025 21:29:29.070] [Render thread/INFO] [net.mcreator.tloa.TloaMod/]: Rounded Stamina40
[26Jun2025 21:29:29.070] [Render thread/INFO] [net.mcreator.tloa.TloaMod/]: Can Stamina:true
[26Jun2025 21:29:29.070] [Render thread/INFO] [net.mcreator.tloa.TloaMod/]: Max Stamina40.0
[26Jun2025 21:29:29.117] [Server thread/INFO] [net.mcreator.tloa.TloaMod/]: Current Stamina:40.2
[26Jun2025 21:29:29.117] [Server thread/INFO] [net.mcreator.tloa.TloaMod/]: Rounded Stamina40
[26Jun2025 21:29:29.117] [Server thread/INFO] [net.mcreator.tloa.TloaMod/]: Can Stamina:true
[26Jun2025 21:29:29.117] [Server thread/INFO] [net.mcreator.tloa.TloaMod/]: Max Stamina40.0
[26Jun2025 21:29:29.120] [Render thread/INFO] [net.mcreator.tloa.TloaMod/]: Current Stamina:40.2
[26Jun2025 21:29:29.120] [Render thread/INFO] [net.mcreator.tloa.TloaMod/]: Rounded Stamina40
[26Jun2025 21:29:29.120] [Render thread/INFO] [net.mcreator.tloa.TloaMod/]: Can Stamina:true
[26Jun2025 21:29:29.120] [Render thread/INFO] [net.mcreator.tloa.TloaMod/]: Max Stamina40.0
[26Jun2025 21:29:29.144] [Server thread/INFO] [net.mcreator.tloa.TloaMod/]: Current Stamina:40.2
[26Jun2025 21:29:29.144] [Server thread/INFO] [net.mcreator.tloa.TloaMod/]: Rounded Stamina40
[26Jun2025 21:29:29.144] [Server thread/INFO] [net.mcreator.tloa.TloaMod/]: Can Stamina:true
[26Jun2025 21:29:29.145] [Server thread/INFO] [net.mcreator.tloa.TloaMod/]: Max Stamina40.0
[26Jun2025 21:29:29.172] [Render thread/INFO] [net.mcreator.tloa.TloaMod/]: Current Stamina:40.2
[26Jun2025 21:29:29.173] [Render thread/INFO] [net.mcreator.tloa.TloaMod/]: Rounded Stamina40
[26Jun2025 21:29:29.173] [Render thread/INFO] [net.mcreator.tloa.TloaMod/]: Can Stamina:true
[26Jun2025 21:29:29.173] [Render thread/INFO] [net.mcreator.tloa.TloaMod/]: Max Stamina40.0
[26Jun2025 21:29:29.219] [Server thread/INFO] [net.mcreator.tloa.TloaMod/]: Current Stamina:40.2
[26Jun2025 21:29:29.219] [Server thread/INFO] [net.mcreator.tloa.TloaMod/]: Rounded Stamina40
[26Jun2025 21:29:29.219] [Server thread/INFO] [net.mcreator.tloa.TloaMod/]: Can Stamina:true
[26Jun2025 21:29:29.220] [Server thread/INFO] [net.mcreator.tloa.TloaMod/]: Max Stamina40.0
[26Jun2025 21:29:29.232] [Render thread/INFO] [net.mcreator.tloa.TloaMod/]: Current Stamina:40.2
[26Jun2025 21:29:29.232] [Render thread/INFO] [net.mcreator.tloa.TloaMod/]: Rounded Stamina40
[26Jun2025 21:29:29.232] [Render thread/INFO] [net.mcreator.tloa.TloaMod/]: Can Stamina:true
[26Jun2025 21:29:29.233] [Render thread/INFO] [net.mcreator.tloa.TloaMod/]: Max Stamina40.0
[26Jun2025 21:29:29.234] [Server thread/INFO] [net.mcreator.tloa.TloaMod/]: Current Stamina:40.2
[26Jun2025 21:29:29.235] [Server thread/INFO] [net.mcreator.tloa.TloaMod/]: Rounded Stamina40
[26Jun2025 21:29:29.235] [Server thread/INFO] [net.mcreator.tloa.TloaMod/]: Can Stamina:true
[26Jun2025 21:29:29.235] [Server thread/INFO] [net.mcreator.tloa.TloaMod/]: Max Stamina40.0
[26Jun2025 21:29:29.273] [Render thread/INFO] [net.mcreator.tloa.TloaMod/]: Current Stamina:40.2
[26Jun2025 21:29:29.273] [Render thread/INFO] [net.mcreator.tloa.TloaMod/]: Rounded Stamina40
[26Jun2025 21:29:29.273] [Render thread/INFO] [net.mcreator.tloa.TloaMod/]: Can Stamina:true
[26Jun2025 21:29:29.273] [Render thread/INFO] [net.mcreator.tloa.TloaMod/]: Max Stamina40.0
[26Jun2025 21:29:29.301] [Server thread/INFO] [net.mcreator.tloa.TloaMod/]: Current Stamina:40.2
[26Jun2025 21:29:29.301] [Server thread/INFO] [net.mcreator.tloa.TloaMod/]: Rounded Stamina40
[26Jun2025 21:29:29.301] [Server thread/INFO] [net.mcreator.tloa.TloaMod/]: Can Stamina:true
[26Jun2025 21:29:29.301] [Server thread/INFO] [net.mcreator.tloa.TloaMod/]: Max Stamina40.0
[26Jun2025 21:29:29.333] [Render thread/INFO] [net.mcreator.tloa.TloaMod/]: Current Stamina:40.2
[26Jun2025 21:29:29.334] [Render thread/INFO] [net.mcreator.tloa.TloaMod/]: Rounded Stamina40
[26Jun2025 21:29:29.334] [Render thread/INFO] [net.mcreator.tloa.TloaMod/]: Can Stamina:true
[26Jun2025 21:29:29.334] [Render thread/INFO] [net.mcreator.tloa.TloaMod/]: Max Stamina40.0
[26Jun2025 21:29:29.370] [Render thread/INFO] [net.mcreator.tloa.TloaMod/]: Current Stamina:40.2
[26Jun2025 21:29:29.370] [Render thread/INFO] [net.mcreator.tloa.TloaMod/]: Rounded Stamina40
[26Jun2025 21:29:29.370] [Render thread/INFO] [net.mcreator.tloa.TloaMod/]: Can Stamina:true
[26Jun2025 21:29:29.371] [Render thread/INFO] [net.mcreator.tloa.TloaMod/]: Max Stamina40.0
[26Jun2025 21:29:29.423] [Render thread/INFO] [net.mcreator.tloa.TloaMod/]: Current Stamina:40.2
[26Jun2025 21:29:29.424] [Render thread/INFO] [net.mcreator.tloa.TloaMod/]: Rounded Stamina40
[26Jun2025 21:29:29.424] [Render thread/INFO] [net.mcreator.tloa.TloaMod/]: Can Stamina:true
[26Jun2025 21:29:29.424] [Render thread/INFO] [net.mcreator.tloa.TloaMod/]: Max Stamina40.0
[26Jun2025 21:29:29.473] [Render thread/INFO] [net.mcreator.tloa.TloaMod/]: Current Stamina:40.2
[26Jun2025 21:29:29.474] [Render thread/INFO] [net.mcreator.tloa.TloaMod/]: Rounded Stamina40
[26Jun2025 21:29:29.474] [Render thread/INFO] [net.mcreator.tloa.TloaMod/]: Can Stamina:true
[26Jun2025 21:29:29.474] [Render thread/INFO] [net.mcreator.tloa.TloaMod/]: Max Stamina40.0
[26Jun2025 21:29:29.521] [Render thread/INFO] [net.mcreator.tloa.TloaMod/]: Current Stamina:40.2
[26Jun2025 21:29:29.522] [Render thread/INFO] [net.mcreator.tloa.TloaMod/]: Rounded Stamina40
[26Jun2025 21:29:29.522] [Render thread/INFO] [net.mcreator.tloa.TloaMod/]: Can Stamina:true
[26Jun2025 21:29:29.522] [Render thread/INFO] [net.mcreator.tloa.TloaMod/]: Max Stamina40.0
[26Jun2025 21:29:29.549] [Server thread/INFO] [net.mcreator.tloa.TloaMod/]: Current Stamina:40.2
[26Jun2025 21:29:29.550] [Server thread/INFO] [net.mcreator.tloa.TloaMod/]: Rounded Stamina40
[26Jun2025 21:29:29.550] [Server thread/INFO] [net.mcreator.tloa.TloaMod/]: Can Stamina:true
[26Jun2025 21:29:29.550] [Server thread/INFO] [net.mcreator.tloa.TloaMod/]: Max Stamina40.0
[26Jun2025 21:29:29.585] [Render thread/INFO] [net.mcreator.tloa.TloaMod/]: Current Stamina:40.2
[26Jun2025 21:29:29.586] [Render thread/INFO] [net.mcreator.tloa.TloaMod/]: Rounded Stamina40
[26Jun2025 21:29:29.586] [Render thread/INFO] [net.mcreator.tloa.TloaMod/]: Can Stamina:true
[26Jun2025 21:29:29.612] [Render thread/INFO] [net.mcreator.tloa.TloaMod/]: Max Stamina40.0
[26Jun2025 21:29:29.631] [Server thread/INFO] [net.mcreator.tloa.TloaMod/]: Current Stamina:40.2
[26Jun2025 21:29:29.631] [Server thread/INFO] [net.mcreator.tloa.TloaMod/]: Rounded Stamina40
[26Jun2025 21:29:29.632] [Server thread/INFO] [net.mcreator.tloa.TloaMod/]: Can Stamina:true
[26Jun2025 21:29:29.632] [Render thread/INFO] [net.mcreator.tloa.TloaMod/]: Current Stamina:40.2
[26Jun2025 21:29:29.632] [Server thread/INFO] [net.mcreator.tloa.TloaMod/]: Max Stamina40.0
[26Jun2025 21:29:29.632] [Render thread/INFO] [net.mcreator.tloa.TloaMod/]: Rounded Stamina40
[26Jun2025 21:29:29.632] [Render thread/INFO] [net.mcreator.tloa.TloaMod/]: Can Stamina:true
[26Jun2025 21:29:29.632] [Render thread/INFO] [net.mcreator.tloa.TloaMod/]: Max Stamina40.0
[26Jun2025 21:29:29.652] [Server thread/INFO] [net.mcreator.tloa.TloaMod/]: Current Stamina:40.2
[26Jun2025 21:29:29.653] [Server thread/INFO] [net.mcreator.tloa.TloaMod/]: Rounded Stamina40
[26Jun2025 21:29:29.653] [Server thread/INFO] [net.mcreator.tloa.TloaMod/]: Can Stamina:true
[26Jun2025 21:29:29.653] [Server thread/INFO] [net.mcreator.tloa.TloaMod/]: Max Stamina40.0
[26Jun2025 21:29:29.671] [Render thread/INFO] [net.mcreator.tloa.TloaMod/]: Current Stamina:40.2
[26Jun2025 21:29:29.671] [Render thread/INFO] [net.mcreator.tloa.TloaMod/]: Rounded Stamina40
[26Jun2025 21:29:29.672] [Render thread/INFO] [net.mcreator.tloa.TloaMod/]: Can Stamina:true
[26Jun2025 21:29:29.672] [Render thread/INFO] [net.mcreator.tloa.TloaMod/]: Max Stamina40.0
[26Jun2025 21:29:29.674] [Server thread/INFO] [net.mcreator.tloa.TloaMod/]: Current Stamina:40.2
[26Jun2025 21:29:29.674] [Server thread/INFO] [net.mcreator.tloa.TloaMod/]: Rounded Stamina40
[26Jun2025 21:29:29.674] [Server thread/INFO] [net.mcreator.tloa.TloaMod/]: Can Stamina:true
[26Jun2025 21:29:29.674] [Server thread/INFO] [net.mcreator.tloa.TloaMod/]: Max Stamina40.0
[26Jun2025 21:29:29.686] [Server thread/INFO] [net.mcreator.tloa.TloaMod/]: Current Stamina:40.2
[26Jun2025 21:29:29.686] [Server thread/INFO] [net.mcreator.tloa.TloaMod/]: Rounded Stamina40
[26Jun2025 21:29:29.686] [Server thread/INFO] [net.mcreator.tloa.TloaMod/]: Can Stamina:true
[26Jun2025 21:29:29.687] [Server thread/INFO] [net.mcreator.tloa.TloaMod/]: Max Stamina40.0
[26Jun2025 21:29:29.699] [Server thread/INFO] [net.mcreator.tloa.TloaMod/]: Current Stamina:40.2
[26Jun2025 21:29:29.699] [Server thread/INFO] [net.mcreator.tloa.TloaMod/]: Rounded Stamina40
[26Jun2025 21:29:29.699] [Server thread/INFO] [net.mcreator.tloa.TloaMod/]: Can Stamina:true
[26Jun2025 21:29:29.699] [Server thread/INFO] [net.mcreator.tloa.TloaMod/]: Max Stamina40.0
[26Jun2025 21:29:29.717] [Server thread/INFO] [net.mcreator.tloa.TloaMod/]: Current Stamina:40.2
[26Jun2025 21:29:29.717] [Server thread/INFO] [net.mcreator.tloa.TloaMod/]: Rounded Stamina40
[26Jun2025 21:29:29.717] [Server thread/INFO] [net.mcreator.tloa.TloaMod/]: Can Stamina:true
[26Jun2025 21:29:29.717] [Server thread/INFO] [net.mcreator.tloa.TloaMod/]: Max Stamina40.0
[26Jun2025 21:29:29.723] [Render thread/INFO] [net.mcreator.tloa.TloaMod/]: Current Stamina:40.2
[26Jun2025 21:29:29.723] [Render thread/INFO] [net.mcreator.tloa.TloaMod/]: Rounded Stamina40
[26Jun2025 21:29:29.723] [Render thread/INFO] [net.mcreator.tloa.TloaMod/]: Can Stamina:true
[26Jun2025 21:29:29.723] [Render thread/INFO] [net.mcreator.tloa.TloaMod/]: Max Stamina40.0
[26Jun2025 21:29:29.730] [Server thread/INFO] [net.mcreator.tloa.TloaMod/]: Current Stamina:40.2
[26Jun2025 21:29:29.731] [Server thread/INFO] [net.mcreator.tloa.TloaMod/]: Rounded Stamina40
[26Jun2025 21:29:29.731] [Server thread/INFO] [net.mcreator.tloa.TloaMod/]: Can Stamina:true
[26Jun2025 21:29:29.731] [Server thread/INFO] [net.mcreator.tloa.TloaMod/]: Max Stamina40.0
[26Jun2025 21:29:29.747] [Server thread/INFO] [net.mcreator.tloa.TloaMod/]: Current Stamina:40.2
[26Jun2025 21:29:29.748] [Server thread/INFO] [net.mcreator.tloa.TloaMod/]: Rounded Stamina40
[26Jun2025 21:29:29.748] [Server thread/INFO] [net.mcreator.tloa.TloaMod/]: Can Stamina:true
[26Jun2025 21:29:29.748] [Server thread/INFO] [net.mcreator.tloa.TloaMod/]: Max Stamina40.0
[26Jun2025 21:29:29.771] [Render thread/INFO] [net.mcreator.tloa.TloaMod/]: Current Stamina:40.2
[26Jun2025 21:29:29.771] [Render thread/INFO] [net.mcreator.tloa.TloaMod/]: Rounded Stamina40
[26Jun2025 21:29:29.771] [Render thread/INFO] [net.mcreator.tloa.TloaMod/]: Can Stamina:true
[26Jun2025 21:29:29.771] [Render thread/INFO] [net.mcreator.tloa.TloaMod/]: Max Stamina40.0
[26Jun2025 21:29:29.802] [Server thread/INFO] [net.mcreator.tloa.TloaMod/]: Current Stamina:40.2
[26Jun2025 21:29:29.803] [Server thread/INFO] [net.mcreator.tloa.TloaMod/]: Rounded Stamina40
[26Jun2025 21:29:29.803] [Server thread/INFO] [net.mcreator.tloa.TloaMod/]: Can Stamina:true
[26Jun2025 21:29:29.803] [Server thread/INFO] [net.mcreator.tloa.TloaMod/]: Max Stamina40.0
[26Jun2025 21:29:29.819] [Render thread/INFO] [net.mcreator.tloa.TloaMod/]: Current Stamina:40.2
[26Jun2025 21:29:29.820] [Render thread/INFO] [net.mcreator.tloa.TloaMod/]: Rounded Stamina40
[26Jun2025 21:29:29.820] [Render thread/INFO] [net.mcreator.tloa.TloaMod/]: Can Stamina:true
[26Jun2025 21:29:29.820] [Render thread/INFO] [net.mcreator.tloa.TloaMod/]: Max Stamina40.0
[26Jun2025 21:29:29.869] [Render thread/INFO] [net.mcreator.tloa.TloaMod/]: Current Stamina:40.2
[26Jun2025 21:29:29.870] [Render thread/INFO] [net.mcreator.tloa.TloaMod/]: Rounded Stamina40
[26Jun2025 21:29:29.870] [Render thread/INFO] [net.mcreator.tloa.TloaMod/]: Can Stamina:true
[26Jun2025 21:29:29.870] [Server thread/INFO] [net.mcreator.tloa.TloaMod/]: Current Stamina:40.2
[26Jun2025 21:29:29.870] [Render thread/INFO] [net.mcreator.tloa.TloaMod/]: Max Stamina40.0
[26Jun2025 21:29:29.870] [Server thread/INFO] [net.mcreator.tloa.TloaMod/]: Rounded Stamina40
[26Jun2025 21:29:29.870] [Server thread/INFO] [net.mcreator.tloa.TloaMod/]: Can Stamina:true
[26Jun2025 21:29:29.870] [Server thread/INFO] [net.mcreator.tloa.TloaMod/]: Max Stamina40.0
[26Jun2025 21:29:29.912] [Server thread/INFO] [net.mcreator.tloa.TloaMod/]: Current Stamina:40.2
[26Jun2025 21:29:29.913] [Server thread/INFO] [net.mcreator.tloa.TloaMod/]: Rounded Stamina40
[26Jun2025 21:29:29.913] [Server thread/INFO] [net.mcreator.tloa.TloaMod/]: Can Stamina:true
[26Jun2025 21:29:29.913] [Server thread/INFO] [net.mcreator.tloa.TloaMod/]: Max Stamina40.0
[26Jun2025 21:29:29.923] [Render thread/INFO] [net.mcreator.tloa.TloaMod/]: Current Stamina:40.2
[26Jun2025 21:29:29.923] [Render thread/INFO] [net.mcreator.tloa.TloaMod/]: Rounded Stamina40
[26Jun2025 21:29:29.923] [Render thread/INFO] [net.mcreator.tloa.TloaMod/]: Can Stamina:true
[26Jun2025 21:29:29.923] [Render thread/INFO] [net.mcreator.tloa.TloaMod/]: Max Stamina40.0
[26Jun2025 21:29:29.970] [Render thread/INFO] [net.mcreator.tloa.TloaMod/]: Current Stamina:40.2
[26Jun2025 21:29:29.971] [Render thread/INFO] [net.mcreator.tloa.TloaMod/]: Rounded Stamina40
[26Jun2025 21:29:29.971] [Render thread/INFO] [net.mcreator.tloa.TloaMod/]: Can Stamina:true
[26Jun2025 21:29:29.971] [Render thread/INFO] [net.mcreator.tloa.TloaMod/]: Max Stamina40.0
[26Jun2025 21:29:29.976] [Server thread/INFO] [net.mcreator.tloa.TloaMod/]: Current Stamina:40.2
[26Jun2025 21:29:29.976] [Server thread/INFO] [net.mcreator.tloa.TloaMod/]: Rounded Stamina40
[26Jun2025 21:29:29.976] [Server thread/INFO] [net.mcreator.tloa.TloaMod/]: Can Stamina:true
[26Jun2025 21:29:29.976] [Server thread/INFO] [net.mcreator.tloa.TloaMod/]: Max Stamina40.0
[26Jun2025 21:29:30.022] [Server thread/INFO] [net.mcreator.tloa.TloaMod/]: Current Stamina:40.2
[26Jun2025 21:29:30.022] [Render thread/INFO] [net.mcreator.tloa.TloaMod/]: Current Stamina:40.2
[26Jun2025 21:29:30.022] [Server thread/INFO] [net.mcreator.tloa.TloaMod/]: Rounded Stamina40
[26Jun2025 21:29:30.022] [Render thread/INFO] [net.mcreator.tloa.TloaMod/]: Rounded Stamina40
[26Jun2025 21:29:30.022] [Server thread/INFO] [net.mcreator.tloa.TloaMod/]: Can Stamina:true
[26Jun2025 21:29:30.022] [Render thread/INFO] [net.mcreator.tloa.TloaMod/]: Can Stamina:true
[26Jun2025 21:29:30.022] [Render thread/INFO] [net.mcreator.tloa.TloaMod/]: Max Stamina40.0
[26Jun2025 21:29:30.022] [Server thread/INFO] [net.mcreator.tloa.TloaMod/]: Max Stamina40.0
[26Jun2025 21:29:30.064] [Server thread/INFO] [net.mcreator.tloa.TloaMod/]: Current Stamina:40.2
[26Jun2025 21:29:30.064] [Server thread/INFO] [net.mcreator.tloa.TloaMod/]: Rounded Stamina40
[26Jun2025 21:29:30.064] [Server thread/INFO] [net.mcreator.tloa.TloaMod/]: Can Stamina:true
[26Jun2025 21:29:30.064] [Server thread/INFO] [net.mcreator.tloa.TloaMod/]: Max Stamina40.0
[26Jun2025 21:29:30.069] [Render thread/INFO] [net.mcreator.tloa.TloaMod/]: Current Stamina:40.2
[26Jun2025 21:29:30.069] [Render thread/INFO] [net.mcreator.tloa.TloaMod/]: Rounded Stamina40
[26Jun2025 21:29:30.069] [Render thread/INFO] [net.mcreator.tloa.TloaMod/]: Can Stamina:true
[26Jun2025 21:29:30.069] [Render thread/INFO] [net.mcreator.tloa.TloaMod/]: Max Stamina40.0
[26Jun2025 21:29:30.120] [Render thread/INFO] [net.mcreator.tloa.TloaMod/]: Current Stamina:40.2
[26Jun2025 21:29:30.120] [Render thread/INFO] [net.mcreator.tloa.TloaMod/]: Rounded Stamina40
[26Jun2025 21:29:30.120] [Render thread/INFO] [net.mcreator.tloa.TloaMod/]: Can Stamina:true
[26Jun2025 21:29:30.120] [Render thread/INFO] [net.mcreator.tloa.TloaMod/]: Max Stamina40.0
[26Jun2025 21:29:30.134] [Server thread/INFO] [net.mcreator.tloa.TloaMod/]: Current Stamina:40.2
[26Jun2025 21:29:30.134] [Server thread/INFO] [net.mcreator.tloa.TloaMod/]: Rounded Stamina40
[26Jun2025 21:29:30.135] [Server thread/INFO] [net.mcreator.tloa.TloaMod/]: Can Stamina:true
[26Jun2025 21:29:30.135] [Server thread/INFO] [net.mcreator.tloa.TloaMod/]: Max Stamina40.0
[26Jun2025 21:29:30.172] [Render thread/INFO] [net.mcreator.tloa.TloaMod/]: Current Stamina:40.2
[26Jun2025 21:29:30.173] [Render thread/INFO] [net.mcreator.tloa.TloaMod/]: Rounded Stamina40
[26Jun2025 21:29:30.173] [Render thread/INFO] [net.mcreator.tloa.TloaMod/]: Can Stamina:true
[26Jun2025 21:29:30.173] [Render thread/INFO] [net.mcreator.tloa.TloaMod/]: Max Stamina40.0
[26Jun2025 21:29:30.205] [Server thread/INFO] [net.mcreator.tloa.TloaMod/]: Current Stamina:40.2
[26Jun2025 21:29:30.205] [Server thread/INFO] [net.mcreator.tloa.TloaMod/]: Rounded Stamina40
[26Jun2025 21:29:30.206] [Server thread/INFO] [net.mcreator.tloa.TloaMod/]: Can Stamina:true
[26Jun2025 21:29:30.206] [Server thread/INFO] [net.mcreator.tloa.TloaMod/]: Max Stamina40.0
[26Jun2025 21:29:30.240] [Render thread/INFO] [net.mcreator.tloa.TloaMod/]: Current Stamina:40.2
[26Jun2025 21:29:30.240] [Render thread/INFO] [net.mcreator.tloa.TloaMod/]: Rounded Stamina40
[26Jun2025 21:29:30.240] [Render thread/INFO] [net.mcreator.tloa.TloaMod/]: Can Stamina:true
[26Jun2025 21:29:30.240] [Render thread/INFO] [net.mcreator.tloa.TloaMod/]: Max Stamina40.0
[26Jun2025 21:29:30.246] [Server thread/INFO] [net.mcreator.tloa.TloaMod/]: Current Stamina:40.2
[26Jun2025 21:29:30.246] [Server thread/INFO] [net.mcreator.tloa.TloaMod/]: Rounded Stamina40
[26Jun2025 21:29:30.246] [Server thread/INFO] [net.mcreator.tloa.TloaMod/]: Can Stamina:true
[26Jun2025 21:29:30.246] [Server thread/INFO] [net.mcreator.tloa.TloaMod/]: Max Stamina40.0
[26Jun2025 21:29:30.279] [Render thread/INFO] [net.mcreator.tloa.TloaMod/]: Current Stamina:40.2
[26Jun2025 21:29:30.279] [Render thread/INFO] [net.mcreator.tloa.TloaMod/]: Rounded Stamina40
[26Jun2025 21:29:30.279] [Render thread/INFO] [net.mcreator.tloa.TloaMod/]: Can Stamina:true
[26Jun2025 21:29:30.279] [Render thread/INFO] [net.mcreator.tloa.TloaMod/]: Max Stamina40.0
[26Jun2025 21:29:30.320] [Render thread/INFO] [net.mcreator.tloa.TloaMod/]: Current Stamina:40.2
[26Jun2025 21:29:30.320] [Render thread/INFO] [net.mcreator.tloa.TloaMod/]: Rounded Stamina40
[26Jun2025 21:29:30.320] [Render thread/INFO] [net.mcreator.tloa.TloaMod/]: Can Stamina:true
[26Jun2025 21:29:30.320] [Render thread/INFO] [net.mcreator.tloa.TloaMod/]: Max Stamina40.0
[26Jun2025 21:29:30.320] [Server thread/INFO] [net.mcreator.tloa.TloaMod/]: Current Stamina:40.2
[26Jun2025 21:29:30.320] [Server thread/INFO] [net.mcreator.tloa.TloaMod/]: Rounded Stamina40
[26Jun2025 21:29:30.320] [Server thread/INFO] [net.mcreator.tloa.TloaMod/]: Can Stamina:true
[26Jun2025 21:29:30.320] [Server thread/INFO] [net.mcreator.tloa.TloaMod/]: Max Stamina40.0
[26Jun2025 21:29:30.369] [Render thread/INFO] [net.mcreator.tloa.TloaMod/]: Current Stamina:40.2
[26Jun2025 21:29:30.369] [Render thread/INFO] [net.mcreator.tloa.TloaMod/]: Rounded Stamina40
[26Jun2025 21:29:30.369] [Render thread/INFO] [net.mcreator.tloa.TloaMod/]: Can Stamina:true
[26Jun2025 21:29:30.369] [Render thread/INFO] [net.mcreator.tloa.TloaMod/]: Max Stamina40.0
[26Jun2025 21:29:30.390] [Server thread/INFO] [net.mcreator.tloa.TloaMod/]: Current Stamina:40.2
[26Jun2025 21:29:30.390] [Server thread/INFO] [net.mcreator.tloa.TloaMod/]: Rounded Stamina40
[26Jun2025 21:29:30.390] [Server thread/INFO] [net.mcreator.tloa.TloaMod/]: Can Stamina:true
[26Jun2025 21:29:30.390] [Server thread/INFO] [net.mcreator.tloa.TloaMod/]: Max Stamina40.0
[26Jun2025 21:29:30.421] [Render thread/INFO] [net.mcreator.tloa.TloaMod/]: Current Stamina:40.2
[26Jun2025 21:29:30.422] [Render thread/INFO] [net.mcreator.tloa.TloaMod/]: Rounded Stamina40
[26Jun2025 21:29:30.422] [Render thread/INFO] [net.mcreator.tloa.TloaMod/]: Can Stamina:true
[26Jun2025 21:29:30.422] [Render thread/INFO] [net.mcreator.tloa.TloaMod/]: Max Stamina40.0
[26Jun2025 21:29:30.459] [Server thread/INFO] [net.mcreator.tloa.TloaMod/]: Current Stamina:40.2
[26Jun2025 21:29:30.460] [Server thread/INFO] [net.mcreator.tloa.TloaMod/]: Rounded Stamina40
[26Jun2025 21:29:30.460] [Server thread/INFO] [net.mcreator.tloa.TloaMod/]: Can Stamina:true
[26Jun2025 21:29:30.460] [Server thread/INFO] [net.mcreator.tloa.TloaMod/]: Max Stamina40.0
[26Jun2025 21:29:30.471] [Render thread/INFO] [net.mcreator.tloa.TloaMod/]: Current Stamina:40.2
[26Jun2025 21:29:30.471] [Render thread/INFO] [net.mcreator.tloa.TloaMod/]: Rounded Stamina40
[26Jun2025 21:29:30.471] [Render thread/INFO] [net.mcreator.tloa.TloaMod/]: Can Stamina:true
[26Jun2025 21:29:30.471] [Render thread/INFO] [net.mcreator.tloa.TloaMod/]: Max Stamina40.0
[26Jun2025 21:29:30.522] [Render thread/INFO] [net.mcreator.tloa.TloaMod/]: Current Stamina:40.2
[26Jun2025 21:29:30.522] [Render thread/INFO] [net.mcreator.tloa.TloaMod/]: Rounded Stamina40
[26Jun2025 21:29:30.522] [Render thread/INFO] [net.mcreator.tloa.TloaMod/]: Can Stamina:true
[26Jun2025 21:29:30.522] [Render thread/INFO] [net.mcreator.tloa.TloaMod/]: Max Stamina40.0
[26Jun2025 21:29:30.525] [Server thread/INFO] [net.mcreator.tloa.TloaMod/]: Current Stamina:40.2
[26Jun2025 21:29:30.525] [Server thread/INFO] [net.mcreator.tloa.TloaMod/]: Rounded Stamina40
[26Jun2025 21:29:30.525] [Server thread/INFO] [net.mcreator.tloa.TloaMod/]: Can Stamina:true
[26Jun2025 21:29:30.525] [Server thread/INFO] [net.mcreator.tloa.TloaMod/]: Max Stamina40.0
[26Jun2025 21:29:30.570] [Render thread/INFO] [net.mcreator.tloa.TloaMod/]: Current Stamina:40.2
[26Jun2025 21:29:30.570] [Render thread/INFO] [net.mcreator.tloa.TloaMod/]: Rounded Stamina40
[26Jun2025 21:29:30.570] [Render thread/INFO] [net.mcreator.tloa.TloaMod/]: Can Stamina:true
[26Jun2025 21:29:30.570] [Render thread/INFO] [net.mcreator.tloa.TloaMod/]: Max Stamina40.0
[26Jun2025 21:29:30.591] [Server thread/INFO] [net.mcreator.tloa.TloaMod/]: Current Stamina:40.2
[26Jun2025 21:29:30.591] [Server thread/INFO] [net.mcreator.tloa.TloaMod/]: Rounded Stamina40
[26Jun2025 21:29:30.591] [Server thread/INFO] [net.mcreator.tloa.TloaMod/]: Can Stamina:true
[26Jun2025 21:29:30.592] [Server thread/INFO] [net.mcreator.tloa.TloaMod/]: Max Stamina40.0
[26Jun2025 21:29:30.620] [Render thread/INFO] [net.mcreator.tloa.TloaMod/]: Current Stamina:40.2
[26Jun2025 21:29:30.621] [Render thread/INFO] [net.mcreator.tloa.TloaMod/]: Rounded Stamina40
[26Jun2025 21:29:30.621] [Render thread/INFO] [net.mcreator.tloa.TloaMod/]: Can Stamina:true
[26Jun2025 21:29:30.621] [Render thread/INFO] [net.mcreator.tloa.TloaMod/]: Max Stamina40.0
[26Jun2025 21:29:30.671] [Render thread/INFO] [net.mcreator.tloa.TloaMod/]: Current Stamina:40.2
[26Jun2025 21:29:30.671] [Render thread/INFO] [net.mcreator.tloa.TloaMod/]: Rounded Stamina40
[26Jun2025 21:29:30.671] [Render thread/INFO] [net.mcreator.tloa.TloaMod/]: Can Stamina:true
[26Jun2025 21:29:30.671] [Render thread/INFO] [net.mcreator.tloa.TloaMod/]: Max Stamina40.0
[26Jun2025 21:29:30.692] [Server thread/INFO] [net.mcreator.tloa.TloaMod/]: Current Stamina:40.2
[26Jun2025 21:29:30.693] [Server thread/INFO] [net.mcreator.tloa.TloaMod/]: Rounded Stamina40
[26Jun2025 21:29:30.693] [Server thread/INFO] [net.mcreator.tloa.TloaMod/]: Can Stamina:true
[26Jun2025 21:29:30.693] [Server thread/INFO] [net.mcreator.tloa.TloaMod/]: Max Stamina40.0
[26Jun2025 21:29:30.710] [Server thread/INFO] [net.mcreator.tloa.TloaMod/]: Current Stamina:40.2
[26Jun2025 21:29:30.711] [Server thread/INFO] [net.mcreator.tloa.TloaMod/]: Rounded Stamina40
[26Jun2025 21:29:30.711] [Server thread/INFO] [net.mcreator.tloa.TloaMod/]: Can Stamina:true
[26Jun2025 21:29:30.711] [Server thread/INFO] [net.mcreator.tloa.TloaMod/]: Max Stamina40.0
[26Jun2025 21:29:30.719] [Render thread/INFO] [net.mcreator.tloa.TloaMod/]: Current Stamina:40.2
[26Jun2025 21:29:30.719] [Render thread/INFO] [net.mcreator.tloa.TloaMod/]: Rounded Stamina40
[26Jun2025 21:29:30.721] [Render thread/INFO] [net.mcreator.tloa.TloaMod/]: Can Stamina:true
[26Jun2025 21:29:30.721] [Render thread/INFO] [net.mcreator.tloa.TloaMod/]: Max Stamina40.0
[26Jun2025 21:29:30.729] [Server thread/INFO] [net.mcreator.tloa.TloaMod/]: Current Stamina:40.2
[26Jun2025 21:29:30.730] [Server thread/INFO] [net.mcreator.tloa.TloaMod/]: Rounded Stamina40
[26Jun2025 21:29:30.730] [Server thread/INFO] [net.mcreator.tloa.TloaMod/]: Can Stamina:true
[26Jun2025 21:29:30.730] [Server thread/INFO] [net.mcreator.tloa.TloaMod/]: Max Stamina40.0
[26Jun2025 21:29:30.743] [Server thread/INFO] [net.mcreator.tloa.TloaMod/]: Current Stamina:40.2
[26Jun2025 21:29:30.743] [Server thread/INFO] [net.mcreator.tloa.TloaMod/]: Rounded Stamina40
[26Jun2025 21:29:30.743] [Server thread/INFO] [net.mcreator.tloa.TloaMod/]: Can Stamina:true
[26Jun2025 21:29:30.743] [Server thread/INFO] [net.mcreator.tloa.TloaMod/]: Max Stamina40.0
[26Jun2025 21:29:30.758] [Server thread/INFO] [net.mcreator.tloa.TloaMod/]: Current Stamina:40.2
[26Jun2025 21:29:30.758] [Server thread/INFO] [net.mcreator.tloa.TloaMod/]: Rounded Stamina40
[26Jun2025 21:29:30.758] [Server thread/INFO] [net.mcreator.tloa.TloaMod/]: Can Stamina:true
[26Jun2025 21:29:30.758] [Server thread/INFO] [net.mcreator.tloa.TloaMod/]: Max Stamina40.0
[26Jun2025 21:29:30.770] [Render thread/INFO] [net.mcreator.tloa.TloaMod/]: Current Stamina:40.2
[26Jun2025 21:29:30.770] [Render thread/INFO] [net.mcreator.tloa.TloaMod/]: Rounded Stamina40
[26Jun2025 21:29:30.770] [Render thread/INFO] [net.mcreator.tloa.TloaMod/]: Can Stamina:true
[26Jun2025 21:29:30.770] [Render thread/INFO] [net.mcreator.tloa.TloaMod/]: Max Stamina40.0
[26Jun2025 21:29:30.775] [Server thread/INFO] [net.mcreator.tloa.TloaMod/]: Current Stamina:40.2
[26Jun2025 21:29:30.775] [Server thread/INFO] [net.mcreator.tloa.TloaMod/]: Rounded Stamina40
[26Jun2025 21:29:30.776] [Server thread/INFO] [net.mcreator.tloa.TloaMod/]: Can Stamina:true
[26Jun2025 21:29:30.776] [Server thread/INFO] [net.mcreator.tloa.TloaMod/]: Max Stamina40.0
[26Jun2025 21:29:30.821] [Render thread/INFO] [net.mcreator.tloa.TloaMod/]: Current Stamina:40.2
[26Jun2025 21:29:30.821] [Render thread/INFO] [net.mcreator.tloa.TloaMod/]: Rounded Stamina40
[26Jun2025 21:29:30.821] [Render thread/INFO] [net.mcreator.tloa.TloaMod/]: Can Stamina:true
[26Jun2025 21:29:30.821] [Render thread/INFO] [net.mcreator.tloa.TloaMod/]: Max Stamina40.0
[26Jun2025 21:29:30.823] [Server thread/INFO] [net.mcreator.tloa.TloaMod/]: Current Stamina:40.2
[26Jun2025 21:29:30.823] [Server thread/INFO] [net.mcreator.tloa.TloaMod/]: Rounded Stamina40
[26Jun2025 21:29:30.823] [Server thread/INFO] [net.mcreator.tloa.TloaMod/]: Can Stamina:true
[26Jun2025 21:29:30.823] [Server thread/INFO] [net.mcreator.tloa.TloaMod/]: Max Stamina40.0
[26Jun2025 21:29:30.845] [Server thread/INFO] [net.mcreator.tloa.TloaMod/]: Current Stamina:40.2
[26Jun2025 21:29:30.845] [Server thread/INFO] [net.mcreator.tloa.TloaMod/]: Rounded Stamina40
[26Jun2025 21:29:30.845] [Server thread/INFO] [net.mcreator.tloa.TloaMod/]: Can Stamina:true
[26Jun2025 21:29:30.845] [Server thread/INFO] [net.mcreator.tloa.TloaMod/]: Max Stamina40.0
[26Jun2025 21:29:30.870] [Render thread/INFO] [net.mcreator.tloa.TloaMod/]: Current Stamina:40.2
[26Jun2025 21:29:30.870] [Render thread/INFO] [net.mcreator.tloa.TloaMod/]: Rounded Stamina40
[26Jun2025 21:29:30.870] [Render thread/INFO] [net.mcreator.tloa.TloaMod/]: Can Stamina:true
[26Jun2025 21:29:30.870] [Render thread/INFO] [net.mcreator.tloa.TloaMod/]: Max Stamina40.0
[26Jun2025 21:29:30.891] [Server thread/INFO] [net.mcreator.tloa.TloaMod/]: Current Stamina:40.2
[26Jun2025 21:29:30.892] [Server thread/INFO] [net.mcreator.tloa.TloaMod/]: Rounded Stamina40
[26Jun2025 21:29:30.892] [Server thread/INFO] [net.mcreator.tloa.TloaMod/]: Can Stamina:true
[26Jun2025 21:29:30.892] [Server thread/INFO] [net.mcreator.tloa.TloaMod/]: Max Stamina40.0
[26Jun2025 21:29:30.922] [Render thread/INFO] [net.mcreator.tloa.TloaMod/]: Current Stamina:40.2
[26Jun2025 21:29:30.922] [Render thread/INFO] [net.mcreator.tloa.TloaMod/]: Rounded Stamina40
[26Jun2025 21:29:30.922] [Render thread/INFO] [net.mcreator.tloa.TloaMod/]: Can Stamina:true
[26Jun2025 21:29:30.922] [Render thread/INFO] [net.mcreator.tloa.TloaMod/]: Max Stamina40.0
[26Jun2025 21:29:30.937] [Server thread/INFO] [net.mcreator.tloa.TloaMod/]: Current Stamina:40.2
[26Jun2025 21:29:30.938] [Server thread/INFO] [net.mcreator.tloa.TloaMod/]: Rounded Stamina40
[26Jun2025 21:29:30.938] [Server thread/INFO] [net.mcreator.tloa.TloaMod/]: Can Stamina:true
[26Jun2025 21:29:30.938] [Server thread/INFO] [net.mcreator.tloa.TloaMod/]: Max Stamina40.0
[26Jun2025 21:29:30.969] [Render thread/INFO] [net.mcreator.tloa.TloaMod/]: Current Stamina:40.2
[26Jun2025 21:29:30.970] [Render thread/INFO] [net.mcreator.tloa.TloaMod/]: Rounded Stamina40
[26Jun2025 21:29:30.970] [Render thread/INFO] [net.mcreator.tloa.TloaMod/]: Can Stamina:true
[26Jun2025 21:29:30.970] [Render thread/INFO] [net.mcreator.tloa.TloaMod/]: Max Stamina40.0
[26Jun2025 21:29:30.985] [Server thread/INFO] [net.mcreator.tloa.TloaMod/]: Current Stamina:40.2
[26Jun2025 21:29:30.986] [Server thread/INFO] [net.mcreator.tloa.TloaMod/]: Rounded Stamina40
[26Jun2025 21:29:30.986] [Server thread/INFO] [net.mcreator.tloa.TloaMod/]: Can Stamina:true
[26Jun2025 21:29:30.986] [Server thread/INFO] [net.mcreator.tloa.TloaMod/]: Max Stamina40.0
[26Jun2025 21:29:31.020] [Render thread/INFO] [net.mcreator.tloa.TloaMod/]: Current Stamina:40.2
[26Jun2025 21:29:31.021] [Render thread/INFO] [net.mcreator.tloa.TloaMod/]: Rounded Stamina40
[26Jun2025 21:29:31.021] [Render thread/INFO] [net.mcreator.tloa.TloaMod/]: Can Stamina:true
[26Jun2025 21:29:31.021] [Render thread/INFO] [net.mcreator.tloa.TloaMod/]: Max Stamina40.0
[26Jun2025 21:29:31.048] [Server thread/INFO] [net.mcreator.tloa.TloaMod/]: Current Stamina:40.2
[26Jun2025 21:29:31.048] [Server thread/INFO] [net.mcreator.tloa.TloaMod/]: Rounded Stamina40
[26Jun2025 21:29:31.048] [Server thread/INFO] [net.mcreator.tloa.TloaMod/]: Can Stamina:true
[26Jun2025 21:29:31.048] [Server thread/INFO] [net.mcreator.tloa.TloaMod/]: Max Stamina40.0
[26Jun2025 21:29:31.072] [Render thread/INFO] [net.mcreator.tloa.TloaMod/]: Current Stamina:40.2
[26Jun2025 21:29:31.072] [Render thread/INFO] [net.mcreator.tloa.TloaMod/]: Rounded Stamina40
[26Jun2025 21:29:31.072] [Render thread/INFO] [net.mcreator.tloa.TloaMod/]: Can Stamina:true
[26Jun2025 21:29:31.072] [Render thread/INFO] [net.mcreator.tloa.TloaMod/]: Max Stamina40.0
[26Jun2025 21:29:31.083] [Server thread/INFO] [net.mcreator.tloa.TloaMod/]: Current Stamina:40.2
[26Jun2025 21:29:31.083] [Server thread/INFO] [net.mcreator.tloa.TloaMod/]: Rounded Stamina40
[26Jun2025 21:29:31.083] [Server thread/INFO] [net.mcreator.tloa.TloaMod/]: Can Stamina:true
[26Jun2025 21:29:31.084] [Server thread/INFO] [net.mcreator.tloa.TloaMod/]: Max Stamina40.0
[26Jun2025 21:29:31.120] [Render thread/INFO] [net.mcreator.tloa.TloaMod/]: Current Stamina:40.2
[26Jun2025 21:29:31.121] [Render thread/INFO] [net.mcreator.tloa.TloaMod/]: Rounded Stamina40
[26Jun2025 21:29:31.121] [Render thread/INFO] [net.mcreator.tloa.TloaMod/]: Can Stamina:true
[26Jun2025 21:29:31.121] [Render thread/INFO] [net.mcreator.tloa.TloaMod/]: Max Stamina40.0
[26Jun2025 21:29:31.132] [Server thread/INFO] [net.mcreator.tloa.TloaMod/]: Current Stamina:40.2
[26Jun2025 21:29:31.133] [Server thread/INFO] [net.mcreator.tloa.TloaMod/]: Rounded Stamina40
[26Jun2025 21:29:31.133] [Server thread/INFO] [net.mcreator.tloa.TloaMod/]: Can Stamina:true
[26Jun2025 21:29:31.133] [Server thread/INFO] [net.mcreator.tloa.TloaMod/]: Max Stamina40.0
[26Jun2025 21:29:31.171] [Render thread/INFO] [net.mcreator.tloa.TloaMod/]: Current Stamina:40.2
[26Jun2025 21:29:31.171] [Render thread/INFO] [net.mcreator.tloa.TloaMod/]: Rounded Stamina40
[26Jun2025 21:29:31.171] [Render thread/INFO] [net.mcreator.tloa.TloaMod/]: Can Stamina:true
[26Jun2025 21:29:31.171] [Render thread/INFO] [net.mcreator.tloa.TloaMod/]: Max Stamina40.0
[26Jun2025 21:29:31.186] [Server thread/INFO] [net.mcreator.tloa.TloaMod/]: Current Stamina:40.2
[26Jun2025 21:29:31.186] [Server thread/INFO] [net.mcreator.tloa.TloaMod/]: Rounded Stamina40
[26Jun2025 21:29:31.186] [Server thread/INFO] [net.mcreator.tloa.TloaMod/]: Can Stamina:true
[26Jun2025 21:29:31.187] [Server thread/INFO] [net.mcreator.tloa.TloaMod/]: Max Stamina40.0
[26Jun2025 21:29:31.220] [Render thread/INFO] [net.mcreator.tloa.TloaMod/]: Current Stamina:40.2
[26Jun2025 21:29:31.221] [Render thread/INFO] [net.mcreator.tloa.TloaMod/]: Rounded Stamina40
[26Jun2025 21:29:31.221] [Render thread/INFO] [net.mcreator.tloa.TloaMod/]: Can Stamina:true
[26Jun2025 21:29:31.221] [Render thread/INFO] [net.mcreator.tloa.TloaMod/]: Max Stamina40.0
[26Jun2025 21:29:31.235] [Server thread/INFO] [net.mcreator.tloa.TloaMod/]: Current Stamina:40.2
[26Jun2025 21:29:31.236] [Server thread/INFO] [net.mcreator.tloa.TloaMod/]: Rounded Stamina40
[26Jun2025 21:29:31.236] [Server thread/INFO] [net.mcreator.tloa.TloaMod/]: Can Stamina:true
[26Jun2025 21:29:31.236] [Server thread/INFO] [net.mcreator.tloa.TloaMod/]: Max Stamina40.0
[26Jun2025 21:29:31.270] [Render thread/INFO] [net.mcreator.tloa.TloaMod/]: Current Stamina:40.2
[26Jun2025 21:29:31.270] [Render thread/INFO] [net.mcreator.tloa.TloaMod/]: Rounded Stamina40
[26Jun2025 21:29:31.271] [Render thread/INFO] [net.mcreator.tloa.TloaMod/]: Can Stamina:true
[26Jun2025 21:29:31.271] [Render thread/INFO] [net.mcreator.tloa.TloaMod/]: Max Stamina40.0
[26Jun2025 21:29:31.282] [Server thread/INFO] [net.mcreator.tloa.TloaMod/]: Current Stamina:40.2
[26Jun2025 21:29:31.283] [Server thread/INFO] [net.mcreator.tloa.TloaMod/]: Rounded Stamina40
[26Jun2025 21:29:31.283] [Server thread/INFO] [net.mcreator.tloa.TloaMod/]: Can Stamina:true
[26Jun2025 21:29:31.283] [Server thread/INFO] [net.mcreator.tloa.TloaMod/]: Max Stamina40.0
[26Jun2025 21:29:31.322] [Render thread/INFO] [net.mcreator.tloa.TloaMod/]: Current Stamina:40.2
[26Jun2025 21:29:31.322] [Render thread/INFO] [net.mcreator.tloa.TloaMod/]: Rounded Stamina40
[26Jun2025 21:29:31.322] [Render thread/INFO] [net.mcreator.tloa.TloaMod/]: Can Stamina:true
[26Jun2025 21:29:31.322] [Render thread/INFO] [net.mcreator.tloa.TloaMod/]: Max Stamina40.0
[26Jun2025 21:29:31.332] [Server thread/INFO] [net.mcreator.tloa.TloaMod/]: Current Stamina:40.2
[26Jun2025 21:29:31.332] [Server thread/INFO] [net.mcreator.tloa.TloaMod/]: Rounded Stamina40
[26Jun2025 21:29:31.332] [Server thread/INFO] [net.mcreator.tloa.TloaMod/]: Can Stamina:true
[26Jun2025 21:29:31.332] [Server thread/INFO] [net.mcreator.tloa.TloaMod/]: Max Stamina40.0
[26Jun2025 21:29:31.370] [Render thread/INFO] [net.mcreator.tloa.TloaMod/]: Current Stamina:40.2
[26Jun2025 21:29:31.371] [Render thread/INFO] [net.mcreator.tloa.TloaMod/]: Rounded Stamina40
[26Jun2025 21:29:31.371] [Render thread/INFO] [net.mcreator.tloa.TloaMod/]: Can Stamina:true
[26Jun2025 21:29:31.371] [Render thread/INFO] [net.mcreator.tloa.TloaMod/]: Max Stamina40.0
[26Jun2025 21:29:31.394] [Server thread/INFO] [net.mcreator.tloa.TloaMod/]: Current Stamina:40.2
[26Jun2025 21:29:31.396] [Server thread/INFO] [net.mcreator.tloa.TloaMod/]: Rounded Stamina40
[26Jun2025 21:29:31.396] [Server thread/INFO] [net.mcreator.tloa.TloaMod/]: Can Stamina:true
[26Jun2025 21:29:31.396] [Server thread/INFO] [net.mcreator.tloa.TloaMod/]: Max Stamina40.0
[26Jun2025 21:29:31.422] [Render thread/INFO] [net.mcreator.tloa.TloaMod/]: Current Stamina:40.2
[26Jun2025 21:29:31.422] [Render thread/INFO] [net.mcreator.tloa.TloaMod/]: Rounded Stamina40
[26Jun2025 21:29:31.422] [Render thread/INFO] [net.mcreator.tloa.TloaMod/]: Can Stamina:true
[26Jun2025 21:29:31.422] [Render thread/INFO] [net.mcreator.tloa.TloaMod/]: Max Stamina40.0
[26Jun2025 21:29:31.431] [Server thread/INFO] [net.mcreator.tloa.TloaMod/]: Current Stamina:40.2
[26Jun2025 21:29:31.432] [Server thread/INFO] [net.mcreator.tloa.TloaMod/]: Rounded Stamina40
[26Jun2025 21:29:31.432] [Server thread/INFO] [net.mcreator.tloa.TloaMod/]: Can Stamina:true
[26Jun2025 21:29:31.432] [Server thread/INFO] [net.mcreator.tloa.TloaMod/]: Max Stamina40.0
[26Jun2025 21:29:31.472] [Render thread/INFO] [net.mcreator.tloa.TloaMod/]: Current Stamina:40.2
[26Jun2025 21:29:31.473] [Render thread/INFO] [net.mcreator.tloa.TloaMod/]: Rounded Stamina40
[26Jun2025 21:29:31.473] [Render thread/INFO] [net.mcreator.tloa.TloaMod/]: Can Stamina:true
[26Jun2025 21:29:31.473] [Render thread/INFO] [net.mcreator.tloa.TloaMod/]: Max Stamina40.0
[26Jun2025 21:29:31.482] [Server thread/INFO] [net.mcreator.tloa.TloaMod/]: Current Stamina:40.2
[26Jun2025 21:29:31.482] [Server thread/INFO] [net.mcreator.tloa.TloaMod/]: Rounded Stamina40
[26Jun2025 21:29:31.482] [Server thread/INFO] [net.mcreator.tloa.TloaMod/]: Can Stamina:true
[26Jun2025 21:29:31.482] [Server thread/INFO] [net.mcreator.tloa.TloaMod/]: Max Stamina40.0
[26Jun2025 21:29:31.522] [Render thread/INFO] [net.mcreator.tloa.TloaMod/]: Current Stamina:40.2
[26Jun2025 21:29:31.522] [Render thread/INFO] [net.mcreator.tloa.TloaMod/]: Rounded Stamina40
[26Jun2025 21:29:31.522] [Render thread/INFO] [net.mcreator.tloa.TloaMod/]: Can Stamina:true
[26Jun2025 21:29:31.522] [Render thread/INFO] [net.mcreator.tloa.TloaMod/]: Max Stamina40.0
[26Jun2025 21:29:31.532] [Server thread/INFO] [net.mcreator.tloa.TloaMod/]: Current Stamina:40.2
[26Jun2025 21:29:31.532] [Server thread/INFO] [net.mcreator.tloa.TloaMod/]: Rounded Stamina40
[26Jun2025 21:29:31.532] [Server thread/INFO] [net.mcreator.tloa.TloaMod/]: Can Stamina:true
[26Jun2025 21:29:31.532] [Server thread/INFO] [net.mcreator.tloa.TloaMod/]: Max Stamina40.0
[26Jun2025 21:29:31.570] [Render thread/INFO] [net.mcreator.tloa.TloaMod/]: Current Stamina:40.2
[26Jun2025 21:29:31.570] [Render thread/INFO] [net.mcreator.tloa.TloaMod/]: Rounded Stamina40
[26Jun2025 21:29:31.570] [Render thread/INFO] [net.mcreator.tloa.TloaMod/]: Can Stamina:true
[26Jun2025 21:29:31.570] [Render thread/INFO] [net.mcreator.tloa.TloaMod/]: Max Stamina40.0
[26Jun2025 21:29:31.586] [Server thread/INFO] [net.mcreator.tloa.TloaMod/]: Current Stamina:40.2
[26Jun2025 21:29:31.587] [Server thread/INFO] [net.mcreator.tloa.TloaMod/]: Rounded Stamina40
[26Jun2025 21:29:31.587] [Server thread/INFO] [net.mcreator.tloa.TloaMod/]: Can Stamina:true
[26Jun2025 21:29:31.587] [Server thread/INFO] [net.mcreator.tloa.TloaMod/]: Max Stamina40.0
[26Jun2025 21:29:31.620] [Render thread/INFO] [net.mcreator.tloa.TloaMod/]: Current Stamina:40.2
[26Jun2025 21:29:31.620] [Render thread/INFO] [net.mcreator.tloa.TloaMod/]: Rounded Stamina40
[26Jun2025 21:29:31.620] [Render thread/INFO] [net.mcreator.tloa.TloaMod/]: Can Stamina:true
[26Jun2025 21:29:31.620] [Render thread/INFO] [net.mcreator.tloa.TloaMod/]: Max Stamina40.0
[26Jun2025 21:29:31.632] [Server thread/INFO] [net.mcreator.tloa.TloaMod/]: Current Stamina:40.2
[26Jun2025 21:29:31.632] [Server thread/INFO] [net.mcreator.tloa.TloaMod/]: Rounded Stamina40
[26Jun2025 21:29:31.632] [Server thread/INFO] [net.mcreator.tloa.TloaMod/]: Can Stamina:true
[26Jun2025 21:29:31.632] [Server thread/INFO] [net.mcreator.tloa.TloaMod/]: Max Stamina40.0
[26Jun2025 21:29:31.669] [Render thread/INFO] [net.mcreator.tloa.TloaMod/]: Current Stamina:40.2
[26Jun2025 21:29:31.669] [Render thread/INFO] [net.mcreator.tloa.TloaMod/]: Rounded Stamina40
[26Jun2025 21:29:31.669] [Render thread/INFO] [net.mcreator.tloa.TloaMod/]: Can Stamina:true
[26Jun2025 21:29:31.669] [Render thread/INFO] [net.mcreator.tloa.TloaMod/]: Max Stamina40.0
[26Jun2025 21:29:31.689] [Server thread/INFO] [net.mcreator.tloa.TloaMod/]: Current Stamina:40.2
[26Jun2025 21:29:31.689] [Server thread/INFO] [net.mcreator.tloa.TloaMod/]: Rounded Stamina40
[26Jun2025 21:29:31.689] [Server thread/INFO] [net.mcreator.tloa.TloaMod/]: Can Stamina:true
[26Jun2025 21:29:31.690] [Server thread/INFO] [net.mcreator.tloa.TloaMod/]: Max Stamina40.0
[26Jun2025 21:29:31.722] [Render thread/INFO] [net.mcreator.tloa.TloaMod/]: Current Stamina:40.2
[26Jun2025 21:29:31.722] [Render thread/INFO] [net.mcreator.tloa.TloaMod/]: Rounded Stamina40
[26Jun2025 21:29:31.722] [Render thread/INFO] [net.mcreator.tloa.TloaMod/]: Can Stamina:true
[26Jun2025 21:29:31.722] [Render thread/INFO] [net.mcreator.tloa.TloaMod/]: Max Stamina40.0
[26Jun2025 21:29:31.734] [Server thread/INFO] [net.mcreator.tloa.TloaMod/]: Current Stamina:40.2
[26Jun2025 21:29:31.734] [Server thread/INFO] [net.mcreator.tloa.TloaMod/]: Rounded Stamina40
[26Jun2025 21:29:31.734] [Server thread/INFO] [net.mcreator.tloa.TloaMod/]: Can Stamina:true
[26Jun2025 21:29:31.734] [Server thread/INFO] [net.mcreator.tloa.TloaMod/]: Max Stamina40.0
[26Jun2025 21:29:31.769] [Render thread/INFO] [net.mcreator.tloa.TloaMod/]: Current Stamina:40.2
[26Jun2025 21:29:31.770] [Render thread/INFO] [net.mcreator.tloa.TloaMod/]: Rounded Stamina40
[26Jun2025 21:29:31.770] [Render thread/INFO] [net.mcreator.tloa.TloaMod/]: Can Stamina:true
[26Jun2025 21:29:31.770] [Render thread/INFO] [net.mcreator.tloa.TloaMod/]: Max Stamina40.0
[26Jun2025 21:29:31.786] [Server thread/INFO] [net.mcreator.tloa.TloaMod/]: Current Stamina:40.2
[26Jun2025 21:29:31.787] [Server thread/INFO] [net.mcreator.tloa.TloaMod/]: Rounded Stamina40
[26Jun2025 21:29:31.787] [Server thread/INFO] [net.mcreator.tloa.TloaMod/]: Can Stamina:true
[26Jun2025 21:29:31.787] [Server thread/INFO] [net.mcreator.tloa.TloaMod/]: Max Stamina40.0
[26Jun2025 21:29:31.818] [Render thread/INFO] [net.mcreator.tloa.TloaMod/]: Current Stamina:40.2
[26Jun2025 21:29:31.820] [Render thread/INFO] [net.mcreator.tloa.TloaMod/]: Rounded Stamina40
[26Jun2025 21:29:31.820] [Render thread/INFO] [net.mcreator.tloa.TloaMod/]: Can Stamina:true
[26Jun2025 21:29:31.820] [Render thread/INFO] [net.mcreator.tloa.TloaMod/]: Max Stamina40.0
[26Jun2025 21:29:31.832] [Server thread/INFO] [net.mcreator.tloa.TloaMod/]: Current Stamina:40.2
[26Jun2025 21:29:31.833] [Server thread/INFO] [net.mcreator.tloa.TloaMod/]: Rounded Stamina40
[26Jun2025 21:29:31.833] [Server thread/INFO] [net.mcreator.tloa.TloaMod/]: Can Stamina:true
[26Jun2025 21:29:31.833] [Server thread/INFO] [net.mcreator.tloa.TloaMod/]: Max Stamina40.0
[26Jun2025 21:29:31.870] [Render thread/INFO] [net.mcreator.tloa.TloaMod/]: Current Stamina:40.2
[26Jun2025 21:29:31.870] [Render thread/INFO] [net.mcreator.tloa.TloaMod/]: Rounded Stamina40
[26Jun2025 21:29:31.870] [Render thread/INFO] [net.mcreator.tloa.TloaMod/]: Can Stamina:true
[26Jun2025 21:29:31.870] [Render thread/INFO] [net.mcreator.tloa.TloaMod/]: Max Stamina40.0
[26Jun2025 21:29:31.886] [Server thread/INFO] [net.mcreator.tloa.TloaMod/]: Current Stamina:40.2
[26Jun2025 21:29:31.887] [Server thread/INFO] [net.mcreator.tloa.TloaMod/]: Rounded Stamina40
[26Jun2025 21:29:31.887] [Server thread/INFO] [net.mcreator.tloa.TloaMod/]: Can Stamina:true
[26Jun2025 21:29:31.887] [Server thread/INFO] [net.mcreator.tloa.TloaMod/]: Max Stamina40.0
[26Jun2025 21:29:31.920] [Render thread/INFO] [net.mcreator.tloa.TloaMod/]: Current Stamina:40.2
[26Jun2025 21:29:31.920] [Render thread/INFO] [net.mcreator.tloa.TloaMod/]: Rounded Stamina40
[26Jun2025 21:29:31.920] [Render thread/INFO] [net.mcreator.tloa.TloaMod/]: Can Stamina:true
[26Jun2025 21:29:31.920] [Render thread/INFO] [net.mcreator.tloa.TloaMod/]: Max Stamina40.0
[26Jun2025 21:29:31.932] [Server thread/INFO] [net.mcreator.tloa.TloaMod/]: Current Stamina:40.2
[26Jun2025 21:29:31.933] [Server thread/INFO] [net.mcreator.tloa.TloaMod/]: Rounded Stamina40
[26Jun2025 21:29:31.933] [Server thread/INFO] [net.mcreator.tloa.TloaMod/]: Can Stamina:true
[26Jun2025 21:29:31.933] [Server thread/INFO] [net.mcreator.tloa.TloaMod/]: Max Stamina40.0
[26Jun2025 21:29:31.971] [Render thread/INFO] [net.mcreator.tloa.TloaMod/]: Current Stamina:40.2
[26Jun2025 21:29:31.971] [Render thread/INFO] [net.mcreator.tloa.TloaMod/]: Rounded Stamina40
[26Jun2025 21:29:31.971] [Render thread/INFO] [net.mcreator.tloa.TloaMod/]: Can Stamina:true
[26Jun2025 21:29:31.971] [Render thread/INFO] [net.mcreator.tloa.TloaMod/]: Max Stamina40.0
[26Jun2025 21:29:31.987] [Server thread/INFO] [net.mcreator.tloa.TloaMod/]: Current Stamina:40.2
[26Jun2025 21:29:31.988] [Server thread/INFO] [net.mcreator.tloa.TloaMod/]: Rounded Stamina40
[26Jun2025 21:29:31.988] [Server thread/INFO] [net.mcreator.tloa.TloaMod/]: Can Stamina:true
[26Jun2025 21:29:31.988] [Server thread/INFO] [net.mcreator.tloa.TloaMod/]: Max Stamina40.0
[26Jun2025 21:29:32.021] [Render thread/INFO] [net.mcreator.tloa.TloaMod/]: Current Stamina:40.2
[26Jun2025 21:29:32.021] [Render thread/INFO] [net.mcreator.tloa.TloaMod/]: Rounded Stamina40
[26Jun2025 21:29:32.022] [Render thread/INFO] [net.mcreator.tloa.TloaMod/]: Can Stamina:true
[26Jun2025 21:29:32.022] [Render thread/INFO] [net.mcreator.tloa.TloaMod/]: Max Stamina40.0
[26Jun2025 21:29:32.032] [Server thread/INFO] [net.mcreator.tloa.TloaMod/]: Current Stamina:40.2
[26Jun2025 21:29:32.032] [Server thread/INFO] [net.mcreator.tloa.TloaMod/]: Rounded Stamina40
[26Jun2025 21:29:32.032] [Server thread/INFO] [net.mcreator.tloa.TloaMod/]: Can Stamina:true
[26Jun2025 21:29:32.033] [Server thread/INFO] [net.mcreator.tloa.TloaMod/]: Max Stamina40.0
[26Jun2025 21:29:32.071] [Render thread/INFO] [net.mcreator.tloa.TloaMod/]: Current Stamina:40.2
[26Jun2025 21:29:32.071] [Render thread/INFO] [net.mcreator.tloa.TloaMod/]: Rounded Stamina40
[26Jun2025 21:29:32.071] [Render thread/INFO] [net.mcreator.tloa.TloaMod/]: Can Stamina:true
[26Jun2025 21:29:32.071] [Render thread/INFO] [net.mcreator.tloa.TloaMod/]: Max Stamina40.0
[26Jun2025 21:29:32.106] [Server thread/INFO] [net.mcreator.tloa.TloaMod/]: Current Stamina:40.2
[26Jun2025 21:29:32.106] [Server thread/INFO] [net.mcreator.tloa.TloaMod/]: Rounded Stamina40
[26Jun2025 21:29:32.106] [Server thread/INFO] [net.mcreator.tloa.TloaMod/]: Can Stamina:true
[26Jun2025 21:29:32.106] [Server thread/INFO] [net.mcreator.tloa.TloaMod/]: Max Stamina40.0
[26Jun2025 21:29:32.119] [Render thread/INFO] [net.mcreator.tloa.TloaMod/]: Current Stamina:40.2
[26Jun2025 21:29:32.120] [Render thread/INFO] [net.mcreator.tloa.TloaMod/]: Rounded Stamina40
[26Jun2025 21:29:32.120] [Render thread/INFO] [net.mcreator.tloa.TloaMod/]: Can Stamina:true
[26Jun2025 21:29:32.120] [Render thread/INFO] [net.mcreator.tloa.TloaMod/]: Max Stamina40.0
[26Jun2025 21:29:32.153] [Server thread/INFO] [net.mcreator.tloa.TloaMod/]: Current Stamina:40.2
[26Jun2025 21:29:32.153] [Server thread/INFO] [net.mcreator.tloa.TloaMod/]: Rounded Stamina40
[26Jun2025 21:29:32.153] [Server thread/INFO] [net.mcreator.tloa.TloaMod/]: Can Stamina:true
[26Jun2025 21:29:32.153] [Server thread/INFO] [net.mcreator.tloa.TloaMod/]: Max Stamina40.0
[26Jun2025 21:29:32.169] [Render thread/INFO] [net.mcreator.tloa.TloaMod/]: Current Stamina:40.2
[26Jun2025 21:29:32.169] [Render thread/INFO] [net.mcreator.tloa.TloaMod/]: Rounded Stamina40
[26Jun2025 21:29:32.169] [Render thread/INFO] [net.mcreator.tloa.TloaMod/]: Can Stamina:true
[26Jun2025 21:29:32.169] [Render thread/INFO] [net.mcreator.tloa.TloaMod/]: Max Stamina40.0
[26Jun2025 21:29:32.219] [Render thread/INFO] [net.mcreator.tloa.TloaMod/]: Current Stamina:40.2
[26Jun2025 21:29:32.221] [Render thread/INFO] [net.mcreator.tloa.TloaMod/]: Rounded Stamina40
[26Jun2025 21:29:32.221] [Render thread/INFO] [net.mcreator.tloa.TloaMod/]: Can Stamina:true
[26Jun2025 21:29:32.222] [Render thread/INFO] [net.mcreator.tloa.TloaMod/]: Max Stamina40.0
[26Jun2025 21:29:32.223] [Server thread/INFO] [net.mcreator.tloa.TloaMod/]: Current Stamina:40.2
[26Jun2025 21:29:32.223] [Server thread/INFO] [net.mcreator.tloa.TloaMod/]: Rounded Stamina40
[26Jun2025 21:29:32.224] [Server thread/INFO] [net.mcreator.tloa.TloaMod/]: Can Stamina:true
[26Jun2025 21:29:32.224] [Server thread/INFO] [net.mcreator.tloa.TloaMod/]: Max Stamina40.0
[26Jun2025 21:29:32.269] [Render thread/INFO] [net.mcreator.tloa.TloaMod/]: Current Stamina:40.2
[26Jun2025 21:29:32.270] [Render thread/INFO] [net.mcreator.tloa.TloaMod/]: Rounded Stamina40
[26Jun2025 21:29:32.270] [Render thread/INFO] [net.mcreator.tloa.TloaMod/]: Can Stamina:true
[26Jun2025 21:29:32.270] [Render thread/INFO] [net.mcreator.tloa.TloaMod/]: Max Stamina40.0
[26Jun2025 21:29:32.273] [Server thread/INFO] [net.mcreator.tloa.TloaMod/]: Current Stamina:40.2
[26Jun2025 21:29:32.273] [Server thread/INFO] [net.mcreator.tloa.TloaMod/]: Rounded Stamina40
[26Jun2025 21:29:32.273] [Server thread/INFO] [net.mcreator.tloa.TloaMod/]: Can Stamina:true
[26Jun2025 21:29:32.273] [Server thread/INFO] [net.mcreator.tloa.TloaMod/]: Max Stamina40.0
[26Jun2025 21:29:32.291] [Server thread/INFO] [net.mcreator.tloa.TloaMod/]: Current Stamina:40.2
[26Jun2025 21:29:32.291] [Server thread/INFO] [net.mcreator.tloa.TloaMod/]: Rounded Stamina40
[26Jun2025 21:29:32.291] [Server thread/INFO] [net.mcreator.tloa.TloaMod/]: Can Stamina:true
[26Jun2025 21:29:32.291] [Server thread/INFO] [net.mcreator.tloa.TloaMod/]: Max Stamina40.0
[26Jun2025 21:29:32.319] [Render thread/INFO] [net.mcreator.tloa.TloaMod/]: Current Stamina:40.2
[26Jun2025 21:29:32.321] [Render thread/INFO] [net.mcreator.tloa.TloaMod/]: Rounded Stamina40
[26Jun2025 21:29:32.321] [Render thread/INFO] [net.mcreator.tloa.TloaMod/]: Can Stamina:true
[26Jun2025 21:29:32.321] [Render thread/INFO] [net.mcreator.tloa.TloaMod/]: Max Stamina40.0
[26Jun2025 21:29:32.339] [Server thread/INFO] [net.mcreator.tloa.TloaMod/]: Current Stamina:40.2
[26Jun2025 21:29:32.339] [Server thread/INFO] [net.mcreator.tloa.TloaMod/]: Rounded Stamina40
[26Jun2025 21:29:32.339] [Server thread/INFO] [net.mcreator.tloa.TloaMod/]: Can Stamina:true
[26Jun2025 21:29:32.339] [Server thread/INFO] [net.mcreator.tloa.TloaMod/]: Max Stamina40.0
[26Jun2025 21:29:32.369] [Render thread/INFO] [net.mcreator.tloa.TloaMod/]: Current Stamina:40.2
[26Jun2025 21:29:32.369] [Render thread/INFO] [net.mcreator.tloa.TloaMod/]: Rounded Stamina40
[26Jun2025 21:29:32.369] [Render thread/INFO] [net.mcreator.tloa.TloaMod/]: Can Stamina:true
[26Jun2025 21:29:32.369] [Render thread/INFO] [net.mcreator.tloa.TloaMod/]: Max Stamina40.0
[26Jun2025 21:29:32.381] [Server thread/INFO] [net.mcreator.tloa.TloaMod/]: Current Stamina:40.2
[26Jun2025 21:29:32.381] [Server thread/INFO] [net.mcreator.tloa.TloaMod/]: Rounded Stamina40
[26Jun2025 21:29:32.382] [Server thread/INFO] [net.mcreator.tloa.TloaMod/]: Can Stamina:true
[26Jun2025 21:29:32.382] [Server thread/INFO] [net.mcreator.tloa.TloaMod/]: Max Stamina40.0
[26Jun2025 21:29:32.421] [Render thread/INFO] [net.mcreator.tloa.TloaMod/]: Current Stamina:40.2
[26Jun2025 21:29:32.421] [Render thread/INFO] [net.mcreator.tloa.TloaMod/]: Rounded Stamina40
[26Jun2025 21:29:32.421] [Render thread/INFO] [net.mcreator.tloa.TloaMod/]: Can Stamina:true
[26Jun2025 21:29:32.421] [Render thread/INFO] [net.mcreator.tloa.TloaMod/]: Max Stamina40.0
[26Jun2025 21:29:32.436] [Server thread/INFO] [net.mcreator.tloa.TloaMod/]: Current Stamina:40.2
[26Jun2025 21:29:32.437] [Server thread/INFO] [net.mcreator.tloa.TloaMod/]: Rounded Stamina40
[26Jun2025 21:29:32.437] [Server thread/INFO] [net.mcreator.tloa.TloaMod/]: Can Stamina:true
[26Jun2025 21:29:32.437] [Server thread/INFO] [net.mcreator.tloa.TloaMod/]: Max Stamina40.0
[26Jun2025 21:29:32.470] [Render thread/INFO] [net.mcreator.tloa.TloaMod/]: Current Stamina:40.2
[26Jun2025 21:29:32.470] [Render thread/INFO] [net.mcreator.tloa.TloaMod/]: Rounded Stamina40
[26Jun2025 21:29:32.470] [Render thread/INFO] [net.mcreator.tloa.TloaMod/]: Can Stamina:true
[26Jun2025 21:29:32.471] [Render thread/INFO] [net.mcreator.tloa.TloaMod/]: Max Stamina40.0
[26Jun2025 21:29:32.508] [Server thread/INFO] [net.mcreator.tloa.TloaMod/]: Current Stamina:40.2
[26Jun2025 21:29:32.509] [Server thread/INFO] [net.mcreator.tloa.TloaMod/]: Rounded Stamina40
[26Jun2025 21:29:32.509] [Server thread/INFO] [net.mcreator.tloa.TloaMod/]: Can Stamina:true
[26Jun2025 21:29:32.509] [Server thread/INFO] [net.mcreator.tloa.TloaMod/]: Max Stamina40.0
[26Jun2025 21:29:32.520] [Render thread/INFO] [net.mcreator.tloa.TloaMod/]: Current Stamina:40.2
[26Jun2025 21:29:32.520] [Render thread/INFO] [net.mcreator.tloa.TloaMod/]: Rounded Stamina40
[26Jun2025 21:29:32.520] [Render thread/INFO] [net.mcreator.tloa.TloaMod/]: Can Stamina:true
[26Jun2025 21:29:32.520] [Render thread/INFO] [net.mcreator.tloa.TloaMod/]: Max Stamina40.0
[26Jun2025 21:29:32.539] [Server thread/INFO] [net.mcreator.tloa.TloaMod/]: Current Stamina:40.2
[26Jun2025 21:29:32.540] [Server thread/INFO] [net.mcreator.tloa.TloaMod/]: Rounded Stamina40
[26Jun2025 21:29:32.540] [Server thread/INFO] [net.mcreator.tloa.TloaMod/]: Can Stamina:true
[26Jun2025 21:29:32.540] [Server thread/INFO] [net.mcreator.tloa.TloaMod/]: Max Stamina40.0
[26Jun2025 21:29:32.572] [Render thread/INFO] [net.mcreator.tloa.TloaMod/]: Current Stamina:40.2
[26Jun2025 21:29:32.572] [Render thread/INFO] [net.mcreator.tloa.TloaMod/]: Rounded Stamina40
[26Jun2025 21:29:32.572] [Render thread/INFO] [net.mcreator.tloa.TloaMod/]: Can Stamina:true
[26Jun2025 21:29:32.572] [Render thread/INFO] [net.mcreator.tloa.TloaMod/]: Max Stamina40.0
[26Jun2025 21:29:32.584] [Server thread/INFO] [net.mcreator.tloa.TloaMod/]: Current Stamina:40.2
[26Jun2025 21:29:32.585] [Server thread/INFO] [net.mcreator.tloa.TloaMod/]: Rounded Stamina40
[26Jun2025 21:29:32.585] [Server thread/INFO] [net.mcreator.tloa.TloaMod/]: Can Stamina:true
[26Jun2025 21:29:32.585] [Server thread/INFO] [net.mcreator.tloa.TloaMod/]: Max Stamina40.0
[26Jun2025 21:29:32.622] [Render thread/INFO] [net.mcreator.tloa.TloaMod/]: Current Stamina:40.2
[26Jun2025 21:29:32.623] [Render thread/INFO] [net.mcreator.tloa.TloaMod/]: Rounded Stamina40
[26Jun2025 21:29:32.623] [Render thread/INFO] [net.mcreator.tloa.TloaMod/]: Can Stamina:true
[26Jun2025 21:29:32.623] [Render thread/INFO] [net.mcreator.tloa.TloaMod/]: Max Stamina40.0
[26Jun2025 21:29:32.632] [Server thread/INFO] [net.mcreator.tloa.TloaMod/]: Current Stamina:40.2
[26Jun2025 21:29:32.632] [Server thread/INFO] [net.mcreator.tloa.TloaMod/]: Rounded Stamina40
[26Jun2025 21:29:32.632] [Server thread/INFO] [net.mcreator.tloa.TloaMod/]: Can Stamina:true
[26Jun2025 21:29:32.632] [Server thread/INFO] [net.mcreator.tloa.TloaMod/]: Max Stamina40.0
[26Jun2025 21:29:32.671] [Render thread/INFO] [net.mcreator.tloa.TloaMod/]: Current Stamina:40.2
[26Jun2025 21:29:32.671] [Render thread/INFO] [net.mcreator.tloa.TloaMod/]: Rounded Stamina40
[26Jun2025 21:29:32.671] [Render thread/INFO] [net.mcreator.tloa.TloaMod/]: Can Stamina:true
[26Jun2025 21:29:32.671] [Render thread/INFO] [net.mcreator.tloa.TloaMod/]: Max Stamina40.0
[26Jun2025 21:29:32.680] [Server thread/INFO] [net.mcreator.tloa.TloaMod/]: Current Stamina:40.2
[26Jun2025 21:29:32.680] [Server thread/INFO] [net.mcreator.tloa.TloaMod/]: Rounded Stamina40
[26Jun2025 21:29:32.680] [Server thread/INFO] [net.mcreator.tloa.TloaMod/]: Can Stamina:true
[26Jun2025 21:29:32.680] [Server thread/INFO] [net.mcreator.tloa.TloaMod/]: Max Stamina40.0
[26Jun2025 21:29:32.721] [Render thread/INFO] [net.mcreator.tloa.TloaMod/]: Current Stamina:40.2
[26Jun2025 21:29:32.721] [Render thread/INFO] [net.mcreator.tloa.TloaMod/]: Rounded Stamina40
[26Jun2025 21:29:32.721] [Render thread/INFO] [net.mcreator.tloa.TloaMod/]: Can Stamina:true
[26Jun2025 21:29:32.722] [Render thread/INFO] [net.mcreator.tloa.TloaMod/]: Max Stamina40.0
[26Jun2025 21:29:32.731] [Server thread/INFO] [net.mcreator.tloa.TloaMod/]: Current Stamina:40.2
[26Jun2025 21:29:32.732] [Server thread/INFO] [net.mcreator.tloa.TloaMod/]: Rounded Stamina40
[26Jun2025 21:29:32.732] [Server thread/INFO] [net.mcreator.tloa.TloaMod/]: Can Stamina:true
[26Jun2025 21:29:32.732] [Server thread/INFO] [net.mcreator.tloa.TloaMod/]: Max Stamina40.0
[26Jun2025 21:29:32.769] [Render thread/INFO] [net.mcreator.tloa.TloaMod/]: Current Stamina:40.2
[26Jun2025 21:29:32.769] [Render thread/INFO] [net.mcreator.tloa.TloaMod/]: Rounded Stamina40
[26Jun2025 21:29:32.769] [Render thread/INFO] [net.mcreator.tloa.TloaMod/]: Can Stamina:true
[26Jun2025 21:29:32.769] [Render thread/INFO] [net.mcreator.tloa.TloaMod/]: Max Stamina40.0
[26Jun2025 21:29:32.782] [Server thread/INFO] [net.mcreator.tloa.TloaMod/]: Current Stamina:40.2
[26Jun2025 21:29:32.782] [Server thread/INFO] [net.mcreator.tloa.TloaMod/]: Rounded Stamina40
[26Jun2025 21:29:32.782] [Server thread/INFO] [net.mcreator.tloa.TloaMod/]: Can Stamina:true
[26Jun2025 21:29:32.782] [Server thread/INFO] [net.mcreator.tloa.TloaMod/]: Max Stamina40.0
[26Jun2025 21:29:32.821] [Render thread/INFO] [net.mcreator.tloa.TloaMod/]: Current Stamina:40.2
[26Jun2025 21:29:32.822] [Render thread/INFO] [net.mcreator.tloa.TloaMod/]: Rounded Stamina40
[26Jun2025 21:29:32.822] [Render thread/INFO] [net.mcreator.tloa.TloaMod/]: Can Stamina:true
[26Jun2025 21:29:32.822] [Render thread/INFO] [net.mcreator.tloa.TloaMod/]: Max Stamina40.0
[26Jun2025 21:29:32.833] [Server thread/INFO] [net.mcreator.tloa.TloaMod/]: Current Stamina:40.2
[26Jun2025 21:29:32.833] [Server thread/INFO] [net.mcreator.tloa.TloaMod/]: Rounded Stamina40
[26Jun2025 21:29:32.833] [Server thread/INFO] [net.mcreator.tloa.TloaMod/]: Can Stamina:true
[26Jun2025 21:29:32.833] [Server thread/INFO] [net.mcreator.tloa.TloaMod/]: Max Stamina40.0
[26Jun2025 21:29:32.870] [Render thread/INFO] [net.mcreator.tloa.TloaMod/]: Current Stamina:40.2
[26Jun2025 21:29:32.870] [Render thread/INFO] [net.mcreator.tloa.TloaMod/]: Rounded Stamina40
[26Jun2025 21:29:32.870] [Render thread/INFO] [net.mcreator.tloa.TloaMod/]: Can Stamina:true
[26Jun2025 21:29:32.870] [Render thread/INFO] [net.mcreator.tloa.TloaMod/]: Max Stamina40.0
[26Jun2025 21:29:32.881] [Server thread/INFO] [net.mcreator.tloa.TloaMod/]: Current Stamina:40.2
[26Jun2025 21:29:32.882] [Server thread/INFO] [net.mcreator.tloa.TloaMod/]: Rounded Stamina40
[26Jun2025 21:29:32.882] [Server thread/INFO] [net.mcreator.tloa.TloaMod/]: Can Stamina:true
[26Jun2025 21:29:32.882] [Server thread/INFO] [net.mcreator.tloa.TloaMod/]: Max Stamina40.0
[26Jun2025 21:29:32.920] [Render thread/INFO] [net.mcreator.tloa.TloaMod/]: Current Stamina:40.2
[26Jun2025 21:29:32.920] [Render thread/INFO] [net.mcreator.tloa.TloaMod/]: Rounded Stamina40
[26Jun2025 21:29:32.920] [Render thread/INFO] [net.mcreator.tloa.TloaMod/]: Can Stamina:true
[26Jun2025 21:29:32.920] [Render thread/INFO] [net.mcreator.tloa.TloaMod/]: Max Stamina40.0
[26Jun2025 21:29:32.929] [Server thread/INFO] [net.mcreator.tloa.TloaMod/]: Current Stamina:40.2
[26Jun2025 21:29:32.929] [Server thread/INFO] [net.mcreator.tloa.TloaMod/]: Rounded Stamina40
[26Jun2025 21:29:32.930] [Server thread/INFO] [net.mcreator.tloa.TloaMod/]: Can Stamina:true
[26Jun2025 21:29:32.930] [Server thread/INFO] [net.mcreator.tloa.TloaMod/]: Max Stamina40.0
[26Jun2025 21:29:32.968] [Render thread/INFO] [net.mcreator.tloa.TloaMod/]: Current Stamina:40.2
[26Jun2025 21:29:32.969] [Render thread/INFO] [net.mcreator.tloa.TloaMod/]: Rounded Stamina40
[26Jun2025 21:29:32.969] [Render thread/INFO] [net.mcreator.tloa.TloaMod/]: Can Stamina:true
[26Jun2025 21:29:32.969] [Render thread/INFO] [net.mcreator.tloa.TloaMod/]: Max Stamina40.0
[26Jun2025 21:29:32.978] [Server thread/INFO] [net.mcreator.tloa.TloaMod/]: Current Stamina:40.2
[26Jun2025 21:29:32.978] [Server thread/INFO] [net.mcreator.tloa.TloaMod/]: Rounded Stamina40
[26Jun2025 21:29:32.978] [Server thread/INFO] [net.mcreator.tloa.TloaMod/]: Can Stamina:true
[26Jun2025 21:29:32.978] [Server thread/INFO] [net.mcreator.tloa.TloaMod/]: Max Stamina40.0
[26Jun2025 21:29:33.020] [Render thread/INFO] [net.mcreator.tloa.TloaMod/]: Current Stamina:40.2
[26Jun2025 21:29:33.020] [Render thread/INFO] [net.mcreator.tloa.TloaMod/]: Rounded Stamina40
[26Jun2025 21:29:33.020] [Render thread/INFO] [net.mcreator.tloa.TloaMod/]: Can Stamina:true
[26Jun2025 21:29:33.020] [Render thread/INFO] [net.mcreator.tloa.TloaMod/]: Max Stamina40.0
[26Jun2025 21:29:33.037] [Server thread/INFO] [net.mcreator.tloa.TloaMod/]: Current Stamina:40.2
[26Jun2025 21:29:33.038] [Server thread/INFO] [net.mcreator.tloa.TloaMod/]: Rounded Stamina40
[26Jun2025 21:29:33.038] [Server thread/INFO] [net.mcreator.tloa.TloaMod/]: Can Stamina:true
[26Jun2025 21:29:33.038] [Server thread/INFO] [net.mcreator.tloa.TloaMod/]: Max Stamina40.0
[26Jun2025 21:29:33.070] [Render thread/INFO] [net.mcreator.tloa.TloaMod/]: Current Stamina:40.2
[26Jun2025 21:29:33.071] [Render thread/INFO] [net.mcreator.tloa.TloaMod/]: Rounded Stamina40
[26Jun2025 21:29:33.071] [Render thread/INFO] [net.mcreator.tloa.TloaMod/]: Can Stamina:true
[26Jun2025 21:29:33.071] [Render thread/INFO] [net.mcreator.tloa.TloaMod/]: Max Stamina40.0
[26Jun2025 21:29:33.079] [Server thread/INFO] [net.mcreator.tloa.TloaMod/]: Current Stamina:40.2
[26Jun2025 21:29:33.079] [Server thread/INFO] [net.mcreator.tloa.TloaMod/]: Rounded Stamina40
[26Jun2025 21:29:33.079] [Server thread/INFO] [net.mcreator.tloa.TloaMod/]: Can Stamina:true
[26Jun2025 21:29:33.080] [Server thread/INFO] [net.mcreator.tloa.TloaMod/]: Max Stamina40.0
[26Jun2025 21:29:33.120] [Render thread/INFO] [net.mcreator.tloa.TloaMod/]: Current Stamina:40.2
[26Jun2025 21:29:33.120] [Render thread/INFO] [net.mcreator.tloa.TloaMod/]: Rounded Stamina40
[26Jun2025 21:29:33.120] [Render thread/INFO] [net.mcreator.tloa.TloaMod/]: Can Stamina:true
[26Jun2025 21:29:33.120] [Render thread/INFO] [net.mcreator.tloa.TloaMod/]: Max Stamina40.0
[26Jun2025 21:29:33.134] [Server thread/INFO] [net.mcreator.tloa.TloaMod/]: Current Stamina:40.2
[26Jun2025 21:29:33.135] [Server thread/INFO] [net.mcreator.tloa.TloaMod/]: Rounded Stamina40
[26Jun2025 21:29:33.135] [Server thread/INFO] [net.mcreator.tloa.TloaMod/]: Can Stamina:true
[26Jun2025 21:29:33.135] [Server thread/INFO] [net.mcreator.tloa.TloaMod/]: Max Stamina40.0
[26Jun2025 21:29:33.170] [Render thread/INFO] [net.mcreator.tloa.TloaMod/]: Current Stamina:40.2
[26Jun2025 21:29:33.170] [Render thread/INFO] [net.mcreator.tloa.TloaMod/]: Rounded Stamina40
[26Jun2025 21:29:33.170] [Render thread/INFO] [net.mcreator.tloa.TloaMod/]: Can Stamina:true
[26Jun2025 21:29:33.170] [Render thread/INFO] [net.mcreator.tloa.TloaMod/]: Max Stamina40.0
[26Jun2025 21:29:33.181] [Server thread/INFO] [net.mcreator.tloa.TloaMod/]: Current Stamina:40.2
[26Jun2025 21:29:33.182] [Server thread/INFO] [net.mcreator.tloa.TloaMod/]: Rounded Stamina40
[26Jun2025 21:29:33.182] [Server thread/INFO] [net.mcreator.tloa.TloaMod/]: Can Stamina:true
[26Jun2025 21:29:33.182] [Server thread/INFO] [net.mcreator.tloa.TloaMod/]: Max Stamina40.0
[26Jun2025 21:29:33.225] [Render thread/INFO] [net.mcreator.tloa.TloaMod/]: Current Stamina:40.2
[26Jun2025 21:29:33.225] [Render thread/INFO] [net.mcreator.tloa.TloaMod/]: Rounded Stamina40
[26Jun2025 21:29:33.225] [Render thread/INFO] [net.mcreator.tloa.TloaMod/]: Can Stamina:true
[26Jun2025 21:29:33.225] [Render thread/INFO] [net.mcreator.tloa.TloaMod/]: Max Stamina40.0
[26Jun2025 21:29:33.234] [Server thread/INFO] [net.mcreator.tloa.TloaMod/]: Current Stamina:40.2
[26Jun2025 21:29:33.234] [Server thread/INFO] [net.mcreator.tloa.TloaMod/]: Rounded Stamina40
[26Jun2025 21:29:33.234] [Server thread/INFO] [net.mcreator.tloa.TloaMod/]: Can Stamina:true
[26Jun2025 21:29:33.234] [Server thread/INFO] [net.mcreator.tloa.TloaMod/]: Max Stamina40.0
[26Jun2025 21:29:33.269] [Render thread/INFO] [net.mcreator.tloa.TloaMod/]: Current Stamina:40.2
[26Jun2025 21:29:33.270] [Render thread/INFO] [net.mcreator.tloa.TloaMod/]: Rounded Stamina40
[26Jun2025 21:29:33.270] [Render thread/INFO] [net.mcreator.tloa.TloaMod/]: Can Stamina:true
[26Jun2025 21:29:33.270] [Render thread/INFO] [net.mcreator.tloa.TloaMod/]: Max Stamina40.0
[26Jun2025 21:29:33.280] [Server thread/INFO] [net.mcreator.tloa.TloaMod/]: Current Stamina:40.2
[26Jun2025 21:29:33.280] [Server thread/INFO] [net.mcreator.tloa.TloaMod/]: Rounded Stamina40
[26Jun2025 21:29:33.280] [Server thread/INFO] [net.mcreator.tloa.TloaMod/]: Can Stamina:true
[26Jun2025 21:29:33.280] [Server thread/INFO] [net.mcreator.tloa.TloaMod/]: Max Stamina40.0
[26Jun2025 21:29:33.320] [Render thread/INFO] [net.mcreator.tloa.TloaMod/]: Current Stamina:40.2
[26Jun2025 21:29:33.320] [Render thread/INFO] [net.mcreator.tloa.TloaMod/]: Rounded Stamina40
[26Jun2025 21:29:33.320] [Render thread/INFO] [net.mcreator.tloa.TloaMod/]: Can Stamina:true
[26Jun2025 21:29:33.320] [Render thread/INFO] [net.mcreator.tloa.TloaMod/]: Max Stamina40.0
[26Jun2025 21:29:33.331] [Server thread/INFO] [net.mcreator.tloa.TloaMod/]: Current Stamina:40.2
[26Jun2025 21:29:33.332] [Server thread/INFO] [net.mcreator.tloa.TloaMod/]: Rounded Stamina40
[26Jun2025 21:29:33.332] [Server thread/INFO] [net.mcreator.tloa.TloaMod/]: Can Stamina:true
[26Jun2025 21:29:33.332] [Server thread/INFO] [net.mcreator.tloa.TloaMod/]: Max Stamina40.0
[26Jun2025 21:29:33.369] [Render thread/INFO] [net.mcreator.tloa.TloaMod/]: Current Stamina:40.2
[26Jun2025 21:29:33.369] [Render thread/INFO] [net.mcreator.tloa.TloaMod/]: Rounded Stamina40
[26Jun2025 21:29:33.369] [Render thread/INFO] [net.mcreator.tloa.TloaMod/]: Can Stamina:true
[26Jun2025 21:29:33.370] [Render thread/INFO] [net.mcreator.tloa.TloaMod/]: Max Stamina40.0
[26Jun2025 21:29:33.380] [Server thread/INFO] [net.mcreator.tloa.TloaMod/]: Current Stamina:40.2
[26Jun2025 21:29:33.380] [Server thread/INFO] [net.mcreator.tloa.TloaMod/]: Rounded Stamina40
[26Jun2025 21:29:33.380] [Server thread/INFO] [net.mcreator.tloa.TloaMod/]: Can Stamina:true
[26Jun2025 21:29:33.380] [Server thread/INFO] [net.mcreator.tloa.TloaMod/]: Max Stamina40.0
[26Jun2025 21:29:33.420] [Render thread/INFO] [net.mcreator.tloa.TloaMod/]: Current Stamina:40.2
[26Jun2025 21:29:33.420] [Render thread/INFO] [net.mcreator.tloa.TloaMod/]: Rounded Stamina40
[26Jun2025 21:29:33.420] [Render thread/INFO] [net.mcreator.tloa.TloaMod/]: Can Stamina:true
[26Jun2025 21:29:33.421] [Render thread/INFO] [net.mcreator.tloa.TloaMod/]: Max Stamina40.0
[26Jun2025 21:29:33.428] [Server thread/INFO] [net.mcreator.tloa.TloaMod/]: Current Stamina:40.2
[26Jun2025 21:29:33.428] [Server thread/INFO] [net.mcreator.tloa.TloaMod/]: Rounded Stamina40
[26Jun2025 21:29:33.428] [Server thread/INFO] [net.mcreator.tloa.TloaMod/]: Can Stamina:true
[26Jun2025 21:29:33.428] [Server thread/INFO] [net.mcreator.tloa.TloaMod/]: Max Stamina40.0
[26Jun2025 21:29:33.468] [Render thread/INFO] [net.mcreator.tloa.TloaMod/]: Current Stamina:40.2
[26Jun2025 21:29:33.468] [Render thread/INFO] [net.mcreator.tloa.TloaMod/]: Rounded Stamina40
[26Jun2025 21:29:33.468] [Render thread/INFO] [net.mcreator.tloa.TloaMod/]: Can Stamina:true
[26Jun2025 21:29:33.468] [Render thread/INFO] [net.mcreator.tloa.TloaMod/]: Max Stamina40.0
[26Jun2025 21:29:33.480] [Server thread/INFO] [net.mcreator.tloa.TloaMod/]: Current Stamina:40.2
[26Jun2025 21:29:33.480] [Server thread/INFO] [net.mcreator.tloa.TloaMod/]: Rounded Stamina40
[26Jun2025 21:29:33.481] [Server thread/INFO] [net.mcreator.tloa.TloaMod/]: Can Stamina:true
[26Jun2025 21:29:33.481] [Server thread/INFO] [net.mcreator.tloa.TloaMod/]: Max Stamina40.0
[26Jun2025 21:29:33.521] [Render thread/INFO] [net.mcreator.tloa.TloaMod/]: Current Stamina:40.2
[26Jun2025 21:29:33.522] [Render thread/INFO] [net.mcreator.tloa.TloaMod/]: Rounded Stamina40
[26Jun2025 21:29:33.522] [Render thread/INFO] [net.mcreator.tloa.TloaMod/]: Can Stamina:true
[26Jun2025 21:29:33.522] [Render thread/INFO] [net.mcreator.tloa.TloaMod/]: Max Stamina40.0
[26Jun2025 21:29:33.529] [Server thread/INFO] [net.mcreator.tloa.TloaMod/]: Current Stamina:40.2
[26Jun2025 21:29:33.530] [Server thread/INFO] [net.mcreator.tloa.TloaMod/]: Rounded Stamina40
[26Jun2025 21:29:33.530] [Server thread/INFO] [net.mcreator.tloa.TloaMod/]: Can Stamina:true
[26Jun2025 21:29:33.530] [Server thread/INFO] [net.mcreator.tloa.TloaMod/]: Max Stamina40.0
[26Jun2025 21:29:33.568] [Render thread/INFO] [net.mcreator.tloa.TloaMod/]: Current Stamina:40.2
[26Jun2025 21:29:33.568] [Render thread/INFO] [net.mcreator.tloa.TloaMod/]: Rounded Stamina40
[26Jun2025 21:29:33.569] [Render thread/INFO] [net.mcreator.tloa.TloaMod/]: Can Stamina:true
[26Jun2025 21:29:33.569] [Render thread/INFO] [net.mcreator.tloa.TloaMod/]: Max Stamina40.0
[26Jun2025 21:29:33.582] [Server thread/INFO] [net.mcreator.tloa.TloaMod/]: Current Stamina:40.2
[26Jun2025 21:29:33.583] [Server thread/INFO] [net.mcreator.tloa.TloaMod/]: Rounded Stamina40
[26Jun2025 21:29:33.583] [Server thread/INFO] [net.mcreator.tloa.TloaMod/]: Can Stamina:true
[26Jun2025 21:29:33.583] [Server thread/INFO] [net.mcreator.tloa.TloaMod/]: Max Stamina40.0
[26Jun2025 21:29:33.620] [Render thread/INFO] [net.mcreator.tloa.TloaMod/]: Current Stamina:40.2
[26Jun2025 21:29:33.620] [Render thread/INFO] [net.mcreator.tloa.TloaMod/]: Rounded Stamina40
[26Jun2025 21:29:33.620] [Render thread/INFO] [net.mcreator.tloa.TloaMod/]: Can Stamina:true
[26Jun2025 21:29:33.620] [Render thread/INFO] [net.mcreator.tloa.TloaMod/]: Max Stamina40.0
[26Jun2025 21:29:33.631] [Server thread/INFO] [net.mcreator.tloa.TloaMod/]: Current Stamina:40.2
[26Jun2025 21:29:33.632] [Server thread/INFO] [net.mcreator.tloa.TloaMod/]: Rounded Stamina40
[26Jun2025 21:29:33.632] [Server thread/INFO] [net.mcreator.tloa.TloaMod/]: Can Stamina:true
[26Jun2025 21:29:33.632] [Server thread/INFO] [net.mcreator.tloa.TloaMod/]: Max Stamina40.0
[26Jun2025 21:29:33.668] [Render thread/INFO] [net.mcreator.tloa.TloaMod/]: Current Stamina:40.2
[26Jun2025 21:29:33.668] [Render thread/INFO] [net.mcreator.tloa.TloaMod/]: Rounded Stamina40
[26Jun2025 21:29:33.669] [Render thread/INFO] [net.mcreator.tloa.TloaMod/]: Can Stamina:true
[26Jun2025 21:29:33.669] [Render thread/INFO] [net.mcreator.tloa.TloaMod/]: Max Stamina40.0
[26Jun2025 21:29:33.679] [Server thread/INFO] [net.mcreator.tloa.TloaMod/]: Current Stamina:40.2
[26Jun2025 21:29:33.680] [Server thread/INFO] [net.mcreator.tloa.TloaMod/]: Rounded Stamina40
[26Jun2025 21:29:33.680] [Server thread/INFO] [net.mcreator.tloa.TloaMod/]: Can Stamina:true
[26Jun2025 21:29:33.680] [Server thread/INFO] [net.mcreator.tloa.TloaMod/]: Max Stamina40.0
[26Jun2025 21:29:33.721] [Render thread/INFO] [net.mcreator.tloa.TloaMod/]: Current Stamina:40.2
[26Jun2025 21:29:33.722] [Render thread/INFO] [net.mcreator.tloa.TloaMod/]: Rounded Stamina40
[26Jun2025 21:29:33.722] [Render thread/INFO] [net.mcreator.tloa.TloaMod/]: Can Stamina:true
[26Jun2025 21:29:33.722] [Render thread/INFO] [net.mcreator.tloa.TloaMod/]: Max Stamina40.0
[26Jun2025 21:29:33.733] [Server thread/INFO] [net.mcreator.tloa.TloaMod/]: Current Stamina:40.2
[26Jun2025 21:29:33.734] [Server thread/INFO] [net.mcreator.tloa.TloaMod/]: Rounded Stamina40
[26Jun2025 21:29:33.735] [Server thread/INFO] [net.mcreator.tloa.TloaMod/]: Can Stamina:true
[26Jun2025 21:29:33.735] [Server thread/INFO] [net.mcreator.tloa.TloaMod/]: Max Stamina40.0
[26Jun2025 21:29:33.768] [Render thread/INFO] [net.mcreator.tloa.TloaMod/]: Current Stamina:40.2
[26Jun2025 21:29:33.768] [Render thread/INFO] [net.mcreator.tloa.TloaMod/]: Rounded Stamina40
[26Jun2025 21:29:33.768] [Render thread/INFO] [net.mcreator.tloa.TloaMod/]: Can Stamina:true
[26Jun2025 21:29:33.769] [Render thread/INFO] [net.mcreator.tloa.TloaMod/]: Max Stamina40.0
[26Jun2025 21:29:33.779] [Server thread/INFO] [net.mcreator.tloa.TloaMod/]: Current Stamina:40.2
[26Jun2025 21:29:33.779] [Server thread/INFO] [net.mcreator.tloa.TloaMod/]: Rounded Stamina40
[26Jun2025 21:29:33.779] [Server thread/INFO] [net.mcreator.tloa.TloaMod/]: Can Stamina:true
[26Jun2025 21:29:33.779] [Server thread/INFO] [net.mcreator.tloa.TloaMod/]: Max Stamina40.0
[26Jun2025 21:29:33.819] [Render thread/INFO] [net.mcreator.tloa.TloaMod/]: Current Stamina:40.2
[26Jun2025 21:29:33.820] [Render thread/INFO] [net.mcreator.tloa.TloaMod/]: Rounded Stamina40
[26Jun2025 21:29:33.820] [Render thread/INFO] [net.mcreator.tloa.TloaMod/]: Can Stamina:true
[26Jun2025 21:29:33.820] [Render thread/INFO] [net.mcreator.tloa.TloaMod/]: Max Stamina40.0
[26Jun2025 21:29:33.830] [Server thread/INFO] [net.mcreator.tloa.TloaMod/]: Current Stamina:40.2
[26Jun2025 21:29:33.830] [Server thread/INFO] [net.mcreator.tloa.TloaMod/]: Rounded Stamina40
[26Jun2025 21:29:33.830] [Server thread/INFO] [net.mcreator.tloa.TloaMod/]: Can Stamina:true
[26Jun2025 21:29:33.830] [Server thread/INFO] [net.mcreator.tloa.TloaMod/]: Max Stamina40.0
[26Jun2025 21:29:33.868] [Render thread/INFO] [net.mcreator.tloa.TloaMod/]: Current Stamina:40.2
[26Jun2025 21:29:33.868] [Render thread/INFO] [net.mcreator.tloa.TloaMod/]: Rounded Stamina40
[26Jun2025 21:29:33.868] [Render thread/INFO] [net.mcreator.tloa.TloaMod/]: Can Stamina:true
[26Jun2025 21:29:33.869] [Render thread/INFO] [net.mcreator.tloa.TloaMod/]: Max Stamina40.0
[26Jun2025 21:29:33.881] [Server thread/INFO] [net.mcreator.tloa.TloaMod/]: Current Stamina:40.2
[26Jun2025 21:29:33.881] [Server thread/INFO] [net.mcreator.tloa.TloaMod/]: Rounded Stamina40
[26Jun2025 21:29:33.881] [Server thread/INFO] [net.mcreator.tloa.TloaMod/]: Can Stamina:true
[26Jun2025 21:29:33.881] [Server thread/INFO] [net.mcreator.tloa.TloaMod/]: Max Stamina40.0
[26Jun2025 21:29:33.919] [Render thread/INFO] [net.mcreator.tloa.TloaMod/]: Current Stamina:40.2
[26Jun2025 21:29:33.920] [Render thread/INFO] [net.mcreator.tloa.TloaMod/]: Rounded Stamina40
[26Jun2025 21:29:33.920] [Render thread/INFO] [net.mcreator.tloa.TloaMod/]: Can Stamina:true
[26Jun2025 21:29:33.920] [Render thread/INFO] [net.mcreator.tloa.TloaMod/]: Max Stamina40.0
[26Jun2025 21:29:33.933] [Server thread/INFO] [net.mcreator.tloa.TloaMod/]: Current Stamina:40.2
[26Jun2025 21:29:33.933] [Server thread/INFO] [net.mcreator.tloa.TloaMod/]: Rounded Stamina40
[26Jun2025 21:29:33.933] [Server thread/INFO] [net.mcreator.tloa.TloaMod/]: Can Stamina:true
[26Jun2025 21:29:33.933] [Server thread/INFO] [net.mcreator.tloa.TloaMod/]: Max Stamina40.0
[26Jun2025 21:29:33.969] [Render thread/INFO] [net.mcreator.tloa.TloaMod/]: Current Stamina:40.2
[26Jun2025 21:29:33.969] [Render thread/INFO] [net.mcreator.tloa.TloaMod/]: Rounded Stamina40
[26Jun2025 21:29:33.970] [Render thread/INFO] [net.mcreator.tloa.TloaMod/]: Can Stamina:true
[26Jun2025 21:29:33.970] [Render thread/INFO] [net.mcreator.tloa.TloaMod/]: Max Stamina40.0
[26Jun2025 21:29:33.982] [Server thread/INFO] [net.mcreator.tloa.TloaMod/]: Current Stamina:40.2
[26Jun2025 21:29:33.982] [Server thread/INFO] [net.mcreator.tloa.TloaMod/]: Rounded Stamina40
[26Jun2025 21:29:33.982] [Server thread/INFO] [net.mcreator.tloa.TloaMod/]: Can Stamina:true
[26Jun2025 21:29:33.982] [Server thread/INFO] [net.mcreator.tloa.TloaMod/]: Max Stamina40.0
[26Jun2025 21:29:34.019] [Render thread/INFO] [net.mcreator.tloa.TloaMod/]: Current Stamina:40.2
[26Jun2025 21:29:34.020] [Render thread/INFO] [net.mcreator.tloa.TloaMod/]: Rounded Stamina40
[26Jun2025 21:29:34.020] [Render thread/INFO] [net.mcreator.tloa.TloaMod/]: Can Stamina:true
[26Jun2025 21:29:34.020] [Render thread/INFO] [net.mcreator.tloa.TloaMod/]: Max Stamina40.0
[26Jun2025 21:29:34.069] [Render thread/INFO] [net.mcreator.tloa.TloaMod/]: Current Stamina:40.2
[26Jun2025 21:29:34.069] [Render thread/INFO] [net.mcreator.tloa.TloaMod/]: Rounded Stamina40
[26Jun2025 21:29:34.069] [Render thread/INFO] [net.mcreator.tloa.TloaMod/]: Can Stamina:true
[26Jun2025 21:29:34.069] [Render thread/INFO] [net.mcreator.tloa.TloaMod/]: Max Stamina40.0
[26Jun2025 21:29:34.073] [Server thread/INFO] [net.mcreator.tloa.TloaMod/]: Current Stamina:40.2
[26Jun2025 21:29:34.073] [Server thread/INFO] [net.mcreator.tloa.TloaMod/]: Rounded Stamina40
[26Jun2025 21:29:34.073] [Server thread/INFO] [net.mcreator.tloa.TloaMod/]: Can Stamina:true
[26Jun2025 21:29:34.073] [Server thread/INFO] [net.mcreator.tloa.TloaMod/]: Max Stamina40.0
[26Jun2025 21:29:34.087] [Server thread/INFO] [net.mcreator.tloa.TloaMod/]: Current Stamina:40.2
[26Jun2025 21:29:34.088] [Server thread/INFO] [net.mcreator.tloa.TloaMod/]: Rounded Stamina40
[26Jun2025 21:29:34.088] [Server thread/INFO] [net.mcreator.tloa.TloaMod/]: Can Stamina:true
[26Jun2025 21:29:34.088] [Server thread/INFO] [net.mcreator.tloa.TloaMod/]: Max Stamina40.0
[26Jun2025 21:29:34.120] [Render thread/INFO] [net.mcreator.tloa.TloaMod/]: Current Stamina:40.2
[26Jun2025 21:29:34.120] [Render thread/INFO] [net.mcreator.tloa.TloaMod/]: Rounded Stamina40
[26Jun2025 21:29:34.120] [Render thread/INFO] [net.mcreator.tloa.TloaMod/]: Can Stamina:true
[26Jun2025 21:29:34.120] [Render thread/INFO] [net.mcreator.tloa.TloaMod/]: Max Stamina40.0
[26Jun2025 21:29:34.132] [Server thread/INFO] [net.mcreator.tloa.TloaMod/]: Current Stamina:40.2
[26Jun2025 21:29:34.132] [Server thread/INFO] [net.mcreator.tloa.TloaMod/]: Rounded Stamina40
[26Jun2025 21:29:34.132] [Server thread/INFO] [net.mcreator.tloa.TloaMod/]: Can Stamina:true
[26Jun2025 21:29:34.132] [Server thread/INFO] [net.mcreator.tloa.TloaMod/]: Max Stamina40.0
[26Jun2025 21:29:34.169] [Render thread/INFO] [net.mcreator.tloa.TloaMod/]: Current Stamina:40.2
[26Jun2025 21:29:34.169] [Render thread/INFO] [net.mcreator.tloa.TloaMod/]: Rounded Stamina40
[26Jun2025 21:29:34.169] [Render thread/INFO] [net.mcreator.tloa.TloaMod/]: Can Stamina:true
[26Jun2025 21:29:34.169] [Render thread/INFO] [net.mcreator.tloa.TloaMod/]: Max Stamina40.0
[26Jun2025 21:29:34.178] [Server thread/INFO] [net.mcreator.tloa.TloaMod/]: Current Stamina:40.2
[26Jun2025 21:29:34.179] [Server thread/INFO] [net.mcreator.tloa.TloaMod/]: Rounded Stamina40
[26Jun2025 21:29:34.179] [Server thread/INFO] [net.mcreator.tloa.TloaMod/]: Can Stamina:true
[26Jun2025 21:29:34.179] [Server thread/INFO] [net.mcreator.tloa.TloaMod/]: Max Stamina40.0
[26Jun2025 21:29:34.220] [Render thread/INFO] [net.mcreator.tloa.TloaMod/]: Current Stamina:40.2
[26Jun2025 21:29:34.220] [Render thread/INFO] [net.mcreator.tloa.TloaMod/]: Rounded Stamina40
[26Jun2025 21:29:34.220] [Render thread/INFO] [net.mcreator.tloa.TloaMod/]: Can Stamina:true
[26Jun2025 21:29:34.221] [Render thread/INFO] [net.mcreator.tloa.TloaMod/]: Max Stamina40.0
[26Jun2025 21:29:34.232] [Server thread/INFO] [net.mcreator.tloa.TloaMod/]: Current Stamina:40.2
[26Jun2025 21:29:34.233] [Server thread/INFO] [net.mcreator.tloa.TloaMod/]: Rounded Stamina40
[26Jun2025 21:29:34.233] [Server thread/INFO] [net.mcreator.tloa.TloaMod/]: Can Stamina:true
[26Jun2025 21:29:34.233] [Server thread/INFO] [net.mcreator.tloa.TloaMod/]: Max Stamina40.0
[26Jun2025 21:29:34.269] [Render thread/INFO] [net.mcreator.tloa.TloaMod/]: Current Stamina:40.2
[26Jun2025 21:29:34.270] [Render thread/INFO] [net.mcreator.tloa.TloaMod/]: Rounded Stamina40
[26Jun2025 21:29:34.270] [Render thread/INFO] [net.mcreator.tloa.TloaMod/]: Can Stamina:true
[26Jun2025 21:29:34.270] [Render thread/INFO] [net.mcreator.tloa.TloaMod/]: Max Stamina40.0
[26Jun2025 21:29:34.281] [Server thread/INFO] [net.mcreator.tloa.TloaMod/]: Current Stamina:40.2
[26Jun2025 21:29:34.281] [Server thread/INFO] [net.mcreator.tloa.TloaMod/]: Rounded Stamina40
[26Jun2025 21:29:34.281] [Server thread/INFO] [net.mcreator.tloa.TloaMod/]: Can Stamina:true
[26Jun2025 21:29:34.281] [Server thread/INFO] [net.mcreator.tloa.TloaMod/]: Max Stamina40.0
[26Jun2025 21:29:34.321] [Render thread/INFO] [net.mcreator.tloa.TloaMod/]: Current Stamina:40.2
[26Jun2025 21:29:34.321] [Render thread/INFO] [net.mcreator.tloa.TloaMod/]: Rounded Stamina40
[26Jun2025 21:29:34.321] [Render thread/INFO] [net.mcreator.tloa.TloaMod/]: Can Stamina:true
[26Jun2025 21:29:34.321] [Render thread/INFO] [net.mcreator.tloa.TloaMod/]: Max Stamina40.0
[26Jun2025 21:29:34.332] [Server thread/INFO] [net.mcreator.tloa.TloaMod/]: Current Stamina:40.2
[26Jun2025 21:29:34.333] [Server thread/INFO] [net.mcreator.tloa.TloaMod/]: Rounded Stamina40
[26Jun2025 21:29:34.333] [Server thread/INFO] [net.mcreator.tloa.TloaMod/]: Can Stamina:true
[26Jun2025 21:29:34.333] [Server thread/INFO] [net.mcreator.tloa.TloaMod/]: Max Stamina40.0
[26Jun2025 21:29:34.370] [Render thread/INFO] [net.mcreator.tloa.TloaMod/]: Current Stamina:40.2
[26Jun2025 21:29:34.370] [Render thread/INFO] [net.mcreator.tloa.TloaMod/]: Rounded Stamina40
[26Jun2025 21:29:34.370] [Render thread/INFO] [net.mcreator.tloa.TloaMod/]: Can Stamina:true
[26Jun2025 21:29:34.370] [Render thread/INFO] [net.mcreator.tloa.TloaMod/]: Max Stamina40.0
[26Jun2025 21:29:34.382] [Server thread/INFO] [net.mcreator.tloa.TloaMod/]: Current Stamina:40.2
[26Jun2025 21:29:34.382] [Server thread/INFO] [net.mcreator.tloa.TloaMod/]: Rounded Stamina40
[26Jun2025 21:29:34.382] [Server thread/INFO] [net.mcreator.tloa.TloaMod/]: Can Stamina:true
[26Jun2025 21:29:34.382] [Server thread/INFO] [net.mcreator.tloa.TloaMod/]: Max Stamina40.0
[26Jun2025 21:29:34.419] [Render thread/INFO] [net.mcreator.tloa.TloaMod/]: Current Stamina:40.2
[26Jun2025 21:29:34.419] [Render thread/INFO] [net.mcreator.tloa.TloaMod/]: Rounded Stamina40
[26Jun2025 21:29:34.419] [Render thread/INFO] [net.mcreator.tloa.TloaMod/]: Can Stamina:true
[26Jun2025 21:29:34.419] [Render thread/INFO] [net.mcreator.tloa.TloaMod/]: Max Stamina40.0
[26Jun2025 21:29:34.435] [Server thread/INFO] [net.mcreator.tloa.TloaMod/]: Current Stamina:40.2
[26Jun2025 21:29:34.435] [Server thread/INFO] [net.mcreator.tloa.TloaMod/]: Rounded Stamina40
[26Jun2025 21:29:34.435] [Server thread/INFO] [net.mcreator.tloa.TloaMod/]: Can Stamina:true
[26Jun2025 21:29:34.435] [Server thread/INFO] [net.mcreator.tloa.TloaMod/]: Max Stamina40.0
[26Jun2025 21:29:34.471] [Render thread/INFO] [net.mcreator.tloa.TloaMod/]: Current Stamina:40.2
[26Jun2025 21:29:34.471] [Render thread/INFO] [net.mcreator.tloa.TloaMod/]: Rounded Stamina40
[26Jun2025 21:29:34.471] [Render thread/INFO] [net.mcreator.tloa.TloaMod/]: Can Stamina:true
[26Jun2025 21:29:34.471] [Render thread/INFO] [net.mcreator.tloa.TloaMod/]: Max Stamina40.0
[26Jun2025 21:29:34.481] [Server thread/INFO] [net.mcreator.tloa.TloaMod/]: Current Stamina:40.2
[26Jun2025 21:29:34.481] [Server thread/INFO] [net.mcreator.tloa.TloaMod/]: Rounded Stamina40
[26Jun2025 21:29:34.481] [Server thread/INFO] [net.mcreator.tloa.TloaMod/]: Can Stamina:true
[26Jun2025 21:29:34.481] [Server thread/INFO] [net.mcreator.tloa.TloaMod/]: Max Stamina40.0
[26Jun2025 21:29:34.520] [Render thread/INFO] [net.mcreator.tloa.TloaMod/]: Current Stamina:40.2
[26Jun2025 21:29:34.520] [Render thread/INFO] [net.mcreator.tloa.TloaMod/]: Rounded Stamina40
[26Jun2025 21:29:34.520] [Render thread/INFO] [net.mcreator.tloa.TloaMod/]: Can Stamina:true
[26Jun2025 21:29:34.520] [Render thread/INFO] [net.mcreator.tloa.TloaMod/]: Max Stamina40.0
[26Jun2025 21:29:34.529] [Server thread/INFO] [net.mcreator.tloa.TloaMod/]: Current Stamina:40.2
[26Jun2025 21:29:34.530] [Server thread/INFO] [net.mcreator.tloa.TloaMod/]: Rounded Stamina40
[26Jun2025 21:29:34.530] [Server thread/INFO] [net.mcreator.tloa.TloaMod/]: Can Stamina:true
[26Jun2025 21:29:34.530] [Server thread/INFO] [net.mcreator.tloa.TloaMod/]: Max Stamina40.0
[26Jun2025 21:29:34.570] [Render thread/INFO] [net.mcreator.tloa.TloaMod/]: Current Stamina:40.2
[26Jun2025 21:29:34.570] [Render thread/INFO] [net.mcreator.tloa.TloaMod/]: Rounded Stamina40
[26Jun2025 21:29:34.570] [Render thread/INFO] [net.mcreator.tloa.TloaMod/]: Can Stamina:true
[26Jun2025 21:29:34.570] [Render thread/INFO] [net.mcreator.tloa.TloaMod/]: Max Stamina40.0
[26Jun2025 21:29:34.580] [Server thread/INFO] [net.mcreator.tloa.TloaMod/]: Current Stamina:40.2
[26Jun2025 21:29:34.580] [Server thread/INFO] [net.mcreator.tloa.TloaMod/]: Rounded Stamina40
[26Jun2025 21:29:34.580] [Server thread/INFO] [net.mcreator.tloa.TloaMod/]: Can Stamina:true
[26Jun2025 21:29:34.581] [Server thread/INFO] [net.mcreator.tloa.TloaMod/]: Max Stamina40.0
[26Jun2025 21:29:34.620] [Render thread/INFO] [net.mcreator.tloa.TloaMod/]: Current Stamina:40.2
[26Jun2025 21:29:34.621] [Render thread/INFO] [net.mcreator.tloa.TloaMod/]: Rounded Stamina40
[26Jun2025 21:29:34.621] [Render thread/INFO] [net.mcreator.tloa.TloaMod/]: Can Stamina:true
[26Jun2025 21:29:34.621] [Render thread/INFO] [net.mcreator.tloa.TloaMod/]: Max Stamina40.0
[26Jun2025 21:29:34.632] [Server thread/INFO] [net.mcreator.tloa.TloaMod/]: Current Stamina:40.2
[26Jun2025 21:29:34.632] [Server thread/INFO] [net.mcreator.tloa.TloaMod/]: Rounded Stamina40
[26Jun2025 21:29:34.632] [Server thread/INFO] [net.mcreator.tloa.TloaMod/]: Can Stamina:true
[26Jun2025 21:29:34.633] [Server thread/INFO] [net.mcreator.tloa.TloaMod/]: Max Stamina40.0
[26Jun2025 21:29:34.671] [Render thread/INFO] [net.mcreator.tloa.TloaMod/]: Current Stamina:40.2
[26Jun2025 21:29:34.671] [Render thread/INFO] [net.mcreator.tloa.TloaMod/]: Rounded Stamina40
[26Jun2025 21:29:34.671] [Render thread/INFO] [net.mcreator.tloa.TloaMod/]: Can Stamina:true
[26Jun2025 21:29:34.672] [Render thread/INFO] [net.mcreator.tloa.TloaMod/]: Max Stamina40.0
[26Jun2025 21:29:34.682] [Server thread/INFO] [net.mcreator.tloa.TloaMod/]: Current Stamina:40.2
[26Jun2025 21:29:34.682] [Server thread/INFO] [net.mcreator.tloa.TloaMod/]: Rounded Stamina40
[26Jun2025 21:29:34.683] [Server thread/INFO] [net.mcreator.tloa.TloaMod/]: Can Stamina:true
[26Jun2025 21:29:34.683] [Server thread/INFO] [net.mcreator.tloa.TloaMod/]: Max Stamina40.0
[26Jun2025 21:29:34.721] [Render thread/INFO] [net.mcreator.tloa.TloaMod/]: Current Stamina:40.2
[26Jun2025 21:29:34.721] [Render thread/INFO] [net.mcreator.tloa.TloaMod/]: Rounded Stamina40
[26Jun2025 21:29:34.722] [Render thread/INFO] [net.mcreator.tloa.TloaMod/]: Can Stamina:true
[26Jun2025 21:29:34.722] [Render thread/INFO] [net.mcreator.tloa.TloaMod/]: Max Stamina40.0
[26Jun2025 21:29:34.732] [Server thread/INFO] [net.mcreator.tloa.TloaMod/]: Current Stamina:40.2
[26Jun2025 21:29:34.732] [Server thread/INFO] [net.mcreator.tloa.TloaMod/]: Rounded Stamina40
[26Jun2025 21:29:34.732] [Server thread/INFO] [net.mcreator.tloa.TloaMod/]: Can Stamina:true
[26Jun2025 21:29:34.732] [Server thread/INFO] [net.mcreator.tloa.TloaMod/]: Max Stamina40.0
[26Jun2025 21:29:34.768] [Render thread/INFO] [net.mcreator.tloa.TloaMod/]: Current Stamina:40.2
[26Jun2025 21:29:34.768] [Render thread/INFO] [net.mcreator.tloa.TloaMod/]: Rounded Stamina40
[26Jun2025 21:29:34.768] [Render thread/INFO] [net.mcreator.tloa.TloaMod/]: Can Stamina:true
[26Jun2025 21:29:34.768] [Render thread/INFO] [net.mcreator.tloa.TloaMod/]: Max Stamina40.0
[26Jun2025 21:29:34.780] [Server thread/INFO] [net.mcreator.tloa.TloaMod/]: Current Stamina:40.2
[26Jun2025 21:29:34.781] [Server thread/INFO] [net.mcreator.tloa.TloaMod/]: Rounded Stamina40
[26Jun2025 21:29:34.781] [Server thread/INFO] [net.mcreator.tloa.TloaMod/]: Can Stamina:true
[26Jun2025 21:29:34.781] [Server thread/INFO] [net.mcreator.tloa.TloaMod/]: Max Stamina40.0
[26Jun2025 21:29:34.820] [Render thread/INFO] [net.mcreator.tloa.TloaMod/]: Current Stamina:40.2
[26Jun2025 21:29:34.820] [Render thread/INFO] [net.mcreator.tloa.TloaMod/]: Rounded Stamina40
[26Jun2025 21:29:34.820] [Render thread/INFO] [net.mcreator.tloa.TloaMod/]: Can Stamina:true
[26Jun2025 21:29:34.820] [Render thread/INFO] [net.mcreator.tloa.TloaMod/]: Max Stamina40.0
[26Jun2025 21:29:34.829] [Server thread/INFO] [net.mcreator.tloa.TloaMod/]: Current Stamina:40.2
[26Jun2025 21:29:34.829] [Server thread/INFO] [net.mcreator.tloa.TloaMod/]: Rounded Stamina40
[26Jun2025 21:29:34.829] [Server thread/INFO] [net.mcreator.tloa.TloaMod/]: Can Stamina:true
[26Jun2025 21:29:34.829] [Server thread/INFO] [net.mcreator.tloa.TloaMod/]: Max Stamina40.0
[26Jun2025 21:29:34.869] [Render thread/INFO] [net.mcreator.tloa.TloaMod/]: Current Stamina:40.2
[26Jun2025 21:29:34.869] [Render thread/INFO] [net.mcreator.tloa.TloaMod/]: Rounded Stamina40
[26Jun2025 21:29:34.869] [Render thread/INFO] [net.mcreator.tloa.TloaMod/]: Can Stamina:true
[26Jun2025 21:29:34.869] [Render thread/INFO] [net.mcreator.tloa.TloaMod/]: Max Stamina40.0
[26Jun2025 21:29:34.877] [Server thread/INFO] [net.mcreator.tloa.TloaMod/]: Current Stamina:40.2
[26Jun2025 21:29:34.878] [Server thread/INFO] [net.mcreator.tloa.TloaMod/]: Rounded Stamina40
[26Jun2025 21:29:34.878] [Server thread/INFO] [net.mcreator.tloa.TloaMod/]: Can Stamina:true
[26Jun2025 21:29:34.878] [Server thread/INFO] [net.mcreator.tloa.TloaMod/]: Max Stamina40.0
[26Jun2025 21:29:34.919] [Render thread/INFO] [net.mcreator.tloa.TloaMod/]: Current Stamina:40.2
[26Jun2025 21:29:34.920] [Render thread/INFO] [net.mcreator.tloa.TloaMod/]: Rounded Stamina40
[26Jun2025 21:29:34.920] [Render thread/INFO] [net.mcreator.tloa.TloaMod/]: Can Stamina:true
[26Jun2025 21:29:34.920] [Render thread/INFO] [net.mcreator.tloa.TloaMod/]: Max Stamina40.0
[26Jun2025 21:29:34.929] [Server thread/INFO] [net.mcreator.tloa.TloaMod/]: Current Stamina:40.2
[26Jun2025 21:29:34.929] [Server thread/INFO] [net.mcreator.tloa.TloaMod/]: Rounded Stamina40
[26Jun2025 21:29:34.929] [Server thread/INFO] [net.mcreator.tloa.TloaMod/]: Can Stamina:true
[26Jun2025 21:29:34.929] [Server thread/INFO] [net.mcreator.tloa.TloaMod/]: Max Stamina40.0
[26Jun2025 21:29:34.970] [Render thread/INFO] [net.mcreator.tloa.TloaMod/]: Current Stamina:40.2
[26Jun2025 21:29:34.970] [Render thread/INFO] [net.mcreator.tloa.TloaMod/]: Rounded Stamina40
[26Jun2025 21:29:34.970] [Render thread/INFO] [net.mcreator.tloa.TloaMod/]: Can Stamina:true
[26Jun2025 21:29:34.970] [Render thread/INFO] [net.mcreator.tloa.TloaMod/]: Max Stamina40.0
[26Jun2025 21:29:34.978] [Server thread/INFO] [net.mcreator.tloa.TloaMod/]: Current Stamina:40.2
[26Jun2025 21:29:34.979] [Server thread/INFO] [net.mcreator.tloa.TloaMod/]: Rounded Stamina40
[26Jun2025 21:29:34.979] [Server thread/INFO] [net.mcreator.tloa.TloaMod/]: Can Stamina:true
[26Jun2025 21:29:34.979] [Server thread/INFO] [net.mcreator.tloa.TloaMod/]: Max Stamina40.0
[26Jun2025 21:29:35.020] [Render thread/INFO] [net.mcreator.tloa.TloaMod/]: Current Stamina:40.2
[26Jun2025 21:29:35.020] [Render thread/INFO] [net.mcreator.tloa.TloaMod/]: Rounded Stamina40
[26Jun2025 21:29:35.020] [Render thread/INFO] [net.mcreator.tloa.TloaMod/]: Can Stamina:true
[26Jun2025 21:29:35.021] [Render thread/INFO] [net.mcreator.tloa.TloaMod/]: Max Stamina40.0
[26Jun2025 21:29:35.029] [Server thread/INFO] [net.mcreator.tloa.TloaMod/]: Current Stamina:40.2
[26Jun2025 21:29:35.029] [Server thread/INFO] [net.mcreator.tloa.TloaMod/]: Rounded Stamina40
[26Jun2025 21:29:35.029] [Server thread/INFO] [net.mcreator.tloa.TloaMod/]: Can Stamina:true
[26Jun2025 21:29:35.030] [Server thread/INFO] [net.mcreator.tloa.TloaMod/]: Max Stamina40.0
[26Jun2025 21:29:35.069] [Render thread/INFO] [net.mcreator.tloa.TloaMod/]: Current Stamina:40.2
[26Jun2025 21:29:35.069] [Render thread/INFO] [net.mcreator.tloa.TloaMod/]: Rounded Stamina40
[26Jun2025 21:29:35.069] [Render thread/INFO] [net.mcreator.tloa.TloaMod/]: Can Stamina:true
[26Jun2025 21:29:35.069] [Render thread/INFO] [net.mcreator.tloa.TloaMod/]: Max Stamina40.0
[26Jun2025 21:29:35.077] [Server thread/INFO] [net.mcreator.tloa.TloaMod/]: Current Stamina:40.2
[26Jun2025 21:29:35.077] [Server thread/INFO] [net.mcreator.tloa.TloaMod/]: Rounded Stamina40
[26Jun2025 21:29:35.077] [Server thread/INFO] [net.mcreator.tloa.TloaMod/]: Can Stamina:true
[26Jun2025 21:29:35.078] [Server thread/INFO] [net.mcreator.tloa.TloaMod/]: Max Stamina40.0
[26Jun2025 21:29:35.121] [Render thread/INFO] [net.mcreator.tloa.TloaMod/]: Current Stamina:40.2
[26Jun2025 21:29:35.121] [Render thread/INFO] [net.mcreator.tloa.TloaMod/]: Rounded Stamina40
[26Jun2025 21:29:35.121] [Render thread/INFO] [net.mcreator.tloa.TloaMod/]: Can Stamina:true
[26Jun2025 21:29:35.122] [Render thread/INFO] [net.mcreator.tloa.TloaMod/]: Max Stamina40.0
[26Jun2025 21:29:35.132] [Server thread/INFO] [net.mcreator.tloa.TloaMod/]: Current Stamina:40.2
[26Jun2025 21:29:35.132] [Server thread/INFO] [net.mcreator.tloa.TloaMod/]: Rounded Stamina40
[26Jun2025 21:29:35.132] [Server thread/INFO] [net.mcreator.tloa.TloaMod/]: Can Stamina:true
[26Jun2025 21:29:35.133] [Server thread/INFO] [net.mcreator.tloa.TloaMod/]: Max Stamina40.0
[26Jun2025 21:29:35.170] [Render thread/INFO] [net.mcreator.tloa.TloaMod/]: Current Stamina:40.2
[26Jun2025 21:29:35.171] [Render thread/INFO] [net.mcreator.tloa.TloaMod/]: Rounded Stamina40
[26Jun2025 21:29:35.171] [Render thread/INFO] [net.mcreator.tloa.TloaMod/]: Can Stamina:true
[26Jun2025 21:29:35.171] [Render thread/INFO] [net.mcreator.tloa.TloaMod/]: Max Stamina40.0
[26Jun2025 21:29:35.181] [Server thread/INFO] [net.mcreator.tloa.TloaMod/]: Current Stamina:40.2
[26Jun2025 21:29:35.181] [Server thread/INFO] [net.mcreator.tloa.TloaMod/]: Rounded Stamina40
[26Jun2025 21:29:35.182] [Server thread/INFO] [net.mcreator.tloa.TloaMod/]: Can Stamina:true
[26Jun2025 21:29:35.182] [Server thread/INFO] [net.mcreator.tloa.TloaMod/]: Max Stamina40.0
[26Jun2025 21:29:35.223] [Render thread/INFO] [net.mcreator.tloa.TloaMod/]: Current Stamina:40.2
[26Jun2025 21:29:35.223] [Render thread/INFO] [net.mcreator.tloa.TloaMod/]: Rounded Stamina40
[26Jun2025 21:29:35.223] [Render thread/INFO] [net.mcreator.tloa.TloaMod/]: Can Stamina:true
[26Jun2025 21:29:35.223] [Render thread/INFO] [net.mcreator.tloa.TloaMod/]: Max Stamina40.0
[26Jun2025 21:29:35.229] [Server thread/INFO] [net.mcreator.tloa.TloaMod/]: Current Stamina:40.2
[26Jun2025 21:29:35.230] [Server thread/INFO] [net.mcreator.tloa.TloaMod/]: Rounded Stamina40
[26Jun2025 21:29:35.230] [Server thread/INFO] [net.mcreator.tloa.TloaMod/]: Can Stamina:true
[26Jun2025 21:29:35.230] [Server thread/INFO] [net.mcreator.tloa.TloaMod/]: Max Stamina40.0
[26Jun2025 21:29:35.269] [Render thread/INFO] [net.mcreator.tloa.TloaMod/]: Current Stamina:40.2
[26Jun2025 21:29:35.269] [Render thread/INFO] [net.mcreator.tloa.TloaMod/]: Rounded Stamina40
[26Jun2025 21:29:35.269] [Render thread/INFO] [net.mcreator.tloa.TloaMod/]: Can Stamina:true
[26Jun2025 21:29:35.269] [Render thread/INFO] [net.mcreator.tloa.TloaMod/]: Max Stamina40.0
[26Jun2025 21:29:35.280] [Server thread/INFO] [net.mcreator.tloa.TloaMod/]: Current Stamina:40.2
[26Jun2025 21:29:35.280] [Server thread/INFO] [net.mcreator.tloa.TloaMod/]: Rounded Stamina40
[26Jun2025 21:29:35.280] [Server thread/INFO] [net.mcreator.tloa.TloaMod/]: Can Stamina:true
[26Jun2025 21:29:35.280] [Server thread/INFO] [net.mcreator.tloa.TloaMod/]: Max Stamina40.0
[26Jun2025 21:29:35.322] [Render thread/INFO] [net.mcreator.tloa.TloaMod/]: Current Stamina:40.2
[26Jun2025 21:29:35.322] [Render thread/INFO] [net.mcreator.tloa.TloaMod/]: Rounded Stamina40
[26Jun2025 21:29:35.322] [Render thread/INFO] [net.mcreator.tloa.TloaMod/]: Can Stamina:true
[26Jun2025 21:29:35.322] [Render thread/INFO] [net.mcreator.tloa.TloaMod/]: Max Stamina40.0
[26Jun2025 21:29:35.338] [Server thread/INFO] [net.mcreator.tloa.TloaMod/]: Current Stamina:40.2
[26Jun2025 21:29:35.338] [Server thread/INFO] [net.mcreator.tloa.TloaMod/]: Rounded Stamina40
[26Jun2025 21:29:35.338] [Server thread/INFO] [net.mcreator.tloa.TloaMod/]: Can Stamina:true
[26Jun2025 21:29:35.338] [Server thread/INFO] [net.mcreator.tloa.TloaMod/]: Max Stamina40.0
[26Jun2025 21:29:35.369] [Render thread/INFO] [net.mcreator.tloa.TloaMod/]: Current Stamina:40.2
[26Jun2025 21:29:35.370] [Render thread/INFO] [net.mcreator.tloa.TloaMod/]: Rounded Stamina40
[26Jun2025 21:29:35.370] [Render thread/INFO] [net.mcreator.tloa.TloaMod/]: Can Stamina:true
[26Jun2025 21:29:35.370] [Render thread/INFO] [net.mcreator.tloa.TloaMod/]: Max Stamina40.0
[26Jun2025 21:29:35.378] [Server thread/INFO] [net.mcreator.tloa.TloaMod/]: Current Stamina:40.2
[26Jun2025 21:29:35.378] [Server thread/INFO] [net.mcreator.tloa.TloaMod/]: Rounded Stamina40
[26Jun2025 21:29:35.378] [Server thread/INFO] [net.mcreator.tloa.TloaMod/]: Can Stamina:true
[26Jun2025 21:29:35.378] [Server thread/INFO] [net.mcreator.tloa.TloaMod/]: Max Stamina40.0
[26Jun2025 21:29:35.422] [Render thread/INFO] [net.mcreator.tloa.TloaMod/]: Current Stamina:40.2
[26Jun2025 21:29:35.422] [Render thread/INFO] [net.mcreator.tloa.TloaMod/]: Rounded Stamina40
[26Jun2025 21:29:35.422] [Render thread/INFO] [net.mcreator.tloa.TloaMod/]: Can Stamina:true
[26Jun2025 21:29:35.422] [Render thread/INFO] [net.mcreator.tloa.TloaMod/]: Max Stamina40.0
[26Jun2025 21:29:35.429] [Server thread/INFO] [net.mcreator.tloa.TloaMod/]: Current Stamina:40.2
[26Jun2025 21:29:35.430] [Server thread/INFO] [net.mcreator.tloa.TloaMod/]: Rounded Stamina40
[26Jun2025 21:29:35.430] [Server thread/INFO] [net.mcreator.tloa.TloaMod/]: Can Stamina:true
[26Jun2025 21:29:35.430] [Server thread/INFO] [net.mcreator.tloa.TloaMod/]: Max Stamina40.0
[26Jun2025 21:29:35.471] [Render thread/INFO] [net.mcreator.tloa.TloaMod/]: Current Stamina:40.2
[26Jun2025 21:29:35.471] [Render thread/INFO] [net.mcreator.tloa.TloaMod/]: Rounded Stamina40
[26Jun2025 21:29:35.472] [Render thread/INFO] [net.mcreator.tloa.TloaMod/]: Can Stamina:true
[26Jun2025 21:29:35.472] [Render thread/INFO] [net.mcreator.tloa.TloaMod/]: Max Stamina40.0
[26Jun2025 21:29:35.479] [Server thread/INFO] [net.mcreator.tloa.TloaMod/]: Current Stamina:40.2
[26Jun2025 21:29:35.480] [Server thread/INFO] [net.mcreator.tloa.TloaMod/]: Rounded Stamina40
[26Jun2025 21:29:35.480] [Server thread/INFO] [net.mcreator.tloa.TloaMod/]: Can Stamina:true
[26Jun2025 21:29:35.480] [Server thread/INFO] [net.mcreator.tloa.TloaMod/]: Max Stamina40.0
[26Jun2025 21:29:35.521] [Render thread/INFO] [net.mcreator.tloa.TloaMod/]: Current Stamina:40.2
[26Jun2025 21:29:35.521] [Render thread/INFO] [net.mcreator.tloa.TloaMod/]: Rounded Stamina40
[26Jun2025 21:29:35.521] [Render thread/INFO] [net.mcreator.tloa.TloaMod/]: Can Stamina:true
[26Jun2025 21:29:35.521] [Render thread/INFO] [net.mcreator.tloa.TloaMod/]: Max Stamina40.0
[26Jun2025 21:29:35.532] [Server thread/INFO] [net.mcreator.tloa.TloaMod/]: Current Stamina:40.2
[26Jun2025 21:29:35.532] [Server thread/INFO] [net.mcreator.tloa.TloaMod/]: Rounded Stamina40
[26Jun2025 21:29:35.532] [Server thread/INFO] [net.mcreator.tloa.TloaMod/]: Can Stamina:true
[26Jun2025 21:29:35.532] [Server thread/INFO] [net.mcreator.tloa.TloaMod/]: Max Stamina40.0
[26Jun2025 21:29:35.568] [Render thread/INFO] [net.mcreator.tloa.TloaMod/]: Current Stamina:40.2
[26Jun2025 21:29:35.569] [Render thread/INFO] [net.mcreator.tloa.TloaMod/]: Rounded Stamina40
[26Jun2025 21:29:35.569] [Render thread/INFO] [net.mcreator.tloa.TloaMod/]: Can Stamina:true
[26Jun2025 21:29:35.569] [Render thread/INFO] [net.mcreator.tloa.TloaMod/]: Max Stamina40.0
[26Jun2025 21:29:35.580] [Server thread/INFO] [net.mcreator.tloa.TloaMod/]: Current Stamina:40.2
[26Jun2025 21:29:35.580] [Server thread/INFO] [net.mcreator.tloa.TloaMod/]: Rounded Stamina40
[26Jun2025 21:29:35.580] [Server thread/INFO] [net.mcreator.tloa.TloaMod/]: Can Stamina:true
[26Jun2025 21:29:35.580] [Server thread/INFO] [net.mcreator.tloa.TloaMod/]: Max Stamina40.0
[26Jun2025 21:29:35.618] [Render thread/INFO] [net.mcreator.tloa.TloaMod/]: Current Stamina:40.2
[26Jun2025 21:29:35.618] [Render thread/INFO] [net.mcreator.tloa.TloaMod/]: Rounded Stamina40
[26Jun2025 21:29:35.618] [Render thread/INFO] [net.mcreator.tloa.TloaMod/]: Can Stamina:true
[26Jun2025 21:29:35.618] [Render thread/INFO] [net.mcreator.tloa.TloaMod/]: Max Stamina40.0
[26Jun2025 21:29:35.629] [Server thread/INFO] [net.mcreator.tloa.TloaMod/]: Current Stamina:40.2
[26Jun2025 21:29:35.629] [Server thread/INFO] [net.mcreator.tloa.TloaMod/]: Rounded Stamina40
[26Jun2025 21:29:35.629] [Server thread/INFO] [net.mcreator.tloa.TloaMod/]: Can Stamina:true
[26Jun2025 21:29:35.629] [Server thread/INFO] [net.mcreator.tloa.TloaMod/]: Max Stamina40.0
[26Jun2025 21:29:35.670] [Render thread/INFO] [net.mcreator.tloa.TloaMod/]: Current Stamina:40.2
[26Jun2025 21:29:35.670] [Render thread/INFO] [net.mcreator.tloa.TloaMod/]: Rounded Stamina40
[26Jun2025 21:29:35.670] [Render thread/INFO] [net.mcreator.tloa.TloaMod/]: Can Stamina:true
[26Jun2025 21:29:35.670] [Render thread/INFO] [net.mcreator.tloa.TloaMod/]: Max Stamina40.0
[26Jun2025 21:29:35.676] [Server thread/INFO] [net.mcreator.tloa.TloaMod/]: Current Stamina:40.2
[26Jun2025 21:29:35.676] [Server thread/INFO] [net.mcreator.tloa.TloaMod/]: Rounded Stamina40
[26Jun2025 21:29:35.676] [Server thread/INFO] [net.mcreator.tloa.TloaMod/]: Can Stamina:true
[26Jun2025 21:29:35.677] [Server thread/INFO] [net.mcreator.tloa.TloaMod/]: Max Stamina40.0
[26Jun2025 21:29:35.720] [Render thread/INFO] [net.mcreator.tloa.TloaMod/]: Current Stamina:40.2
[26Jun2025 21:29:35.720] [Render thread/INFO] [net.mcreator.tloa.TloaMod/]: Rounded Stamina40
[26Jun2025 21:29:35.720] [Render thread/INFO] [net.mcreator.tloa.TloaMod/]: Can Stamina:true
[26Jun2025 21:29:35.720] [Render thread/INFO] [net.mcreator.tloa.TloaMod/]: Max Stamina40.0
[26Jun2025 21:29:35.729] [Server thread/INFO] [net.mcreator.tloa.TloaMod/]: Current Stamina:40.2
[26Jun2025 21:29:35.729] [Server thread/INFO] [net.mcreator.tloa.TloaMod/]: Rounded Stamina40
[26Jun2025 21:29:35.730] [Server thread/INFO] [net.mcreator.tloa.TloaMod/]: Can Stamina:true
[26Jun2025 21:29:35.730] [Server thread/INFO] [net.mcreator.tloa.TloaMod/]: Max Stamina40.0
[26Jun2025 21:29:35.769] [Render thread/INFO] [net.mcreator.tloa.TloaMod/]: Current Stamina:40.2
[26Jun2025 21:29:35.769] [Render thread/INFO] [net.mcreator.tloa.TloaMod/]: Rounded Stamina40
[26Jun2025 21:29:35.769] [Render thread/INFO] [net.mcreator.tloa.TloaMod/]: Can Stamina:true
[26Jun2025 21:29:35.769] [Render thread/INFO] [net.mcreator.tloa.TloaMod/]: Max Stamina40.0
[26Jun2025 21:29:35.776] [Server thread/INFO] [net.mcreator.tloa.TloaMod/]: Current Stamina:40.2
[26Jun2025 21:29:35.776] [Server thread/INFO] [net.mcreator.tloa.TloaMod/]: Rounded Stamina40
[26Jun2025 21:29:35.776] [Server thread/INFO] [net.mcreator.tloa.TloaMod/]: Can Stamina:true
[26Jun2025 21:29:35.776] [Server thread/INFO] [net.mcreator.tloa.TloaMod/]: Max Stamina40.0
[26Jun2025 21:29:35.821] [Render thread/INFO] [net.mcreator.tloa.TloaMod/]: Current Stamina:40.2
[26Jun2025 21:29:35.821] [Render thread/INFO] [net.mcreator.tloa.TloaMod/]: Rounded Stamina40
[26Jun2025 21:29:35.822] [Render thread/INFO] [net.mcreator.tloa.TloaMod/]: Can Stamina:true
[26Jun2025 21:29:35.822] [Render thread/INFO] [net.mcreator.tloa.TloaMod/]: Max Stamina40.0
[26Jun2025 21:29:35.828] [Server thread/INFO] [net.mcreator.tloa.TloaMod/]: Current Stamina:40.2
[26Jun2025 21:29:35.828] [Server thread/INFO] [net.mcreator.tloa.TloaMod/]: Rounded Stamina40
[26Jun2025 21:29:35.828] [Server thread/INFO] [net.mcreator.tloa.TloaMod/]: Can Stamina:true
[26Jun2025 21:29:35.828] [Server thread/INFO] [net.mcreator.tloa.TloaMod/]: Max Stamina40.0
[26Jun2025 21:29:35.869] [Render thread/INFO] [net.mcreator.tloa.TloaMod/]: Current Stamina:40.2
[26Jun2025 21:29:35.869] [Render thread/INFO] [net.mcreator.tloa.TloaMod/]: Rounded Stamina40
[26Jun2025 21:29:35.869] [Render thread/INFO] [net.mcreator.tloa.TloaMod/]: Can Stamina:true
[26Jun2025 21:29:35.869] [Render thread/INFO] [net.mcreator.tloa.TloaMod/]: Max Stamina40.0
[26Jun2025 21:29:35.877] [Server thread/INFO] [net.mcreator.tloa.TloaMod/]: Current Stamina:40.2
[26Jun2025 21:29:35.878] [Server thread/INFO] [net.mcreator.tloa.TloaMod/]: Rounded Stamina40
[26Jun2025 21:29:35.878] [Server thread/INFO] [net.mcreator.tloa.TloaMod/]: Can Stamina:true
[26Jun2025 21:29:35.878] [Server thread/INFO] [net.mcreator.tloa.TloaMod/]: Max Stamina40.0
[26Jun2025 21:29:35.921] [Render thread/INFO] [net.mcreator.tloa.TloaMod/]: Current Stamina:40.2
[26Jun2025 21:29:35.921] [Render thread/INFO] [net.mcreator.tloa.TloaMod/]: Rounded Stamina40
[26Jun2025 21:29:35.921] [Render thread/INFO] [net.mcreator.tloa.TloaMod/]: Can Stamina:true
[26Jun2025 21:29:35.921] [Render thread/INFO] [net.mcreator.tloa.TloaMod/]: Max Stamina40.0
[26Jun2025 21:29:35.928] [Server thread/INFO] [net.mcreator.tloa.TloaMod/]: Current Stamina:40.2
[26Jun2025 21:29:35.928] [Server thread/INFO] [net.mcreator.tloa.TloaMod/]: Rounded Stamina40
[26Jun2025 21:29:35.928] [Server thread/INFO] [net.mcreator.tloa.TloaMod/]: Can Stamina:true
[26Jun2025 21:29:35.929] [Server thread/INFO] [net.mcreator.tloa.TloaMod/]: Max Stamina40.0
[26Jun2025 21:29:35.972] [Render thread/INFO] [net.mcreator.tloa.TloaMod/]: Current Stamina:40.2
[26Jun2025 21:29:35.973] [Render thread/INFO] [net.mcreator.tloa.TloaMod/]: Rounded Stamina40
[26Jun2025 21:29:35.973] [Render thread/INFO] [net.mcreator.tloa.TloaMod/]: Can Stamina:true
[26Jun2025 21:29:35.973] [Render thread/INFO] [net.mcreator.tloa.TloaMod/]: Max Stamina40.0
[26Jun2025 21:29:35.979] [Server thread/INFO] [net.mcreator.tloa.TloaMod/]: Current Stamina:40.2
[26Jun2025 21:29:35.979] [Server thread/INFO] [net.mcreator.tloa.TloaMod/]: Rounded Stamina40
[26Jun2025 21:29:35.979] [Server thread/INFO] [net.mcreator.tloa.TloaMod/]: Can Stamina:true
[26Jun2025 21:29:35.979] [Server thread/INFO] [net.mcreator.tloa.TloaMod/]: Max Stamina40.0
[26Jun2025 21:29:36.018] [Render thread/INFO] [net.mcreator.tloa.TloaMod/]: Current Stamina:40.2
[26Jun2025 21:29:36.018] [Render thread/INFO] [net.mcreator.tloa.TloaMod/]: Rounded Stamina40
[26Jun2025 21:29:36.018] [Render thread/INFO] [net.mcreator.tloa.TloaMod/]: Can Stamina:true
[26Jun2025 21:29:36.018] [Render thread/INFO] [net.mcreator.tloa.TloaMod/]: Max Stamina40.0
[26Jun2025 21:29:36.029] [Server thread/INFO] [net.mcreator.tloa.TloaMod/]: Current Stamina:40.2
[26Jun2025 21:29:36.029] [Server thread/INFO] [net.mcreator.tloa.TloaMod/]: Rounded Stamina40
[26Jun2025 21:29:36.029] [Server thread/INFO] [net.mcreator.tloa.TloaMod/]: Can Stamina:true
[26Jun2025 21:29:36.029] [Server thread/INFO] [net.mcreator.tloa.TloaMod/]: Max Stamina40.0
[26Jun2025 21:29:36.068] [Render thread/INFO] [net.mcreator.tloa.TloaMod/]: Current Stamina:40.2
[26Jun2025 21:29:36.068] [Render thread/INFO] [net.mcreator.tloa.TloaMod/]: Rounded Stamina40
[26Jun2025 21:29:36.068] [Render thread/INFO] [net.mcreator.tloa.TloaMod/]: Can Stamina:true
[26Jun2025 21:29:36.068] [Render thread/INFO] [net.mcreator.tloa.TloaMod/]: Max Stamina40.0
[26Jun2025 21:29:36.078] [Server thread/INFO] [net.mcreator.tloa.TloaMod/]: Current Stamina:40.2
[26Jun2025 21:29:36.078] [Server thread/INFO] [net.mcreator.tloa.TloaMod/]: Rounded Stamina40
[26Jun2025 21:29:36.078] [Server thread/INFO] [net.mcreator.tloa.TloaMod/]: Can Stamina:true
[26Jun2025 21:29:36.078] [Server thread/INFO] [net.mcreator.tloa.TloaMod/]: Max Stamina40.0
[26Jun2025 21:29:36.120] [Render thread/INFO] [net.mcreator.tloa.TloaMod/]: Current Stamina:40.2
[26Jun2025 21:29:36.121] [Render thread/INFO] [net.mcreator.tloa.TloaMod/]: Rounded Stamina40
[26Jun2025 21:29:36.121] [Render thread/INFO] [net.mcreator.tloa.TloaMod/]: Can Stamina:true
[26Jun2025 21:29:36.121] [Render thread/INFO] [net.mcreator.tloa.TloaMod/]: Max Stamina40.0
[26Jun2025 21:29:36.131] [Server thread/INFO] [net.mcreator.tloa.TloaMod/]: Current Stamina:40.2
[26Jun2025 21:29:36.131] [Server thread/INFO] [net.mcreator.tloa.TloaMod/]: Rounded Stamina40
[26Jun2025 21:29:36.131] [Server thread/INFO] [net.mcreator.tloa.TloaMod/]: Can Stamina:true
[26Jun2025 21:29:36.131] [Server thread/INFO] [net.mcreator.tloa.TloaMod/]: Max Stamina40.0
[26Jun2025 21:29:36.167] [Render thread/INFO] [net.mcreator.tloa.TloaMod/]: Current Stamina:40.2
[26Jun2025 21:29:36.168] [Render thread/INFO] [net.mcreator.tloa.TloaMod/]: Rounded Stamina40
[26Jun2025 21:29:36.168] [Render thread/INFO] [net.mcreator.tloa.TloaMod/]: Can Stamina:true
[26Jun2025 21:29:36.168] [Render thread/INFO] [net.mcreator.tloa.TloaMod/]: Max Stamina40.0
[26Jun2025 21:29:36.177] [Server thread/INFO] [net.mcreator.tloa.TloaMod/]: Current Stamina:40.2
[26Jun2025 21:29:36.177] [Server thread/INFO] [net.mcreator.tloa.TloaMod/]: Rounded Stamina40
[26Jun2025 21:29:36.177] [Server thread/INFO] [net.mcreator.tloa.TloaMod/]: Can Stamina:true
[26Jun2025 21:29:36.177] [Server thread/INFO] [net.mcreator.tloa.TloaMod/]: Max Stamina40.0
[26Jun2025 21:29:36.218] [Render thread/INFO] [net.mcreator.tloa.TloaMod/]: Current Stamina:40.2
[26Jun2025 21:29:36.219] [Render thread/INFO] [net.mcreator.tloa.TloaMod/]: Rounded Stamina40
[26Jun2025 21:29:36.219] [Render thread/INFO] [net.mcreator.tloa.TloaMod/]: Can Stamina:true
[26Jun2025 21:29:36.219] [Render thread/INFO] [net.mcreator.tloa.TloaMod/]: Max Stamina40.0
[26Jun2025 21:29:36.229] [Server thread/INFO] [net.mcreator.tloa.TloaMod/]: Current Stamina:40.2
[26Jun2025 21:29:36.230] [Server thread/INFO] [net.mcreator.tloa.TloaMod/]: Rounded Stamina40
[26Jun2025 21:29:36.230] [Server thread/INFO] [net.mcreator.tloa.TloaMod/]: Can Stamina:true
[26Jun2025 21:29:36.230] [Server thread/INFO] [net.mcreator.tloa.TloaMod/]: Max Stamina40.0
[26Jun2025 21:29:36.269] [Render thread/INFO] [net.mcreator.tloa.TloaMod/]: Current Stamina:40.2
[26Jun2025 21:29:36.270] [Render thread/INFO] [net.mcreator.tloa.TloaMod/]: Rounded Stamina40
[26Jun2025 21:29:36.270] [Render thread/INFO] [net.mcreator.tloa.TloaMod/]: Can Stamina:true
[26Jun2025 21:29:36.270] [Render thread/INFO] [net.mcreator.tloa.TloaMod/]: Max Stamina40.0
[26Jun2025 21:29:36.276] [Server thread/INFO] [net.mcreator.tloa.TloaMod/]: Current Stamina:40.2
[26Jun2025 21:29:36.277] [Server thread/INFO] [net.mcreator.tloa.TloaMod/]: Rounded Stamina40
[26Jun2025 21:29:36.277] [Server thread/INFO] [net.mcreator.tloa.TloaMod/]: Can Stamina:true
[26Jun2025 21:29:36.277] [Server thread/INFO] [net.mcreator.tloa.TloaMod/]: Max Stamina40.0
[26Jun2025 21:29:36.319] [Render thread/INFO] [net.mcreator.tloa.TloaMod/]: Current Stamina:40.2
[26Jun2025 21:29:36.320] [Render thread/INFO] [net.mcreator.tloa.TloaMod/]: Rounded Stamina40
[26Jun2025 21:29:36.320] [Render thread/INFO] [net.mcreator.tloa.TloaMod/]: Can Stamina:true
[26Jun2025 21:29:36.320] [Render thread/INFO] [net.mcreator.tloa.TloaMod/]: Max Stamina40.0
[26Jun2025 21:29:36.328] [Server thread/INFO] [net.mcreator.tloa.TloaMod/]: Current Stamina:40.2
[26Jun2025 21:29:36.328] [Server thread/INFO] [net.mcreator.tloa.TloaMod/]: Rounded Stamina40
[26Jun2025 21:29:36.328] [Server thread/INFO] [net.mcreator.tloa.TloaMod/]: Can Stamina:true
[26Jun2025 21:29:36.328] [Server thread/INFO] [net.mcreator.tloa.TloaMod/]: Max Stamina40.0
[26Jun2025 21:29:36.368] [Render thread/INFO] [net.mcreator.tloa.TloaMod/]: Current Stamina:40.2
[26Jun2025 21:29:36.369] [Render thread/INFO] [net.mcreator.tloa.TloaMod/]: Rounded Stamina40
[26Jun2025 21:29:36.369] [Render thread/INFO] [net.mcreator.tloa.TloaMod/]: Can Stamina:true
[26Jun2025 21:29:36.369] [Render thread/INFO] [net.mcreator.tloa.TloaMod/]: Max Stamina40.0
[26Jun2025 21:29:36.379] [Server thread/INFO] [net.mcreator.tloa.TloaMod/]: Current Stamina:40.2
[26Jun2025 21:29:36.379] [Server thread/INFO] [net.mcreator.tloa.TloaMod/]: Rounded Stamina40
[26Jun2025 21:29:36.380] [Server thread/INFO] [net.mcreator.tloa.TloaMod/]: Can Stamina:true
[26Jun2025 21:29:36.380] [Server thread/INFO] [net.mcreator.tloa.TloaMod/]: Max Stamina40.0
[26Jun2025 21:29:36.419] [Render thread/INFO] [net.mcreator.tloa.TloaMod/]: Current Stamina:40.2
[26Jun2025 21:29:36.420] [Render thread/INFO] [net.mcreator.tloa.TloaMod/]: Rounded Stamina40
[26Jun2025 21:29:36.420] [Render thread/INFO] [net.mcreator.tloa.TloaMod/]: Can Stamina:true
[26Jun2025 21:29:36.420] [Render thread/INFO] [net.mcreator.tloa.TloaMod/]: Max Stamina40.0
[26Jun2025 21:29:36.427] [Server thread/INFO] [net.mcreator.tloa.TloaMod/]: Current Stamina:40.2
[26Jun2025 21:29:36.427] [Server thread/INFO] [net.mcreator.tloa.TloaMod/]: Rounded Stamina40
[26Jun2025 21:29:36.427] [Server thread/INFO] [net.mcreator.tloa.TloaMod/]: Can Stamina:true
[26Jun2025 21:29:36.427] [Server thread/INFO] [net.mcreator.tloa.TloaMod/]: Max Stamina40.0
[26Jun2025 21:29:36.468] [Render thread/INFO] [net.mcreator.tloa.TloaMod/]: Current Stamina:40.2
[26Jun2025 21:29:36.468] [Render thread/INFO] [net.mcreator.tloa.TloaMod/]: Rounded Stamina40
[26Jun2025 21:29:36.468] [Render thread/INFO] [net.mcreator.tloa.TloaMod/]: Can Stamina:true
[26Jun2025 21:29:36.468] [Render thread/INFO] [net.mcreator.tloa.TloaMod/]: Max Stamina40.0
[26Jun2025 21:29:36.477] [Server thread/INFO] [net.mcreator.tloa.TloaMod/]: Current Stamina:40.2
[26Jun2025 21:29:36.478] [Server thread/INFO] [net.mcreator.tloa.TloaMod/]: Rounded Stamina40
[26Jun2025 21:29:36.478] [Server thread/INFO] [net.mcreator.tloa.TloaMod/]: Can Stamina:true
[26Jun2025 21:29:36.478] [Server thread/INFO] [net.mcreator.tloa.TloaMod/]: Max Stamina40.0
[26Jun2025 21:29:36.517] [Render thread/INFO] [net.mcreator.tloa.TloaMod/]: Current Stamina:40.2
[26Jun2025 21:29:36.518] [Render thread/INFO] [net.mcreator.tloa.TloaMod/]: Rounded Stamina40
[26Jun2025 21:29:36.518] [Render thread/INFO] [net.mcreator.tloa.TloaMod/]: Can Stamina:true
[26Jun2025 21:29:36.518] [Render thread/INFO] [net.mcreator.tloa.TloaMod/]: Max Stamina40.0
[26Jun2025 21:29:36.529] [Server thread/INFO] [net.mcreator.tloa.TloaMod/]: Current Stamina:40.2
[26Jun2025 21:29:36.529] [Server thread/INFO] [net.mcreator.tloa.TloaMod/]: Rounded Stamina40
[26Jun2025 21:29:36.529] [Server thread/INFO] [net.mcreator.tloa.TloaMod/]: Can Stamina:true
[26Jun2025 21:29:36.529] [Server thread/INFO] [net.mcreator.tloa.TloaMod/]: Max Stamina40.0
[26Jun2025 21:29:36.568] [Render thread/INFO] [net.mcreator.tloa.TloaMod/]: Current Stamina:40.2
[26Jun2025 21:29:36.568] [Render thread/INFO] [net.mcreator.tloa.TloaMod/]: Rounded Stamina40
[26Jun2025 21:29:36.568] [Render thread/INFO] [net.mcreator.tloa.TloaMod/]: Can Stamina:true
[26Jun2025 21:29:36.568] [Render thread/INFO] [net.mcreator.tloa.TloaMod/]: Max Stamina40.0
[26Jun2025 21:29:36.579] [Server thread/INFO] [net.mcreator.tloa.TloaMod/]: Current Stamina:40.2
[26Jun2025 21:29:36.579] [Server thread/INFO] [net.mcreator.tloa.TloaMod/]: Rounded Stamina40
[26Jun2025 21:29:36.579] [Server thread/INFO] [net.mcreator.tloa.TloaMod/]: Can Stamina:true
[26Jun2025 21:29:36.580] [Server thread/INFO] [net.mcreator.tloa.TloaMod/]: Max Stamina40.0
[26Jun2025 21:29:36.619] [Render thread/INFO] [net.mcreator.tloa.TloaMod/]: Current Stamina:40.2
[26Jun2025 21:29:36.619] [Render thread/INFO] [net.mcreator.tloa.TloaMod/]: Rounded Stamina40
[26Jun2025 21:29:36.619] [Render thread/INFO] [net.mcreator.tloa.TloaMod/]: Can Stamina:true
[26Jun2025 21:29:36.620] [Render thread/INFO] [net.mcreator.tloa.TloaMod/]: Max Stamina40.0
[26Jun2025 21:29:36.627] [Server thread/INFO] [net.mcreator.tloa.TloaMod/]: Current Stamina:40.2
[26Jun2025 21:29:36.627] [Server thread/INFO] [net.mcreator.tloa.TloaMod/]: Rounded Stamina40
[26Jun2025 21:29:36.627] [Server thread/INFO] [net.mcreator.tloa.TloaMod/]: Can Stamina:true
[26Jun2025 21:29:36.627] [Server thread/INFO] [net.mcreator.tloa.TloaMod/]: Max Stamina40.0
[26Jun2025 21:29:36.668] [Render thread/INFO] [net.mcreator.tloa.TloaMod/]: Current Stamina:40.2
[26Jun2025 21:29:36.668] [Render thread/INFO] [net.mcreator.tloa.TloaMod/]: Rounded Stamina40
[26Jun2025 21:29:36.668] [Render thread/INFO] [net.mcreator.tloa.TloaMod/]: Can Stamina:true
[26Jun2025 21:29:36.668] [Render thread/INFO] [net.mcreator.tloa.TloaMod/]: Max Stamina40.0
[26Jun2025 21:29:36.676] [Server thread/INFO] [net.mcreator.tloa.TloaMod/]: Current Stamina:40.2
[26Jun2025 21:29:36.677] [Server thread/INFO] [net.mcreator.tloa.TloaMod/]: Rounded Stamina40
[26Jun2025 21:29:36.677] [Server thread/INFO] [net.mcreator.tloa.TloaMod/]: Can Stamina:true
[26Jun2025 21:29:36.677] [Server thread/INFO] [net.mcreator.tloa.TloaMod/]: Max Stamina40.0
[26Jun2025 21:29:36.721] [Render thread/INFO] [net.mcreator.tloa.TloaMod/]: Current Stamina:40.2
[26Jun2025 21:29:36.721] [Render thread/INFO] [net.mcreator.tloa.TloaMod/]: Rounded Stamina40
[26Jun2025 21:29:36.721] [Render thread/INFO] [net.mcreator.tloa.TloaMod/]: Can Stamina:true
[26Jun2025 21:29:36.721] [Render thread/INFO] [net.mcreator.tloa.TloaMod/]: Max Stamina40.0
[26Jun2025 21:29:36.729] [Server thread/INFO] [net.mcreator.tloa.TloaMod/]: Current Stamina:40.2
[26Jun2025 21:29:36.729] [Server thread/INFO] [net.mcreator.tloa.TloaMod/]: Rounded Stamina40
[26Jun2025 21:29:36.729] [Server thread/INFO] [net.mcreator.tloa.TloaMod/]: Can Stamina:true
[26Jun2025 21:29:36.730] [Server thread/INFO] [net.mcreator.tloa.TloaMod/]: Max Stamina40.0
[26Jun2025 21:29:36.768] [Render thread/INFO] [net.mcreator.tloa.TloaMod/]: Current Stamina:40.2
[26Jun2025 21:29:36.768] [Render thread/INFO] [net.mcreator.tloa.TloaMod/]: Rounded Stamina40
[26Jun2025 21:29:36.768] [Render thread/INFO] [net.mcreator.tloa.TloaMod/]: Can Stamina:true
[26Jun2025 21:29:36.768] [Render thread/INFO] [net.mcreator.tloa.TloaMod/]: Max Stamina40.0
[26Jun2025 21:29:36.776] [Server thread/INFO] [net.mcreator.tloa.TloaMod/]: Current Stamina:40.2
[26Jun2025 21:29:36.777] [Server thread/INFO] [net.mcreator.tloa.TloaMod/]: Rounded Stamina40
[26Jun2025 21:29:36.777] [Server thread/INFO] [net.mcreator.tloa.TloaMod/]: Can Stamina:true
[26Jun2025 21:29:36.777] [Server thread/INFO] [net.mcreator.tloa.TloaMod/]: Max Stamina40.0
[26Jun2025 21:29:36.819] [Render thread/INFO] [net.mcreator.tloa.TloaMod/]: Current Stamina:40.2
[26Jun2025 21:29:36.819] [Render thread/INFO] [net.mcreator.tloa.TloaMod/]: Rounded Stamina40
[26Jun2025 21:29:36.819] [Render thread/INFO] [net.mcreator.tloa.TloaMod/]: Can Stamina:true
[26Jun2025 21:29:36.819] [Render thread/INFO] [net.mcreator.tloa.TloaMod/]: Max Stamina40.0
[26Jun2025 21:29:36.828] [Server thread/INFO] [net.mcreator.tloa.TloaMod/]: Current Stamina:40.2
[26Jun2025 21:29:36.828] [Server thread/INFO] [net.mcreator.tloa.TloaMod/]: Rounded Stamina40
[26Jun2025 21:29:36.828] [Server thread/INFO] [net.mcreator.tloa.TloaMod/]: Can Stamina:true
[26Jun2025 21:29:36.828] [Server thread/INFO] [net.mcreator.tloa.TloaMod/]: Max Stamina40.0
[26Jun2025 21:29:36.867] [Render thread/INFO] [net.mcreator.tloa.TloaMod/]: Current Stamina:40.2
[26Jun2025 21:29:36.867] [Render thread/INFO] [net.mcreator.tloa.TloaMod/]: Rounded Stamina40
[26Jun2025 21:29:36.868] [Render thread/INFO] [net.mcreator.tloa.TloaMod/]: Can Stamina:true
[26Jun2025 21:29:36.868] [Render thread/INFO] [net.mcreator.tloa.TloaMod/]: Max Stamina40.0
[26Jun2025 21:29:36.885] [Server thread/INFO] [net.mcreator.tloa.TloaMod/]: Current Stamina:40.2
[26Jun2025 21:29:36.885] [Server thread/INFO] [net.mcreator.tloa.TloaMod/]: Rounded Stamina40
[26Jun2025 21:29:36.885] [Server thread/INFO] [net.mcreator.tloa.TloaMod/]: Can Stamina:true
[26Jun2025 21:29:36.885] [Server thread/INFO] [net.mcreator.tloa.TloaMod/]: Max Stamina40.0
[26Jun2025 21:29:36.919] [Render thread/INFO] [net.mcreator.tloa.TloaMod/]: Current Stamina:40.2
[26Jun2025 21:29:36.919] [Render thread/INFO] [net.mcreator.tloa.TloaMod/]: Rounded Stamina40
[26Jun2025 21:29:36.919] [Render thread/INFO] [net.mcreator.tloa.TloaMod/]: Can Stamina:true
[26Jun2025 21:29:36.919] [Render thread/INFO] [net.mcreator.tloa.TloaMod/]: Max Stamina40.0
[26Jun2025 21:29:36.926] [Server thread/INFO] [net.mcreator.tloa.TloaMod/]: Current Stamina:40.2
[26Jun2025 21:29:36.926] [Server thread/INFO] [net.mcreator.tloa.TloaMod/]: Rounded Stamina40
[26Jun2025 21:29:36.926] [Server thread/INFO] [net.mcreator.tloa.TloaMod/]: Can Stamina:true
[26Jun2025 21:29:36.926] [Server thread/INFO] [net.mcreator.tloa.TloaMod/]: Max Stamina40.0
[26Jun2025 21:29:36.969] [Render thread/INFO] [net.mcreator.tloa.TloaMod/]: Current Stamina:40.2
[26Jun2025 21:29:36.969] [Render thread/INFO] [net.mcreator.tloa.TloaMod/]: Rounded Stamina40
[26Jun2025 21:29:36.969] [Render thread/INFO] [net.mcreator.tloa.TloaMod/]: Can Stamina:true
[26Jun2025 21:29:36.969] [Render thread/INFO] [net.mcreator.tloa.TloaMod/]: Max Stamina40.0
[26Jun2025 21:29:36.978] [Server thread/INFO] [net.mcreator.tloa.TloaMod/]: Current Stamina:40.2
[26Jun2025 21:29:36.979] [Server thread/INFO] [net.mcreator.tloa.TloaMod/]: Rounded Stamina40
[26Jun2025 21:29:36.979] [Server thread/INFO] [net.mcreator.tloa.TloaMod/]: Can Stamina:true
[26Jun2025 21:29:36.979] [Server thread/INFO] [net.mcreator.tloa.TloaMod/]: Max Stamina40.0
[26Jun2025 21:29:37.019] [Render thread/INFO] [net.mcreator.tloa.TloaMod/]: Current Stamina:40.2
[26Jun2025 21:29:37.019] [Render thread/INFO] [net.mcreator.tloa.TloaMod/]: Rounded Stamina40
[26Jun2025 21:29:37.019] [Render thread/INFO] [net.mcreator.tloa.TloaMod/]: Can Stamina:true
[26Jun2025 21:29:37.019] [Render thread/INFO] [net.mcreator.tloa.TloaMod/]: Max Stamina40.0
[26Jun2025 21:29:37.026] [Server thread/INFO] [net.mcreator.tloa.TloaMod/]: Current Stamina:40.2
[26Jun2025 21:29:37.027] [Server thread/INFO] [net.mcreator.tloa.TloaMod/]: Rounded Stamina40
[26Jun2025 21:29:37.027] [Server thread/INFO] [net.mcreator.tloa.TloaMod/]: Can Stamina:true
[26Jun2025 21:29:37.027] [Server thread/INFO] [net.mcreator.tloa.TloaMod/]: Max Stamina40.0
[26Jun2025 21:29:37.067] [Render thread/INFO] [net.mcreator.tloa.TloaMod/]: Current Stamina:40.2
[26Jun2025 21:29:37.068] [Render thread/INFO] [net.mcreator.tloa.TloaMod/]: Rounded Stamina40
[26Jun2025 21:29:37.068] [Render thread/INFO] [net.mcreator.tloa.TloaMod/]: Can Stamina:true
[26Jun2025 21:29:37.068] [Render thread/INFO] [net.mcreator.tloa.TloaMod/]: Max Stamina40.0
[26Jun2025 21:29:37.077] [Server thread/INFO] [net.mcreator.tloa.TloaMod/]: Current Stamina:40.2
[26Jun2025 21:29:37.077] [Server thread/INFO] [net.mcreator.tloa.TloaMod/]: Rounded Stamina40
[26Jun2025 21:29:37.077] [Server thread/INFO] [net.mcreator.tloa.TloaMod/]: Can Stamina:true
[26Jun2025 21:29:37.077] [Server thread/INFO] [net.mcreator.tloa.TloaMod/]: Max Stamina40.0
[26Jun2025 21:29:37.119] [Render thread/INFO] [net.mcreator.tloa.TloaMod/]: Current Stamina:40.2
[26Jun2025 21:29:37.119] [Render thread/INFO] [net.mcreator.tloa.TloaMod/]: Rounded Stamina40
[26Jun2025 21:29:37.119] [Render thread/INFO] [net.mcreator.tloa.TloaMod/]: Can Stamina:true
[26Jun2025 21:29:37.119] [Render thread/INFO] [net.mcreator.tloa.TloaMod/]: Max Stamina40.0
[26Jun2025 21:29:37.129] [Server thread/INFO] [net.mcreator.tloa.TloaMod/]: Current Stamina:40.2
[26Jun2025 21:29:37.129] [Server thread/INFO] [net.mcreator.tloa.TloaMod/]: Rounded Stamina40
[26Jun2025 21:29:37.129] [Server thread/INFO] [net.mcreator.tloa.TloaMod/]: Can Stamina:true
[26Jun2025 21:29:37.129] [Server thread/INFO] [net.mcreator.tloa.TloaMod/]: Max Stamina40.0
[26Jun2025 21:29:37.169] [Render thread/INFO] [net.mcreator.tloa.TloaMod/]: Current Stamina:40.2
[26Jun2025 21:29:37.169] [Render thread/INFO] [net.mcreator.tloa.TloaMod/]: Rounded Stamina40
[26Jun2025 21:29:37.169] [Render thread/INFO] [net.mcreator.tloa.TloaMod/]: Can Stamina:true
[26Jun2025 21:29:37.169] [Render thread/INFO] [net.mcreator.tloa.TloaMod/]: Max Stamina40.0
[26Jun2025 21:29:37.177] [Server thread/INFO] [net.mcreator.tloa.TloaMod/]: Current Stamina:40.2
[26Jun2025 21:29:37.177] [Server thread/INFO] [net.mcreator.tloa.TloaMod/]: Rounded Stamina40
[26Jun2025 21:29:37.177] [Server thread/INFO] [net.mcreator.tloa.TloaMod/]: Can Stamina:true
[26Jun2025 21:29:37.177] [Server thread/INFO] [net.mcreator.tloa.TloaMod/]: Max Stamina40.0
[26Jun2025 21:29:37.218] [Render thread/INFO] [net.mcreator.tloa.TloaMod/]: Current Stamina:40.2
[26Jun2025 21:29:37.219] [Render thread/INFO] [net.mcreator.tloa.TloaMod/]: Rounded Stamina40
[26Jun2025 21:29:37.219] [Render thread/INFO] [net.mcreator.tloa.TloaMod/]: Can Stamina:true
[26Jun2025 21:29:37.219] [Render thread/INFO] [net.mcreator.tloa.TloaMod/]: Max Stamina40.0
[26Jun2025 21:29:37.227] [Server thread/INFO] [net.mcreator.tloa.TloaMod/]: Current Stamina:40.2
[26Jun2025 21:29:37.227] [Server thread/INFO] [net.mcreator.tloa.TloaMod/]: Rounded Stamina40
[26Jun2025 21:29:37.227] [Server thread/INFO] [net.mcreator.tloa.TloaMod/]: Can Stamina:true
[26Jun2025 21:29:37.227] [Server thread/INFO] [net.mcreator.tloa.TloaMod/]: Max Stamina40.0
[26Jun2025 21:29:37.269] [Render thread/INFO] [net.mcreator.tloa.TloaMod/]: Current Stamina:40.2
[26Jun2025 21:29:37.269] [Render thread/INFO] [net.mcreator.tloa.TloaMod/]: Rounded Stamina40
[26Jun2025 21:29:37.269] [Render thread/INFO] [net.mcreator.tloa.TloaMod/]: Can Stamina:true
[26Jun2025 21:29:37.269] [Render thread/INFO] [net.mcreator.tloa.TloaMod/]: Max Stamina40.0
[26Jun2025 21:29:37.277] [Server thread/INFO] [net.mcreator.tloa.TloaMod/]: Current Stamina:40.2
[26Jun2025 21:29:37.277] [Server thread/INFO] [net.mcreator.tloa.TloaMod/]: Rounded Stamina40
[26Jun2025 21:29:37.277] [Server thread/INFO] [net.mcreator.tloa.TloaMod/]: Can Stamina:true
[26Jun2025 21:29:37.277] [Server thread/INFO] [net.mcreator.tloa.TloaMod/]: Max Stamina40.0
[26Jun2025 21:29:37.318] [Render thread/INFO] [net.mcreator.tloa.TloaMod/]: Current Stamina:40.2
[26Jun2025 21:29:37.319] [Render thread/INFO] [net.mcreator.tloa.TloaMod/]: Rounded Stamina40
[26Jun2025 21:29:37.319] [Render thread/INFO] [net.mcreator.tloa.TloaMod/]: Can Stamina:true
[26Jun2025 21:29:37.319] [Render thread/INFO] [net.mcreator.tloa.TloaMod/]: Max Stamina40.0
[26Jun2025 21:29:37.327] [Server thread/INFO] [net.mcreator.tloa.TloaMod/]: Current Stamina:40.2
[26Jun2025 21:29:37.327] [Server thread/INFO] [net.mcreator.tloa.TloaMod/]: Rounded Stamina40
[26Jun2025 21:29:37.327] [Server thread/INFO] [net.mcreator.tloa.TloaMod/]: Can Stamina:true
[26Jun2025 21:29:37.327] [Server thread/INFO] [net.mcreator.tloa.TloaMod/]: Max Stamina40.0
[26Jun2025 21:29:37.369] [Render thread/INFO] [net.mcreator.tloa.TloaMod/]: Current Stamina:40.2
[26Jun2025 21:29:37.370] [Render thread/INFO] [net.mcreator.tloa.TloaMod/]: Rounded Stamina40
[26Jun2025 21:29:37.370] [Render thread/INFO] [net.mcreator.tloa.TloaMod/]: Can Stamina:true
[26Jun2025 21:29:37.370] [Render thread/INFO] [net.mcreator.tloa.TloaMod/]: Max Stamina40.0
[26Jun2025 21:29:37.374] [Server thread/INFO] [net.mcreator.tloa.TloaMod/]: Current Stamina:40.2
[26Jun2025 21:29:37.374] [Server thread/INFO] [net.mcreator.tloa.TloaMod/]: Rounded Stamina40
[26Jun2025 21:29:37.374] [Server thread/INFO] [net.mcreator.tloa.TloaMod/]: Can Stamina:true
[26Jun2025 21:29:37.374] [Server thread/INFO] [net.mcreator.tloa.TloaMod/]: Max Stamina40.0
[26Jun2025 21:29:37.419] [Render thread/INFO] [net.mcreator.tloa.TloaMod/]: Current Stamina:40.2
[26Jun2025 21:29:37.419] [Render thread/INFO] [net.mcreator.tloa.TloaMod/]: Rounded Stamina40
[26Jun2025 21:29:37.419] [Render thread/INFO] [net.mcreator.tloa.TloaMod/]: Can Stamina:true
[26Jun2025 21:29:37.419] [Render thread/INFO] [net.mcreator.tloa.TloaMod/]: Max Stamina40.0
[26Jun2025 21:29:37.428] [Server thread/INFO] [net.mcreator.tloa.TloaMod/]: Current Stamina:40.2
[26Jun2025 21:29:37.428] [Server thread/INFO] [net.mcreator.tloa.TloaMod/]: Rounded Stamina40
[26Jun2025 21:29:37.429] [Server thread/INFO] [net.mcreator.tloa.TloaMod/]: Can Stamina:true
[26Jun2025 21:29:37.429] [Server thread/INFO] [net.mcreator.tloa.TloaMod/]: Max Stamina40.0
[26Jun2025 21:29:37.468] [Render thread/INFO] [net.mcreator.tloa.TloaMod/]: Current Stamina:40.2
[26Jun2025 21:29:37.469] [Render thread/INFO] [net.mcreator.tloa.TloaMod/]: Rounded Stamina40
[26Jun2025 21:29:37.469] [Render thread/INFO] [net.mcreator.tloa.TloaMod/]: Can Stamina:true
[26Jun2025 21:29:37.469] [Render thread/INFO] [net.mcreator.tloa.TloaMod/]: Max Stamina40.0
[26Jun2025 21:29:37.477] [Server thread/INFO] [net.mcreator.tloa.TloaMod/]: Current Stamina:40.2
[26Jun2025 21:29:37.477] [Server thread/INFO] [net.mcreator.tloa.TloaMod/]: Rounded Stamina40
[26Jun2025 21:29:37.477] [Server thread/INFO] [net.mcreator.tloa.TloaMod/]: Can Stamina:true
[26Jun2025 21:29:37.477] [Server thread/INFO] [net.mcreator.tloa.TloaMod/]: Max Stamina40.0
[26Jun2025 21:29:37.519] [Render thread/INFO] [net.mcreator.tloa.TloaMod/]: Current Stamina:40.2
[26Jun2025 21:29:37.519] [Render thread/INFO] [net.mcreator.tloa.TloaMod/]: Rounded Stamina40
[26Jun2025 21:29:37.520] [Render thread/INFO] [net.mcreator.tloa.TloaMod/]: Can Stamina:true
[26Jun2025 21:29:37.520] [Render thread/INFO] [net.mcreator.tloa.TloaMod/]: Max Stamina40.0
[26Jun2025 21:29:37.527] [Server thread/INFO] [net.mcreator.tloa.TloaMod/]: Current Stamina:40.2
[26Jun2025 21:29:37.528] [Server thread/INFO] [net.mcreator.tloa.TloaMod/]: Rounded Stamina40
[26Jun2025 21:29:37.528] [Server thread/INFO] [net.mcreator.tloa.TloaMod/]: Can Stamina:true
[26Jun2025 21:29:37.528] [Server thread/INFO] [net.mcreator.tloa.TloaMod/]: Max Stamina40.0
[26Jun2025 21:29:37.569] [Render thread/INFO] [net.mcreator.tloa.TloaMod/]: Current Stamina:40.2
[26Jun2025 21:29:37.570] [Render thread/INFO] [net.mcreator.tloa.TloaMod/]: Rounded Stamina40
[26Jun2025 21:29:37.570] [Render thread/INFO] [net.mcreator.tloa.TloaMod/]: Can Stamina:true
[26Jun2025 21:29:37.570] [Render thread/INFO] [net.mcreator.tloa.TloaMod/]: Max Stamina40.0
[26Jun2025 21:29:37.578] [Server thread/INFO] [net.mcreator.tloa.TloaMod/]: Current Stamina:40.2
[26Jun2025 21:29:37.578] [Server thread/INFO] [net.mcreator.tloa.TloaMod/]: Rounded Stamina40
[26Jun2025 21:29:37.578] [Server thread/INFO] [net.mcreator.tloa.TloaMod/]: Can Stamina:true
[26Jun2025 21:29:37.578] [Server thread/INFO] [net.mcreator.tloa.TloaMod/]: Max Stamina40.0
[26Jun2025 21:29:37.618] [Render thread/INFO] [net.mcreator.tloa.TloaMod/]: Current Stamina:40.2
[26Jun2025 21:29:37.618] [Render thread/INFO] [net.mcreator.tloa.TloaMod/]: Rounded Stamina40
[26Jun2025 21:29:37.619] [Render thread/INFO] [net.mcreator.tloa.TloaMod/]: Can Stamina:true
[26Jun2025 21:29:37.619] [Render thread/INFO] [net.mcreator.tloa.TloaMod/]: Max Stamina40.0
[26Jun2025 21:29:37.626] [Server thread/INFO] [net.mcreator.tloa.TloaMod/]: Current Stamina:40.2
[26Jun2025 21:29:37.627] [Server thread/INFO] [net.mcreator.tloa.TloaMod/]: Rounded Stamina40
[26Jun2025 21:29:37.627] [Server thread/INFO] [net.mcreator.tloa.TloaMod/]: Can Stamina:true
[26Jun2025 21:29:37.627] [Server thread/INFO] [net.mcreator.tloa.TloaMod/]: Max Stamina40.0
[26Jun2025 21:29:37.668] [Render thread/INFO] [net.mcreator.tloa.TloaMod/]: Current Stamina:40.2
[26Jun2025 21:29:37.669] [Render thread/INFO] [net.mcreator.tloa.TloaMod/]: Rounded Stamina40
[26Jun2025 21:29:37.669] [Render thread/INFO] [net.mcreator.tloa.TloaMod/]: Can Stamina:true
[26Jun2025 21:29:37.669] [Render thread/INFO] [net.mcreator.tloa.TloaMod/]: Max Stamina40.0
[26Jun2025 21:29:37.674] [Server thread/INFO] [net.mcreator.tloa.TloaMod/]: Current Stamina:40.2
[26Jun2025 21:29:37.674] [Server thread/INFO] [net.mcreator.tloa.TloaMod/]: Rounded Stamina40
[26Jun2025 21:29:37.674] [Server thread/INFO] [net.mcreator.tloa.TloaMod/]: Can Stamina:true
[26Jun2025 21:29:37.674] [Server thread/INFO] [net.mcreator.tloa.TloaMod/]: Max Stamina40.0
[26Jun2025 21:29:37.718] [Render thread/INFO] [net.mcreator.tloa.TloaMod/]: Current Stamina:40.2
[26Jun2025 21:29:37.718] [Render thread/INFO] [net.mcreator.tloa.TloaMod/]: Rounded Stamina40
[26Jun2025 21:29:37.718] [Render thread/INFO] [net.mcreator.tloa.TloaMod/]: Can Stamina:true
[26Jun2025 21:29:37.718] [Render thread/INFO] [net.mcreator.tloa.TloaMod/]: Max Stamina40.0
[26Jun2025 21:29:37.726] [Server thread/INFO] [net.mcreator.tloa.TloaMod/]: Current Stamina:40.2
[26Jun2025 21:29:37.726] [Server thread/INFO] [net.mcreator.tloa.TloaMod/]: Rounded Stamina40
[26Jun2025 21:29:37.726] [Server thread/INFO] [net.mcreator.tloa.TloaMod/]: Can Stamina:true
[26Jun2025 21:29:37.727] [Server thread/INFO] [net.mcreator.tloa.TloaMod/]: Max Stamina40.0
[26Jun2025 21:29:37.769] [Render thread/INFO] [net.mcreator.tloa.TloaMod/]: Current Stamina:40.2
[26Jun2025 21:29:37.770] [Render thread/INFO] [net.mcreator.tloa.TloaMod/]: Rounded Stamina40
[26Jun2025 21:29:37.770] [Render thread/INFO] [net.mcreator.tloa.TloaMod/]: Can Stamina:true
[26Jun2025 21:29:37.770] [Render thread/INFO] [net.mcreator.tloa.TloaMod/]: Max Stamina40.0
[26Jun2025 21:29:37.778] [Server thread/INFO] [net.mcreator.tloa.TloaMod/]: Current Stamina:40.2
[26Jun2025 21:29:37.779] [Server thread/INFO] [net.mcreator.tloa.TloaMod/]: Rounded Stamina40
[26Jun2025 21:29:37.779] [Server thread/INFO] [net.mcreator.tloa.TloaMod/]: Can Stamina:true
[26Jun2025 21:29:37.779] [Server thread/INFO] [net.mcreator.tloa.TloaMod/]: Max Stamina40.0
[26Jun2025 21:29:37.819] [Render thread/INFO] [net.mcreator.tloa.TloaMod/]: Current Stamina:40.2
[26Jun2025 21:29:37.819] [Render thread/INFO] [net.mcreator.tloa.TloaMod/]: Rounded Stamina40
[26Jun2025 21:29:37.820] [Render thread/INFO] [net.mcreator.tloa.TloaMod/]: Can Stamina:true
[26Jun2025 21:29:37.820] [Render thread/INFO] [net.mcreator.tloa.TloaMod/]: Max Stamina40.0
[26Jun2025 21:29:37.827] [Server thread/INFO] [net.mcreator.tloa.TloaMod/]: Current Stamina:40.2
[26Jun2025 21:29:37.827] [Server thread/INFO] [net.mcreator.tloa.TloaMod/]: Rounded Stamina40
[26Jun2025 21:29:37.828] [Server thread/INFO] [net.mcreator.tloa.TloaMod/]: Can Stamina:true
[26Jun2025 21:29:37.828] [Server thread/INFO] [net.mcreator.tloa.TloaMod/]: Max Stamina40.0
[26Jun2025 21:29:37.869] [Render thread/INFO] [net.mcreator.tloa.TloaMod/]: Current Stamina:40.2
[26Jun2025 21:29:37.869] [Render thread/INFO] [net.mcreator.tloa.TloaMod/]: Rounded Stamina40
[26Jun2025 21:29:37.869] [Render thread/INFO] [net.mcreator.tloa.TloaMod/]: Can Stamina:true
[26Jun2025 21:29:37.869] [Render thread/INFO] [net.mcreator.tloa.TloaMod/]: Max Stamina40.0
[26Jun2025 21:29:37.876] [Server thread/INFO] [net.mcreator.tloa.TloaMod/]: Current Stamina:40.2
[26Jun2025 21:29:37.876] [Server thread/INFO] [net.mcreator.tloa.TloaMod/]: Rounded Stamina40
[26Jun2025 21:29:37.876] [Server thread/INFO] [net.mcreator.tloa.TloaMod/]: Can Stamina:true
[26Jun2025 21:29:37.876] [Server thread/INFO] [net.mcreator.tloa.TloaMod/]: Max Stamina40.0
[26Jun2025 21:29:37.920] [Render thread/INFO] [net.mcreator.tloa.TloaMod/]: Current Stamina:40.2
[26Jun2025 21:29:37.920] [Render thread/INFO] [net.mcreator.tloa.TloaMod/]: Rounded Stamina40
[26Jun2025 21:29:37.920] [Render thread/INFO] [net.mcreator.tloa.TloaMod/]: Can Stamina:true
[26Jun2025 21:29:37.920] [Render thread/INFO] [net.mcreator.tloa.TloaMod/]: Max Stamina40.0
[26Jun2025 21:29:37.927] [Server thread/INFO] [net.mcreator.tloa.TloaMod/]: Current Stamina:40.2
[26Jun2025 21:29:37.928] [Server thread/INFO] [net.mcreator.tloa.TloaMod/]: Rounded Stamina40
[26Jun2025 21:29:37.928] [Server thread/INFO] [net.mcreator.tloa.TloaMod/]: Can Stamina:true
[26Jun2025 21:29:37.928] [Server thread/INFO] [net.mcreator.tloa.TloaMod/]: Max Stamina40.0
[26Jun2025 21:29:37.969] [Render thread/INFO] [net.mcreator.tloa.TloaMod/]: Current Stamina:40.2
[26Jun2025 21:29:37.969] [Render thread/INFO] [net.mcreator.tloa.TloaMod/]: Rounded Stamina40
[26Jun2025 21:29:37.969] [Render thread/INFO] [net.mcreator.tloa.TloaMod/]: Can Stamina:true
[26Jun2025 21:29:37.970] [Render thread/INFO] [net.mcreator.tloa.TloaMod/]: Max Stamina40.0
[26Jun2025 21:29:37.976] [Server thread/INFO] [net.mcreator.tloa.TloaMod/]: Current Stamina:40.2
[26Jun2025 21:29:37.976] [Server thread/INFO] [net.mcreator.tloa.TloaMod/]: Rounded Stamina40
[26Jun2025 21:29:37.976] [Server thread/INFO] [net.mcreator.tloa.TloaMod/]: Can Stamina:true
[26Jun2025 21:29:37.976] [Server thread/INFO] [net.mcreator.tloa.TloaMod/]: Max Stamina40.0
[26Jun2025 21:29:38.019] [Render thread/INFO] [net.mcreator.tloa.TloaMod/]: Current Stamina:40.2
[26Jun2025 21:29:38.020] [Render thread/INFO] [net.mcreator.tloa.TloaMod/]: Rounded Stamina40
[26Jun2025 21:29:38.020] [Render thread/INFO] [net.mcreator.tloa.TloaMod/]: Can Stamina:true
[26Jun2025 21:29:38.020] [Render thread/INFO] [net.mcreator.tloa.TloaMod/]: Max Stamina40.0
[26Jun2025 21:29:38.029] [Server thread/INFO] [net.mcreator.tloa.TloaMod/]: Current Stamina:40.2
[26Jun2025 21:29:38.030] [Server thread/INFO] [net.mcreator.tloa.TloaMod/]: Rounded Stamina40
[26Jun2025 21:29:38.030] [Server thread/INFO] [net.mcreator.tloa.TloaMod/]: Can Stamina:true
[26Jun2025 21:29:38.030] [Server thread/INFO] [net.mcreator.tloa.TloaMod/]: Max Stamina40.0
[26Jun2025 21:29:38.068] [Render thread/INFO] [net.mcreator.tloa.TloaMod/]: Current Stamina:40.2
[26Jun2025 21:29:38.069] [Render thread/INFO] [net.mcreator.tloa.TloaMod/]: Rounded Stamina40
[26Jun2025 21:29:38.069] [Render thread/INFO] [net.mcreator.tloa.TloaMod/]: Can Stamina:true
[26Jun2025 21:29:38.069] [Render thread/INFO] [net.mcreator.tloa.TloaMod/]: Max Stamina40.0
[26Jun2025 21:29:38.075] [Server thread/INFO] [net.mcreator.tloa.TloaMod/]: Current Stamina:40.2
[26Jun2025 21:29:38.076] [Server thread/INFO] [net.mcreator.tloa.TloaMod/]: Rounded Stamina40
[26Jun2025 21:29:38.076] [Server thread/INFO] [net.mcreator.tloa.TloaMod/]: Can Stamina:true
[26Jun2025 21:29:38.076] [Server thread/INFO] [net.mcreator.tloa.TloaMod/]: Max Stamina40.0
[26Jun2025 21:29:38.120] [Render thread/INFO] [net.mcreator.tloa.TloaMod/]: Current Stamina:40.2
[26Jun2025 21:29:38.121] [Render thread/INFO] [net.mcreator.tloa.TloaMod/]: Rounded Stamina40
[26Jun2025 21:29:38.121] [Render thread/INFO] [net.mcreator.tloa.TloaMod/]: Can Stamina:true
[26Jun2025 21:29:38.121] [Render thread/INFO] [net.mcreator.tloa.TloaMod/]: Max Stamina40.0
[26Jun2025 21:29:38.125] [Server thread/INFO] [net.mcreator.tloa.TloaMod/]: Current Stamina:40.2
[26Jun2025 21:29:38.126] [Server thread/INFO] [net.mcreator.tloa.TloaMod/]: Rounded Stamina40
[26Jun2025 21:29:38.126] [Server thread/INFO] [net.mcreator.tloa.TloaMod/]: Can Stamina:true
[26Jun2025 21:29:38.126] [Server thread/INFO] [net.mcreator.tloa.TloaMod/]: Max Stamina40.0
[26Jun2025 21:29:38.168] [Render thread/INFO] [net.mcreator.tloa.TloaMod/]: Current Stamina:40.2
[26Jun2025 21:29:38.169] [Render thread/INFO] [net.mcreator.tloa.TloaMod/]: Rounded Stamina40
[26Jun2025 21:29:38.169] [Render thread/INFO] [net.mcreator.tloa.TloaMod/]: Can Stamina:true
[26Jun2025 21:29:38.169] [Render thread/INFO] [net.mcreator.tloa.TloaMod/]: Max Stamina40.0
[26Jun2025 21:29:38.176] [Server thread/INFO] [net.mcreator.tloa.TloaMod/]: Current Stamina:40.2
[26Jun2025 21:29:38.176] [Server thread/INFO] [net.mcreator.tloa.TloaMod/]: Rounded Stamina40
[26Jun2025 21:29:38.176] [Server thread/INFO] [net.mcreator.tloa.TloaMod/]: Can Stamina:true
[26Jun2025 21:29:38.176] [Server thread/INFO] [net.mcreator.tloa.TloaMod/]: Max Stamina40.0
[26Jun2025 21:29:38.226] [Render thread/INFO] [net.mcreator.tloa.TloaMod/]: Current Stamina:40.2
[26Jun2025 21:29:38.226] [Render thread/INFO] [net.mcreator.tloa.TloaMod/]: Rounded Stamina40
[26Jun2025 21:29:38.226] [Render thread/INFO] [net.mcreator.tloa.TloaMod/]: Can Stamina:true
[26Jun2025 21:29:38.226] [Render thread/INFO] [net.mcreator.tloa.TloaMod/]: Max Stamina40.0
[26Jun2025 21:29:38.229] [Server thread/INFO] [net.mcreator.tloa.TloaMod/]: Current Stamina:40.2
[26Jun2025 21:29:38.229] [Server thread/INFO] [net.mcreator.tloa.TloaMod/]: Rounded Stamina40
[26Jun2025 21:29:38.229] [Server thread/INFO] [net.mcreator.tloa.TloaMod/]: Can Stamina:true
[26Jun2025 21:29:38.230] [Server thread/INFO] [net.mcreator.tloa.TloaMod/]: Max Stamina40.0
[26Jun2025 21:29:38.269] [Render thread/INFO] [net.mcreator.tloa.TloaMod/]: Current Stamina:40.2
[26Jun2025 21:29:38.269] [Render thread/INFO] [net.mcreator.tloa.TloaMod/]: Rounded Stamina40
[26Jun2025 21:29:38.269] [Render thread/INFO] [net.mcreator.tloa.TloaMod/]: Can Stamina:true
[26Jun2025 21:29:38.269] [Render thread/INFO] [net.mcreator.tloa.TloaMod/]: Max Stamina40.0
[26Jun2025 21:29:38.276] [Server thread/INFO] [net.mcreator.tloa.TloaMod/]: Current Stamina:40.2
[26Jun2025 21:29:38.277] [Server thread/INFO] [net.mcreator.tloa.TloaMod/]: Rounded Stamina40
[26Jun2025 21:29:38.277] [Server thread/INFO] [net.mcreator.tloa.TloaMod/]: Can Stamina:true
[26Jun2025 21:29:38.277] [Server thread/INFO] [net.mcreator.tloa.TloaMod/]: Max Stamina40.0
[26Jun2025 21:29:38.318] [Render thread/INFO] [net.mcreator.tloa.TloaMod/]: Current Stamina:40.2
[26Jun2025 21:29:38.318] [Render thread/INFO] [net.mcreator.tloa.TloaMod/]: Rounded Stamina40
[26Jun2025 21:29:38.318] [Render thread/INFO] [net.mcreator.tloa.TloaMod/]: Can Stamina:true
[26Jun2025 21:29:38.318] [Render thread/INFO] [net.mcreator.tloa.TloaMod/]: Max Stamina40.0
[26Jun2025 21:29:38.326] [Server thread/INFO] [net.mcreator.tloa.TloaMod/]: Current Stamina:40.2
[26Jun2025 21:29:38.326] [Server thread/INFO] [net.mcreator.tloa.TloaMod/]: Rounded Stamina40
[26Jun2025 21:29:38.326] [Server thread/INFO] [net.mcreator.tloa.TloaMod/]: Can Stamina:true
[26Jun2025 21:29:38.326] [Server thread/INFO] [net.mcreator.tloa.TloaMod/]: Max Stamina40.0
[26Jun2025 21:29:38.369] [Render thread/INFO] [net.mcreator.tloa.TloaMod/]: Current Stamina:40.2
[26Jun2025 21:29:38.369] [Render thread/INFO] [net.mcreator.tloa.TloaMod/]: Rounded Stamina40
[26Jun2025 21:29:38.369] [Render thread/INFO] [net.mcreator.tloa.TloaMod/]: Can Stamina:true
[26Jun2025 21:29:38.369] [Render thread/INFO] [net.mcreator.tloa.TloaMod/]: Max Stamina40.0
[26Jun2025 21:29:38.376] [Server thread/INFO] [net.mcreator.tloa.TloaMod/]: Current Stamina:40.2
[26Jun2025 21:29:38.376] [Server thread/INFO] [net.mcreator.tloa.TloaMod/]: Rounded Stamina40
[26Jun2025 21:29:38.376] [Server thread/INFO] [net.mcreator.tloa.TloaMod/]: Can Stamina:true
[26Jun2025 21:29:38.376] [Server thread/INFO] [net.mcreator.tloa.TloaMod/]: Max Stamina40.0
[26Jun2025 21:29:38.418] [Render thread/INFO] [net.mcreator.tloa.TloaMod/]: Current Stamina:40.2
[26Jun2025 21:29:38.418] [Render thread/INFO] [net.mcreator.tloa.TloaMod/]: Rounded Stamina40
[26Jun2025 21:29:38.418] [Render thread/INFO] [net.mcreator.tloa.TloaMod/]: Can Stamina:true
[26Jun2025 21:29:38.418] [Render thread/INFO] [net.mcreator.tloa.TloaMod/]: Max Stamina40.0
[26Jun2025 21:29:38.426] [Server thread/INFO] [net.mcreator.tloa.TloaMod/]: Current Stamina:40.2
[26Jun2025 21:29:38.426] [Server thread/INFO] [net.mcreator.tloa.TloaMod/]: Rounded Stamina40
[26Jun2025 21:29:38.426] [Server thread/INFO] [net.mcreator.tloa.TloaMod/]: Can Stamina:true
[26Jun2025 21:29:38.426] [Server thread/INFO] [net.mcreator.tloa.TloaMod/]: Max Stamina40.0
[26Jun2025 21:29:38.469] [Render thread/INFO] [net.mcreator.tloa.TloaMod/]: Current Stamina:40.2
[26Jun2025 21:29:38.469] [Render thread/INFO] [net.mcreator.tloa.TloaMod/]: Rounded Stamina40
[26Jun2025 21:29:38.469] [Render thread/INFO] [net.mcreator.tloa.TloaMod/]: Can Stamina:true
[26Jun2025 21:29:38.469] [Render thread/INFO] [net.mcreator.tloa.TloaMod/]: Max Stamina40.0
[26Jun2025 21:29:38.478] [Server thread/INFO] [net.mcreator.tloa.TloaMod/]: Current Stamina:40.2
[26Jun2025 21:29:38.478] [Server thread/INFO] [net.mcreator.tloa.TloaMod/]: Rounded Stamina40
[26Jun2025 21:29:38.478] [Server thread/INFO] [net.mcreator.tloa.TloaMod/]: Can Stamina:true
[26Jun2025 21:29:38.478] [Server thread/INFO] [net.mcreator.tloa.TloaMod/]: Max Stamina40.0
[26Jun2025 21:29:38.537] [Server thread/INFO] [net.mcreator.tloa.TloaMod/]: Current Stamina:40.2
[26Jun2025 21:29:38.537] [Render thread/INFO] [net.mcreator.tloa.TloaMod/]: Current Stamina:40.2
[26Jun2025 21:29:38.537] [Server thread/INFO] [net.mcreator.tloa.TloaMod/]: Rounded Stamina40
[26Jun2025 21:29:38.537] [Render thread/INFO] [net.mcreator.tloa.TloaMod/]: Rounded Stamina40
[26Jun2025 21:29:38.537] [Server thread/INFO] [net.mcreator.tloa.TloaMod/]: Can Stamina:true
[26Jun2025 21:29:38.537] [Server thread/INFO] [net.mcreator.tloa.TloaMod/]: Max Stamina40.0
[26Jun2025 21:29:38.537] [Render thread/INFO] [net.mcreator.tloa.TloaMod/]: Can Stamina:true
[26Jun2025 21:29:38.537] [Render thread/INFO] [net.mcreator.tloa.TloaMod/]: Max Stamina40.0
[26Jun2025 21:29:38.569] [Render thread/INFO] [net.mcreator.tloa.TloaMod/]: Current Stamina:40.2
[26Jun2025 21:29:38.569] [Render thread/INFO] [net.mcreator.tloa.TloaMod/]: Rounded Stamina40
[26Jun2025 21:29:38.570] [Render thread/INFO] [net.mcreator.tloa.TloaMod/]: Can Stamina:true
[26Jun2025 21:29:38.570] [Render thread/INFO] [net.mcreator.tloa.TloaMod/]: Max Stamina40.0
[26Jun2025 21:29:38.576] [Server thread/INFO] [net.mcreator.tloa.TloaMod/]: Current Stamina:40.2
[26Jun2025 21:29:38.576] [Server thread/INFO] [net.mcreator.tloa.TloaMod/]: Rounded Stamina40
[26Jun2025 21:29:38.577] [Server thread/INFO] [net.mcreator.tloa.TloaMod/]: Can Stamina:true
[26Jun2025 21:29:38.577] [Server thread/INFO] [net.mcreator.tloa.TloaMod/]: Max Stamina40.0
[26Jun2025 21:29:38.620] [Render thread/INFO] [net.mcreator.tloa.TloaMod/]: Current Stamina:40.2
[26Jun2025 21:29:38.621] [Render thread/INFO] [net.mcreator.tloa.TloaMod/]: Rounded Stamina40
[26Jun2025 21:29:38.621] [Render thread/INFO] [net.mcreator.tloa.TloaMod/]: Can Stamina:true
[26Jun2025 21:29:38.621] [Render thread/INFO] [net.mcreator.tloa.TloaMod/]: Max Stamina40.0
[26Jun2025 21:29:38.626] [Server thread/INFO] [net.mcreator.tloa.TloaMod/]: Current Stamina:40.2
[26Jun2025 21:29:38.626] [Server thread/INFO] [net.mcreator.tloa.TloaMod/]: Rounded Stamina40
[26Jun2025 21:29:38.626] [Server thread/INFO] [net.mcreator.tloa.TloaMod/]: Can Stamina:true
[26Jun2025 21:29:38.626] [Server thread/INFO] [net.mcreator.tloa.TloaMod/]: Max Stamina40.0
[26Jun2025 21:29:38.669] [Render thread/INFO] [net.mcreator.tloa.TloaMod/]: Current Stamina:40.2
[26Jun2025 21:29:38.671] [Render thread/INFO] [net.mcreator.tloa.TloaMod/]: Rounded Stamina40
[26Jun2025 21:29:38.671] [Render thread/INFO] [net.mcreator.tloa.TloaMod/]: Can Stamina:true
[26Jun2025 21:29:38.671] [Render thread/INFO] [net.mcreator.tloa.TloaMod/]: Max Stamina40.0
[26Jun2025 21:29:38.676] [Server thread/INFO] [net.mcreator.tloa.TloaMod/]: Current Stamina:40.2
[26Jun2025 21:29:38.676] [Server thread/INFO] [net.mcreator.tloa.TloaMod/]: Rounded Stamina40
[26Jun2025 21:29:38.676] [Server thread/INFO] [net.mcreator.tloa.TloaMod/]: Can Stamina:true
[26Jun2025 21:29:38.676] [Server thread/INFO] [net.mcreator.tloa.TloaMod/]: Max Stamina40.0
[26Jun2025 21:29:38.718] [Render thread/INFO] [net.mcreator.tloa.TloaMod/]: Current Stamina:40.2
[26Jun2025 21:29:38.719] [Render thread/INFO] [net.mcreator.tloa.TloaMod/]: Rounded Stamina40
[26Jun2025 21:29:38.719] [Render thread/INFO] [net.mcreator.tloa.TloaMod/]: Can Stamina:true
[26Jun2025 21:29:38.719] [Render thread/INFO] [net.mcreator.tloa.TloaMod/]: Max Stamina40.0
[26Jun2025 21:29:38.727] [Server thread/INFO] [net.mcreator.tloa.TloaMod/]: Current Stamina:40.2
[26Jun2025 21:29:38.727] [Server thread/INFO] [net.mcreator.tloa.TloaMod/]: Rounded Stamina40
[26Jun2025 21:29:38.728] [Server thread/INFO] [net.mcreator.tloa.TloaMod/]: Can Stamina:true
[26Jun2025 21:29:38.728] [Server thread/INFO] [net.mcreator.tloa.TloaMod/]: Max Stamina40.0
[26Jun2025 21:29:38.769] [Render thread/INFO] [net.mcreator.tloa.TloaMod/]: Current Stamina:40.2
[26Jun2025 21:29:38.770] [Render thread/INFO] [net.mcreator.tloa.TloaMod/]: Rounded Stamina40
[26Jun2025 21:29:38.770] [Render thread/INFO] [net.mcreator.tloa.TloaMod/]: Can Stamina:true
[26Jun2025 21:29:38.770] [Render thread/INFO] [net.mcreator.tloa.TloaMod/]: Max Stamina40.0
[26Jun2025 21:29:38.776] [Server thread/INFO] [net.mcreator.tloa.TloaMod/]: Current Stamina:40.2
[26Jun2025 21:29:38.776] [Server thread/INFO] [net.mcreator.tloa.TloaMod/]: Rounded Stamina40
[26Jun2025 21:29:38.777] [Server thread/INFO] [net.mcreator.tloa.TloaMod/]: Can Stamina:true
[26Jun2025 21:29:38.777] [Server thread/INFO] [net.mcreator.tloa.TloaMod/]: Max Stamina40.0
[26Jun2025 21:29:38.820] [Render thread/INFO] [net.mcreator.tloa.TloaMod/]: Current Stamina:40.2
[26Jun2025 21:29:38.820] [Render thread/INFO] [net.mcreator.tloa.TloaMod/]: Rounded Stamina40
[26Jun2025 21:29:38.820] [Render thread/INFO] [net.mcreator.tloa.TloaMod/]: Can Stamina:true
[26Jun2025 21:29:38.820] [Render thread/INFO] [net.mcreator.tloa.TloaMod/]: Max Stamina40.0
[26Jun2025 21:29:38.825] [Server thread/INFO] [net.mcreator.tloa.TloaMod/]: Current Stamina:40.2
[26Jun2025 21:29:38.826] [Server thread/INFO] [net.mcreator.tloa.TloaMod/]: Rounded Stamina40
[26Jun2025 21:29:38.826] [Server thread/INFO] [net.mcreator.tloa.TloaMod/]: Can Stamina:true
[26Jun2025 21:29:38.826] [Server thread/INFO] [net.mcreator.tloa.TloaMod/]: Max Stamina40.0
[26Jun2025 21:29:38.869] [Render thread/INFO] [net.mcreator.tloa.TloaMod/]: Current Stamina:40.2
[26Jun2025 21:29:38.869] [Render thread/INFO] [net.mcreator.tloa.TloaMod/]: Rounded Stamina40
[26Jun2025 21:29:38.869] [Render thread/INFO] [net.mcreator.tloa.TloaMod/]: Can Stamina:true
[26Jun2025 21:29:38.869] [Render thread/INFO] [net.mcreator.tloa.TloaMod/]: Max Stamina40.0
[26Jun2025 21:29:38.878] [Server thread/INFO] [net.mcreator.tloa.TloaMod/]: Current Stamina:40.2
[26Jun2025 21:29:38.879] [Server thread/INFO] [net.mcreator.tloa.TloaMod/]: Rounded Stamina40
[26Jun2025 21:29:38.879] [Server thread/INFO] [net.mcreator.tloa.TloaMod/]: Can Stamina:true
[26Jun2025 21:29:38.879] [Server thread/INFO] [net.mcreator.tloa.TloaMod/]: Max Stamina40.0
[26Jun2025 21:29:38.917] [Render thread/INFO] [net.mcreator.tloa.TloaMod/]: Current Stamina:40.2
[26Jun2025 21:29:38.918] [Render thread/INFO] [net.mcreator.tloa.TloaMod/]: Rounded Stamina40
[26Jun2025 21:29:38.918] [Render thread/INFO] [net.mcreator.tloa.TloaMod/]: Can Stamina:true
[26Jun2025 21:29:38.918] [Render thread/INFO] [net.mcreator.tloa.TloaMod/]: Max Stamina40.0
[26Jun2025 21:29:38.926] [Server thread/INFO] [net.mcreator.tloa.TloaMod/]: Current Stamina:40.2
[26Jun2025 21:29:38.927] [Server thread/INFO] [net.mcreator.tloa.TloaMod/]: Rounded Stamina40
[26Jun2025 21:29:38.927] [Server thread/INFO] [net.mcreator.tloa.TloaMod/]: Can Stamina:true
[26Jun2025 21:29:38.927] [Server thread/INFO] [net.mcreator.tloa.TloaMod/]: Max Stamina40.0
[26Jun2025 21:29:38.969] [Render thread/INFO] [net.mcreator.tloa.TloaMod/]: Current Stamina:40.2
[26Jun2025 21:29:38.969] [Render thread/INFO] [net.mcreator.tloa.TloaMod/]: Rounded Stamina40
[26Jun2025 21:29:38.969] [Render thread/INFO] [net.mcreator.tloa.TloaMod/]: Can Stamina:true
[26Jun2025 21:29:38.969] [Render thread/INFO] [net.mcreator.tloa.TloaMod/]: Max Stamina40.0
[26Jun2025 21:29:38.974] [Server thread/INFO] [net.mcreator.tloa.TloaMod/]: Current Stamina:40.2
[26Jun2025 21:29:38.975] [Server thread/INFO] [net.mcreator.tloa.TloaMod/]: Rounded Stamina40
[26Jun2025 21:29:38.975] [Server thread/INFO] [net.mcreator.tloa.TloaMod/]: Can Stamina:true
[26Jun2025 21:29:38.975] [Server thread/INFO] [net.mcreator.tloa.TloaMod/]: Max Stamina40.0
[26Jun2025 21:29:39.018] [Render thread/INFO] [net.mcreator.tloa.TloaMod/]: Current Stamina:40.2
[26Jun2025 21:29:39.018] [Render thread/INFO] [net.mcreator.tloa.TloaMod/]: Rounded Stamina40
[26Jun2025 21:29:39.018] [Render thread/INFO] [net.mcreator.tloa.TloaMod/]: Can Stamina:true
[26Jun2025 21:29:39.019] [Render thread/INFO] [net.mcreator.tloa.TloaMod/]: Max Stamina40.0
[26Jun2025 21:29:39.036] [Server thread/INFO] [net.mcreator.tloa.TloaMod/]: Current Stamina:40.2
[26Jun2025 21:29:39.036] [Server thread/INFO] [net.mcreator.tloa.TloaMod/]: Rounded Stamina40
[26Jun2025 21:29:39.036] [Server thread/INFO] [net.mcreator.tloa.TloaMod/]: Can Stamina:true
[26Jun2025 21:29:39.036] [Server thread/INFO] [net.mcreator.tloa.TloaMod/]: Max Stamina40.0
[26Jun2025 21:29:39.070] [Render thread/INFO] [net.mcreator.tloa.TloaMod/]: Current Stamina:40.2
[26Jun2025 21:29:39.070] [Render thread/INFO] [net.mcreator.tloa.TloaMod/]: Rounded Stamina40
[26Jun2025 21:29:39.070] [Render thread/INFO] [net.mcreator.tloa.TloaMod/]: Can Stamina:true
[26Jun2025 21:29:39.070] [Render thread/INFO] [net.mcreator.tloa.TloaMod/]: Max Stamina40.0
[26Jun2025 21:29:39.076] [Server thread/INFO] [net.mcreator.tloa.TloaMod/]: Current Stamina:40.2
[26Jun2025 21:29:39.076] [Server thread/INFO] [net.mcreator.tloa.TloaMod/]: Rounded Stamina40
[26Jun2025 21:29:39.077] [Server thread/INFO] [net.mcreator.tloa.TloaMod/]: Can Stamina:true
[26Jun2025 21:29:39.077] [Server thread/INFO] [net.mcreator.tloa.TloaMod/]: Max Stamina40.0
[26Jun2025 21:29:39.120] [Render thread/INFO] [net.mcreator.tloa.TloaMod/]: Current Stamina:40.2
[26Jun2025 21:29:39.120] [Render thread/INFO] [net.mcreator.tloa.TloaMod/]: Rounded Stamina40
[26Jun2025 21:29:39.120] [Render thread/INFO] [net.mcreator.tloa.TloaMod/]: Can Stamina:true
[26Jun2025 21:29:39.120] [Render thread/INFO] [net.mcreator.tloa.TloaMod/]: Max Stamina40.0
[26Jun2025 21:29:39.126] [Server thread/INFO] [net.mcreator.tloa.TloaMod/]: Current Stamina:40.2
[26Jun2025 21:29:39.126] [Server thread/INFO] [net.mcreator.tloa.TloaMod/]: Rounded Stamina40
[26Jun2025 21:29:39.127] [Server thread/INFO] [net.mcreator.tloa.TloaMod/]: Can Stamina:true
[26Jun2025 21:29:39.127] [Server thread/INFO] [net.mcreator.tloa.TloaMod/]: Max Stamina40.0
[26Jun2025 21:29:39.168] [Render thread/INFO] [net.mcreator.tloa.TloaMod/]: Current Stamina:40.2
[26Jun2025 21:29:39.168] [Render thread/INFO] [net.mcreator.tloa.TloaMod/]: Rounded Stamina40
[26Jun2025 21:29:39.168] [Render thread/INFO] [net.mcreator.tloa.TloaMod/]: Can Stamina:true
[26Jun2025 21:29:39.168] [Render thread/INFO] [net.mcreator.tloa.TloaMod/]: Max Stamina40.0
[26Jun2025 21:29:39.174] [Server thread/INFO] [net.mcreator.tloa.TloaMod/]: Current Stamina:40.2
[26Jun2025 21:29:39.174] [Server thread/INFO] [net.mcreator.tloa.TloaMod/]: Rounded Stamina40
[26Jun2025 21:29:39.174] [Server thread/INFO] [net.mcreator.tloa.TloaMod/]: Can Stamina:true
[26Jun2025 21:29:39.174] [Server thread/INFO] [net.mcreator.tloa.TloaMod/]: Max Stamina40.0
[26Jun2025 21:29:39.220] [Render thread/INFO] [net.mcreator.tloa.TloaMod/]: Current Stamina:40.2
[26Jun2025 21:29:39.220] [Render thread/INFO] [net.mcreator.tloa.TloaMod/]: Rounded Stamina40
[26Jun2025 21:29:39.221] [Render thread/INFO] [net.mcreator.tloa.TloaMod/]: Can Stamina:true
[26Jun2025 21:29:39.221] [Render thread/INFO] [net.mcreator.tloa.TloaMod/]: Max Stamina40.0
[26Jun2025 21:29:39.223] [Server thread/INFO] [net.mcreator.tloa.TloaMod/]: Current Stamina:40.2
[26Jun2025 21:29:39.225] [Server thread/INFO] [net.mcreator.tloa.TloaMod/]: Rounded Stamina40
[26Jun2025 21:29:39.225] [Server thread/INFO] [net.mcreator.tloa.TloaMod/]: Can Stamina:true
[26Jun2025 21:29:39.225] [Server thread/INFO] [net.mcreator.tloa.TloaMod/]: Max Stamina40.0
[26Jun2025 21:29:39.270] [Render thread/INFO] [net.mcreator.tloa.TloaMod/]: Current Stamina:40.2
[26Jun2025 21:29:39.270] [Render thread/INFO] [net.mcreator.tloa.TloaMod/]: Rounded Stamina40
[26Jun2025 21:29:39.270] [Render thread/INFO] [net.mcreator.tloa.TloaMod/]: Can Stamina:true
[26Jun2025 21:29:39.270] [Render thread/INFO] [net.mcreator.tloa.TloaMod/]: Max Stamina40.0
[26Jun2025 21:29:39.273] [Server thread/INFO] [net.mcreator.tloa.TloaMod/]: Current Stamina:40.2
[26Jun2025 21:29:39.275] [Server thread/INFO] [net.mcreator.tloa.TloaMod/]: Rounded Stamina40
[26Jun2025 21:29:39.275] [Server thread/INFO] [net.mcreator.tloa.TloaMod/]: Can Stamina:true
[26Jun2025 21:29:39.275] [Server thread/INFO] [net.mcreator.tloa.TloaMod/]: Max Stamina40.0
[26Jun2025 21:29:39.319] [Render thread/INFO] [net.mcreator.tloa.TloaMod/]: Current Stamina:40.2
[26Jun2025 21:29:39.320] [Render thread/INFO] [net.mcreator.tloa.TloaMod/]: Rounded Stamina40
[26Jun2025 21:29:39.320] [Render thread/INFO] [net.mcreator.tloa.TloaMod/]: Can Stamina:true
[26Jun2025 21:29:39.320] [Render thread/INFO] [net.mcreator.tloa.TloaMod/]: Max Stamina40.0
[26Jun2025 21:29:39.326] [Server thread/INFO] [net.mcreator.tloa.TloaMod/]: Current Stamina:40.2
[26Jun2025 21:29:39.326] [Server thread/INFO] [net.mcreator.tloa.TloaMod/]: Rounded Stamina40
[26Jun2025 21:29:39.327] [Server thread/INFO] [net.mcreator.tloa.TloaMod/]: Can Stamina:true
[26Jun2025 21:29:39.327] [Server thread/INFO] [net.mcreator.tloa.TloaMod/]: Max Stamina40.0
[26Jun2025 21:29:39.371] [Render thread/INFO] [net.mcreator.tloa.TloaMod/]: Current Stamina:40.2
[26Jun2025 21:29:39.371] [Render thread/INFO] [net.mcreator.tloa.TloaMod/]: Rounded Stamina40
[26Jun2025 21:29:39.371] [Render thread/INFO] [net.mcreator.tloa.TloaMod/]: Can Stamina:true
[26Jun2025 21:29:39.371] [Render thread/INFO] [net.mcreator.tloa.TloaMod/]: Max Stamina40.0
[26Jun2025 21:29:39.375] [Server thread/INFO] [net.mcreator.tloa.TloaMod/]: Current Stamina:40.2
[26Jun2025 21:29:39.375] [Server thread/INFO] [net.mcreator.tloa.TloaMod/]: Rounded Stamina40
[26Jun2025 21:29:39.375] [Server thread/INFO] [net.mcreator.tloa.TloaMod/]: Can Stamina:true
[26Jun2025 21:29:39.375] [Server thread/INFO] [net.mcreator.tloa.TloaMod/]: Max Stamina40.0
[26Jun2025 21:29:39.421] [Render thread/INFO] [net.mcreator.tloa.TloaMod/]: Current Stamina:40.2
[26Jun2025 21:29:39.421] [Render thread/INFO] [net.mcreator.tloa.TloaMod/]: Rounded Stamina40
[26Jun2025 21:29:39.422] [Render thread/INFO] [net.mcreator.tloa.TloaMod/]: Can Stamina:true
[26Jun2025 21:29:39.422] [Render thread/INFO] [net.mcreator.tloa.TloaMod/]: Max Stamina40.0
[26Jun2025 21:29:39.425] [Server thread/INFO] [net.mcreator.tloa.TloaMod/]: Current Stamina:40.2
[26Jun2025 21:29:39.425] [Server thread/INFO] [net.mcreator.tloa.TloaMod/]: Rounded Stamina40
[26Jun2025 21:29:39.425] [Server thread/INFO] [net.mcreator.tloa.TloaMod/]: Can Stamina:true
[26Jun2025 21:29:39.425] [Server thread/INFO] [net.mcreator.tloa.TloaMod/]: Max Stamina40.0
[26Jun2025 21:29:39.469] [Render thread/INFO] [net.mcreator.tloa.TloaMod/]: Current Stamina:40.2
[26Jun2025 21:29:39.470] [Render thread/INFO] [net.mcreator.tloa.TloaMod/]: Rounded Stamina40
[26Jun2025 21:29:39.470] [Render thread/INFO] [net.mcreator.tloa.TloaMod/]: Can Stamina:true
[26Jun2025 21:29:39.470] [Render thread/INFO] [net.mcreator.tloa.TloaMod/]: Max Stamina40.0
[26Jun2025 21:29:39.476] [Server thread/INFO] [net.mcreator.tloa.TloaMod/]: Current Stamina:40.2
[26Jun2025 21:29:39.477] [Server thread/INFO] [net.mcreator.tloa.TloaMod/]: Rounded Stamina40
[26Jun2025 21:29:39.477] [Server thread/INFO] [net.mcreator.tloa.TloaMod/]: Can Stamina:true
[26Jun2025 21:29:39.477] [Server thread/INFO] [net.mcreator.tloa.TloaMod/]: Max Stamina40.0
[26Jun2025 21:29:39.519] [Render thread/INFO] [net.mcreator.tloa.TloaMod/]: Current Stamina:40.2
[26Jun2025 21:29:39.519] [Render thread/INFO] [net.mcreator.tloa.TloaMod/]: Rounded Stamina40
[26Jun2025 21:29:39.519] [Render thread/INFO] [net.mcreator.tloa.TloaMod/]: Can Stamina:true
[26Jun2025 21:29:39.519] [Render thread/INFO] [net.mcreator.tloa.TloaMod/]: Max Stamina40.0
[26Jun2025 21:29:39.527] [Server thread/INFO] [net.mcreator.tloa.TloaMod/]: Current Stamina:40.2
[26Jun2025 21:29:39.527] [Server thread/INFO] [net.mcreator.tloa.TloaMod/]: Rounded Stamina40
[26Jun2025 21:29:39.527] [Server thread/INFO] [net.mcreator.tloa.TloaMod/]: Can Stamina:true
[26Jun2025 21:29:39.527] [Server thread/INFO] [net.mcreator.tloa.TloaMod/]: Max Stamina40.0
[26Jun2025 21:29:39.570] [Render thread/INFO] [net.mcreator.tloa.TloaMod/]: Current Stamina:40.2
[26Jun2025 21:29:39.570] [Render thread/INFO] [net.mcreator.tloa.TloaMod/]: Rounded Stamina40
[26Jun2025 21:29:39.570] [Render thread/INFO] [net.mcreator.tloa.TloaMod/]: Can Stamina:true
[26Jun2025 21:29:39.570] [Render thread/INFO] [net.mcreator.tloa.TloaMod/]: Max Stamina40.0
[26Jun2025 21:29:39.576] [Server thread/INFO] [net.mcreator.tloa.TloaMod/]: Current Stamina:40.2
[26Jun2025 21:29:39.577] [Server thread/INFO] [net.mcreator.tloa.TloaMod/]: Rounded Stamina40
[26Jun2025 21:29:39.577] [Server thread/INFO] [net.mcreator.tloa.TloaMod/]: Can Stamina:true
[26Jun2025 21:29:39.577] [Server thread/INFO] [net.mcreator.tloa.TloaMod/]: Max Stamina40.0
[26Jun2025 21:29:39.618] [Render thread/INFO] [net.mcreator.tloa.TloaMod/]: Current Stamina:40.2
[26Jun2025 21:29:39.619] [Render thread/INFO] [net.mcreator.tloa.TloaMod/]: Rounded Stamina40
[26Jun2025 21:29:39.619] [Render thread/INFO] [net.mcreator.tloa.TloaMod/]: Can Stamina:true
[26Jun2025 21:29:39.619] [Render thread/INFO] [net.mcreator.tloa.TloaMod/]: Max Stamina40.0
[26Jun2025 21:29:39.628] [Server thread/INFO] [net.mcreator.tloa.TloaMod/]: Current Stamina:40.2
[26Jun2025 21:29:39.628] [Server thread/INFO] [net.mcreator.tloa.TloaMod/]: Rounded Stamina40
[26Jun2025 21:29:39.628] [Server thread/INFO] [net.mcreator.tloa.TloaMod/]: Can Stamina:true
[26Jun2025 21:29:39.628] [Server thread/INFO] [net.mcreator.tloa.TloaMod/]: Max Stamina40.0
[26Jun2025 21:29:39.669] [Render thread/INFO] [net.mcreator.tloa.TloaMod/]: Current Stamina:40.2
[26Jun2025 21:29:39.669] [Render thread/INFO] [net.mcreator.tloa.TloaMod/]: Rounded Stamina40
[26Jun2025 21:29:39.669] [Render thread/INFO] [net.mcreator.tloa.TloaMod/]: Can Stamina:true
[26Jun2025 21:29:39.669] [Render thread/INFO] [net.mcreator.tloa.TloaMod/]: Max Stamina40.0
[26Jun2025 21:29:39.677] [Server thread/INFO] [net.mcreator.tloa.TloaMod/]: Current Stamina:40.2
[26Jun2025 21:29:39.677] [Server thread/INFO] [net.mcreator.tloa.TloaMod/]: Rounded Stamina40
[26Jun2025 21:29:39.677] [Server thread/INFO] [net.mcreator.tloa.TloaMod/]: Can Stamina:true
[26Jun2025 21:29:39.678] [Server thread/INFO] [net.mcreator.tloa.TloaMod/]: Max Stamina40.0
[26Jun2025 21:29:39.719] [Render thread/INFO] [net.mcreator.tloa.TloaMod/]: Current Stamina:40.2
[26Jun2025 21:29:39.719] [Render thread/INFO] [net.mcreator.tloa.TloaMod/]: Rounded Stamina40
[26Jun2025 21:29:39.719] [Render thread/INFO] [net.mcreator.tloa.TloaMod/]: Can Stamina:true
[26Jun2025 21:29:39.719] [Render thread/INFO] [net.mcreator.tloa.TloaMod/]: Max Stamina40.0
[26Jun2025 21:29:39.729] [Server thread/INFO] [net.mcreator.tloa.TloaMod/]: Current Stamina:40.2
[26Jun2025 21:29:39.729] [Server thread/INFO] [net.mcreator.tloa.TloaMod/]: Rounded Stamina40
[26Jun2025 21:29:39.729] [Server thread/INFO] [net.mcreator.tloa.TloaMod/]: Can Stamina:true
[26Jun2025 21:29:39.729] [Server thread/INFO] [net.mcreator.tloa.TloaMod/]: Max Stamina40.0
[26Jun2025 21:29:39.769] [Render thread/INFO] [net.mcreator.tloa.TloaMod/]: Current Stamina:40.2
[26Jun2025 21:29:39.769] [Render thread/INFO] [net.mcreator.tloa.TloaMod/]: Rounded Stamina40
[26Jun2025 21:29:39.769] [Render thread/INFO] [net.mcreator.tloa.TloaMod/]: Can Stamina:true
[26Jun2025 21:29:39.769] [Render thread/INFO] [net.mcreator.tloa.TloaMod/]: Max Stamina40.0
[26Jun2025 21:29:39.777] [Server thread/INFO] [net.mcreator.tloa.TloaMod/]: Current Stamina:40.2
[26Jun2025 21:29:39.777] [Server thread/INFO] [net.mcreator.tloa.TloaMod/]: Rounded Stamina40
[26Jun2025 21:29:39.777] [Server thread/INFO] [net.mcreator.tloa.TloaMod/]: Can Stamina:true
[26Jun2025 21:29:39.777] [Server thread/INFO] [net.mcreator.tloa.TloaMod/]: Max Stamina40.0
[26Jun2025 21:29:39.818] [Render thread/INFO] [net.mcreator.tloa.TloaMod/]: Current Stamina:40.2
[26Jun2025 21:29:39.818] [Render thread/INFO] [net.mcreator.tloa.TloaMod/]: Rounded Stamina40
[26Jun2025 21:29:39.818] [Render thread/INFO] [net.mcreator.tloa.TloaMod/]: Can Stamina:true
[26Jun2025 21:29:39.818] [Render thread/INFO] [net.mcreator.tloa.TloaMod/]: Max Stamina40.0
[26Jun2025 21:29:39.828] [Server thread/INFO] [net.mcreator.tloa.TloaMod/]: Current Stamina:40.2
[26Jun2025 21:29:39.829] [Server thread/INFO] [net.mcreator.tloa.TloaMod/]: Rounded Stamina40
[26Jun2025 21:29:39.829] [Server thread/INFO] [net.mcreator.tloa.TloaMod/]: Can Stamina:true
[26Jun2025 21:29:39.829] [Server thread/INFO] [net.mcreator.tloa.TloaMod/]: Max Stamina40.0
[26Jun2025 21:29:39.868] [Render thread/INFO] [net.mcreator.tloa.TloaMod/]: Current Stamina:40.2
[26Jun2025 21:29:39.869] [Render thread/INFO] [net.mcreator.tloa.TloaMod/]: Rounded Stamina40
[26Jun2025 21:29:39.869] [Render thread/INFO] [net.mcreator.tloa.TloaMod/]: Can Stamina:true
[26Jun2025 21:29:39.869] [Render thread/INFO] [net.mcreator.tloa.TloaMod/]: Max Stamina40.0
[26Jun2025 21:29:39.877] [Server thread/INFO] [net.mcreator.tloa.TloaMod/]: Current Stamina:40.2
[26Jun2025 21:29:39.877] [Server thread/INFO] [net.mcreator.tloa.TloaMod/]: Rounded Stamina40
[26Jun2025 21:29:39.877] [Server thread/INFO] [net.mcreator.tloa.TloaMod/]: Can Stamina:true
[26Jun2025 21:29:39.877] [Server thread/INFO] [net.mcreator.tloa.TloaMod/]: Max Stamina40.0
[26Jun2025 21:29:39.920] [Render thread/INFO] [net.mcreator.tloa.TloaMod/]: Current Stamina:40.2
[26Jun2025 21:29:39.921] [Render thread/INFO] [net.mcreator.tloa.TloaMod/]: Rounded Stamina40
[26Jun2025 21:29:39.921] [Render thread/INFO] [net.mcreator.tloa.TloaMod/]: Can Stamina:true
[26Jun2025 21:29:39.921] [Render thread/INFO] [net.mcreator.tloa.TloaMod/]: Max Stamina40.0
[26Jun2025 21:29:39.931] [Server thread/INFO] [net.mcreator.tloa.TloaMod/]: Current Stamina:40.2
[26Jun2025 21:29:39.932] [Server thread/INFO] [net.mcreator.tloa.TloaMod/]: Rounded Stamina40
[26Jun2025 21:29:39.932] [Server thread/INFO] [net.mcreator.tloa.TloaMod/]: Can Stamina:true
[26Jun2025 21:29:39.932] [Server thread/INFO] [net.mcreator.tloa.TloaMod/]: Max Stamina40.0
[26Jun2025 21:29:39.968] [Render thread/INFO] [net.mcreator.tloa.TloaMod/]: Current Stamina:40.2
[26Jun2025 21:29:39.969] [Render thread/INFO] [net.mcreator.tloa.TloaMod/]: Rounded Stamina40
[26Jun2025 21:29:39.969] [Render thread/INFO] [net.mcreator.tloa.TloaMod/]: Can Stamina:true
[26Jun2025 21:29:39.969] [Render thread/INFO] [net.mcreator.tloa.TloaMod/]: Max Stamina40.0
[26Jun2025 21:29:39.978] [Server thread/INFO] [net.mcreator.tloa.TloaMod/]: Current Stamina:40.2
[26Jun2025 21:29:39.978] [Server thread/INFO] [net.mcreator.tloa.TloaMod/]: Rounded Stamina40
[26Jun2025 21:29:39.978] [Server thread/INFO] [net.mcreator.tloa.TloaMod/]: Can Stamina:true
[26Jun2025 21:29:39.978] [Server thread/INFO] [net.mcreator.tloa.TloaMod/]: Max Stamina40.0
[26Jun2025 21:29:40.018] [Render thread/INFO] [net.mcreator.tloa.TloaMod/]: Current Stamina:40.2
[26Jun2025 21:29:40.018] [Render thread/INFO] [net.mcreator.tloa.TloaMod/]: Rounded Stamina40
[26Jun2025 21:29:40.018] [Render thread/INFO] [net.mcreator.tloa.TloaMod/]: Can Stamina:true
[26Jun2025 21:29:40.019] [Render thread/INFO] [net.mcreator.tloa.TloaMod/]: Max Stamina40.0
[26Jun2025 21:29:40.030] [Server thread/INFO] [net.mcreator.tloa.TloaMod/]: Current Stamina:40.2
[26Jun2025 21:29:40.030] [Server thread/INFO] [net.mcreator.tloa.TloaMod/]: Rounded Stamina40
[26Jun2025 21:29:40.030] [Server thread/INFO] [net.mcreator.tloa.TloaMod/]: Can Stamina:true
[26Jun2025 21:29:40.030] [Server thread/INFO] [net.mcreator.tloa.TloaMod/]: Max Stamina40.0
[26Jun2025 21:29:40.069] [Render thread/INFO] [net.mcreator.tloa.TloaMod/]: Current Stamina:40.2
[26Jun2025 21:29:40.069] [Render thread/INFO] [net.mcreator.tloa.TloaMod/]: Rounded Stamina40
[26Jun2025 21:29:40.069] [Render thread/INFO] [net.mcreator.tloa.TloaMod/]: Can Stamina:true
[26Jun2025 21:29:40.069] [Render thread/INFO] [net.mcreator.tloa.TloaMod/]: Max Stamina40.0
[26Jun2025 21:29:40.082] [Server thread/INFO] [net.mcreator.tloa.TloaMod/]: Current Stamina:40.2
[26Jun2025 21:29:40.082] [Server thread/INFO] [net.mcreator.tloa.TloaMod/]: Rounded Stamina40
[26Jun2025 21:29:40.082] [Server thread/INFO] [net.mcreator.tloa.TloaMod/]: Can Stamina:true
[26Jun2025 21:29:40.082] [Server thread/INFO] [net.mcreator.tloa.TloaMod/]: Max Stamina40.0
[26Jun2025 21:29:40.119] [Render thread/INFO] [net.mcreator.tloa.TloaMod/]: Current Stamina:40.2
[26Jun2025 21:29:40.119] [Render thread/INFO] [net.mcreator.tloa.TloaMod/]: Rounded Stamina40
[26Jun2025 21:29:40.119] [Render thread/INFO] [net.mcreator.tloa.TloaMod/]: Can Stamina:true
[26Jun2025 21:29:40.119] [Render thread/INFO] [net.mcreator.tloa.TloaMod/]: Max Stamina40.0
[26Jun2025 21:29:40.131] [Server thread/INFO] [net.mcreator.tloa.TloaMod/]: Current Stamina:40.2
[26Jun2025 21:29:40.131] [Server thread/INFO] [net.mcreator.tloa.TloaMod/]: Rounded Stamina40
[26Jun2025 21:29:40.131] [Server thread/INFO] [net.mcreator.tloa.TloaMod/]: Can Stamina:true
[26Jun2025 21:29:40.131] [Server thread/INFO] [net.mcreator.tloa.TloaMod/]: Max Stamina40.0
[26Jun2025 21:29:40.169] [Render thread/INFO] [net.mcreator.tloa.TloaMod/]: Current Stamina:40.2
[26Jun2025 21:29:40.169] [Render thread/INFO] [net.mcreator.tloa.TloaMod/]: Rounded Stamina40
[26Jun2025 21:29:40.169] [Render thread/INFO] [net.mcreator.tloa.TloaMod/]: Can Stamina:true
[26Jun2025 21:29:40.169] [Render thread/INFO] [net.mcreator.tloa.TloaMod/]: Max Stamina40.0
[26Jun2025 21:29:40.177] [Server thread/INFO] [net.mcreator.tloa.TloaMod/]: Current Stamina:40.2
[26Jun2025 21:29:40.177] [Server thread/INFO] [net.mcreator.tloa.TloaMod/]: Rounded Stamina40
[26Jun2025 21:29:40.177] [Server thread/INFO] [net.mcreator.tloa.TloaMod/]: Can Stamina:true
[26Jun2025 21:29:40.177] [Server thread/INFO] [net.mcreator.tloa.TloaMod/]: Max Stamina40.0
[26Jun2025 21:29:40.221] [Render thread/INFO] [net.mcreator.tloa.TloaMod/]: Current Stamina:40.2
[26Jun2025 21:29:40.222] [Render thread/INFO] [net.mcreator.tloa.TloaMod/]: Rounded Stamina40
[26Jun2025 21:29:40.222] [Render thread/INFO] [net.mcreator.tloa.TloaMod/]: Can Stamina:true
[26Jun2025 21:29:40.222] [Render thread/INFO] [net.mcreator.tloa.TloaMod/]: Max Stamina40.0
[26Jun2025 21:29:40.226] [Server thread/INFO] [net.mcreator.tloa.TloaMod/]: Current Stamina:40.2
[26Jun2025 21:29:40.226] [Server thread/INFO] [net.mcreator.tloa.TloaMod/]: Rounded Stamina40
[26Jun2025 21:29:40.226] [Server thread/INFO] [net.mcreator.tloa.TloaMod/]: Can Stamina:true
[26Jun2025 21:29:40.226] [Server thread/INFO] [net.mcreator.tloa.TloaMod/]: Max Stamina40.0
[26Jun2025 21:29:40.269] [Render thread/INFO] [net.mcreator.tloa.TloaMod/]: Current Stamina:40.2
[26Jun2025 21:29:40.269] [Render thread/INFO] [net.mcreator.tloa.TloaMod/]: Rounded Stamina40
[26Jun2025 21:29:40.269] [Render thread/INFO] [net.mcreator.tloa.TloaMod/]: Can Stamina:true
[26Jun2025 21:29:40.269] [Render thread/INFO] [net.mcreator.tloa.TloaMod/]: Max Stamina40.0
[26Jun2025 21:29:40.275] [Server thread/INFO] [net.mcreator.tloa.TloaMod/]: Current Stamina:40.2
[26Jun2025 21:29:40.276] [Server thread/INFO] [net.mcreator.tloa.TloaMod/]: Rounded Stamina40
[26Jun2025 21:29:40.276] [Server thread/INFO] [net.mcreator.tloa.TloaMod/]: Can Stamina:true
[26Jun2025 21:29:40.276] [Server thread/INFO] [net.mcreator.tloa.TloaMod/]: Max Stamina40.0
[26Jun2025 21:29:40.319] [Render thread/INFO] [net.mcreator.tloa.TloaMod/]: Current Stamina:40.2
[26Jun2025 21:29:40.320] [Render thread/INFO] [net.mcreator.tloa.TloaMod/]: Rounded Stamina40
[26Jun2025 21:29:40.320] [Render thread/INFO] [net.mcreator.tloa.TloaMod/]: Can Stamina:true
[26Jun2025 21:29:40.320] [Render thread/INFO] [net.mcreator.tloa.TloaMod/]: Max Stamina40.0
[26Jun2025 21:29:40.325] [Server thread/INFO] [net.mcreator.tloa.TloaMod/]: Current Stamina:40.2
[26Jun2025 21:29:40.325] [Server thread/INFO] [net.mcreator.tloa.TloaMod/]: Rounded Stamina40
[26Jun2025 21:29:40.325] [Server thread/INFO] [net.mcreator.tloa.TloaMod/]: Can Stamina:true
[26Jun2025 21:29:40.325] [Server thread/INFO] [net.mcreator.tloa.TloaMod/]: Max Stamina40.0
[26Jun2025 21:29:40.367] [Render thread/INFO] [net.mcreator.tloa.TloaMod/]: Current Stamina:40.2
[26Jun2025 21:29:40.367] [Render thread/INFO] [net.mcreator.tloa.TloaMod/]: Rounded Stamina40
[26Jun2025 21:29:40.367] [Render thread/INFO] [net.mcreator.tloa.TloaMod/]: Can Stamina:true
[26Jun2025 21:29:40.367] [Render thread/INFO] [net.mcreator.tloa.TloaMod/]: Max Stamina40.0
[26Jun2025 21:29:40.375] [Server thread/INFO] [net.mcreator.tloa.TloaMod/]: Current Stamina:40.2
[26Jun2025 21:29:40.375] [Server thread/INFO] [net.mcreator.tloa.TloaMod/]: Rounded Stamina40
[26Jun2025 21:29:40.375] [Server thread/INFO] [net.mcreator.tloa.TloaMod/]: Can Stamina:true
[26Jun2025 21:29:40.375] [Server thread/INFO] [net.mcreator.tloa.TloaMod/]: Max Stamina40.0
[26Jun2025 21:29:40.420] [Render thread/INFO] [net.mcreator.tloa.TloaMod/]: Current Stamina:40.2
[26Jun2025 21:29:40.420] [Render thread/INFO] [net.mcreator.tloa.TloaMod/]: Rounded Stamina40
[26Jun2025 21:29:40.420] [Render thread/INFO] [net.mcreator.tloa.TloaMod/]: Can Stamina:true
[26Jun2025 21:29:40.420] [Render thread/INFO] [net.mcreator.tloa.TloaMod/]: Max Stamina40.0
[26Jun2025 21:29:40.426] [Server thread/INFO] [net.mcreator.tloa.TloaMod/]: Current Stamina:40.2
[26Jun2025 21:29:40.426] [Server thread/INFO] [net.mcreator.tloa.TloaMod/]: Rounded Stamina40
[26Jun2025 21:29:40.426] [Server thread/INFO] [net.mcreator.tloa.TloaMod/]: Can Stamina:true
[26Jun2025 21:29:40.426] [Server thread/INFO] [net.mcreator.tloa.TloaMod/]: Max Stamina40.0
[26Jun2025 21:29:40.470] [Render thread/INFO] [net.mcreator.tloa.TloaMod/]: Current Stamina:40.2
[26Jun2025 21:29:40.470] [Render thread/INFO] [net.mcreator.tloa.TloaMod/]: Rounded Stamina40
[26Jun2025 21:29:40.470] [Render thread/INFO] [net.mcreator.tloa.TloaMod/]: Can Stamina:true
[26Jun2025 21:29:40.470] [Render thread/INFO] [net.mcreator.tloa.TloaMod/]: Max Stamina40.0
[26Jun2025 21:29:40.475] [Server thread/INFO] [net.mcreator.tloa.TloaMod/]: Current Stamina:40.2
[26Jun2025 21:29:40.475] [Server thread/INFO] [net.mcreator.tloa.TloaMod/]: Rounded Stamina40
[26Jun2025 21:29:40.476] [Server thread/INFO] [net.mcreator.tloa.TloaMod/]: Can Stamina:true
[26Jun2025 21:29:40.476] [Server thread/INFO] [net.mcreator.tloa.TloaMod/]: Max Stamina40.0
[26Jun2025 21:29:40.519] [Render thread/INFO] [net.mcreator.tloa.TloaMod/]: Current Stamina:40.2
[26Jun2025 21:29:40.519] [Render thread/INFO] [net.mcreator.tloa.TloaMod/]: Rounded Stamina40
[26Jun2025 21:29:40.519] [Render thread/INFO] [net.mcreator.tloa.TloaMod/]: Can Stamina:true
[26Jun2025 21:29:40.519] [Render thread/INFO] [net.mcreator.tloa.TloaMod/]: Max Stamina40.0
[26Jun2025 21:29:40.525] [Server thread/INFO] [net.mcreator.tloa.TloaMod/]: Current Stamina:40.2
[26Jun2025 21:29:40.526] [Server thread/INFO] [net.mcreator.tloa.TloaMod/]: Rounded Stamina40
[26Jun2025 21:29:40.526] [Server thread/INFO] [net.mcreator.tloa.TloaMod/]: Can Stamina:true
[26Jun2025 21:29:40.526] [Server thread/INFO] [net.mcreator.tloa.TloaMod/]: Max Stamina40.0
[26Jun2025 21:29:40.568] [Render thread/INFO] [net.mcreator.tloa.TloaMod/]: Current Stamina:40.2
[26Jun2025 21:29:40.569] [Render thread/INFO] [net.mcreator.tloa.TloaMod/]: Rounded Stamina40
[26Jun2025 21:29:40.569] [Render thread/INFO] [net.mcreator.tloa.TloaMod/]: Can Stamina:true
[26Jun2025 21:29:40.569] [Render thread/INFO] [net.mcreator.tloa.TloaMod/]: Max Stamina40.0
[26Jun2025 21:29:40.574] [Server thread/INFO] [net.mcreator.tloa.TloaMod/]: Current Stamina:40.2
[26Jun2025 21:29:40.574] [Server thread/INFO] [net.mcreator.tloa.TloaMod/]: Rounded Stamina40
[26Jun2025 21:29:40.574] [Server thread/INFO] [net.mcreator.tloa.TloaMod/]: Can Stamina:true
[26Jun2025 21:29:40.574] [Server thread/INFO] [net.mcreator.tloa.TloaMod/]: Max Stamina40.0
[26Jun2025 21:29:40.619] [Render thread/INFO] [net.mcreator.tloa.TloaMod/]: Current Stamina:40.2
[26Jun2025 21:29:40.619] [Render thread/INFO] [net.mcreator.tloa.TloaMod/]: Rounded Stamina40
[26Jun2025 21:29:40.619] [Render thread/INFO] [net.mcreator.tloa.TloaMod/]: Can Stamina:true
[26Jun2025 21:29:40.619] [Render thread/INFO] [net.mcreator.tloa.TloaMod/]: Max Stamina40.0
[26Jun2025 21:29:40.625] [Server thread/INFO] [net.mcreator.tloa.TloaMod/]: Current Stamina:40.2
[26Jun2025 21:29:40.625] [Server thread/INFO] [net.mcreator.tloa.TloaMod/]: Rounded Stamina40
[26Jun2025 21:29:40.625] [Server thread/INFO] [net.mcreator.tloa.TloaMod/]: Can Stamina:true
[26Jun2025 21:29:40.625] [Server thread/INFO] [net.mcreator.tloa.TloaMod/]: Max Stamina40.0
[26Jun2025 21:29:40.669] [Render thread/INFO] [net.mcreator.tloa.TloaMod/]: Current Stamina:40.2
[26Jun2025 21:29:40.669] [Render thread/INFO] [net.mcreator.tloa.TloaMod/]: Rounded Stamina40
[26Jun2025 21:29:40.669] [Render thread/INFO] [net.mcreator.tloa.TloaMod/]: Can Stamina:true
[26Jun2025 21:29:40.669] [Render thread/INFO] [net.mcreator.tloa.TloaMod/]: Max Stamina40.0
[26Jun2025 21:29:40.673] [Server thread/INFO] [net.mcreator.tloa.TloaMod/]: Current Stamina:40.2
[26Jun2025 21:29:40.673] [Server thread/INFO] [net.mcreator.tloa.TloaMod/]: Rounded Stamina40
[26Jun2025 21:29:40.675] [Server thread/INFO] [net.mcreator.tloa.TloaMod/]: Can Stamina:true
[26Jun2025 21:29:40.675] [Server thread/INFO] [net.mcreator.tloa.TloaMod/]: Max Stamina40.0
[26Jun2025 21:29:40.718] [Render thread/INFO] [net.mcreator.tloa.TloaMod/]: Current Stamina:40.2
[26Jun2025 21:29:40.719] [Render thread/INFO] [net.mcreator.tloa.TloaMod/]: Rounded Stamina40
[26Jun2025 21:29:40.719] [Render thread/INFO] [net.mcreator.tloa.TloaMod/]: Can Stamina:true
[26Jun2025 21:29:40.719] [Render thread/INFO] [net.mcreator.tloa.TloaMod/]: Max Stamina40.0
[26Jun2025 21:29:40.725] [Server thread/INFO] [net.mcreator.tloa.TloaMod/]: Current Stamina:40.2
[26Jun2025 21:29:40.725] [Server thread/INFO] [net.mcreator.tloa.TloaMod/]: Rounded Stamina40
[26Jun2025 21:29:40.725] [Server thread/INFO] [net.mcreator.tloa.TloaMod/]: Can Stamina:true
[26Jun2025 21:29:40.725] [Server thread/INFO] [net.mcreator.tloa.TloaMod/]: Max Stamina40.0
[26Jun2025 21:29:40.767] [Render thread/INFO] [net.mcreator.tloa.TloaMod/]: Current Stamina:40.2
[26Jun2025 21:29:40.767] [Render thread/INFO] [net.mcreator.tloa.TloaMod/]: Rounded Stamina40
[26Jun2025 21:29:40.767] [Render thread/INFO] [net.mcreator.tloa.TloaMod/]: Can Stamina:true
[26Jun2025 21:29:40.767] [Render thread/INFO] [net.mcreator.tloa.TloaMod/]: Max Stamina40.0
[26Jun2025 21:29:40.776] [Server thread/INFO] [net.mcreator.tloa.TloaMod/]: Current Stamina:40.2
[26Jun2025 21:29:40.776] [Server thread/INFO] [net.mcreator.tloa.TloaMod/]: Rounded Stamina40
[26Jun2025 21:29:40.776] [Server thread/INFO] [net.mcreator.tloa.TloaMod/]: Can Stamina:true
[26Jun2025 21:29:40.776] [Server thread/INFO] [net.mcreator.tloa.TloaMod/]: Max Stamina40.0
[26Jun2025 21:29:40.819] [Render thread/INFO] [net.mcreator.tloa.TloaMod/]: Current Stamina:40.2
[26Jun2025 21:29:40.819] [Render thread/INFO] [net.mcreator.tloa.TloaMod/]: Rounded Stamina40
[26Jun2025 21:29:40.819] [Render thread/INFO] [net.mcreator.tloa.TloaMod/]: Can Stamina:true
[26Jun2025 21:29:40.820] [Render thread/INFO] [net.mcreator.tloa.TloaMod/]: Max Stamina40.0
[26Jun2025 21:29:40.828] [Server thread/INFO] [net.mcreator.tloa.TloaMod/]: Current Stamina:40.2
[26Jun2025 21:29:40.828] [Server thread/INFO] [net.mcreator.tloa.TloaMod/]: Rounded Stamina40
[26Jun2025 21:29:40.828] [Server thread/INFO] [net.mcreator.tloa.TloaMod/]: Can Stamina:true
[26Jun2025 21:29:40.828] [Server thread/INFO] [net.mcreator.tloa.TloaMod/]: Max Stamina40.0
[26Jun2025 21:29:40.868] [Render thread/INFO] [net.mcreator.tloa.TloaMod/]: Current Stamina:40.2
[26Jun2025 21:29:40.868] [Render thread/INFO] [net.mcreator.tloa.TloaMod/]: Rounded Stamina40
[26Jun2025 21:29:40.868] [Render thread/INFO] [net.mcreator.tloa.TloaMod/]: Can Stamina:true
[26Jun2025 21:29:40.868] [Render thread/INFO] [net.mcreator.tloa.TloaMod/]: Max Stamina40.0
[26Jun2025 21:29:40.877] [Server thread/INFO] [net.mcreator.tloa.TloaMod/]: Current Stamina:40.2
[26Jun2025 21:29:40.877] [Server thread/INFO] [net.mcreator.tloa.TloaMod/]: Rounded Stamina40
[26Jun2025 21:29:40.877] [Server thread/INFO] [net.mcreator.tloa.TloaMod/]: Can Stamina:true
[26Jun2025 21:29:40.877] [Server thread/INFO] [net.mcreator.tloa.TloaMod/]: Max Stamina40.0
[26Jun2025 21:29:40.919] [Render thread/INFO] [net.mcreator.tloa.TloaMod/]: Current Stamina:40.2
[26Jun2025 21:29:40.919] [Render thread/INFO] [net.mcreator.tloa.TloaMod/]: Rounded Stamina40
[26Jun2025 21:29:40.919] [Render thread/INFO] [net.mcreator.tloa.TloaMod/]: Can Stamina:true
[26Jun2025 21:29:40.919] [Render thread/INFO] [net.mcreator.tloa.TloaMod/]: Max Stamina40.0
[26Jun2025 21:29:40.925] [Server thread/INFO] [net.mcreator.tloa.TloaMod/]: Current Stamina:40.2
[26Jun2025 21:29:40.925] [Server thread/INFO] [net.mcreator.tloa.TloaMod/]: Rounded Stamina40
[26Jun2025 21:29:40.925] [Server thread/INFO] [net.mcreator.tloa.TloaMod/]: Can Stamina:true
[26Jun2025 21:29:40.925] [Server thread/INFO] [net.mcreator.tloa.TloaMod/]: Max Stamina40.0
[26Jun2025 21:29:40.968] [Render thread/INFO] [net.mcreator.tloa.TloaMod/]: Current Stamina:40.2
[26Jun2025 21:29:40.969] [Render thread/INFO] [net.mcreator.tloa.TloaMod/]: Rounded Stamina40
[26Jun2025 21:29:40.969] [Render thread/INFO] [net.mcreator.tloa.TloaMod/]: Can Stamina:true
[26Jun2025 21:29:40.969] [Render thread/INFO] [net.mcreator.tloa.TloaMod/]: Max Stamina40.0
[26Jun2025 21:29:40.973] [Server thread/INFO] [net.mcreator.tloa.TloaMod/]: Current Stamina:40.2
[26Jun2025 21:29:40.973] [Server thread/INFO] [net.mcreator.tloa.TloaMod/]: Rounded Stamina40
[26Jun2025 21:29:40.974] [Server thread/INFO] [net.mcreator.tloa.TloaMod/]: Can Stamina:true
[26Jun2025 21:29:40.974] [Server thread/INFO] [net.mcreator.tloa.TloaMod/]: Max Stamina40.0
[26Jun2025 21:29:41.019] [Render thread/INFO] [net.mcreator.tloa.TloaMod/]: Current Stamina:40.2
[26Jun2025 21:29:41.020] [Render thread/INFO] [net.mcreator.tloa.TloaMod/]: Rounded Stamina40
[26Jun2025 21:29:41.020] [Render thread/INFO] [net.mcreator.tloa.TloaMod/]: Can Stamina:true
[26Jun2025 21:29:41.020] [Render thread/INFO] [net.mcreator.tloa.TloaMod/]: Max Stamina40.0
[26Jun2025 21:29:41.025] [Server thread/INFO] [net.mcreator.tloa.TloaMod/]: Current Stamina:40.2
[26Jun2025 21:29:41.027] [Server thread/INFO] [net.mcreator.tloa.TloaMod/]: Rounded Stamina40
[26Jun2025 21:29:41.027] [Server thread/INFO] [net.mcreator.tloa.TloaMod/]: Can Stamina:true
[26Jun2025 21:29:41.027] [Server thread/INFO] [net.mcreator.tloa.TloaMod/]: Max Stamina40.0
[26Jun2025 21:29:41.069] [Render thread/INFO] [net.mcreator.tloa.TloaMod/]: Current Stamina:40.2
[26Jun2025 21:29:41.069] [Render thread/INFO] [net.mcreator.tloa.TloaMod/]: Rounded Stamina40
[26Jun2025 21:29:41.069] [Render thread/INFO] [net.mcreator.tloa.TloaMod/]: Can Stamina:true
[26Jun2025 21:29:41.069] [Render thread/INFO] [net.mcreator.tloa.TloaMod/]: Max Stamina40.0
[26Jun2025 21:29:41.073] [Server thread/INFO] [net.mcreator.tloa.TloaMod/]: Current Stamina:40.2
[26Jun2025 21:29:41.075] [Server thread/INFO] [net.mcreator.tloa.TloaMod/]: Rounded Stamina40
[26Jun2025 21:29:41.075] [Server thread/INFO] [net.mcreator.tloa.TloaMod/]: Can Stamina:true
[26Jun2025 21:29:41.075] [Server thread/INFO] [net.mcreator.tloa.TloaMod/]: Max Stamina40.0
[26Jun2025 21:29:41.118] [Render thread/INFO] [net.mcreator.tloa.TloaMod/]: Current Stamina:40.2
[26Jun2025 21:29:41.118] [Render thread/INFO] [net.mcreator.tloa.TloaMod/]: Rounded Stamina40
[26Jun2025 21:29:41.118] [Render thread/INFO] [net.mcreator.tloa.TloaMod/]: Can Stamina:true
[26Jun2025 21:29:41.118] [Render thread/INFO] [net.mcreator.tloa.TloaMod/]: Max Stamina40.0
[26Jun2025 21:29:41.126] [Server thread/INFO] [net.mcreator.tloa.TloaMod/]: Current Stamina:40.2
[26Jun2025 21:29:41.126] [Server thread/INFO] [net.mcreator.tloa.TloaMod/]: Rounded Stamina40
[26Jun2025 21:29:41.126] [Server thread/INFO] [net.mcreator.tloa.TloaMod/]: Can Stamina:true
[26Jun2025 21:29:41.126] [Server thread/INFO] [net.mcreator.tloa.TloaMod/]: Max Stamina40.0
[26Jun2025 21:29:41.168] [Render thread/INFO] [net.mcreator.tloa.TloaMod/]: Current Stamina:40.2
[26Jun2025 21:29:41.169] [Render thread/INFO] [net.mcreator.tloa.TloaMod/]: Rounded Stamina40
[26Jun2025 21:29:41.169] [Render thread/INFO] [net.mcreator.tloa.TloaMod/]: Can Stamina:true
[26Jun2025 21:29:41.169] [Render thread/INFO] [net.mcreator.tloa.TloaMod/]: Max Stamina40.0
[26Jun2025 21:29:41.175] [Server thread/INFO] [net.mcreator.tloa.TloaMod/]: Current Stamina:40.2
[26Jun2025 21:29:41.175] [Server thread/INFO] [net.mcreator.tloa.TloaMod/]: Rounded Stamina40
[26Jun2025 21:29:41.175] [Server thread/INFO] [net.mcreator.tloa.TloaMod/]: Can Stamina:true
[26Jun2025 21:29:41.175] [Server thread/INFO] [net.mcreator.tloa.TloaMod/]: Max Stamina40.0
[26Jun2025 21:29:41.219] [Render thread/INFO] [net.mcreator.tloa.TloaMod/]: Current Stamina:40.2
[26Jun2025 21:29:41.220] [Render thread/INFO] [net.mcreator.tloa.TloaMod/]: Rounded Stamina40
[26Jun2025 21:29:41.220] [Render thread/INFO] [net.mcreator.tloa.TloaMod/]: Can Stamina:true
[26Jun2025 21:29:41.220] [Render thread/INFO] [net.mcreator.tloa.TloaMod/]: Max Stamina40.0
[26Jun2025 21:29:41.225] [Server thread/INFO] [net.mcreator.tloa.TloaMod/]: Current Stamina:40.2
[26Jun2025 21:29:41.225] [Server thread/INFO] [net.mcreator.tloa.TloaMod/]: Rounded Stamina40
[26Jun2025 21:29:41.225] [Server thread/INFO] [net.mcreator.tloa.TloaMod/]: Can Stamina:true
[26Jun2025 21:29:41.225] [Server thread/INFO] [net.mcreator.tloa.TloaMod/]: Max Stamina40.0
[26Jun2025 21:29:41.269] [Render thread/INFO] [net.mcreator.tloa.TloaMod/]: Current Stamina:40.2
[26Jun2025 21:29:41.269] [Render thread/INFO] [net.mcreator.tloa.TloaMod/]: Rounded Stamina40
[26Jun2025 21:29:41.269] [Render thread/INFO] [net.mcreator.tloa.TloaMod/]: Can Stamina:true
[26Jun2025 21:29:41.269] [Render thread/INFO] [net.mcreator.tloa.TloaMod/]: Max Stamina40.0
[26Jun2025 21:29:41.274] [Server thread/INFO] [net.mcreator.tloa.TloaMod/]: Current Stamina:40.2
[26Jun2025 21:29:41.274] [Server thread/INFO] [net.mcreator.tloa.TloaMod/]: Rounded Stamina40
[26Jun2025 21:29:41.274] [Server thread/INFO] [net.mcreator.tloa.TloaMod/]: Can Stamina:true
[26Jun2025 21:29:41.274] [Server thread/INFO] [net.mcreator.tloa.TloaMod/]: Max Stamina40.0
[26Jun2025 21:29:41.320] [Render thread/INFO] [net.mcreator.tloa.TloaMod/]: Current Stamina:40.2
[26Jun2025 21:29:41.320] [Render thread/INFO] [net.mcreator.tloa.TloaMod/]: Rounded Stamina40
[26Jun2025 21:29:41.320] [Render thread/INFO] [net.mcreator.tloa.TloaMod/]: Can Stamina:true
[26Jun2025 21:29:41.320] [Render thread/INFO] [net.mcreator.tloa.TloaMod/]: Max Stamina40.0
[26Jun2025 21:29:41.325] [Server thread/INFO] [net.mcreator.tloa.TloaMod/]: Current Stamina:40.2
[26Jun2025 21:29:41.325] [Server thread/INFO] [net.mcreator.tloa.TloaMod/]: Rounded Stamina40
[26Jun2025 21:29:41.325] [Server thread/INFO] [net.mcreator.tloa.TloaMod/]: Can Stamina:true
[26Jun2025 21:29:41.325] [Server thread/INFO] [net.mcreator.tloa.TloaMod/]: Max Stamina40.0
[26Jun2025 21:29:41.368] [Render thread/INFO] [net.mcreator.tloa.TloaMod/]: Current Stamina:40.2
[26Jun2025 21:29:41.368] [Render thread/INFO] [net.mcreator.tloa.TloaMod/]: Rounded Stamina40
[26Jun2025 21:29:41.368] [Render thread/INFO] [net.mcreator.tloa.TloaMod/]: Can Stamina:true
[26Jun2025 21:29:41.368] [Render thread/INFO] [net.mcreator.tloa.TloaMod/]: Max Stamina40.0
[26Jun2025 21:29:41.375] [Server thread/INFO] [net.mcreator.tloa.TloaMod/]: Current Stamina:40.2
[26Jun2025 21:29:41.375] [Server thread/INFO] [net.mcreator.tloa.TloaMod/]: Rounded Stamina40
[26Jun2025 21:29:41.375] [Server thread/INFO] [net.mcreator.tloa.TloaMod/]: Can Stamina:true
[26Jun2025 21:29:41.375] [Server thread/INFO] [net.mcreator.tloa.TloaMod/]: Max Stamina40.0
[26Jun2025 21:29:41.420] [Render thread/INFO] [net.mcreator.tloa.TloaMod/]: Current Stamina:40.2
[26Jun2025 21:29:41.420] [Render thread/INFO] [net.mcreator.tloa.TloaMod/]: Rounded Stamina40
[26Jun2025 21:29:41.421] [Render thread/INFO] [net.mcreator.tloa.TloaMod/]: Can Stamina:true
[26Jun2025 21:29:41.421] [Render thread/INFO] [net.mcreator.tloa.TloaMod/]: Max Stamina40.0
[26Jun2025 21:29:41.425] [Server thread/INFO] [net.mcreator.tloa.TloaMod/]: Current Stamina:40.2
[26Jun2025 21:29:41.425] [Server thread/INFO] [net.mcreator.tloa.TloaMod/]: Rounded Stamina40
[26Jun2025 21:29:41.425] [Server thread/INFO] [net.mcreator.tloa.TloaMod/]: Can Stamina:true
[26Jun2025 21:29:41.425] [Server thread/INFO] [net.mcreator.tloa.TloaMod/]: Max Stamina40.0
[26Jun2025 21:29:41.468] [Render thread/INFO] [net.mcreator.tloa.TloaMod/]: Current Stamina:40.2
[26Jun2025 21:29:41.468] [Render thread/INFO] [net.mcreator.tloa.TloaMod/]: Rounded Stamina40
[26Jun2025 21:29:41.468] [Render thread/INFO] [net.mcreator.tloa.TloaMod/]: Can Stamina:true
[26Jun2025 21:29:41.468] [Render thread/INFO] [net.mcreator.tloa.TloaMod/]: Max Stamina40.0
[26Jun2025 21:29:41.477] [Server thread/INFO] [net.mcreator.tloa.TloaMod/]: Current Stamina:40.2
[26Jun2025 21:29:41.477] [Server thread/INFO] [net.mcreator.tloa.TloaMod/]: Rounded Stamina40
[26Jun2025 21:29:41.477] [Server thread/INFO] [net.mcreator.tloa.TloaMod/]: Can Stamina:true
[26Jun2025 21:29:41.477] [Server thread/INFO] [net.mcreator.tloa.TloaMod/]: Max Stamina40.0
[26Jun2025 21:29:41.520] [Render thread/INFO] [net.mcreator.tloa.TloaMod/]: Current Stamina:40.2
[26Jun2025 21:29:41.520] [Render thread/INFO] [net.mcreator.tloa.TloaMod/]: Rounded Stamina40
[26Jun2025 21:29:41.520] [Render thread/INFO] [net.mcreator.tloa.TloaMod/]: Can Stamina:true
[26Jun2025 21:29:41.520] [Render thread/INFO] [net.mcreator.tloa.TloaMod/]: Max Stamina40.0
[26Jun2025 21:29:41.525] [Server thread/INFO] [net.mcreator.tloa.TloaMod/]: Current Stamina:40.2
[26Jun2025 21:29:41.525] [Server thread/INFO] [net.mcreator.tloa.TloaMod/]: Rounded Stamina40
[26Jun2025 21:29:41.525] [Server thread/INFO] [net.mcreator.tloa.TloaMod/]: Can Stamina:true
[26Jun2025 21:29:41.525] [Server thread/INFO] [net.mcreator.tloa.TloaMod/]: Max Stamina40.0
[26Jun2025 21:29:41.568] [Render thread/INFO] [net.mcreator.tloa.TloaMod/]: Current Stamina:40.2
[26Jun2025 21:29:41.569] [Render thread/INFO] [net.mcreator.tloa.TloaMod/]: Rounded Stamina40
[26Jun2025 21:29:41.569] [Render thread/INFO] [net.mcreator.tloa.TloaMod/]: Can Stamina:true
[26Jun2025 21:29:41.569] [Render thread/INFO] [net.mcreator.tloa.TloaMod/]: Max Stamina40.0
[26Jun2025 21:29:41.576] [Server thread/INFO] [net.mcreator.tloa.TloaMod/]: Current Stamina:40.2
[26Jun2025 21:29:41.576] [Server thread/INFO] [net.mcreator.tloa.TloaMod/]: Rounded Stamina40
[26Jun2025 21:29:41.576] [Server thread/INFO] [net.mcreator.tloa.TloaMod/]: Can Stamina:true
[26Jun2025 21:29:41.576] [Server thread/INFO] [net.mcreator.tloa.TloaMod/]: Max Stamina40.0
[26Jun2025 21:29:41.621] [Render thread/INFO] [net.mcreator.tloa.TloaMod/]: Current Stamina:40.2
[26Jun2025 21:29:41.621] [Render thread/INFO] [net.mcreator.tloa.TloaMod/]: Rounded Stamina40
[26Jun2025 21:29:41.621] [Render thread/INFO] [net.mcreator.tloa.TloaMod/]: Can Stamina:true
[26Jun2025 21:29:41.621] [Render thread/INFO] [net.mcreator.tloa.TloaMod/]: Max Stamina40.0
[26Jun2025 21:29:41.625] [Server thread/INFO] [net.mcreator.tloa.TloaMod/]: Current Stamina:40.2
[26Jun2025 21:29:41.625] [Server thread/INFO] [net.mcreator.tloa.TloaMod/]: Rounded Stamina40
[26Jun2025 21:29:41.625] [Server thread/INFO] [net.mcreator.tloa.TloaMod/]: Can Stamina:true
[26Jun2025 21:29:41.625] [Server thread/INFO] [net.mcreator.tloa.TloaMod/]: Max Stamina40.0
[26Jun2025 21:29:41.669] [Render thread/INFO] [net.mcreator.tloa.TloaMod/]: Current Stamina:40.2
[26Jun2025 21:29:41.669] [Render thread/INFO] [net.mcreator.tloa.TloaMod/]: Rounded Stamina40
[26Jun2025 21:29:41.669] [Render thread/INFO] [net.mcreator.tloa.TloaMod/]: Can Stamina:true
[26Jun2025 21:29:41.669] [Render thread/INFO] [net.mcreator.tloa.TloaMod/]: Max Stamina40.0
[26Jun2025 21:29:41.674] [Server thread/INFO] [net.mcreator.tloa.TloaMod/]: Current Stamina:40.2
[26Jun2025 21:29:41.674] [Server thread/INFO] [net.mcreator.tloa.TloaMod/]: Rounded Stamina40
[26Jun2025 21:29:41.674] [Server thread/INFO] [net.mcreator.tloa.TloaMod/]: Can Stamina:true
[26Jun2025 21:29:41.674] [Server thread/INFO] [net.mcreator.tloa.TloaMod/]: Max Stamina40.0
[26Jun2025 21:29:41.720] [Render thread/INFO] [net.mcreator.tloa.TloaMod/]: Current Stamina:40.2
[26Jun2025 21:29:41.720] [Render thread/INFO] [net.mcreator.tloa.TloaMod/]: Rounded Stamina40
[26Jun2025 21:29:41.720] [Render thread/INFO] [net.mcreator.tloa.TloaMod/]: Can Stamina:true
[26Jun2025 21:29:41.720] [Render thread/INFO] [net.mcreator.tloa.TloaMod/]: Max Stamina40.0
[26Jun2025 21:29:41.726] [Server thread/INFO] [net.mcreator.tloa.TloaMod/]: Current Stamina:40.2
[26Jun2025 21:29:41.728] [Server thread/INFO] [net.mcreator.tloa.TloaMod/]: Rounded Stamina40
[26Jun2025 21:29:41.728] [Server thread/INFO] [net.mcreator.tloa.TloaMod/]: Can Stamina:true
[26Jun2025 21:29:41.728] [Server thread/INFO] [net.mcreator.tloa.TloaMod/]: Max Stamina40.0
[26Jun2025 21:29:41.768] [Render thread/INFO] [net.mcreator.tloa.TloaMod/]: Current Stamina:40.2
[26Jun2025 21:29:41.768] [Render thread/INFO] [net.mcreator.tloa.TloaMod/]: Rounded Stamina40
[26Jun2025 21:29:41.768] [Render thread/INFO] [net.mcreator.tloa.TloaMod/]: Can Stamina:true
[26Jun2025 21:29:41.768] [Render thread/INFO] [net.mcreator.tloa.TloaMod/]: Max Stamina40.0
[26Jun2025 21:29:41.774] [Server thread/INFO] [net.mcreator.tloa.TloaMod/]: Current Stamina:40.2
[26Jun2025 21:29:41.775] [Server thread/INFO] [net.mcreator.tloa.TloaMod/]: Rounded Stamina40
[26Jun2025 21:29:41.775] [Server thread/INFO] [net.mcreator.tloa.TloaMod/]: Can Stamina:true
[26Jun2025 21:29:41.775] [Server thread/INFO] [net.mcreator.tloa.TloaMod/]: Max Stamina40.0
[26Jun2025 21:29:41.819] [Render thread/INFO] [net.mcreator.tloa.TloaMod/]: Current Stamina:40.2
[26Jun2025 21:29:41.819] [Render thread/INFO] [net.mcreator.tloa.TloaMod/]: Rounded Stamina40
[26Jun2025 21:29:41.820] [Render thread/INFO] [net.mcreator.tloa.TloaMod/]: Can Stamina:true
[26Jun2025 21:29:41.820] [Render thread/INFO] [net.mcreator.tloa.TloaMod/]: Max Stamina40.0
[26Jun2025 21:29:41.830] [Server thread/INFO] [net.mcreator.tloa.TloaMod/]: Current Stamina:40.2
[26Jun2025 21:29:41.831] [Server thread/INFO] [net.mcreator.tloa.TloaMod/]: Rounded Stamina40
[26Jun2025 21:29:41.831] [Server thread/INFO] [net.mcreator.tloa.TloaMod/]: Can Stamina:true
[26Jun2025 21:29:41.831] [Server thread/INFO] [net.mcreator.tloa.TloaMod/]: Max Stamina40.0
[26Jun2025 21:29:41.869] [Render thread/INFO] [net.mcreator.tloa.TloaMod/]: Current Stamina:40.2
[26Jun2025 21:29:41.869] [Render thread/INFO] [net.mcreator.tloa.TloaMod/]: Rounded Stamina40
[26Jun2025 21:29:41.869] [Render thread/INFO] [net.mcreator.tloa.TloaMod/]: Can Stamina:true
[26Jun2025 21:29:41.869] [Render thread/INFO] [net.mcreator.tloa.TloaMod/]: Max Stamina40.0
[26Jun2025 21:29:41.875] [Server thread/INFO] [net.mcreator.tloa.TloaMod/]: Current Stamina:40.2
[26Jun2025 21:29:41.875] [Server thread/INFO] [net.mcreator.tloa.TloaMod/]: Rounded Stamina40
[26Jun2025 21:29:41.875] [Server thread/INFO] [net.mcreator.tloa.TloaMod/]: Can Stamina:true
[26Jun2025 21:29:41.875] [Server thread/INFO] [net.mcreator.tloa.TloaMod/]: Max Stamina40.0
[26Jun2025 21:29:41.920] [Render thread/INFO] [net.mcreator.tloa.TloaMod/]: Current Stamina:40.2
[26Jun2025 21:29:41.920] [Render thread/INFO] [net.mcreator.tloa.TloaMod/]: Rounded Stamina40
[26Jun2025 21:29:41.920] [Render thread/INFO] [net.mcreator.tloa.TloaMod/]: Can Stamina:true
[26Jun2025 21:29:41.920] [Render thread/INFO] [net.mcreator.tloa.TloaMod/]: Max Stamina40.0
[26Jun2025 21:29:41.925] [Server thread/INFO] [net.mcreator.tloa.TloaMod/]: Current Stamina:40.2
[26Jun2025 21:29:41.925] [Server thread/INFO] [net.mcreator.tloa.TloaMod/]: Rounded Stamina40
[26Jun2025 21:29:41.925] [Server thread/INFO] [net.mcreator.tloa.TloaMod/]: Can Stamina:true
[26Jun2025 21:29:41.925] [Server thread/INFO] [net.mcreator.tloa.TloaMod/]: Max Stamina40.0
[26Jun2025 21:29:41.969] [Render thread/INFO] [net.mcreator.tloa.TloaMod/]: Current Stamina:40.2
[26Jun2025 21:29:41.969] [Render thread/INFO] [net.mcreator.tloa.TloaMod/]: Rounded Stamina40
[26Jun2025 21:29:41.969] [Render thread/INFO] [net.mcreator.tloa.TloaMod/]: Can Stamina:true
[26Jun2025 21:29:41.970] [Render thread/INFO] [net.mcreator.tloa.TloaMod/]: Max Stamina40.0
[26Jun2025 21:29:41.975] [Server thread/INFO] [net.mcreator.tloa.TloaMod/]: Current Stamina:40.2
[26Jun2025 21:29:41.975] [Server thread/INFO] [net.mcreator.tloa.TloaMod/]: Rounded Stamina40
[26Jun2025 21:29:41.975] [Server thread/INFO] [net.mcreator.tloa.TloaMod/]: Can Stamina:true
[26Jun2025 21:29:41.975] [Server thread/INFO] [net.mcreator.tloa.TloaMod/]: Max Stamina40.0
[26Jun2025 21:29:42.018] [Render thread/INFO] [net.mcreator.tloa.TloaMod/]: Current Stamina:40.2
[26Jun2025 21:29:42.018] [Render thread/INFO] [net.mcreator.tloa.TloaMod/]: Rounded Stamina40
[26Jun2025 21:29:42.019] [Render thread/INFO] [net.mcreator.tloa.TloaMod/]: Can Stamina:true
[26Jun2025 21:29:42.019] [Render thread/INFO] [net.mcreator.tloa.TloaMod/]: Max Stamina40.0
[26Jun2025 21:29:42.026] [Server thread/INFO] [net.mcreator.tloa.TloaMod/]: Current Stamina:40.2
[26Jun2025 21:29:42.026] [Server thread/INFO] [net.mcreator.tloa.TloaMod/]: Rounded Stamina40
[26Jun2025 21:29:42.027] [Server thread/INFO] [net.mcreator.tloa.TloaMod/]: Can Stamina:true
[26Jun2025 21:29:42.027] [Server thread/INFO] [net.mcreator.tloa.TloaMod/]: Max Stamina40.0
[26Jun2025 21:29:42.068] [Render thread/INFO] [net.mcreator.tloa.TloaMod/]: Current Stamina:40.2
[26Jun2025 21:29:42.068] [Render thread/INFO] [net.mcreator.tloa.TloaMod/]: Rounded Stamina40
[26Jun2025 21:29:42.068] [Render thread/INFO] [net.mcreator.tloa.TloaMod/]: Can Stamina:true
[26Jun2025 21:29:42.068] [Render thread/INFO] [net.mcreator.tloa.TloaMod/]: Max Stamina40.0
[26Jun2025 21:29:42.073] [Server thread/INFO] [net.mcreator.tloa.TloaMod/]: Current Stamina:40.2
[26Jun2025 21:29:42.073] [Server thread/INFO] [net.mcreator.tloa.TloaMod/]: Rounded Stamina40
[26Jun2025 21:29:42.073] [Server thread/INFO] [net.mcreator.tloa.TloaMod/]: Can Stamina:true
[26Jun2025 21:29:42.073] [Server thread/INFO] [net.mcreator.tloa.TloaMod/]: Max Stamina40.0
[26Jun2025 21:29:42.118] [Render thread/INFO] [net.mcreator.tloa.TloaMod/]: Current Stamina:40.2
[26Jun2025 21:29:42.118] [Render thread/INFO] [net.mcreator.tloa.TloaMod/]: Rounded Stamina40
[26Jun2025 21:29:42.118] [Render thread/INFO] [net.mcreator.tloa.TloaMod/]: Can Stamina:true
[26Jun2025 21:29:42.118] [Render thread/INFO] [net.mcreator.tloa.TloaMod/]: Max Stamina40.0
[26Jun2025 21:29:42.125] [Server thread/INFO] [net.mcreator.tloa.TloaMod/]: Current Stamina:40.2
[26Jun2025 21:29:42.125] [Server thread/INFO] [net.mcreator.tloa.TloaMod/]: Rounded Stamina40
[26Jun2025 21:29:42.125] [Server thread/INFO] [net.mcreator.tloa.TloaMod/]: Can Stamina:true
[26Jun2025 21:29:42.125] [Server thread/INFO] [net.mcreator.tloa.TloaMod/]: Max Stamina40.0
[26Jun2025 21:29:42.169] [Render thread/INFO] [net.mcreator.tloa.TloaMod/]: Current Stamina:40.2
[26Jun2025 21:29:42.169] [Render thread/INFO] [net.mcreator.tloa.TloaMod/]: Rounded Stamina40
[26Jun2025 21:29:42.169] [Render thread/INFO] [net.mcreator.tloa.TloaMod/]: Can Stamina:true
[26Jun2025 21:29:42.169] [Render thread/INFO] [net.mcreator.tloa.TloaMod/]: Max Stamina40.0
[26Jun2025 21:29:42.175] [Server thread/INFO] [net.mcreator.tloa.TloaMod/]: Current Stamina:40.2
[26Jun2025 21:29:42.175] [Server thread/INFO] [net.mcreator.tloa.TloaMod/]: Rounded Stamina40
[26Jun2025 21:29:42.175] [Server thread/INFO] [net.mcreator.tloa.TloaMod/]: Can Stamina:true
[26Jun2025 21:29:42.175] [Server thread/INFO] [net.mcreator.tloa.TloaMod/]: Max Stamina40.0
[26Jun2025 21:29:42.218] [Render thread/INFO] [net.mcreator.tloa.TloaMod/]: Current Stamina:40.2
[26Jun2025 21:29:42.218] [Render thread/INFO] [net.mcreator.tloa.TloaMod/]: Rounded Stamina40
[26Jun2025 21:29:42.218] [Render thread/INFO] [net.mcreator.tloa.TloaMod/]: Can Stamina:true
[26Jun2025 21:29:42.218] [Render thread/INFO] [net.mcreator.tloa.TloaMod/]: Max Stamina40.0
[26Jun2025 21:29:42.226] [Server thread/INFO] [net.mcreator.tloa.TloaMod/]: Current Stamina:40.2
[26Jun2025 21:29:42.226] [Server thread/INFO] [net.mcreator.tloa.TloaMod/]: Rounded Stamina40
[26Jun2025 21:29:42.226] [Server thread/INFO] [net.mcreator.tloa.TloaMod/]: Can Stamina:true
[26Jun2025 21:29:42.226] [Server thread/INFO] [net.mcreator.tloa.TloaMod/]: Max Stamina40.0
[26Jun2025 21:29:42.268] [Render thread/INFO] [net.mcreator.tloa.TloaMod/]: Current Stamina:40.2
[26Jun2025 21:29:42.268] [Render thread/INFO] [net.mcreator.tloa.TloaMod/]: Rounded Stamina40
[26Jun2025 21:29:42.268] [Render thread/INFO] [net.mcreator.tloa.TloaMod/]: Can Stamina:true
[26Jun2025 21:29:42.268] [Render thread/INFO] [net.mcreator.tloa.TloaMod/]: Max Stamina40.0
[26Jun2025 21:29:42.275] [Server thread/INFO] [net.mcreator.tloa.TloaMod/]: Current Stamina:40.2
[26Jun2025 21:29:42.275] [Server thread/INFO] [net.mcreator.tloa.TloaMod/]: Rounded Stamina40
[26Jun2025 21:29:42.275] [Server thread/INFO] [net.mcreator.tloa.TloaMod/]: Can Stamina:true
[26Jun2025 21:29:42.275] [Server thread/INFO] [net.mcreator.tloa.TloaMod/]: Max Stamina40.0
[26Jun2025 21:29:42.319] [Render thread/INFO] [net.mcreator.tloa.TloaMod/]: Current Stamina:40.2
[26Jun2025 21:29:42.319] [Render thread/INFO] [net.mcreator.tloa.TloaMod/]: Rounded Stamina40
[26Jun2025 21:29:42.319] [Render thread/INFO] [net.mcreator.tloa.TloaMod/]: Can Stamina:true
[26Jun2025 21:29:42.319] [Render thread/INFO] [net.mcreator.tloa.TloaMod/]: Max Stamina40.0
[26Jun2025 21:29:42.325] [Server thread/INFO] [net.mcreator.tloa.TloaMod/]: Current Stamina:40.2
[26Jun2025 21:29:42.325] [Server thread/INFO] [net.mcreator.tloa.TloaMod/]: Rounded Stamina40
[26Jun2025 21:29:42.325] [Server thread/INFO] [net.mcreator.tloa.TloaMod/]: Can Stamina:true
[26Jun2025 21:29:42.325] [Server thread/INFO] [net.mcreator.tloa.TloaMod/]: Max Stamina40.0
[26Jun2025 21:29:42.369] [Render thread/INFO] [net.mcreator.tloa.TloaMod/]: Current Stamina:40.2
[26Jun2025 21:29:42.369] [Render thread/INFO] [net.mcreator.tloa.TloaMod/]: Rounded Stamina40
[26Jun2025 21:29:42.369] [Render thread/INFO] [net.mcreator.tloa.TloaMod/]: Can Stamina:true
[26Jun2025 21:29:42.369] [Render thread/INFO] [net.mcreator.tloa.TloaMod/]: Max Stamina40.0
[26Jun2025 21:29:42.374] [Server thread/INFO] [net.mcreator.tloa.TloaMod/]: Current Stamina:40.2
[26Jun2025 21:29:42.374] [Server thread/INFO] [net.mcreator.tloa.TloaMod/]: Rounded Stamina40
[26Jun2025 21:29:42.374] [Server thread/INFO] [net.mcreator.tloa.TloaMod/]: Can Stamina:true
[26Jun2025 21:29:42.374] [Server thread/INFO] [net.mcreator.tloa.TloaMod/]: Max Stamina40.0
[26Jun2025 21:29:42.418] [Render thread/INFO] [net.mcreator.tloa.TloaMod/]: Current Stamina:40.2
[26Jun2025 21:29:42.418] [Render thread/INFO] [net.mcreator.tloa.TloaMod/]: Rounded Stamina40
[26Jun2025 21:29:42.419] [Render thread/INFO] [net.mcreator.tloa.TloaMod/]: Can Stamina:true
[26Jun2025 21:29:42.419] [Render thread/INFO] [net.mcreator.tloa.TloaMod/]: Max Stamina40.0
[26Jun2025 21:29:42.424] [Server thread/INFO] [net.mcreator.tloa.TloaMod/]: Current Stamina:40.2
[26Jun2025 21:29:42.424] [Server thread/INFO] [net.mcreator.tloa.TloaMod/]: Rounded Stamina40
[26Jun2025 21:29:42.424] [Server thread/INFO] [net.mcreator.tloa.TloaMod/]: Can Stamina:true
[26Jun2025 21:29:42.424] [Server thread/INFO] [net.mcreator.tloa.TloaMod/]: Max Stamina40.0
[26Jun2025 21:29:42.468] [Render thread/INFO] [net.mcreator.tloa.TloaMod/]: Current Stamina:40.2
[26Jun2025 21:29:42.468] [Render thread/INFO] [net.mcreator.tloa.TloaMod/]: Rounded Stamina40
[26Jun2025 21:29:42.468] [Render thread/INFO] [net.mcreator.tloa.TloaMod/]: Can Stamina:true
[26Jun2025 21:29:42.469] [Render thread/INFO] [net.mcreator.tloa.TloaMod/]: Max Stamina40.0
[26Jun2025 21:29:42.473] [Server thread/INFO] [net.mcreator.tloa.TloaMod/]: Current Stamina:40.2
[26Jun2025 21:29:42.473] [Server thread/INFO] [net.mcreator.tloa.TloaMod/]: Rounded Stamina40
[26Jun2025 21:29:42.473] [Server thread/INFO] [net.mcreator.tloa.TloaMod/]: Can Stamina:true
[26Jun2025 21:29:42.473] [Server thread/INFO] [net.mcreator.tloa.TloaMod/]: Max Stamina40.0
[26Jun2025 21:29:42.518] [Render thread/INFO] [net.mcreator.tloa.TloaMod/]: Current Stamina:40.2
[26Jun2025 21:29:42.519] [Render thread/INFO] [net.mcreator.tloa.TloaMod/]: Rounded Stamina40
[26Jun2025 21:29:42.519] [Render thread/INFO] [net.mcreator.tloa.TloaMod/]: Can Stamina:true
[26Jun2025 21:29:42.519] [Render thread/INFO] [net.mcreator.tloa.TloaMod/]: Max Stamina40.0
[26Jun2025 21:29:42.526] [Server thread/INFO] [net.mcreator.tloa.TloaMod/]: Current Stamina:40.2
[26Jun2025 21:29:42.526] [Server thread/INFO] [net.mcreator.tloa.TloaMod/]: Rounded Stamina40
[26Jun2025 21:29:42.526] [Server thread/INFO] [net.mcreator.tloa.TloaMod/]: Can Stamina:true
[26Jun2025 21:29:42.526] [Server thread/INFO] [net.mcreator.tloa.TloaMod/]: Max Stamina40.0
[26Jun2025 21:29:42.569] [Render thread/INFO] [net.mcreator.tloa.TloaMod/]: Current Stamina:40.2
[26Jun2025 21:29:42.569] [Render thread/INFO] [net.mcreator.tloa.TloaMod/]: Rounded Stamina40
[26Jun2025 21:29:42.569] [Render thread/INFO] [net.mcreator.tloa.TloaMod/]: Can Stamina:true
[26Jun2025 21:29:42.569] [Render thread/INFO] [net.mcreator.tloa.TloaMod/]: Max Stamina40.0
[26Jun2025 21:29:42.573] [Server thread/INFO] [net.mcreator.tloa.TloaMod/]: Current Stamina:40.2
[26Jun2025 21:29:42.573] [Server thread/INFO] [net.mcreator.tloa.TloaMod/]: Rounded Stamina40
[26Jun2025 21:29:42.573] [Server thread/INFO] [net.mcreator.tloa.TloaMod/]: Can Stamina:true
[26Jun2025 21:29:42.573] [Server thread/INFO] [net.mcreator.tloa.TloaMod/]: Max Stamina40.0
[26Jun2025 21:29:42.618] [Render thread/INFO] [net.mcreator.tloa.TloaMod/]: Current Stamina:40.2
[26Jun2025 21:29:42.618] [Render thread/INFO] [net.mcreator.tloa.TloaMod/]: Rounded Stamina40
[26Jun2025 21:29:42.618] [Render thread/INFO] [net.mcreator.tloa.TloaMod/]: Can Stamina:true
[26Jun2025 21:29:42.618] [Render thread/INFO] [net.mcreator.tloa.TloaMod/]: Max Stamina40.0
[26Jun2025 21:29:42.625] [Server thread/INFO] [net.mcreator.tloa.TloaMod/]: Current Stamina:40.2
[26Jun2025 21:29:42.625] [Server thread/INFO] [net.mcreator.tloa.TloaMod/]: Rounded Stamina40
[26Jun2025 21:29:42.625] [Server thread/INFO] [net.mcreator.tloa.TloaMod/]: Can Stamina:true
[26Jun2025 21:29:42.625] [Server thread/INFO] [net.mcreator.tloa.TloaMod/]: Max Stamina40.0
[26Jun2025 21:29:42.668] [Render thread/INFO] [net.mcreator.tloa.TloaMod/]: Current Stamina:40.2
[26Jun2025 21:29:42.668] [Render thread/INFO] [net.mcreator.tloa.TloaMod/]: Rounded Stamina40
[26Jun2025 21:29:42.668] [Render thread/INFO] [net.mcreator.tloa.TloaMod/]: Can Stamina:true
[26Jun2025 21:29:42.668] [Render thread/INFO] [net.mcreator.tloa.TloaMod/]: Max Stamina40.0
[26Jun2025 21:29:42.673] [Server thread/INFO] [net.mcreator.tloa.TloaMod/]: Current Stamina:40.2
[26Jun2025 21:29:42.673] [Server thread/INFO] [net.mcreator.tloa.TloaMod/]: Rounded Stamina40
[26Jun2025 21:29:42.675] [Server thread/INFO] [net.mcreator.tloa.TloaMod/]: Can Stamina:true
[26Jun2025 21:29:42.675] [Server thread/INFO] [net.mcreator.tloa.TloaMod/]: Max Stamina40.0
[26Jun2025 21:29:42.718] [Render thread/INFO] [net.mcreator.tloa.TloaMod/]: Current Stamina:40.2
[26Jun2025 21:29:42.718] [Render thread/INFO] [net.mcreator.tloa.TloaMod/]: Rounded Stamina40
[26Jun2025 21:29:42.718] [Render thread/INFO] [net.mcreator.tloa.TloaMod/]: Can Stamina:true
[26Jun2025 21:29:42.719] [Render thread/INFO] [net.mcreator.tloa.TloaMod/]: Max Stamina40.0
[26Jun2025 21:29:42.723] [Server thread/INFO] [net.mcreator.tloa.TloaMod/]: Current Stamina:40.2
[26Jun2025 21:29:42.723] [Server thread/INFO] [net.mcreator.tloa.TloaMod/]: Rounded Stamina40
[26Jun2025 21:29:42.723] [Server thread/INFO] [net.mcreator.tloa.TloaMod/]: Can Stamina:true
[26Jun2025 21:29:42.723] [Server thread/INFO] [net.mcreator.tloa.TloaMod/]: Max Stamina40.0
[26Jun2025 21:29:42.769] [Render thread/INFO] [net.mcreator.tloa.TloaMod/]: Current Stamina:40.2
[26Jun2025 21:29:42.769] [Render thread/INFO] [net.mcreator.tloa.TloaMod/]: Rounded Stamina40
[26Jun2025 21:29:42.769] [Render thread/INFO] [net.mcreator.tloa.TloaMod/]: Can Stamina:true
[26Jun2025 21:29:42.769] [Render thread/INFO] [net.mcreator.tloa.TloaMod/]: Max Stamina40.0
[26Jun2025 21:29:42.773] [Server thread/INFO] [net.mcreator.tloa.TloaMod/]: Current Stamina:40.2
[26Jun2025 21:29:42.773] [Server thread/INFO] [net.mcreator.tloa.TloaMod/]: Rounded Stamina40
[26Jun2025 21:29:42.773] [Server thread/INFO] [net.mcreator.tloa.TloaMod/]: Can Stamina:true
[26Jun2025 21:29:42.773] [Server thread/INFO] [net.mcreator.tloa.TloaMod/]: Max Stamina40.0
[26Jun2025 21:29:42.820] [Render thread/INFO] [net.mcreator.tloa.TloaMod/]: Current Stamina:40.2
[26Jun2025 21:29:42.820] [Render thread/INFO] [net.mcreator.tloa.TloaMod/]: Rounded Stamina40
[26Jun2025 21:29:42.820] [Render thread/INFO] [net.mcreator.tloa.TloaMod/]: Can Stamina:true
[26Jun2025 21:29:42.820] [Render thread/INFO] [net.mcreator.tloa.TloaMod/]: Max Stamina40.0
[26Jun2025 21:29:42.828] [Server thread/INFO] [net.mcreator.tloa.TloaMod/]: Current Stamina:40.2
[26Jun2025 21:29:42.828] [Server thread/INFO] [net.mcreator.tloa.TloaMod/]: Rounded Stamina40
[26Jun2025 21:29:42.829] [Server thread/INFO] [net.mcreator.tloa.TloaMod/]: Can Stamina:true
[26Jun2025 21:29:42.829] [Server thread/INFO] [net.mcreator.tloa.TloaMod/]: Max Stamina40.0
[26Jun2025 21:29:42.868] [Render thread/INFO] [net.mcreator.tloa.TloaMod/]: Current Stamina:40.2
[26Jun2025 21:29:42.869] [Render thread/INFO] [net.mcreator.tloa.TloaMod/]: Rounded Stamina40
[26Jun2025 21:29:42.869] [Render thread/INFO] [net.mcreator.tloa.TloaMod/]: Can Stamina:true
[26Jun2025 21:29:42.869] [Render thread/INFO] [net.mcreator.tloa.TloaMod/]: Max Stamina40.0
[26Jun2025 21:29:42.873] [Server thread/INFO] [net.mcreator.tloa.TloaMod/]: Current Stamina:40.2
[26Jun2025 21:29:42.873] [Server thread/INFO] [net.mcreator.tloa.TloaMod/]: Rounded Stamina40
[26Jun2025 21:29:42.873] [Server thread/INFO] [net.mcreator.tloa.TloaMod/]: Can Stamina:true
[26Jun2025 21:29:42.873] [Server thread/INFO] [net.mcreator.tloa.TloaMod/]: Max Stamina40.0
[26Jun2025 21:29:42.918] [Render thread/INFO] [net.mcreator.tloa.TloaMod/]: Current Stamina:40.2
[26Jun2025 21:29:42.918] [Render thread/INFO] [net.mcreator.tloa.TloaMod/]: Rounded Stamina40
[26Jun2025 21:29:42.918] [Render thread/INFO] [net.mcreator.tloa.TloaMod/]: Can Stamina:true
[26Jun2025 21:29:42.918] [Render thread/INFO] [net.mcreator.tloa.TloaMod/]: Max Stamina40.0
[26Jun2025 21:29:42.925] [Server thread/INFO] [net.mcreator.tloa.TloaMod/]: Current Stamina:40.2
[26Jun2025 21:29:42.925] [Server thread/INFO] [net.mcreator.tloa.TloaMod/]: Rounded Stamina40
[26Jun2025 21:29:42.925] [Server thread/INFO] [net.mcreator.tloa.TloaMod/]: Can Stamina:true
[26Jun2025 21:29:42.925] [Server thread/INFO] [net.mcreator.tloa.TloaMod/]: Max Stamina40.0
[26Jun2025 21:29:42.968] [Render thread/INFO] [net.mcreator.tloa.TloaMod/]: Current Stamina:40.2
[26Jun2025 21:29:42.968] [Render thread/INFO] [net.mcreator.tloa.TloaMod/]: Rounded Stamina40
[26Jun2025 21:29:42.968] [Render thread/INFO] [net.mcreator.tloa.TloaMod/]: Can Stamina:true
[26Jun2025 21:29:42.968] [Render thread/INFO] [net.mcreator.tloa.TloaMod/]: Max Stamina40.0
[26Jun2025 21:29:42.977] [Server thread/INFO] [net.mcreator.tloa.TloaMod/]: Current Stamina:40.2
[26Jun2025 21:29:42.978] [Server thread/INFO] [net.mcreator.tloa.TloaMod/]: Rounded Stamina40
[26Jun2025 21:29:42.978] [Server thread/INFO] [net.mcreator.tloa.TloaMod/]: Can Stamina:true
[26Jun2025 21:29:42.978] [Server thread/INFO] [net.mcreator.tloa.TloaMod/]: Max Stamina40.0
[26Jun2025 21:29:43.018] [Render thread/INFO] [net.mcreator.tloa.TloaMod/]: Current Stamina:40.2
[26Jun2025 21:29:43.018] [Render thread/INFO] [net.mcreator.tloa.TloaMod/]: Rounded Stamina40
[26Jun2025 21:29:43.018] [Render thread/INFO] [net.mcreator.tloa.TloaMod/]: Can Stamina:true
[26Jun2025 21:29:43.018] [Render thread/INFO] [net.mcreator.tloa.TloaMod/]: Max Stamina40.0
[26Jun2025 21:29:43.023] [Server thread/INFO] [net.mcreator.tloa.TloaMod/]: Current Stamina:40.2
[26Jun2025 21:29:43.023] [Server thread/INFO] [net.mcreator.tloa.TloaMod/]: Rounded Stamina40
[26Jun2025 21:29:43.023] [Server thread/INFO] [net.mcreator.tloa.TloaMod/]: Can Stamina:true
[26Jun2025 21:29:43.023] [Server thread/INFO] [net.mcreator.tloa.TloaMod/]: Max Stamina40.0
[26Jun2025 21:29:43.068] [Render thread/INFO] [net.mcreator.tloa.TloaMod/]: Current Stamina:40.2
[26Jun2025 21:29:43.068] [Render thread/INFO] [net.mcreator.tloa.TloaMod/]: Rounded Stamina40
[26Jun2025 21:29:43.068] [Render thread/INFO] [net.mcreator.tloa.TloaMod/]: Can Stamina:true
[26Jun2025 21:29:43.068] [Render thread/INFO] [net.mcreator.tloa.TloaMod/]: Max Stamina40.0
[26Jun2025 21:29:43.075] [Server thread/INFO] [net.mcreator.tloa.TloaMod/]: Current Stamina:40.2
[26Jun2025 21:29:43.075] [Server thread/INFO] [net.mcreator.tloa.TloaMod/]: Rounded Stamina40
[26Jun2025 21:29:43.075] [Server thread/INFO] [net.mcreator.tloa.TloaMod/]: Can Stamina:true
[26Jun2025 21:29:43.075] [Server thread/INFO] [net.mcreator.tloa.TloaMod/]: Max Stamina40.0
[26Jun2025 21:29:43.120] [Render thread/INFO] [net.mcreator.tloa.TloaMod/]: Current Stamina:40.2
[26Jun2025 21:29:43.120] [Render thread/INFO] [net.mcreator.tloa.TloaMod/]: Rounded Stamina40
[26Jun2025 21:29:43.120] [Render thread/INFO] [net.mcreator.tloa.TloaMod/]: Can Stamina:true
[26Jun2025 21:29:43.120] [Render thread/INFO] [net.mcreator.tloa.TloaMod/]: Max Stamina40.0
[26Jun2025 21:29:43.124] [Server thread/INFO] [net.mcreator.tloa.TloaMod/]: Current Stamina:40.2
[26Jun2025 21:29:43.124] [Server thread/INFO] [net.mcreator.tloa.TloaMod/]: Rounded Stamina40
[26Jun2025 21:29:43.124] [Server thread/INFO] [net.mcreator.tloa.TloaMod/]: Can Stamina:true
[26Jun2025 21:29:43.124] [Server thread/INFO] [net.mcreator.tloa.TloaMod/]: Max Stamina40.0
[26Jun2025 21:29:43.170] [Render thread/INFO] [net.mcreator.tloa.TloaMod/]: Current Stamina:40.2
[26Jun2025 21:29:43.170] [Render thread/INFO] [net.mcreator.tloa.TloaMod/]: Rounded Stamina40
[26Jun2025 21:29:43.170] [Render thread/INFO] [net.mcreator.tloa.TloaMod/]: Can Stamina:true
[26Jun2025 21:29:43.170] [Render thread/INFO] [net.mcreator.tloa.TloaMod/]: Max Stamina40.0
[26Jun2025 21:29:43.173] [Server thread/INFO] [net.mcreator.tloa.TloaMod/]: Current Stamina:40.2
[26Jun2025 21:29:43.173] [Server thread/INFO] [net.mcreator.tloa.TloaMod/]: Rounded Stamina40
[26Jun2025 21:29:43.173] [Server thread/INFO] [net.mcreator.tloa.TloaMod/]: Can Stamina:true
[26Jun2025 21:29:43.173] [Server thread/INFO] [net.mcreator.tloa.TloaMod/]: Max Stamina40.0
[26Jun2025 21:29:43.219] [Render thread/INFO] [net.mcreator.tloa.TloaMod/]: Current Stamina:40.2
[26Jun2025 21:29:43.219] [Render thread/INFO] [net.mcreator.tloa.TloaMod/]: Rounded Stamina40
[26Jun2025 21:29:43.219] [Render thread/INFO] [net.mcreator.tloa.TloaMod/]: Can Stamina:true
[26Jun2025 21:29:43.219] [Render thread/INFO] [net.mcreator.tloa.TloaMod/]: Max Stamina40.0
[26Jun2025 21:29:43.225] [Server thread/INFO] [net.mcreator.tloa.TloaMod/]: Current Stamina:40.2
[26Jun2025 21:29:43.225] [Server thread/INFO] [net.mcreator.tloa.TloaMod/]: Rounded Stamina40
[26Jun2025 21:29:43.225] [Server thread/INFO] [net.mcreator.tloa.TloaMod/]: Can Stamina:true
[26Jun2025 21:29:43.225] [Server thread/INFO] [net.mcreator.tloa.TloaMod/]: Max Stamina40.0
[26Jun2025 21:29:43.268] [Render thread/INFO] [net.mcreator.tloa.TloaMod/]: Current Stamina:40.2
[26Jun2025 21:29:43.268] [Render thread/INFO] [net.mcreator.tloa.TloaMod/]: Rounded Stamina40
[26Jun2025 21:29:43.268] [Render thread/INFO] [net.mcreator.tloa.TloaMod/]: Can Stamina:true
[26Jun2025 21:29:43.268] [Render thread/INFO] [net.mcreator.tloa.TloaMod/]: Max Stamina40.0
[26Jun2025 21:29:43.276] [Server thread/INFO] [net.mcreator.tloa.TloaMod/]: Current Stamina:40.2
[26Jun2025 21:29:43.276] [Server thread/INFO] [net.mcreator.tloa.TloaMod/]: Rounded Stamina40
[26Jun2025 21:29:43.276] [Server thread/INFO] [net.mcreator.tloa.TloaMod/]: Can Stamina:true
[26Jun2025 21:29:43.277] [Server thread/INFO] [net.mcreator.tloa.TloaMod/]: Max Stamina40.0
[26Jun2025 21:29:43.319] [Render thread/INFO] [net.mcreator.tloa.TloaMod/]: Current Stamina:40.2
[26Jun2025 21:29:43.319] [Render thread/INFO] [net.mcreator.tloa.TloaMod/]: Rounded Stamina40
[26Jun2025 21:29:43.319] [Render thread/INFO] [net.mcreator.tloa.TloaMod/]: Can Stamina:true
[26Jun2025 21:29:43.319] [Render thread/INFO] [net.mcreator.tloa.TloaMod/]: Max Stamina40.0
[26Jun2025 21:29:43.323] [Server thread/INFO] [net.mcreator.tloa.TloaMod/]: Current Stamina:40.2
[26Jun2025 21:29:43.323] [Server thread/INFO] [net.mcreator.tloa.TloaMod/]: Rounded Stamina40
[26Jun2025 21:29:43.323] [Server thread/INFO] [net.mcreator.tloa.TloaMod/]: Can Stamina:true
[26Jun2025 21:29:43.324] [Server thread/INFO] [net.mcreator.tloa.TloaMod/]: Max Stamina40.0
[26Jun2025 21:29:43.369] [Render thread/INFO] [net.mcreator.tloa.TloaMod/]: Current Stamina:40.2
[26Jun2025 21:29:43.369] [Render thread/INFO] [net.mcreator.tloa.TloaMod/]: Rounded Stamina40
[26Jun2025 21:29:43.369] [Render thread/INFO] [net.mcreator.tloa.TloaMod/]: Can Stamina:true
[26Jun2025 21:29:43.369] [Render thread/INFO] [net.mcreator.tloa.TloaMod/]: Max Stamina40.0
[26Jun2025 21:29:43.374] [Server thread/INFO] [net.mcreator.tloa.TloaMod/]: Current Stamina:40.2
[26Jun2025 21:29:43.374] [Server thread/INFO] [net.mcreator.tloa.TloaMod/]: Rounded Stamina40
[26Jun2025 21:29:43.374] [Server thread/INFO] [net.mcreator.tloa.TloaMod/]: Can Stamina:true
[26Jun2025 21:29:43.374] [Server thread/INFO] [net.mcreator.tloa.TloaMod/]: Max Stamina40.0
[26Jun2025 21:29:43.418] [Render thread/INFO] [net.mcreator.tloa.TloaMod/]: Current Stamina:40.2
[26Jun2025 21:29:43.419] [Render thread/INFO] [net.mcreator.tloa.TloaMod/]: Rounded Stamina40
[26Jun2025 21:29:43.419] [Render thread/INFO] [net.mcreator.tloa.TloaMod/]: Can Stamina:true
[26Jun2025 21:29:43.419] [Render thread/INFO] [net.mcreator.tloa.TloaMod/]: Max Stamina40.0
[26Jun2025 21:29:43.424] [Server thread/INFO] [net.mcreator.tloa.TloaMod/]: Current Stamina:40.2
[26Jun2025 21:29:43.425] [Server thread/INFO] [net.mcreator.tloa.TloaMod/]: Rounded Stamina40
[26Jun2025 21:29:43.425] [Server thread/INFO] [net.mcreator.tloa.TloaMod/]: Can Stamina:true
[26Jun2025 21:29:43.425] [Server thread/INFO] [net.mcreator.tloa.TloaMod/]: Max Stamina40.0
[26Jun2025 21:29:43.469] [Render thread/INFO] [net.mcreator.tloa.TloaMod/]: Current Stamina:40.2
[26Jun2025 21:29:43.469] [Render thread/INFO] [net.mcreator.tloa.TloaMod/]: Rounded Stamina40
[26Jun2025 21:29:43.469] [Render thread/INFO] [net.mcreator.tloa.TloaMod/]: Can Stamina:true
[26Jun2025 21:29:43.469] [Render thread/INFO] [net.mcreator.tloa.TloaMod/]: Max Stamina40.0
[26Jun2025 21:29:43.473] [Server thread/INFO] [net.mcreator.tloa.TloaMod/]: Current Stamina:40.2
[26Jun2025 21:29:43.474] [Server thread/INFO] [net.mcreator.tloa.TloaMod/]: Rounded Stamina40
[26Jun2025 21:29:43.474] [Server thread/INFO] [net.mcreator.tloa.TloaMod/]: Can Stamina:true
[26Jun2025 21:29:43.474] [Server thread/INFO] [net.mcreator.tloa.TloaMod/]: Max Stamina40.0
[26Jun2025 21:29:43.519] [Render thread/INFO] [net.mcreator.tloa.TloaMod/]: Current Stamina:40.2
[26Jun2025 21:29:43.519] [Render thread/INFO] [net.mcreator.tloa.TloaMod/]: Rounded Stamina40
[26Jun2025 21:29:43.519] [Render thread/INFO] [net.mcreator.tloa.TloaMod/]: Can Stamina:true
[26Jun2025 21:29:43.519] [Render thread/INFO] [net.mcreator.tloa.TloaMod/]: Max Stamina40.0
[26Jun2025 21:29:43.523] [Server thread/INFO] [net.mcreator.tloa.TloaMod/]: Current Stamina:40.2
[26Jun2025 21:29:43.525] [Server thread/INFO] [net.mcreator.tloa.TloaMod/]: Rounded Stamina40
[26Jun2025 21:29:43.525] [Server thread/INFO] [net.mcreator.tloa.TloaMod/]: Can Stamina:true
[26Jun2025 21:29:43.525] [Server thread/INFO] [net.mcreator.tloa.TloaMod/]: Max Stamina40.0
[26Jun2025 21:29:43.569] [Render thread/INFO] [net.mcreator.tloa.TloaMod/]: Current Stamina:40.2
[26Jun2025 21:29:43.570] [Render thread/INFO] [net.mcreator.tloa.TloaMod/]: Rounded Stamina40
[26Jun2025 21:29:43.570] [Render thread/INFO] [net.mcreator.tloa.TloaMod/]: Can Stamina:true
[26Jun2025 21:29:43.570] [Render thread/INFO] [net.mcreator.tloa.TloaMod/]: Max Stamina40.0
[26Jun2025 21:29:43.572] [Server thread/INFO] [net.mcreator.tloa.TloaMod/]: Current Stamina:40.2
[26Jun2025 21:29:43.573] [Server thread/INFO] [net.mcreator.tloa.TloaMod/]: Rounded Stamina40
[26Jun2025 21:29:43.573] [Server thread/INFO] [net.mcreator.tloa.TloaMod/]: Can Stamina:true
[26Jun2025 21:29:43.573] [Server thread/INFO] [net.mcreator.tloa.TloaMod/]: Max Stamina40.0
[26Jun2025 21:29:43.619] [Render thread/INFO] [net.mcreator.tloa.TloaMod/]: Current Stamina:40.2
[26Jun2025 21:29:43.619] [Render thread/INFO] [net.mcreator.tloa.TloaMod/]: Rounded Stamina40
[26Jun2025 21:29:43.619] [Render thread/INFO] [net.mcreator.tloa.TloaMod/]: Can Stamina:true
[26Jun2025 21:29:43.619] [Render thread/INFO] [net.mcreator.tloa.TloaMod/]: Max Stamina40.0
[26Jun2025 21:29:43.625] [Server thread/INFO] [net.mcreator.tloa.TloaMod/]: Current Stamina:40.2
[26Jun2025 21:29:43.625] [Server thread/INFO] [net.mcreator.tloa.TloaMod/]: Rounded Stamina40
[26Jun2025 21:29:43.625] [Server thread/INFO] [net.mcreator.tloa.TloaMod/]: Can Stamina:true
[26Jun2025 21:29:43.625] [Server thread/INFO] [net.mcreator.tloa.TloaMod/]: Max Stamina40.0
[26Jun2025 21:29:43.668] [Render thread/INFO] [net.mcreator.tloa.TloaMod/]: Current Stamina:40.2
[26Jun2025 21:29:43.668] [Render thread/INFO] [net.mcreator.tloa.TloaMod/]: Rounded Stamina40
[26Jun2025 21:29:43.668] [Render thread/INFO] [net.mcreator.tloa.TloaMod/]: Can Stamina:true
[26Jun2025 21:29:43.668] [Render thread/INFO] [net.mcreator.tloa.TloaMod/]: Max Stamina40.0
[26Jun2025 21:29:43.675] [Server thread/INFO] [net.mcreator.tloa.TloaMod/]: Current Stamina:40.2
[26Jun2025 21:29:43.675] [Server thread/INFO] [net.mcreator.tloa.TloaMod/]: Rounded Stamina40
[26Jun2025 21:29:43.675] [Server thread/INFO] [net.mcreator.tloa.TloaMod/]: Can Stamina:true
[26Jun2025 21:29:43.675] [Server thread/INFO] [net.mcreator.tloa.TloaMod/]: Max Stamina40.0
[26Jun2025 21:29:43.718] [Render thread/INFO] [net.mcreator.tloa.TloaMod/]: Current Stamina:40.2
[26Jun2025 21:29:43.718] [Render thread/INFO] [net.mcreator.tloa.TloaMod/]: Rounded Stamina40
[26Jun2025 21:29:43.718] [Render thread/INFO] [net.mcreator.tloa.TloaMod/]: Can Stamina:true
[26Jun2025 21:29:43.718] [Render thread/INFO] [net.mcreator.tloa.TloaMod/]: Max Stamina40.0
[26Jun2025 21:29:43.725] [Server thread/INFO] [net.mcreator.tloa.TloaMod/]: Current Stamina:40.2
[26Jun2025 21:29:43.725] [Server thread/INFO] [net.mcreator.tloa.TloaMod/]: Rounded Stamina40
[26Jun2025 21:29:43.726] [Server thread/INFO] [net.mcreator.tloa.TloaMod/]: Can Stamina:true
[26Jun2025 21:29:43.726] [Server thread/INFO] [net.mcreator.tloa.TloaMod/]: Max Stamina40.0
[26Jun2025 21:29:43.768] [Render thread/INFO] [net.mcreator.tloa.TloaMod/]: Current Stamina:40.2
[26Jun2025 21:29:43.768] [Render thread/INFO] [net.mcreator.tloa.TloaMod/]: Rounded Stamina40
[26Jun2025 21:29:43.768] [Render thread/INFO] [net.mcreator.tloa.TloaMod/]: Can Stamina:true
[26Jun2025 21:29:43.768] [Render thread/INFO] [net.mcreator.tloa.TloaMod/]: Max Stamina40.0
[26Jun2025 21:29:43.775] [Server thread/INFO] [net.mcreator.tloa.TloaMod/]: Current Stamina:40.2
[26Jun2025 21:29:43.776] [Server thread/INFO] [net.mcreator.tloa.TloaMod/]: Rounded Stamina40
[26Jun2025 21:29:43.776] [Server thread/INFO] [net.mcreator.tloa.TloaMod/]: Can Stamina:true
[26Jun2025 21:29:43.776] [Server thread/INFO] [net.mcreator.tloa.TloaMod/]: Max Stamina40.0
[26Jun2025 21:29:43.819] [Render thread/INFO] [net.mcreator.tloa.TloaMod/]: Current Stamina:40.2
[26Jun2025 21:29:43.820] [Render thread/INFO] [net.mcreator.tloa.TloaMod/]: Rounded Stamina40
[26Jun2025 21:29:43.820] [Render thread/INFO] [net.mcreator.tloa.TloaMod/]: Can Stamina:true
[26Jun2025 21:29:43.820] [Render thread/INFO] [net.mcreator.tloa.TloaMod/]: Max Stamina40.0
[26Jun2025 21:29:43.823] [Server thread/INFO] [net.mcreator.tloa.TloaMod/]: Current Stamina:40.2
[26Jun2025 21:29:43.823] [Server thread/INFO] [net.mcreator.tloa.TloaMod/]: Rounded Stamina40
[26Jun2025 21:29:43.823] [Server thread/INFO] [net.mcreator.tloa.TloaMod/]: Can Stamina:true
[26Jun2025 21:29:43.823] [Server thread/INFO] [net.mcreator.tloa.TloaMod/]: Max Stamina40.0
[26Jun2025 21:29:43.868] [Render thread/INFO] [net.mcreator.tloa.TloaMod/]: Current Stamina:40.2
[26Jun2025 21:29:43.869] [Render thread/INFO] [net.mcreator.tloa.TloaMod/]: Rounded Stamina40
[26Jun2025 21:29:43.869] [Render thread/INFO] [net.mcreator.tloa.TloaMod/]: Can Stamina:true
[26Jun2025 21:29:43.869] [Render thread/INFO] [net.mcreator.tloa.TloaMod/]: Max Stamina40.0
[26Jun2025 21:29:43.874] [Server thread/INFO] [net.mcreator.tloa.TloaMod/]: Current Stamina:40.2
[26Jun2025 21:29:43.875] [Server thread/INFO] [net.mcreator.tloa.TloaMod/]: Rounded Stamina40
[26Jun2025 21:29:43.875] [Server thread/INFO] [net.mcreator.tloa.TloaMod/]: Can Stamina:true
[26Jun2025 21:29:43.875] [Server thread/INFO] [net.mcreator.tloa.TloaMod/]: Max Stamina40.0
[26Jun2025 21:29:43.918] [Render thread/INFO] [net.mcreator.tloa.TloaMod/]: Current Stamina:40.2
[26Jun2025 21:29:43.918] [Render thread/INFO] [net.mcreator.tloa.TloaMod/]: Rounded Stamina40
[26Jun2025 21:29:43.918] [Render thread/INFO] [net.mcreator.tloa.TloaMod/]: Can Stamina:true
[26Jun2025 21:29:43.918] [Render thread/INFO] [net.mcreator.tloa.TloaMod/]: Max Stamina40.0
[26Jun2025 21:29:43.925] [Server thread/INFO] [net.mcreator.tloa.TloaMod/]: Current Stamina:40.2
[26Jun2025 21:29:43.926] [Server thread/INFO] [net.mcreator.tloa.TloaMod/]: Rounded Stamina40
[26Jun2025 21:29:43.926] [Server thread/INFO] [net.mcreator.tloa.TloaMod/]: Can Stamina:true
[26Jun2025 21:29:43.926] [Server thread/INFO] [net.mcreator.tloa.TloaMod/]: Max Stamina40.0
[26Jun2025 21:29:43.968] [Render thread/INFO] [net.mcreator.tloa.TloaMod/]: Current Stamina:40.2
[26Jun2025 21:29:43.969] [Render thread/INFO] [net.mcreator.tloa.TloaMod/]: Rounded Stamina40
[26Jun2025 21:29:43.969] [Render thread/INFO] [net.mcreator.tloa.TloaMod/]: Can Stamina:true
[26Jun2025 21:29:43.969] [Render thread/INFO] [net.mcreator.tloa.TloaMod/]: Max Stamina40.0
[26Jun2025 21:29:43.973] [Server thread/INFO] [net.mcreator.tloa.TloaMod/]: Current Stamina:40.2
[26Jun2025 21:29:43.973] [Server thread/INFO] [net.mcreator.tloa.TloaMod/]: Rounded Stamina40
[26Jun2025 21:29:43.973] [Server thread/INFO] [net.mcreator.tloa.TloaMod/]: Can Stamina:true
[26Jun2025 21:29:43.973] [Server thread/INFO] [net.mcreator.tloa.TloaMod/]: Max Stamina40.0
[26Jun2025 21:29:44.018] [Render thread/INFO] [net.mcreator.tloa.TloaMod/]: Current Stamina:40.2
[26Jun2025 21:29:44.019] [Render thread/INFO] [net.mcreator.tloa.TloaMod/]: Rounded Stamina40
[26Jun2025 21:29:44.019] [Render thread/INFO] [net.mcreator.tloa.TloaMod/]: Can Stamina:true
[26Jun2025 21:29:44.019] [Render thread/INFO] [net.mcreator.tloa.TloaMod/]: Max Stamina40.0
[26Jun2025 21:29:44.023] [Server thread/INFO] [net.mcreator.tloa.TloaMod/]: Current Stamina:40.2
[26Jun2025 21:29:44.023] [Server thread/INFO] [net.mcreator.tloa.TloaMod/]: Rounded Stamina40
[26Jun2025 21:29:44.023] [Server thread/INFO] [net.mcreator.tloa.TloaMod/]: Can Stamina:true
[26Jun2025 21:29:44.023] [Server thread/INFO] [net.mcreator.tloa.TloaMod/]: Max Stamina40.0
[26Jun2025 21:29:44.067] [Render thread/INFO] [net.mcreator.tloa.TloaMod/]: Current Stamina:40.2
[26Jun2025 21:29:44.068] [Render thread/INFO] [net.mcreator.tloa.TloaMod/]: Rounded Stamina40
[26Jun2025 21:29:44.068] [Render thread/INFO] [net.mcreator.tloa.TloaMod/]: Can Stamina:true
[26Jun2025 21:29:44.068] [Render thread/INFO] [net.mcreator.tloa.TloaMod/]: Max Stamina40.0
[26Jun2025 21:29:44.077] [Server thread/INFO] [net.mcreator.tloa.TloaMod/]: Current Stamina:40.2
[26Jun2025 21:29:44.077] [Server thread/INFO] [net.mcreator.tloa.TloaMod/]: Rounded Stamina40
[26Jun2025 21:29:44.077] [Server thread/INFO] [net.mcreator.tloa.TloaMod/]: Can Stamina:true
[26Jun2025 21:29:44.077] [Server thread/INFO] [net.mcreator.tloa.TloaMod/]: Max Stamina40.0
[26Jun2025 21:29:44.118] [Render thread/INFO] [net.mcreator.tloa.TloaMod/]: Current Stamina:40.2
[26Jun2025 21:29:44.119] [Render thread/INFO] [net.mcreator.tloa.TloaMod/]: Rounded Stamina40
[26Jun2025 21:29:44.119] [Render thread/INFO] [net.mcreator.tloa.TloaMod/]: Can Stamina:true
[26Jun2025 21:29:44.119] [Render thread/INFO] [net.mcreator.tloa.TloaMod/]: Max Stamina40.0
[26Jun2025 21:29:44.123] [Server thread/INFO] [net.mcreator.tloa.TloaMod/]: Current Stamina:40.2
[26Jun2025 21:29:44.123] [Server thread/INFO] [net.mcreator.tloa.TloaMod/]: Rounded Stamina40
[26Jun2025 21:29:44.123] [Server thread/INFO] [net.mcreator.tloa.TloaMod/]: Can Stamina:true
[26Jun2025 21:29:44.123] [Server thread/INFO] [net.mcreator.tloa.TloaMod/]: Max Stamina40.0
[26Jun2025 21:29:44.169] [Render thread/INFO] [net.mcreator.tloa.TloaMod/]: Current Stamina:40.2
[26Jun2025 21:29:44.169] [Render thread/INFO] [net.mcreator.tloa.TloaMod/]: Rounded Stamina40
[26Jun2025 21:29:44.169] [Render thread/INFO] [net.mcreator.tloa.TloaMod/]: Can Stamina:true
[26Jun2025 21:29:44.169] [Render thread/INFO] [net.mcreator.tloa.TloaMod/]: Max Stamina40.0
[26Jun2025 21:29:44.174] [Server thread/INFO] [net.mcreator.tloa.TloaMod/]: Current Stamina:40.2
[26Jun2025 21:29:44.174] [Server thread/INFO] [net.mcreator.tloa.TloaMod/]: Rounded Stamina40
[26Jun2025 21:29:44.174] [Server thread/INFO] [net.mcreator.tloa.TloaMod/]: Can Stamina:true
[26Jun2025 21:29:44.174] [Server thread/INFO] [net.mcreator.tloa.TloaMod/]: Max Stamina40.0
[26Jun2025 21:29:44.219] [Render thread/INFO] [net.mcreator.tloa.TloaMod/]: Current Stamina:40.2
[26Jun2025 21:29:44.219] [Render thread/INFO] [net.mcreator.tloa.TloaMod/]: Rounded Stamina40
[26Jun2025 21:29:44.219] [Render thread/INFO] [net.mcreator.tloa.TloaMod/]: Can Stamina:true
[26Jun2025 21:29:44.219] [Render thread/INFO] [net.mcreator.tloa.TloaMod/]: Max Stamina40.0
[26Jun2025 21:29:44.223] [Server thread/INFO] [net.mcreator.tloa.TloaMod/]: Current Stamina:40.2
[26Jun2025 21:29:44.224] [Server thread/INFO] [net.mcreator.tloa.TloaMod/]: Rounded Stamina40
[26Jun2025 21:29:44.224] [Server thread/INFO] [net.mcreator.tloa.TloaMod/]: Can Stamina:true
[26Jun2025 21:29:44.224] [Server thread/INFO] [net.mcreator.tloa.TloaMod/]: Max Stamina40.0
[26Jun2025 21:29:44.271] [Render thread/INFO] [net.mcreator.tloa.TloaMod/]: Current Stamina:40.2
[26Jun2025 21:29:44.271] [Render thread/INFO] [net.mcreator.tloa.TloaMod/]: Rounded Stamina40
[26Jun2025 21:29:44.271] [Render thread/INFO] [net.mcreator.tloa.TloaMod/]: Can Stamina:true
[26Jun2025 21:29:44.271] [Render thread/INFO] [net.mcreator.tloa.TloaMod/]: Max Stamina40.0
[26Jun2025 21:29:44.275] [Server thread/INFO] [net.mcreator.tloa.TloaMod/]: Current Stamina:40.2
[26Jun2025 21:29:44.275] [Server thread/INFO] [net.mcreator.tloa.TloaMod/]: Rounded Stamina40
[26Jun2025 21:29:44.275] [Server thread/INFO] [net.mcreator.tloa.TloaMod/]: Can Stamina:true
[26Jun2025 21:29:44.275] [Server thread/INFO] [net.mcreator.tloa.TloaMod/]: Max Stamina40.0
[26Jun2025 21:29:44.320] [Render thread/INFO] [net.mcreator.tloa.TloaMod/]: Current Stamina:40.2
[26Jun2025 21:29:44.321] [Render thread/INFO] [net.mcreator.tloa.TloaMod/]: Rounded Stamina40
[26Jun2025 21:29:44.321] [Render thread/INFO] [net.mcreator.tloa.TloaMod/]: Can Stamina:true
[26Jun2025 21:29:44.321] [Render thread/INFO] [net.mcreator.tloa.TloaMod/]: Max Stamina40.0
[26Jun2025 21:29:44.327] [Server thread/INFO] [net.mcreator.tloa.TloaMod/]: Current Stamina:40.2
[26Jun2025 21:29:44.328] [Server thread/INFO] [net.mcreator.tloa.TloaMod/]: Rounded Stamina40
[26Jun2025 21:29:44.328] [Server thread/INFO] [net.mcreator.tloa.TloaMod/]: Can Stamina:true
[26Jun2025 21:29:44.328] [Server thread/INFO] [net.mcreator.tloa.TloaMod/]: Max Stamina40.0
[26Jun2025 21:29:44.370] [Render thread/INFO] [net.mcreator.tloa.TloaMod/]: Current Stamina:40.2
[26Jun2025 21:29:44.371] [Render thread/INFO] [net.mcreator.tloa.TloaMod/]: Rounded Stamina40
[26Jun2025 21:29:44.371] [Render thread/INFO] [net.mcreator.tloa.TloaMod/]: Can Stamina:true
[26Jun2025 21:29:44.371] [Render thread/INFO] [net.mcreator.tloa.TloaMod/]: Max Stamina40.0
[26Jun2025 21:29:44.375] [Server thread/INFO] [net.mcreator.tloa.TloaMod/]: Current Stamina:40.2
[26Jun2025 21:29:44.376] [Server thread/INFO] [net.mcreator.tloa.TloaMod/]: Rounded Stamina40
[26Jun2025 21:29:44.376] [Server thread/INFO] [net.mcreator.tloa.TloaMod/]: Can Stamina:true
[26Jun2025 21:29:44.376] [Server thread/INFO] [net.mcreator.tloa.TloaMod/]: Max Stamina40.0
[26Jun2025 21:29:44.418] [Render thread/INFO] [net.mcreator.tloa.TloaMod/]: Current Stamina:40.2
[26Jun2025 21:29:44.419] [Render thread/INFO] [net.mcreator.tloa.TloaMod/]: Rounded Stamina40
[26Jun2025 21:29:44.419] [Render thread/INFO] [net.mcreator.tloa.TloaMod/]: Can Stamina:true
[26Jun2025 21:29:44.419] [Render thread/INFO] [net.mcreator.tloa.TloaMod/]: Max Stamina40.0
[26Jun2025 21:29:44.423] [Server thread/INFO] [net.mcreator.tloa.TloaMod/]: Current Stamina:40.2
[26Jun2025 21:29:44.423] [Server thread/INFO] [net.mcreator.tloa.TloaMod/]: Rounded Stamina40
[26Jun2025 21:29:44.423] [Server thread/INFO] [net.mcreator.tloa.TloaMod/]: Can Stamina:true
[26Jun2025 21:29:44.423] [Server thread/INFO] [net.mcreator.tloa.TloaMod/]: Max Stamina40.0
[26Jun2025 21:29:44.468] [Render thread/INFO] [net.mcreator.tloa.TloaMod/]: Current Stamina:40.2
[26Jun2025 21:29:44.468] [Render thread/INFO] [net.mcreator.tloa.TloaMod/]: Rounded Stamina40
[26Jun2025 21:29:44.468] [Render thread/INFO] [net.mcreator.tloa.TloaMod/]: Can Stamina:true
[26Jun2025 21:29:44.469] [Render thread/INFO] [net.mcreator.tloa.TloaMod/]: Max Stamina40.0
[26Jun2025 21:29:44.476] [Server thread/INFO] [net.mcreator.tloa.TloaMod/]: Current Stamina:40.2
[26Jun2025 21:29:44.476] [Server thread/INFO] [net.mcreator.tloa.TloaMod/]: Rounded Stamina40
[26Jun2025 21:29:44.476] [Server thread/INFO] [net.mcreator.tloa.TloaMod/]: Can Stamina:true
[26Jun2025 21:29:44.476] [Server thread/INFO] [net.mcreator.tloa.TloaMod/]: Max Stamina40.0
[26Jun2025 21:29:44.518] [Render thread/INFO] [net.mcreator.tloa.TloaMod/]: Current Stamina:40.2
[26Jun2025 21:29:44.519] [Render thread/INFO] [net.mcreator.tloa.TloaMod/]: Rounded Stamina40
[26Jun2025 21:29:44.519] [Render thread/INFO] [net.mcreator.tloa.TloaMod/]: Can Stamina:true
[26Jun2025 21:29:44.519] [Render thread/INFO] [net.mcreator.tloa.TloaMod/]: Max Stamina40.0
[26Jun2025 21:29:44.524] [Server thread/INFO] [net.mcreator.tloa.TloaMod/]: Current Stamina:40.2
[26Jun2025 21:29:44.525] [Server thread/INFO] [net.mcreator.tloa.TloaMod/]: Rounded Stamina40
[26Jun2025 21:29:44.525] [Server thread/INFO] [net.mcreator.tloa.TloaMod/]: Can Stamina:true
[26Jun2025 21:29:44.525] [Server thread/INFO] [net.mcreator.tloa.TloaMod/]: Max Stamina40.0
[26Jun2025 21:29:44.569] [Render thread/INFO] [net.mcreator.tloa.TloaMod/]: Current Stamina:40.2
[26Jun2025 21:29:44.570] [Render thread/INFO] [net.mcreator.tloa.TloaMod/]: Rounded Stamina40
[26Jun2025 21:29:44.570] [Render thread/INFO] [net.mcreator.tloa.TloaMod/]: Can Stamina:true
[26Jun2025 21:29:44.570] [Render thread/INFO] [net.mcreator.tloa.TloaMod/]: Max Stamina40.0
[26Jun2025 21:29:44.575] [Server thread/INFO] [net.mcreator.tloa.TloaMod/]: Current Stamina:40.2
[26Jun2025 21:29:44.576] [Server thread/INFO] [net.mcreator.tloa.TloaMod/]: Rounded Stamina40
[26Jun2025 21:29:44.576] [Server thread/INFO] [net.mcreator.tloa.TloaMod/]: Can Stamina:true
[26Jun2025 21:29:44.576] [Server thread/INFO] [net.mcreator.tloa.TloaMod/]: Max Stamina40.0
[26Jun2025 21:29:44.618] [Render thread/INFO] [net.mcreator.tloa.TloaMod/]: Current Stamina:40.2
[26Jun2025 21:29:44.619] [Render thread/INFO] [net.mcreator.tloa.TloaMod/]: Rounded Stamina40
[26Jun2025 21:29:44.619] [Render thread/INFO] [net.mcreator.tloa.TloaMod/]: Can Stamina:true
[26Jun2025 21:29:44.619] [Render thread/INFO] [net.mcreator.tloa.TloaMod/]: Max Stamina40.0
[26Jun2025 21:29:44.624] [Server thread/INFO] [net.mcreator.tloa.TloaMod/]: Current Stamina:40.2
[26Jun2025 21:29:44.624] [Server thread/INFO] [net.mcreator.tloa.TloaMod/]: Rounded Stamina40
[26Jun2025 21:29:44.624] [Server thread/INFO] [net.mcreator.tloa.TloaMod/]: Can Stamina:true
[26Jun2025 21:29:44.625] [Server thread/INFO] [net.mcreator.tloa.TloaMod/]: Max Stamina40.0
[26Jun2025 21:29:44.668] [Render thread/INFO] [net.mcreator.tloa.TloaMod/]: Current Stamina:40.2
[26Jun2025 21:29:44.668] [Render thread/INFO] [net.mcreator.tloa.TloaMod/]: Rounded Stamina40
[26Jun2025 21:29:44.669] [Render thread/INFO] [net.mcreator.tloa.TloaMod/]: Can Stamina:true
[26Jun2025 21:29:44.669] [Render thread/INFO] [net.mcreator.tloa.TloaMod/]: Max Stamina40.0
[26Jun2025 21:29:44.674] [Server thread/INFO] [net.mcreator.tloa.TloaMod/]: Current Stamina:40.2
[26Jun2025 21:29:44.675] [Server thread/INFO] [net.mcreator.tloa.TloaMod/]: Rounded Stamina40
[26Jun2025 21:29:44.675] [Server thread/INFO] [net.mcreator.tloa.TloaMod/]: Can Stamina:true
[26Jun2025 21:29:44.675] [Server thread/INFO] [net.mcreator.tloa.TloaMod/]: Max Stamina40.0
[26Jun2025 21:29:44.718] [Render thread/INFO] [net.mcreator.tloa.TloaMod/]: Current Stamina:40.2
[26Jun2025 21:29:44.718] [Render thread/INFO] [net.mcreator.tloa.TloaMod/]: Rounded Stamina40
[26Jun2025 21:29:44.718] [Render thread/INFO] [net.mcreator.tloa.TloaMod/]: Can Stamina:true
[26Jun2025 21:29:44.718] [Render thread/INFO] [net.mcreator.tloa.TloaMod/]: Max Stamina40.0
[26Jun2025 21:29:44.725] [Server thread/INFO] [net.mcreator.tloa.TloaMod/]: Current Stamina:40.2
[26Jun2025 21:29:44.725] [Server thread/INFO] [net.mcreator.tloa.TloaMod/]: Rounded Stamina40
[26Jun2025 21:29:44.725] [Server thread/INFO] [net.mcreator.tloa.TloaMod/]: Can Stamina:true
[26Jun2025 21:29:44.725] [Server thread/INFO] [net.mcreator.tloa.TloaMod/]: Max Stamina40.0
[26Jun2025 21:29:44.768] [Render thread/INFO] [net.mcreator.tloa.TloaMod/]: Current Stamina:40.2
[26Jun2025 21:29:44.768] [Render thread/INFO] [net.mcreator.tloa.TloaMod/]: Rounded Stamina40
[26Jun2025 21:29:44.768] [Render thread/INFO] [net.mcreator.tloa.TloaMod/]: Can Stamina:true
[26Jun2025 21:29:44.768] [Render thread/INFO] [net.mcreator.tloa.TloaMod/]: Max Stamina40.0
[26Jun2025 21:29:44.775] [Server thread/INFO] [net.mcreator.tloa.TloaMod/]: Current Stamina:40.2
[26Jun2025 21:29:44.775] [Server thread/INFO] [net.mcreator.tloa.TloaMod/]: Rounded Stamina40
[26Jun2025 21:29:44.775] [Server thread/INFO] [net.mcreator.tloa.TloaMod/]: Can Stamina:true
[26Jun2025 21:29:44.775] [Server thread/INFO] [net.mcreator.tloa.TloaMod/]: Max Stamina40.0
[26Jun2025 21:29:44.819] [Render thread/INFO] [net.mcreator.tloa.TloaMod/]: Current Stamina:40.2
[26Jun2025 21:29:44.819] [Render thread/INFO] [net.mcreator.tloa.TloaMod/]: Rounded Stamina40
[26Jun2025 21:29:44.819] [Render thread/INFO] [net.mcreator.tloa.TloaMod/]: Can Stamina:true
[26Jun2025 21:29:44.819] [Render thread/INFO] [net.mcreator.tloa.TloaMod/]: Max Stamina40.0
[26Jun2025 21:29:44.824] [Server thread/INFO] [net.mcreator.tloa.TloaMod/]: Current Stamina:40.2
[26Jun2025 21:29:44.824] [Server thread/INFO] [net.mcreator.tloa.TloaMod/]: Rounded Stamina40
[26Jun2025 21:29:44.824] [Server thread/INFO] [net.mcreator.tloa.TloaMod/]: Can Stamina:true
[26Jun2025 21:29:44.824] [Server thread/INFO] [net.mcreator.tloa.TloaMod/]: Max Stamina40.0
[26Jun2025 21:29:44.867] [Render thread/INFO] [net.mcreator.tloa.TloaMod/]: Current Stamina:40.2
[26Jun2025 21:29:44.868] [Render thread/INFO] [net.mcreator.tloa.TloaMod/]: Rounded Stamina40
[26Jun2025 21:29:44.868] [Render thread/INFO] [net.mcreator.tloa.TloaMod/]: Can Stamina:true
[26Jun2025 21:29:44.868] [Render thread/INFO] [net.mcreator.tloa.TloaMod/]: Max Stamina40.0
[26Jun2025 21:29:44.874] [Server thread/INFO] [net.mcreator.tloa.TloaMod/]: Current Stamina:40.2
[26Jun2025 21:29:44.874] [Server thread/INFO] [net.mcreator.tloa.TloaMod/]: Rounded Stamina40
[26Jun2025 21:29:44.874] [Server thread/INFO] [net.mcreator.tloa.TloaMod/]: Can Stamina:true
[26Jun2025 21:29:44.874] [Server thread/INFO] [net.mcreator.tloa.TloaMod/]: Max Stamina40.0
[26Jun2025 21:29:44.918] [Render thread/INFO] [net.mcreator.tloa.TloaMod/]: Current Stamina:40.2
[26Jun2025 21:29:44.918] [Render thread/INFO] [net.mcreator.tloa.TloaMod/]: Rounded Stamina40
[26Jun2025 21:29:44.918] [Render thread/INFO] [net.mcreator.tloa.TloaMod/]: Can Stamina:true
[26Jun2025 21:29:44.918] [Render thread/INFO] [net.mcreator.tloa.TloaMod/]: Max Stamina40.0
[26Jun2025 21:29:44.923] [Server thread/INFO] [net.mcreator.tloa.TloaMod/]: Current Stamina:40.2
[26Jun2025 21:29:44.923] [Server thread/INFO] [net.mcreator.tloa.TloaMod/]: Rounded Stamina40
[26Jun2025 21:29:44.923] [Server thread/INFO] [net.mcreator.tloa.TloaMod/]: Can Stamina:true
[26Jun2025 21:29:44.923] [Server thread/INFO] [net.mcreator.tloa.TloaMod/]: Max Stamina40.0
[26Jun2025 21:29:44.968] [Render thread/INFO] [net.mcreator.tloa.TloaMod/]: Current Stamina:40.2
[26Jun2025 21:29:44.968] [Render thread/INFO] [net.mcreator.tloa.TloaMod/]: Rounded Stamina40
[26Jun2025 21:29:44.968] [Render thread/INFO] [net.mcreator.tloa.TloaMod/]: Can Stamina:true
[26Jun2025 21:29:44.968] [Render thread/INFO] [net.mcreator.tloa.TloaMod/]: Max Stamina40.0
[26Jun2025 21:29:44.975] [Server thread/INFO] [net.mcreator.tloa.TloaMod/]: Current Stamina:40.2
[26Jun2025 21:29:44.976] [Server thread/INFO] [net.mcreator.tloa.TloaMod/]: Rounded Stamina40
[26Jun2025 21:29:44.976] [Server thread/INFO] [net.mcreator.tloa.TloaMod/]: Can Stamina:true
[26Jun2025 21:29:44.976] [Server thread/INFO] [net.mcreator.tloa.TloaMod/]: Max Stamina40.0
[26Jun2025 21:29:45.018] [Render thread/INFO] [net.mcreator.tloa.TloaMod/]: Current Stamina:40.2
[26Jun2025 21:29:45.018] [Render thread/INFO] [net.mcreator.tloa.TloaMod/]: Rounded Stamina40
[26Jun2025 21:29:45.019] [Render thread/INFO] [net.mcreator.tloa.TloaMod/]: Can Stamina:true
[26Jun2025 21:29:45.019] [Render thread/INFO] [net.mcreator.tloa.TloaMod/]: Max Stamina40.0
[26Jun2025 21:29:45.024] [Server thread/INFO] [net.mcreator.tloa.TloaMod/]: Current Stamina:40.2
[26Jun2025 21:29:45.025] [Server thread/INFO] [net.mcreator.tloa.TloaMod/]: Rounded Stamina40
[26Jun2025 21:29:45.025] [Server thread/INFO] [net.mcreator.tloa.TloaMod/]: Can Stamina:true
[26Jun2025 21:29:45.025] [Server thread/INFO] [net.mcreator.tloa.TloaMod/]: Max Stamina40.0
[26Jun2025 21:29:45.067] [Render thread/INFO] [net.mcreator.tloa.TloaMod/]: Current Stamina:40.2
[26Jun2025 21:29:45.068] [Render thread/INFO] [net.mcreator.tloa.TloaMod/]: Rounded Stamina40
[26Jun2025 21:29:45.068] [Render thread/INFO] [net.mcreator.tloa.TloaMod/]: Can Stamina:true
[26Jun2025 21:29:45.068] [Render thread/INFO] [net.mcreator.tloa.TloaMod/]: Max Stamina40.0
[26Jun2025 21:29:45.073] [Server thread/INFO] [net.mcreator.tloa.TloaMod/]: Current Stamina:40.2
[26Jun2025 21:29:45.075] [Server thread/INFO] [net.mcreator.tloa.TloaMod/]: Rounded Stamina40
[26Jun2025 21:29:45.075] [Server thread/INFO] [net.mcreator.tloa.TloaMod/]: Can Stamina:true
[26Jun2025 21:29:45.075] [Server thread/INFO] [net.mcreator.tloa.TloaMod/]: Max Stamina40.0
[26Jun2025 21:29:45.119] [Render thread/INFO] [net.mcreator.tloa.TloaMod/]: Current Stamina:40.2
[26Jun2025 21:29:45.119] [Render thread/INFO] [net.mcreator.tloa.TloaMod/]: Rounded Stamina40
[26Jun2025 21:29:45.119] [Render thread/INFO] [net.mcreator.tloa.TloaMod/]: Can Stamina:true
[26Jun2025 21:29:45.119] [Render thread/INFO] [net.mcreator.tloa.TloaMod/]: Max Stamina40.0
[26Jun2025 21:29:45.124] [Server thread/INFO] [net.mcreator.tloa.TloaMod/]: Current Stamina:40.2
[26Jun2025 21:29:45.125] [Server thread/INFO] [net.mcreator.tloa.TloaMod/]: Rounded Stamina40
[26Jun2025 21:29:45.125] [Server thread/INFO] [net.mcreator.tloa.TloaMod/]: Can Stamina:true
[26Jun2025 21:29:45.125] [Server thread/INFO] [net.mcreator.tloa.TloaMod/]: Max Stamina40.0
[26Jun2025 21:29:45.169] [Render thread/INFO] [net.mcreator.tloa.TloaMod/]: Current Stamina:40.2
[26Jun2025 21:29:45.169] [Render thread/INFO] [net.mcreator.tloa.TloaMod/]: Rounded Stamina40
[26Jun2025 21:29:45.169] [Render thread/INFO] [net.mcreator.tloa.TloaMod/]: Can Stamina:true
[26Jun2025 21:29:45.169] [Render thread/INFO] [net.mcreator.tloa.TloaMod/]: Max Stamina40.0
[26Jun2025 21:29:45.175] [Server thread/INFO] [net.mcreator.tloa.TloaMod/]: Current Stamina:40.2
[26Jun2025 21:29:45.175] [Server thread/INFO] [net.mcreator.tloa.TloaMod/]: Rounded Stamina40
[26Jun2025 21:29:45.175] [Server thread/INFO] [net.mcreator.tloa.TloaMod/]: Can Stamina:true
[26Jun2025 21:29:45.175] [Server thread/INFO] [net.mcreator.tloa.TloaMod/]: Max Stamina40.0
[26Jun2025 21:29:45.219] [Render thread/INFO] [net.mcreator.tloa.TloaMod/]: Current Stamina:40.2
[26Jun2025 21:29:45.219] [Render thread/INFO] [net.mcreator.tloa.TloaMod/]: Rounded Stamina40
[26Jun2025 21:29:45.219] [Render thread/INFO] [net.mcreator.tloa.TloaMod/]: Can Stamina:true
[26Jun2025 21:29:45.219] [Render thread/INFO] [net.mcreator.tloa.TloaMod/]: Max Stamina40.0
[26Jun2025 21:29:45.225] [Server thread/INFO] [net.mcreator.tloa.TloaMod/]: Current Stamina:40.2
[26Jun2025 21:29:45.225] [Server thread/INFO] [net.mcreator.tloa.TloaMod/]: Rounded Stamina40
[26Jun2025 21:29:45.225] [Server thread/INFO] [net.mcreator.tloa.TloaMod/]: Can Stamina:true
[26Jun2025 21:29:45.225] [Server thread/INFO] [net.mcreator.tloa.TloaMod/]: Max Stamina40.0
[26Jun2025 21:29:45.268] [Render thread/INFO] [net.mcreator.tloa.TloaMod/]: Current Stamina:40.2
[26Jun2025 21:29:45.268] [Render thread/INFO] [net.mcreator.tloa.TloaMod/]: Rounded Stamina40
[26Jun2025 21:29:45.268] [Render thread/INFO] [net.mcreator.tloa.TloaMod/]: Can Stamina:true
[26Jun2025 21:29:45.268] [Render thread/INFO] [net.mcreator.tloa.TloaMod/]: Max Stamina40.0
[26Jun2025 21:29:45.274] [Server thread/INFO] [net.mcreator.tloa.TloaMod/]: Current Stamina:40.2
[26Jun2025 21:29:45.275] [Server thread/INFO] [net.mcreator.tloa.TloaMod/]: Rounded Stamina40
[26Jun2025 21:29:45.275] [Server thread/INFO] [net.mcreator.tloa.TloaMod/]: Can Stamina:true
[26Jun2025 21:29:45.275] [Server thread/INFO] [net.mcreator.tloa.TloaMod/]: Max Stamina40.0
[26Jun2025 21:29:45.317] [Render thread/INFO] [net.mcreator.tloa.TloaMod/]: Current Stamina:40.2
[26Jun2025 21:29:45.317] [Render thread/INFO] [net.mcreator.tloa.TloaMod/]: Rounded Stamina40
[26Jun2025 21:29:45.317] [Render thread/INFO] [net.mcreator.tloa.TloaMod/]: Can Stamina:true
[26Jun2025 21:29:45.317] [Render thread/INFO] [net.mcreator.tloa.TloaMod/]: Max Stamina40.0
[26Jun2025 21:29:45.327] [Server thread/INFO] [net.mcreator.tloa.TloaMod/]: Current Stamina:40.2
[26Jun2025 21:29:45.327] [Server thread/INFO] [net.mcreator.tloa.TloaMod/]: Rounded Stamina40
[26Jun2025 21:29:45.327] [Server thread/INFO] [net.mcreator.tloa.TloaMod/]: Can Stamina:true
[26Jun2025 21:29:45.327] [Server thread/INFO] [net.mcreator.tloa.TloaMod/]: Max Stamina40.0
[26Jun2025 21:29:45.368] [Render thread/INFO] [net.mcreator.tloa.TloaMod/]: Current Stamina:40.2
[26Jun2025 21:29:45.368] [Render thread/INFO] [net.mcreator.tloa.TloaMod/]: Rounded Stamina40
[26Jun2025 21:29:45.368] [Render thread/INFO] [net.mcreator.tloa.TloaMod/]: Can Stamina:true
[26Jun2025 21:29:45.368] [Render thread/INFO] [net.mcreator.tloa.TloaMod/]: Max Stamina40.0
[26Jun2025 21:29:45.376] [Server thread/INFO] [net.mcreator.tloa.TloaMod/]: Current Stamina:40.2
[26Jun2025 21:29:45.376] [Server thread/INFO] [net.mcreator.tloa.TloaMod/]: Rounded Stamina40
[26Jun2025 21:29:45.378] [Server thread/INFO] [net.mcreator.tloa.TloaMod/]: Can Stamina:true
[26Jun2025 21:29:45.378] [Server thread/INFO] [net.mcreator.tloa.TloaMod/]: Max Stamina40.0
[26Jun2025 21:29:45.418] [Render thread/INFO] [net.mcreator.tloa.TloaMod/]: Current Stamina:40.2
[26Jun2025 21:29:45.418] [Render thread/INFO] [net.mcreator.tloa.TloaMod/]: Rounded Stamina40
[26Jun2025 21:29:45.419] [Render thread/INFO] [net.mcreator.tloa.TloaMod/]: Can Stamina:true
[26Jun2025 21:29:45.419] [Render thread/INFO] [net.mcreator.tloa.TloaMod/]: Max Stamina40.0
[26Jun2025 21:29:45.423] [Server thread/INFO] [net.mcreator.tloa.TloaMod/]: Current Stamina:40.2
[26Jun2025 21:29:45.423] [Server thread/INFO] [net.mcreator.tloa.TloaMod/]: Rounded Stamina40
[26Jun2025 21:29:45.423] [Server thread/INFO] [net.mcreator.tloa.TloaMod/]: Can Stamina:true
[26Jun2025 21:29:45.424] [Server thread/INFO] [net.mcreator.tloa.TloaMod/]: Max Stamina40.0
[26Jun2025 21:29:45.468] [Render thread/INFO] [net.mcreator.tloa.TloaMod/]: Current Stamina:40.2
[26Jun2025 21:29:45.468] [Render thread/INFO] [net.mcreator.tloa.TloaMod/]: Rounded Stamina40
[26Jun2025 21:29:45.468] [Render thread/INFO] [net.mcreator.tloa.TloaMod/]: Can Stamina:true
[26Jun2025 21:29:45.468] [Render thread/INFO] [net.mcreator.tloa.TloaMod/]: Max Stamina40.0
[26Jun2025 21:29:45.475] [Server thread/INFO] [net.mcreator.tloa.TloaMod/]: Current Stamina:40.2
[26Jun2025 21:29:45.475] [Server thread/INFO] [net.mcreator.tloa.TloaMod/]: Rounded Stamina40
[26Jun2025 21:29:45.475] [Server thread/INFO] [net.mcreator.tloa.TloaMod/]: Can Stamina:true
[26Jun2025 21:29:45.476] [Server thread/INFO] [net.mcreator.tloa.TloaMod/]: Max Stamina40.0
[26Jun2025 21:29:45.517] [Render thread/INFO] [net.mcreator.tloa.TloaMod/]: Current Stamina:40.2
[26Jun2025 21:29:45.517] [Render thread/INFO] [net.mcreator.tloa.TloaMod/]: Rounded Stamina40
[26Jun2025 21:29:45.517] [Render thread/INFO] [net.mcreator.tloa.TloaMod/]: Can Stamina:true
[26Jun2025 21:29:45.517] [Render thread/INFO] [net.mcreator.tloa.TloaMod/]: Max Stamina40.0
[26Jun2025 21:29:45.524] [Server thread/INFO] [net.mcreator.tloa.TloaMod/]: Current Stamina:40.2
[26Jun2025 21:29:45.524] [Server thread/INFO] [net.mcreator.tloa.TloaMod/]: Rounded Stamina40
[26Jun2025 21:29:45.524] [Server thread/INFO] [net.mcreator.tloa.TloaMod/]: Can Stamina:true
[26Jun2025 21:29:45.524] [Server thread/INFO] [net.mcreator.tloa.TloaMod/]: Max Stamina40.0
[26Jun2025 21:29:45.568] [Render thread/INFO] [net.mcreator.tloa.TloaMod/]: Current Stamina:40.2
[26Jun2025 21:29:45.568] [Render thread/INFO] [net.mcreator.tloa.TloaMod/]: Rounded Stamina40
[26Jun2025 21:29:45.568] [Render thread/INFO] [net.mcreator.tloa.TloaMod/]: Can Stamina:true
[26Jun2025 21:29:45.569] [Render thread/INFO] [net.mcreator.tloa.TloaMod/]: Max Stamina40.0
[26Jun2025 21:29:45.573] [Server thread/INFO] [net.mcreator.tloa.TloaMod/]: Current Stamina:40.2
[26Jun2025 21:29:45.573] [Server thread/INFO] [net.mcreator.tloa.TloaMod/]: Rounded Stamina40
[26Jun2025 21:29:45.573] [Server thread/INFO] [net.mcreator.tloa.TloaMod/]: Can Stamina:true
[26Jun2025 21:29:45.573] [Server thread/INFO] [net.mcreator.tloa.TloaMod/]: Max Stamina40.0
[26Jun2025 21:29:45.619] [Render thread/INFO] [net.mcreator.tloa.TloaMod/]: Current Stamina:40.2
[26Jun2025 21:29:45.619] [Render thread/INFO] [net.mcreator.tloa.TloaMod/]: Rounded Stamina40
[26Jun2025 21:29:45.619] [Render thread/INFO] [net.mcreator.tloa.TloaMod/]: Can Stamina:true
[26Jun2025 21:29:45.619] [Render thread/INFO] [net.mcreator.tloa.TloaMod/]: Max Stamina40.0
[26Jun2025 21:29:45.625] [Server thread/INFO] [net.mcreator.tloa.TloaMod/]: Current Stamina:40.2
[26Jun2025 21:29:45.626] [Server thread/INFO] [net.mcreator.tloa.TloaMod/]: Rounded Stamina40
[26Jun2025 21:29:45.626] [Server thread/INFO] [net.mcreator.tloa.TloaMod/]: Can Stamina:true
[26Jun2025 21:29:45.626] [Server thread/INFO] [net.mcreator.tloa.TloaMod/]: Max Stamina40.0
[26Jun2025 21:29:45.669] [Render thread/INFO] [net.mcreator.tloa.TloaMod/]: Current Stamina:40.2
[26Jun2025 21:29:45.669] [Render thread/INFO] [net.mcreator.tloa.TloaMod/]: Rounded Stamina40
[26Jun2025 21:29:45.669] [Render thread/INFO] [net.mcreator.tloa.TloaMod/]: Can Stamina:true
[26Jun2025 21:29:45.669] [Render thread/INFO] [net.mcreator.tloa.TloaMod/]: Max Stamina40.0
[26Jun2025 21:29:45.673] [Server thread/INFO] [net.mcreator.tloa.TloaMod/]: Current Stamina:40.2
[26Jun2025 21:29:45.673] [Server thread/INFO] [net.mcreator.tloa.TloaMod/]: Rounded Stamina40
[26Jun2025 21:29:45.674] [Server thread/INFO] [net.mcreator.tloa.TloaMod/]: Can Stamina:true
[26Jun2025 21:29:45.674] [Server thread/INFO] [net.mcreator.tloa.TloaMod/]: Max Stamina40.0
[26Jun2025 21:29:45.719] [Render thread/INFO] [net.mcreator.tloa.TloaMod/]: Current Stamina:40.2
[26Jun2025 21:29:45.720] [Render thread/INFO] [net.mcreator.tloa.TloaMod/]: Rounded Stamina40
[26Jun2025 21:29:45.720] [Render thread/INFO] [net.mcreator.tloa.TloaMod/]: Can Stamina:true
[26Jun2025 21:29:45.720] [Render thread/INFO] [net.mcreator.tloa.TloaMod/]: Max Stamina40.0
[26Jun2025 21:29:45.725] [Server thread/INFO] [net.mcreator.tloa.TloaMod/]: Current Stamina:40.2
[26Jun2025 21:29:45.726] [Server thread/INFO] [net.mcreator.tloa.TloaMod/]: Rounded Stamina40
[26Jun2025 21:29:45.726] [Server thread/INFO] [net.mcreator.tloa.TloaMod/]: Can Stamina:true
[26Jun2025 21:29:45.726] [Server thread/INFO] [net.mcreator.tloa.TloaMod/]: Max Stamina40.0
[26Jun2025 21:29:45.769] [Render thread/INFO] [net.mcreator.tloa.TloaMod/]: Current Stamina:40.2
[26Jun2025 21:29:45.769] [Render thread/INFO] [net.mcreator.tloa.TloaMod/]: Rounded Stamina40
[26Jun2025 21:29:45.769] [Render thread/INFO] [net.mcreator.tloa.TloaMod/]: Can Stamina:true
[26Jun2025 21:29:45.769] [Render thread/INFO] [net.mcreator.tloa.TloaMod/]: Max Stamina40.0
[26Jun2025 21:29:45.774] [Server thread/INFO] [net.mcreator.tloa.TloaMod/]: Current Stamina:40.2
[26Jun2025 21:29:45.774] [Server thread/INFO] [net.mcreator.tloa.TloaMod/]: Rounded Stamina40
[26Jun2025 21:29:45.774] [Server thread/INFO] [net.mcreator.tloa.TloaMod/]: Can Stamina:true
[26Jun2025 21:29:45.774] [Server thread/INFO] [net.mcreator.tloa.TloaMod/]: Max Stamina40.0
[26Jun2025 21:29:45.819] [Render thread/INFO] [net.mcreator.tloa.TloaMod/]: Current Stamina:40.2
[26Jun2025 21:29:45.819] [Render thread/INFO] [net.mcreator.tloa.TloaMod/]: Rounded Stamina40
[26Jun2025 21:29:45.819] [Render thread/INFO] [net.mcreator.tloa.TloaMod/]: Can Stamina:true
[26Jun2025 21:29:45.819] [Render thread/INFO] [net.mcreator.tloa.TloaMod/]: Max Stamina40.0
[26Jun2025 21:29:45.829] [Server thread/INFO] [net.mcreator.tloa.TloaMod/]: Current Stamina:40.2
[26Jun2025 21:29:45.829] [Server thread/INFO] [net.mcreator.tloa.TloaMod/]: Rounded Stamina40
[26Jun2025 21:29:45.830] [Server thread/INFO] [net.mcreator.tloa.TloaMod/]: Can Stamina:true
[26Jun2025 21:29:45.830] [Server thread/INFO] [net.mcreator.tloa.TloaMod/]: Max Stamina40.0
[26Jun2025 21:29:45.869] [Render thread/INFO] [net.mcreator.tloa.TloaMod/]: Current Stamina:40.2
[26Jun2025 21:29:45.869] [Render thread/INFO] [net.mcreator.tloa.TloaMod/]: Rounded Stamina40
[26Jun2025 21:29:45.869] [Render thread/INFO] [net.mcreator.tloa.TloaMod/]: Can Stamina:true
[26Jun2025 21:29:45.869] [Render thread/INFO] [net.mcreator.tloa.TloaMod/]: Max Stamina40.0
[26Jun2025 21:29:45.873] [Server thread/INFO] [net.mcreator.tloa.TloaMod/]: Current Stamina:40.2
[26Jun2025 21:29:45.874] [Server thread/INFO] [net.mcreator.tloa.TloaMod/]: Rounded Stamina40
[26Jun2025 21:29:45.874] [Server thread/INFO] [net.mcreator.tloa.TloaMod/]: Can Stamina:true
[26Jun2025 21:29:45.874] [Server thread/INFO] [net.mcreator.tloa.TloaMod/]: Max Stamina40.0
[26Jun2025 21:29:45.919] [Render thread/INFO] [net.mcreator.tloa.TloaMod/]: Current Stamina:40.2
[26Jun2025 21:29:45.919] [Render thread/INFO] [net.mcreator.tloa.TloaMod/]: Rounded Stamina40
[26Jun2025 21:29:45.919] [Render thread/INFO] [net.mcreator.tloa.TloaMod/]: Can Stamina:true
[26Jun2025 21:29:45.919] [Render thread/INFO] [net.mcreator.tloa.TloaMod/]: Max Stamina40.0
[26Jun2025 21:29:45.923] [Server thread/INFO] [net.mcreator.tloa.TloaMod/]: Current Stamina:40.2
[26Jun2025 21:29:45.925] [Server thread/INFO] [net.mcreator.tloa.TloaMod/]: Rounded Stamina40
[26Jun2025 21:29:45.925] [Server thread/INFO] [net.mcreator.tloa.TloaMod/]: Can Stamina:true
[26Jun2025 21:29:45.925] [Server thread/INFO] [net.mcreator.tloa.TloaMod/]: Max Stamina40.0
[26Jun2025 21:29:45.969] [Render thread/INFO] [net.mcreator.tloa.TloaMod/]: Current Stamina:40.2
[26Jun2025 21:29:45.969] [Render thread/INFO] [net.mcreator.tloa.TloaMod/]: Rounded Stamina40
[26Jun2025 21:29:45.969] [Render thread/INFO] [net.mcreator.tloa.TloaMod/]: Can Stamina:true
[26Jun2025 21:29:45.969] [Render thread/INFO] [net.mcreator.tloa.TloaMod/]: Max Stamina40.0
[26Jun2025 21:29:45.976] [Server thread/INFO] [net.mcreator.tloa.TloaMod/]: Current Stamina:40.2
[26Jun2025 21:29:45.976] [Server thread/INFO] [net.mcreator.tloa.TloaMod/]: Rounded Stamina40
[26Jun2025 21:29:45.976] [Server thread/INFO] [net.mcreator.tloa.TloaMod/]: Can Stamina:true
[26Jun2025 21:29:45.976] [Server thread/INFO] [net.mcreator.tloa.TloaMod/]: Max Stamina40.0
[26Jun2025 21:29:46.019] [Render thread/INFO] [net.mcreator.tloa.TloaMod/]: Current Stamina:40.2
[26Jun2025 21:29:46.019] [Render thread/INFO] [net.mcreator.tloa.TloaMod/]: Rounded Stamina40
[26Jun2025 21:29:46.019] [Render thread/INFO] [net.mcreator.tloa.TloaMod/]: Can Stamina:true
[26Jun2025 21:29:46.019] [Render thread/INFO] [net.mcreator.tloa.TloaMod/]: Max Stamina40.0
[26Jun2025 21:29:46.025] [Server thread/INFO] [net.mcreator.tloa.TloaMod/]: Current Stamina:40.2
[26Jun2025 21:29:46.026] [Server thread/INFO] [net.mcreator.tloa.TloaMod/]: Rounded Stamina40
[26Jun2025 21:29:46.026] [Server thread/INFO] [net.mcreator.tloa.TloaMod/]: Can Stamina:true
[26Jun2025 21:29:46.026] [Server thread/INFO] [net.mcreator.tloa.TloaMod/]: Max Stamina40.0
[26Jun2025 21:29:46.069] [Render thread/INFO] [net.mcreator.tloa.TloaMod/]: Current Stamina:40.2
[26Jun2025 21:29:46.069] [Render thread/INFO] [net.mcreator.tloa.TloaMod/]: Rounded Stamina40
[26Jun2025 21:29:46.069] [Render thread/INFO] [net.mcreator.tloa.TloaMod/]: Can Stamina:true
[26Jun2025 21:29:46.069] [Render thread/INFO] [net.mcreator.tloa.TloaMod/]: Max Stamina40.0
[26Jun2025 21:29:46.074] [Server thread/INFO] [net.mcreator.tloa.TloaMod/]: Current Stamina:40.2
[26Jun2025 21:29:46.074] [Server thread/INFO] [net.mcreator.tloa.TloaMod/]: Rounded Stamina40
[26Jun2025 21:29:46.074] [Server thread/INFO] [net.mcreator.tloa.TloaMod/]: Can Stamina:true
[26Jun2025 21:29:46.074] [Server thread/INFO] [net.mcreator.tloa.TloaMod/]: Max Stamina40.0
[26Jun2025 21:29:46.120] [Render thread/INFO] [net.mcreator.tloa.TloaMod/]: Current Stamina:40.2
[26Jun2025 21:29:46.120] [Render thread/INFO] [net.mcreator.tloa.TloaMod/]: Rounded Stamina40
[26Jun2025 21:29:46.120] [Render thread/INFO] [net.mcreator.tloa.TloaMod/]: Can Stamina:true
[26Jun2025 21:29:46.120] [Render thread/INFO] [net.mcreator.tloa.TloaMod/]: Max Stamina40.0
[26Jun2025 21:29:46.126] [Server thread/INFO] [net.mcreator.tloa.TloaMod/]: Current Stamina:40.2
[26Jun2025 21:29:46.126] [Server thread/INFO] [net.mcreator.tloa.TloaMod/]: Rounded Stamina40
[26Jun2025 21:29:46.126] [Server thread/INFO] [net.mcreator.tloa.TloaMod/]: Can Stamina:true
[26Jun2025 21:29:46.126] [Server thread/INFO] [net.mcreator.tloa.TloaMod/]: Max Stamina40.0
[26Jun2025 21:29:46.170] [Render thread/INFO] [net.mcreator.tloa.TloaMod/]: Current Stamina:40.2
[26Jun2025 21:29:46.170] [Render thread/INFO] [net.mcreator.tloa.TloaMod/]: Rounded Stamina40
[26Jun2025 21:29:46.170] [Render thread/INFO] [net.mcreator.tloa.TloaMod/]: Can Stamina:true
[26Jun2025 21:29:46.170] [Render thread/INFO] [net.mcreator.tloa.TloaMod/]: Max Stamina40.0
[26Jun2025 21:29:46.174] [Server thread/INFO] [net.mcreator.tloa.TloaMod/]: Current Stamina:40.2
[26Jun2025 21:29:46.174] [Server thread/INFO] [net.mcreator.tloa.TloaMod/]: Rounded Stamina40
[26Jun2025 21:29:46.174] [Server thread/INFO] [net.mcreator.tloa.TloaMod/]: Can Stamina:true
[26Jun2025 21:29:46.174] [Server thread/INFO] [net.mcreator.tloa.TloaMod/]: Max Stamina40.0
[26Jun2025 21:29:46.219] [Render thread/INFO] [net.mcreator.tloa.TloaMod/]: Current Stamina:40.2
[26Jun2025 21:29:46.219] [Render thread/INFO] [net.mcreator.tloa.TloaMod/]: Rounded Stamina40
[26Jun2025 21:29:46.219] [Render thread/INFO] [net.mcreator.tloa.TloaMod/]: Can Stamina:true
[26Jun2025 21:29:46.219] [Render thread/INFO] [net.mcreator.tloa.TloaMod/]: Max Stamina40.0
[26Jun2025 21:29:46.226] [Server thread/INFO] [net.mcreator.tloa.TloaMod/]: Current Stamina:40.2
[26Jun2025 21:29:46.226] [Server thread/INFO] [net.mcreator.tloa.TloaMod/]: Rounded Stamina40
[26Jun2025 21:29:46.226] [Server thread/INFO] [net.mcreator.tloa.TloaMod/]: Can Stamina:true
[26Jun2025 21:29:46.226] [Server thread/INFO] [net.mcreator.tloa.TloaMod/]: Max Stamina40.0
[26Jun2025 21:29:46.269] [Render thread/INFO] [net.mcreator.tloa.TloaMod/]: Current Stamina:40.2
[26Jun2025 21:29:46.269] [Render thread/INFO] [net.mcreator.tloa.TloaMod/]: Rounded Stamina40
[26Jun2025 21:29:46.269] [Render thread/INFO] [net.mcreator.tloa.TloaMod/]: Can Stamina:true
[26Jun2025 21:29:46.269] [Render thread/INFO] [net.mcreator.tloa.TloaMod/]: Max Stamina40.0
[26Jun2025 21:29:46.274] [Server thread/INFO] [net.mcreator.tloa.TloaMod/]: Current Stamina:40.2
[26Jun2025 21:29:46.274] [Server thread/INFO] [net.mcreator.tloa.TloaMod/]: Rounded Stamina40
[26Jun2025 21:29:46.274] [Server thread/INFO] [net.mcreator.tloa.TloaMod/]: Can Stamina:true
[26Jun2025 21:29:46.274] [Server thread/INFO] [net.mcreator.tloa.TloaMod/]: Max Stamina40.0
[26Jun2025 21:29:46.319] [Render thread/INFO] [net.mcreator.tloa.TloaMod/]: Current Stamina:40.2
[26Jun2025 21:29:46.319] [Render thread/INFO] [net.mcreator.tloa.TloaMod/]: Rounded Stamina40
[26Jun2025 21:29:46.319] [Render thread/INFO] [net.mcreator.tloa.TloaMod/]: Can Stamina:true
[26Jun2025 21:29:46.319] [Render thread/INFO] [net.mcreator.tloa.TloaMod/]: Max Stamina40.0
[26Jun2025 21:29:46.324] [Server thread/INFO] [net.mcreator.tloa.TloaMod/]: Current Stamina:40.2
[26Jun2025 21:29:46.325] [Server thread/INFO] [net.mcreator.tloa.TloaMod/]: Rounded Stamina40
[26Jun2025 21:29:46.325] [Server thread/INFO] [net.mcreator.tloa.TloaMod/]: Can Stamina:true
[26Jun2025 21:29:46.325] [Server thread/INFO] [net.mcreator.tloa.TloaMod/]: Max Stamina40.0
[26Jun2025 21:29:46.368] [Render thread/INFO] [net.mcreator.tloa.TloaMod/]: Current Stamina:40.2
[26Jun2025 21:29:46.368] [Render thread/INFO] [net.mcreator.tloa.TloaMod/]: Rounded Stamina40
[26Jun2025 21:29:46.369] [Render thread/INFO] [net.mcreator.tloa.TloaMod/]: Can Stamina:true
[26Jun2025 21:29:46.369] [Render thread/INFO] [net.mcreator.tloa.TloaMod/]: Max Stamina40.0
[26Jun2025 21:29:46.374] [Server thread/INFO] [net.mcreator.tloa.TloaMod/]: Current Stamina:40.2
[26Jun2025 21:29:46.374] [Server thread/INFO] [net.mcreator.tloa.TloaMod/]: Rounded Stamina40
[26Jun2025 21:29:46.374] [Server thread/INFO] [net.mcreator.tloa.TloaMod/]: Can Stamina:true
[26Jun2025 21:29:46.374] [Server thread/INFO] [net.mcreator.tloa.TloaMod/]: Max Stamina40.0
[26Jun2025 21:29:46.420] [Render thread/INFO] [net.mcreator.tloa.TloaMod/]: Current Stamina:40.2
[26Jun2025 21:29:46.420] [Render thread/INFO] [net.mcreator.tloa.TloaMod/]: Rounded Stamina40
[26Jun2025 21:29:46.421] [Render thread/INFO] [net.mcreator.tloa.TloaMod/]: Can Stamina:true
[26Jun2025 21:29:46.421] [Render thread/INFO] [net.mcreator.tloa.TloaMod/]: Max Stamina40.0
[26Jun2025 21:29:46.427] [Server thread/INFO] [net.mcreator.tloa.TloaMod/]: Current Stamina:40.2
[26Jun2025 21:29:46.427] [Server thread/INFO] [net.mcreator.tloa.TloaMod/]: Rounded Stamina40
[26Jun2025 21:29:46.427] [Server thread/INFO] [net.mcreator.tloa.TloaMod/]: Can Stamina:true
[26Jun2025 21:29:46.427] [Server thread/INFO] [net.mcreator.tloa.TloaMod/]: Max Stamina40.0
[26Jun2025 21:29:46.469] [Render thread/INFO] [net.mcreator.tloa.TloaMod/]: Current Stamina:40.2
[26Jun2025 21:29:46.469] [Render thread/INFO] [net.mcreator.tloa.TloaMod/]: Rounded Stamina40
[26Jun2025 21:29:46.469] [Render thread/INFO] [net.mcreator.tloa.TloaMod/]: Can Stamina:true
[26Jun2025 21:29:46.469] [Render thread/INFO] [net.mcreator.tloa.TloaMod/]: Max Stamina40.0
[26Jun2025 21:29:46.474] [Server thread/INFO] [net.mcreator.tloa.TloaMod/]: Current Stamina:40.2
[26Jun2025 21:29:46.474] [Server thread/INFO] [net.mcreator.tloa.TloaMod/]: Rounded Stamina40
[26Jun2025 21:29:46.474] [Server thread/INFO] [net.mcreator.tloa.TloaMod/]: Can Stamina:true
[26Jun2025 21:29:46.474] [Server thread/INFO] [net.mcreator.tloa.TloaMod/]: Max Stamina40.0
[26Jun2025 21:29:46.520] [Render thread/INFO] [net.mcreator.tloa.TloaMod/]: Current Stamina:40.2
[26Jun2025 21:29:46.520] [Render thread/INFO] [net.mcreator.tloa.TloaMod/]: Rounded Stamina40
[26Jun2025 21:29:46.520] [Render thread/INFO] [net.mcreator.tloa.TloaMod/]: Can Stamina:true
[26Jun2025 21:29:46.520] [Render thread/INFO] [net.mcreator.tloa.TloaMod/]: Max Stamina40.0
[26Jun2025 21:29:46.526] [Server thread/INFO] [net.mcreator.tloa.TloaMod/]: Current Stamina:40.2
[26Jun2025 21:29:46.527] [Server thread/INFO] [net.mcreator.tloa.TloaMod/]: Rounded Stamina40
[26Jun2025 21:29:46.527] [Server thread/INFO] [net.mcreator.tloa.TloaMod/]: Can Stamina:true
[26Jun2025 21:29:46.527] [Server thread/INFO] [net.mcreator.tloa.TloaMod/]: Max Stamina40.0
[26Jun2025 21:29:46.569] [Render thread/INFO] [net.mcreator.tloa.TloaMod/]: Current Stamina:40.2
[26Jun2025 21:29:46.569] [Render thread/INFO] [net.mcreator.tloa.TloaMod/]: Rounded Stamina40
[26Jun2025 21:29:46.570] [Render thread/INFO] [net.mcreator.tloa.TloaMod/]: Can Stamina:true
[26Jun2025 21:29:46.570] [Render thread/INFO] [net.mcreator.tloa.TloaMod/]: Max Stamina40.0
[26Jun2025 21:29:46.575] [Server thread/INFO] [net.mcreator.tloa.TloaMod/]: Current Stamina:40.2
[26Jun2025 21:29:46.576] [Server thread/INFO] [net.mcreator.tloa.TloaMod/]: Rounded Stamina40
[26Jun2025 21:29:46.576] [Server thread/INFO] [net.mcreator.tloa.TloaMod/]: Can Stamina:true
[26Jun2025 21:29:46.576] [Server thread/INFO] [net.mcreator.tloa.TloaMod/]: Max Stamina40.0
[26Jun2025 21:29:46.619] [Render thread/INFO] [net.mcreator.tloa.TloaMod/]: Current Stamina:40.2
[26Jun2025 21:29:46.620] [Render thread/INFO] [net.mcreator.tloa.TloaMod/]: Rounded Stamina40
[26Jun2025 21:29:46.620] [Render thread/INFO] [net.mcreator.tloa.TloaMod/]: Can Stamina:true
[26Jun2025 21:29:46.620] [Render thread/INFO] [net.mcreator.tloa.TloaMod/]: Max Stamina40.0
[26Jun2025 21:29:46.625] [Server thread/INFO] [net.mcreator.tloa.TloaMod/]: Current Stamina:40.2
[26Jun2025 21:29:46.625] [Server thread/INFO] [net.mcreator.tloa.TloaMod/]: Rounded Stamina40
[26Jun2025 21:29:46.625] [Server thread/INFO] [net.mcreator.tloa.TloaMod/]: Can Stamina:true
[26Jun2025 21:29:46.625] [Server thread/INFO] [net.mcreator.tloa.TloaMod/]: Max Stamina40.0
[26Jun2025 21:29:46.669] [Render thread/INFO] [net.mcreator.tloa.TloaMod/]: Current Stamina:40.2
[26Jun2025 21:29:46.670] [Render thread/INFO] [net.mcreator.tloa.TloaMod/]: Rounded Stamina40
[26Jun2025 21:29:46.670] [Render thread/INFO] [net.mcreator.tloa.TloaMod/]: Can Stamina:true
[26Jun2025 21:29:46.670] [Render thread/INFO] [net.mcreator.tloa.TloaMod/]: Max Stamina40.0
[26Jun2025 21:29:46.675] [Server thread/INFO] [net.mcreator.tloa.TloaMod/]: Current Stamina:40.2
[26Jun2025 21:29:46.676] [Server thread/INFO] [net.mcreator.tloa.TloaMod/]: Rounded Stamina40
[26Jun2025 21:29:46.676] [Server thread/INFO] [net.mcreator.tloa.TloaMod/]: Can Stamina:true
[26Jun2025 21:29:46.676] [Server thread/INFO] [net.mcreator.tloa.TloaMod/]: Max Stamina40.0
[26Jun2025 21:29:46.719] [Render thread/INFO] [net.mcreator.tloa.TloaMod/]: Current Stamina:40.2
[26Jun2025 21:29:46.720] [Render thread/INFO] [net.mcreator.tloa.TloaMod/]: Rounded Stamina40
[26Jun2025 21:29:46.720] [Render thread/INFO] [net.mcreator.tloa.TloaMod/]: Can Stamina:true
[26Jun2025 21:29:46.720] [Render thread/INFO] [net.mcreator.tloa.TloaMod/]: Max Stamina40.0
[26Jun2025 21:29:46.725] [Server thread/INFO] [net.mcreator.tloa.TloaMod/]: Current Stamina:40.2
[26Jun2025 21:29:46.725] [Server thread/INFO] [net.mcreator.tloa.TloaMod/]: Rounded Stamina40
[26Jun2025 21:29:46.726] [Server thread/INFO] [net.mcreator.tloa.TloaMod/]: Can Stamina:true
[26Jun2025 21:29:46.726] [Server thread/INFO] [net.mcreator.tloa.TloaMod/]: Max Stamina40.0
[26Jun2025 21:29:46.769] [Render thread/INFO] [net.mcreator.tloa.TloaMod/]: Current Stamina:40.2
[26Jun2025 21:29:46.770] [Render thread/INFO] [net.mcreator.tloa.TloaMod/]: Rounded Stamina40
[26Jun2025 21:29:46.770] [Render thread/INFO] [net.mcreator.tloa.TloaMod/]: Can Stamina:true
[26Jun2025 21:29:46.770] [Render thread/INFO] [net.mcreator.tloa.TloaMod/]: Max Stamina40.0
[26Jun2025 21:29:46.776] [Server thread/INFO] [net.mcreator.tloa.TloaMod/]: Current Stamina:40.2
[26Jun2025 21:29:46.776] [Server thread/INFO] [net.mcreator.tloa.TloaMod/]: Rounded Stamina40
[26Jun2025 21:29:46.776] [Server thread/INFO] [net.mcreator.tloa.TloaMod/]: Can Stamina:true
[26Jun2025 21:29:46.776] [Server thread/INFO] [net.mcreator.tloa.TloaMod/]: Max Stamina40.0
[26Jun2025 21:29:46.820] [Render thread/INFO] [net.mcreator.tloa.TloaMod/]: Current Stamina:40.2
[26Jun2025 21:29:46.821] [Render thread/INFO] [net.mcreator.tloa.TloaMod/]: Rounded Stamina40
[26Jun2025 21:29:46.821] [Render thread/INFO] [net.mcreator.tloa.TloaMod/]: Can Stamina:true
[26Jun2025 21:29:46.821] [Render thread/INFO] [net.mcreator.tloa.TloaMod/]: Max Stamina40.0
[26Jun2025 21:29:46.825] [Server thread/INFO] [net.mcreator.tloa.TloaMod/]: Current Stamina:40.2
[26Jun2025 21:29:46.825] [Server thread/INFO] [net.mcreator.tloa.TloaMod/]: Rounded Stamina40
[26Jun2025 21:29:46.825] [Server thread/INFO] [net.mcreator.tloa.TloaMod/]: Can Stamina:true
[26Jun2025 21:29:46.825] [Server thread/INFO] [net.mcreator.tloa.TloaMod/]: Max Stamina40.0
[26Jun2025 21:29:46.869] [Render thread/INFO] [net.mcreator.tloa.TloaMod/]: Current Stamina:40.2
[26Jun2025 21:29:46.869] [Render thread/INFO] [net.mcreator.tloa.TloaMod/]: Rounded Stamina40
[26Jun2025 21:29:46.869] [Render thread/INFO] [net.mcreator.tloa.TloaMod/]: Can Stamina:true
[26Jun2025 21:29:46.870] [Render thread/INFO] [net.mcreator.tloa.TloaMod/]: Max Stamina40.0
[26Jun2025 21:29:46.876] [Server thread/INFO] [net.mcreator.tloa.TloaMod/]: Current Stamina:40.2
[26Jun2025 21:29:46.877] [Server thread/INFO] [net.mcreator.tloa.TloaMod/]: Rounded Stamina40
[26Jun2025 21:29:46.877] [Server thread/INFO] [net.mcreator.tloa.TloaMod/]: Can Stamina:true
[26Jun2025 21:29:46.877] [Server thread/INFO] [net.mcreator.tloa.TloaMod/]: Max Stamina40.0
[26Jun2025 21:29:46.920] [Render thread/INFO] [net.mcreator.tloa.TloaMod/]: Current Stamina:40.2
[26Jun2025 21:29:46.921] [Render thread/INFO] [net.mcreator.tloa.TloaMod/]: Rounded Stamina40
[26Jun2025 21:29:46.921] [Render thread/INFO] [net.mcreator.tloa.TloaMod/]: Can Stamina:true
[26Jun2025 21:29:46.921] [Render thread/INFO] [net.mcreator.tloa.TloaMod/]: Max Stamina40.0
[26Jun2025 21:29:46.926] [Server thread/INFO] [net.mcreator.tloa.TloaMod/]: Current Stamina:40.2
[26Jun2025 21:29:46.926] [Server thread/INFO] [net.mcreator.tloa.TloaMod/]: Rounded Stamina40
[26Jun2025 21:29:46.926] [Server thread/INFO] [net.mcreator.tloa.TloaMod/]: Can Stamina:true
[26Jun2025 21:29:46.926] [Server thread/INFO] [net.mcreator.tloa.TloaMod/]: Max Stamina40.0
[26Jun2025 21:29:46.969] [Render thread/INFO] [net.mcreator.tloa.TloaMod/]: Current Stamina:40.2
[26Jun2025 21:29:46.969] [Render thread/INFO] [net.mcreator.tloa.TloaMod/]: Rounded Stamina40
[26Jun2025 21:29:46.969] [Render thread/INFO] [net.mcreator.tloa.TloaMod/]: Can Stamina:true
[26Jun2025 21:29:46.969] [Render thread/INFO] [net.mcreator.tloa.TloaMod/]: Max Stamina40.0
[26Jun2025 21:29:46.977] [Server thread/INFO] [net.mcreator.tloa.TloaMod/]: Current Stamina:40.2
[26Jun2025 21:29:46.977] [Server thread/INFO] [net.mcreator.tloa.TloaMod/]: Rounded Stamina40
[26Jun2025 21:29:46.977] [Server thread/INFO] [net.mcreator.tloa.TloaMod/]: Can Stamina:true
[26Jun2025 21:29:46.977] [Server thread/INFO] [net.mcreator.tloa.TloaMod/]: Max Stamina40.0
[26Jun2025 21:29:47.018] [Render thread/INFO] [net.mcreator.tloa.TloaMod/]: Current Stamina:40.2
[26Jun2025 21:29:47.018] [Render thread/INFO] [net.mcreator.tloa.TloaMod/]: Rounded Stamina40
[26Jun2025 21:29:47.019] [Render thread/INFO] [net.mcreator.tloa.TloaMod/]: Can Stamina:true
[26Jun2025 21:29:47.019] [Render thread/INFO] [net.mcreator.tloa.TloaMod/]: Max Stamina40.0
[26Jun2025 21:29:47.028] [Server thread/INFO] [net.mcreator.tloa.TloaMod/]: Current Stamina:40.2
[26Jun2025 21:29:47.028] [Server thread/INFO] [net.mcreator.tloa.TloaMod/]: Rounded Stamina40
[26Jun2025 21:29:47.029] [Server thread/INFO] [net.mcreator.tloa.TloaMod/]: Can Stamina:true
[26Jun2025 21:29:47.029] [Server thread/INFO] [net.mcreator.tloa.TloaMod/]: Max Stamina40.0
[26Jun2025 21:29:47.071] [Render thread/INFO] [net.mcreator.tloa.TloaMod/]: Current Stamina:40.2
[26Jun2025 21:29:47.072] [Render thread/INFO] [net.mcreator.tloa.TloaMod/]: Rounded Stamina40
[26Jun2025 21:29:47.072] [Render thread/INFO] [net.mcreator.tloa.TloaMod/]: Can Stamina:true
[26Jun2025 21:29:47.072] [Render thread/INFO] [net.mcreator.tloa.TloaMod/]: Max Stamina40.0
[26Jun2025 21:29:47.076] [Server thread/INFO] [net.mcreator.tloa.TloaMod/]: Current Stamina:40.2
[26Jun2025 21:29:47.076] [Server thread/INFO] [net.mcreator.tloa.TloaMod/]: Rounded Stamina40
[26Jun2025 21:29:47.076] [Server thread/INFO] [net.mcreator.tloa.TloaMod/]: Can Stamina:true
[26Jun2025 21:29:47.076] [Server thread/INFO] [net.mcreator.tloa.TloaMod/]: Max Stamina40.0
[26Jun2025 21:29:47.119] [Render thread/INFO] [net.mcreator.tloa.TloaMod/]: Current Stamina:40.2
[26Jun2025 21:29:47.120] [Render thread/INFO] [net.mcreator.tloa.TloaMod/]: Rounded Stamina40
[26Jun2025 21:29:47.120] [Render thread/INFO] [net.mcreator.tloa.TloaMod/]: Can Stamina:true
[26Jun2025 21:29:47.120] [Render thread/INFO] [net.mcreator.tloa.TloaMod/]: Max Stamina40.0
[26Jun2025 21:29:47.128] [Server thread/INFO] [net.mcreator.tloa.TloaMod/]: Current Stamina:40.2
[26Jun2025 21:29:47.128] [Server thread/INFO] [net.mcreator.tloa.TloaMod/]: Rounded Stamina40
[26Jun2025 21:29:47.128] [Server thread/INFO] [net.mcreator.tloa.TloaMod/]: Can Stamina:true
[26Jun2025 21:29:47.128] [Server thread/INFO] [net.mcreator.tloa.TloaMod/]: Max Stamina40.0
[26Jun2025 21:29:47.171] [Render thread/INFO] [net.mcreator.tloa.TloaMod/]: Current Stamina:40.2
[26Jun2025 21:29:47.171] [Render thread/INFO] [net.mcreator.tloa.TloaMod/]: Rounded Stamina40
[26Jun2025 21:29:47.172] [Render thread/INFO] [net.mcreator.tloa.TloaMod/]: Can Stamina:true
[26Jun2025 21:29:47.172] [Render thread/INFO] [net.mcreator.tloa.TloaMod/]: Max Stamina40.0
[26Jun2025 21:29:47.178] [Server thread/INFO] [net.mcreator.tloa.TloaMod/]: Current Stamina:40.2
[26Jun2025 21:29:47.178] [Server thread/INFO] [net.mcreator.tloa.TloaMod/]: Rounded Stamina40
[26Jun2025 21:29:47.178] [Server thread/INFO] [net.mcreator.tloa.TloaMod/]: Can Stamina:true
[26Jun2025 21:29:47.178] [Server thread/INFO] [net.mcreator.tloa.TloaMod/]: Max Stamina40.0
[26Jun2025 21:29:47.222] [Render thread/INFO] [net.mcreator.tloa.TloaMod/]: Current Stamina:40.2
[26Jun2025 21:29:47.222] [Render thread/INFO] [net.mcreator.tloa.TloaMod/]: Rounded Stamina40
[26Jun2025 21:29:47.222] [Render thread/INFO] [net.mcreator.tloa.TloaMod/]: Can Stamina:true
[26Jun2025 21:29:47.222] [Render thread/INFO] [net.mcreator.tloa.TloaMod/]: Max Stamina40.0
[26Jun2025 21:29:47.226] [Server thread/INFO] [net.mcreator.tloa.TloaMod/]: Current Stamina:40.2
[26Jun2025 21:29:47.226] [Server thread/INFO] [net.mcreator.tloa.TloaMod/]: Rounded Stamina40
[26Jun2025 21:29:47.226] [Server thread/INFO] [net.mcreator.tloa.TloaMod/]: Can Stamina:true
[26Jun2025 21:29:47.226] [Server thread/INFO] [net.mcreator.tloa.TloaMod/]: Max Stamina40.0
[26Jun2025 21:29:47.269] [Render thread/INFO] [net.mcreator.tloa.TloaMod/]: Current Stamina:40.2
[26Jun2025 21:29:47.270] [Render thread/INFO] [net.mcreator.tloa.TloaMod/]: Rounded Stamina40
[26Jun2025 21:29:47.270] [Render thread/INFO] [net.mcreator.tloa.TloaMod/]: Can Stamina:true
[26Jun2025 21:29:47.270] [Render thread/INFO] [net.mcreator.tloa.TloaMod/]: Max Stamina40.0
[26Jun2025 21:29:47.278] [Server thread/INFO] [net.mcreator.tloa.TloaMod/]: Current Stamina:40.2
[26Jun2025 21:29:47.278] [Server thread/INFO] [net.mcreator.tloa.TloaMod/]: Rounded Stamina40
[26Jun2025 21:29:47.278] [Server thread/INFO] [net.mcreator.tloa.TloaMod/]: Can Stamina:true
[26Jun2025 21:29:47.278] [Server thread/INFO] [net.mcreator.tloa.TloaMod/]: Max Stamina40.0
[26Jun2025 21:29:47.320] [Render thread/INFO] [net.mcreator.tloa.TloaMod/]: Current Stamina:40.2
[26Jun2025 21:29:47.321] [Render thread/INFO] [net.mcreator.tloa.TloaMod/]: Rounded Stamina40
[26Jun2025 21:29:47.321] [Render thread/INFO] [net.mcreator.tloa.TloaMod/]: Can Stamina:true
[26Jun2025 21:29:47.321] [Render thread/INFO] [net.mcreator.tloa.TloaMod/]: Max Stamina40.0
[26Jun2025 21:29:47.326] [Server thread/INFO] [net.mcreator.tloa.TloaMod/]: Current Stamina:40.2
[26Jun2025 21:29:47.326] [Server thread/INFO] [net.mcreator.tloa.TloaMod/]: Rounded Stamina40
[26Jun2025 21:29:47.326] [Server thread/INFO] [net.mcreator.tloa.TloaMod/]: Can Stamina:true
[26Jun2025 21:29:47.326] [Server thread/INFO] [net.mcreator.tloa.TloaMod/]: Max Stamina40.0
[26Jun2025 21:29:47.370] [Render thread/INFO] [net.mcreator.tloa.TloaMod/]: Current Stamina:40.2
[26Jun2025 21:29:47.371] [Render thread/INFO] [net.mcreator.tloa.TloaMod/]: Rounded Stamina40
[26Jun2025 21:29:47.371] [Render thread/INFO] [net.mcreator.tloa.TloaMod/]: Can Stamina:true
[26Jun2025 21:29:47.371] [Render thread/INFO] [net.mcreator.tloa.TloaMod/]: Max Stamina40.0
[26Jun2025 21:29:47.375] [Server thread/INFO] [net.mcreator.tloa.TloaMod/]: Current Stamina:40.2
[26Jun2025 21:29:47.375] [Server thread/INFO] [net.mcreator.tloa.TloaMod/]: Rounded Stamina40
[26Jun2025 21:29:47.375] [Server thread/INFO] [net.mcreator.tloa.TloaMod/]: Can Stamina:true
[26Jun2025 21:29:47.375] [Server thread/INFO] [net.mcreator.tloa.TloaMod/]: Max Stamina40.0
[26Jun2025 21:29:47.419] [Render thread/INFO] [net.mcreator.tloa.TloaMod/]: Current Stamina:40.2
[26Jun2025 21:29:47.420] [Render thread/INFO] [net.mcreator.tloa.TloaMod/]: Rounded Stamina40
[26Jun2025 21:29:47.420] [Render thread/INFO] [net.mcreator.tloa.TloaMod/]: Can Stamina:true
[26Jun2025 21:29:47.420] [Render thread/INFO] [net.mcreator.tloa.TloaMod/]: Max Stamina40.0
[26Jun2025 21:29:47.424] [Server thread/INFO] [net.mcreator.tloa.TloaMod/]: Current Stamina:40.2
[26Jun2025 21:29:47.424] [Server thread/INFO] [net.mcreator.tloa.TloaMod/]: Rounded Stamina40
[26Jun2025 21:29:47.424] [Server thread/INFO] [net.mcreator.tloa.TloaMod/]: Can Stamina:true
[26Jun2025 21:29:47.424] [Server thread/INFO] [net.mcreator.tloa.TloaMod/]: Max Stamina40.0
[26Jun2025 21:29:47.469] [Render thread/INFO] [net.mcreator.tloa.TloaMod/]: Current Stamina:40.2
[26Jun2025 21:29:47.469] [Render thread/INFO] [net.mcreator.tloa.TloaMod/]: Rounded Stamina40
[26Jun2025 21:29:47.469] [Render thread/INFO] [net.mcreator.tloa.TloaMod/]: Can Stamina:true
[26Jun2025 21:29:47.469] [Render thread/INFO] [net.mcreator.tloa.TloaMod/]: Max Stamina40.0
[26Jun2025 21:29:47.477] [Server thread/INFO] [net.mcreator.tloa.TloaMod/]: Current Stamina:40.2
[26Jun2025 21:29:47.477] [Server thread/INFO] [net.mcreator.tloa.TloaMod/]: Rounded Stamina40
[26Jun2025 21:29:47.477] [Server thread/INFO] [net.mcreator.tloa.TloaMod/]: Can Stamina:true
[26Jun2025 21:29:47.478] [Server thread/INFO] [net.mcreator.tloa.TloaMod/]: Max Stamina40.0
[26Jun2025 21:29:47.519] [Render thread/INFO] [net.mcreator.tloa.TloaMod/]: Current Stamina:40.2
[26Jun2025 21:29:47.519] [Render thread/INFO] [net.mcreator.tloa.TloaMod/]: Rounded Stamina40
[26Jun2025 21:29:47.519] [Render thread/INFO] [net.mcreator.tloa.TloaMod/]: Can Stamina:true
[26Jun2025 21:29:47.520] [Render thread/INFO] [net.mcreator.tloa.TloaMod/]: Max Stamina40.0
[26Jun2025 21:29:47.525] [Server thread/INFO] [net.mcreator.tloa.TloaMod/]: Current Stamina:40.2
[26Jun2025 21:29:47.525] [Server thread/INFO] [net.mcreator.tloa.TloaMod/]: Rounded Stamina40
[26Jun2025 21:29:47.525] [Server thread/INFO] [net.mcreator.tloa.TloaMod/]: Can Stamina:true
[26Jun2025 21:29:47.525] [Server thread/INFO] [net.mcreator.tloa.TloaMod/]: Max Stamina40.0
[26Jun2025 21:29:47.570] [Render thread/INFO] [net.mcreator.tloa.TloaMod/]: Current Stamina:40.2
[26Jun2025 21:29:47.570] [Render thread/INFO] [net.mcreator.tloa.TloaMod/]: Rounded Stamina40
[26Jun2025 21:29:47.570] [Render thread/INFO] [net.mcreator.tloa.TloaMod/]: Can Stamina:true
[26Jun2025 21:29:47.570] [Render thread/INFO] [net.mcreator.tloa.TloaMod/]: Max Stamina40.0
[26Jun2025 21:29:47.574] [Server thread/INFO] [net.mcreator.tloa.TloaMod/]: Current Stamina:40.2
[26Jun2025 21:29:47.574] [Server thread/INFO] [net.mcreator.tloa.TloaMod/]: Rounded Stamina40
[26Jun2025 21:29:47.574] [Server thread/INFO] [net.mcreator.tloa.TloaMod/]: Can Stamina:true
[26Jun2025 21:29:47.574] [Server thread/INFO] [net.mcreator.tloa.TloaMod/]: Max Stamina40.0
[26Jun2025 21:29:47.621] [Render thread/INFO] [net.mcreator.tloa.TloaMod/]: Current Stamina:40.2
[26Jun2025 21:29:47.621] [Render thread/INFO] [net.mcreator.tloa.TloaMod/]: Rounded Stamina40
[26Jun2025 21:29:47.621] [Render thread/INFO] [net.mcreator.tloa.TloaMod/]: Can Stamina:true
[26Jun2025 21:29:47.621] [Render thread/INFO] [net.mcreator.tloa.TloaMod/]: Max Stamina40.0
[26Jun2025 21:29:47.625] [Server thread/INFO] [net.mcreator.tloa.TloaMod/]: Current Stamina:40.2
[26Jun2025 21:29:47.625] [Server thread/INFO] [net.mcreator.tloa.TloaMod/]: Rounded Stamina40
[26Jun2025 21:29:47.625] [Server thread/INFO] [net.mcreator.tloa.TloaMod/]: Can Stamina:true
[26Jun2025 21:29:47.625] [Server thread/INFO] [net.mcreator.tloa.TloaMod/]: Max Stamina40.0
[26Jun2025 21:29:47.670] [Render thread/INFO] [net.mcreator.tloa.TloaMod/]: Current Stamina:40.2
[26Jun2025 21:29:47.670] [Render thread/INFO] [net.mcreator.tloa.TloaMod/]: Rounded Stamina40
[26Jun2025 21:29:47.670] [Render thread/INFO] [net.mcreator.tloa.TloaMod/]: Can Stamina:true
[26Jun2025 21:29:47.670] [Render thread/INFO] [net.mcreator.tloa.TloaMod/]: Max Stamina40.0
[26Jun2025 21:29:47.675] [Server thread/INFO] [net.mcreator.tloa.TloaMod/]: Current Stamina:40.2
[26Jun2025 21:29:47.676] [Server thread/INFO] [net.mcreator.tloa.TloaMod/]: Rounded Stamina40
[26Jun2025 21:29:47.676] [Server thread/INFO] [net.mcreator.tloa.TloaMod/]: Can Stamina:true
[26Jun2025 21:29:47.676] [Server thread/INFO] [net.mcreator.tloa.TloaMod/]: Max Stamina40.0
[26Jun2025 21:29:47.719] [Render thread/INFO] [net.mcreator.tloa.TloaMod/]: Current Stamina:40.2
[26Jun2025 21:29:47.720] [Render thread/INFO] [net.mcreator.tloa.TloaMod/]: Rounded Stamina40
[26Jun2025 21:29:47.720] [Render thread/INFO] [net.mcreator.tloa.TloaMod/]: Can Stamina:true
[26Jun2025 21:29:47.720] [Render thread/INFO] [net.mcreator.tloa.TloaMod/]: Max Stamina40.0
[26Jun2025 21:29:47.724] [Server thread/INFO] [net.mcreator.tloa.TloaMod/]: Current Stamina:40.2
[26Jun2025 21:29:47.724] [Server thread/INFO] [net.mcreator.tloa.TloaMod/]: Rounded Stamina40
[26Jun2025 21:29:47.724] [Server thread/INFO] [net.mcreator.tloa.TloaMod/]: Can Stamina:true
[26Jun2025 21:29:47.724] [Server thread/INFO] [net.mcreator.tloa.TloaMod/]: Max Stamina40.0
[26Jun2025 21:29:47.770] [Render thread/INFO] [net.mcreator.tloa.TloaMod/]: Current Stamina:40.2
[26Jun2025 21:29:47.770] [Render thread/INFO] [net.mcreator.tloa.TloaMod/]: Rounded Stamina40
[26Jun2025 21:29:47.770] [Render thread/INFO] [net.mcreator.tloa.TloaMod/]: Can Stamina:true
[26Jun2025 21:29:47.770] [Render thread/INFO] [net.mcreator.tloa.TloaMod/]: Max Stamina40.0
[26Jun2025 21:29:47.774] [Server thread/INFO] [net.mcreator.tloa.TloaMod/]: Current Stamina:40.2
[26Jun2025 21:29:47.774] [Server thread/INFO] [net.mcreator.tloa.TloaMod/]: Rounded Stamina40
[26Jun2025 21:29:47.774] [Server thread/INFO] [net.mcreator.tloa.TloaMod/]: Can Stamina:true
[26Jun2025 21:29:47.774] [Server thread/INFO] [net.mcreator.tloa.TloaMod/]: Max Stamina40.0
[26Jun2025 21:29:47.820] [Render thread/INFO] [net.mcreator.tloa.TloaMod/]: Current Stamina:40.2
[26Jun2025 21:29:47.820] [Render thread/INFO] [net.mcreator.tloa.TloaMod/]: Rounded Stamina40
[26Jun2025 21:29:47.820] [Render thread/INFO] [net.mcreator.tloa.TloaMod/]: Can Stamina:true
[26Jun2025 21:29:47.820] [Render thread/INFO] [net.mcreator.tloa.TloaMod/]: Max Stamina40.0
[26Jun2025 21:29:47.824] [Server thread/INFO] [net.mcreator.tloa.TloaMod/]: Current Stamina:40.2
[26Jun2025 21:29:47.824] [Server thread/INFO] [net.mcreator.tloa.TloaMod/]: Rounded Stamina40
[26Jun2025 21:29:47.824] [Server thread/INFO] [net.mcreator.tloa.TloaMod/]: Can Stamina:true
[26Jun2025 21:29:47.824] [Server thread/INFO] [net.mcreator.tloa.TloaMod/]: Max Stamina40.0
[26Jun2025 21:29:47.868] [Render thread/INFO] [net.mcreator.tloa.TloaMod/]: Current Stamina:40.2
[26Jun2025 21:29:47.869] [Render thread/INFO] [net.mcreator.tloa.TloaMod/]: Rounded Stamina40
[26Jun2025 21:29:47.869] [Render thread/INFO] [net.mcreator.tloa.TloaMod/]: Can Stamina:true
[26Jun2025 21:29:47.869] [Render thread/INFO] [net.mcreator.tloa.TloaMod/]: Max Stamina40.0
[26Jun2025 21:29:47.873] [Server thread/INFO] [net.mcreator.tloa.TloaMod/]: Current Stamina:40.2
[26Jun2025 21:29:47.874] [Server thread/INFO] [net.mcreator.tloa.TloaMod/]: Rounded Stamina40
[26Jun2025 21:29:47.874] [Server thread/INFO] [net.mcreator.tloa.TloaMod/]: Can Stamina:true
[26Jun2025 21:29:47.874] [Server thread/INFO] [net.mcreator.tloa.TloaMod/]: Max Stamina40.0
[26Jun2025 21:29:47.920] [Render thread/INFO] [net.mcreator.tloa.TloaMod/]: Current Stamina:40.2
[26Jun2025 21:29:47.920] [Render thread/INFO] [net.mcreator.tloa.TloaMod/]: Rounded Stamina40
[26Jun2025 21:29:47.920] [Render thread/INFO] [net.mcreator.tloa.TloaMod/]: Can Stamina:true
[26Jun2025 21:29:47.920] [Render thread/INFO] [net.mcreator.tloa.TloaMod/]: Max Stamina40.0
[26Jun2025 21:29:47.924] [Server thread/INFO] [net.mcreator.tloa.TloaMod/]: Current Stamina:40.2
[26Jun2025 21:29:47.924] [Server thread/INFO] [net.mcreator.tloa.TloaMod/]: Rounded Stamina40
[26Jun2025 21:29:47.924] [Server thread/INFO] [net.mcreator.tloa.TloaMod/]: Can Stamina:true
[26Jun2025 21:29:47.924] [Server thread/INFO] [net.mcreator.tloa.TloaMod/]: Max Stamina40.0
[26Jun2025 21:29:47.971] [Render thread/INFO] [net.mcreator.tloa.TloaMod/]: Current Stamina:40.2
[26Jun2025 21:29:47.971] [Render thread/INFO] [net.mcreator.tloa.TloaMod/]: Rounded Stamina40
[26Jun2025 21:29:47.971] [Render thread/INFO] [net.mcreator.tloa.TloaMod/]: Can Stamina:true
[26Jun2025 21:29:47.971] [Render thread/INFO] [net.mcreator.tloa.TloaMod/]: Max Stamina40.0
[26Jun2025 21:29:47.974] [Server thread/INFO] [net.mcreator.tloa.TloaMod/]: Current Stamina:40.2
[26Jun2025 21:29:47.974] [Server thread/INFO] [net.mcreator.tloa.TloaMod/]: Rounded Stamina40
[26Jun2025 21:29:47.974] [Server thread/INFO] [net.mcreator.tloa.TloaMod/]: Can Stamina:true
[26Jun2025 21:29:47.974] [Server thread/INFO] [net.mcreator.tloa.TloaMod/]: Max Stamina40.0
[26Jun2025 21:29:48.021] [Render thread/INFO] [net.mcreator.tloa.TloaMod/]: Current Stamina:40.2
[26Jun2025 21:29:48.021] [Render thread/INFO] [net.mcreator.tloa.TloaMod/]: Rounded Stamina40
[26Jun2025 21:29:48.021] [Render thread/INFO] [net.mcreator.tloa.TloaMod/]: Can Stamina:true
[26Jun2025 21:29:48.021] [Render thread/INFO] [net.mcreator.tloa.TloaMod/]: Max Stamina40.0
[26Jun2025 21:29:48.024] [Server thread/INFO] [net.mcreator.tloa.TloaMod/]: Current Stamina:40.2
[26Jun2025 21:29:48.024] [Server thread/INFO] [net.mcreator.tloa.TloaMod/]: Rounded Stamina40
[26Jun2025 21:29:48.024] [Server thread/INFO] [net.mcreator.tloa.TloaMod/]: Can Stamina:true
[26Jun2025 21:29:48.024] [Server thread/INFO] [net.mcreator.tloa.TloaMod/]: Max Stamina40.0
[26Jun2025 21:29:48.069] [Render thread/INFO] [net.mcreator.tloa.TloaMod/]: Current Stamina:40.2
[26Jun2025 21:29:48.070] [Render thread/INFO] [net.mcreator.tloa.TloaMod/]: Rounded Stamina40
[26Jun2025 21:29:48.070] [Render thread/INFO] [net.mcreator.tloa.TloaMod/]: Can Stamina:true
[26Jun2025 21:29:48.070] [Render thread/INFO] [net.mcreator.tloa.TloaMod/]: Max Stamina40.0
[26Jun2025 21:29:48.073] [Server thread/INFO] [net.mcreator.tloa.TloaMod/]: Current Stamina:40.2
[26Jun2025 21:29:48.074] [Server thread/INFO] [net.mcreator.tloa.TloaMod/]: Rounded Stamina40
[26Jun2025 21:29:48.074] [Server thread/INFO] [net.mcreator.tloa.TloaMod/]: Can Stamina:true
[26Jun2025 21:29:48.074] [Server thread/INFO] [net.mcreator.tloa.TloaMod/]: Max Stamina40.0
[26Jun2025 21:29:48.120] [Render thread/INFO] [net.mcreator.tloa.TloaMod/]: Current Stamina:40.2
[26Jun2025 21:29:48.120] [Render thread/INFO] [net.mcreator.tloa.TloaMod/]: Rounded Stamina40
[26Jun2025 21:29:48.120] [Render thread/INFO] [net.mcreator.tloa.TloaMod/]: Can Stamina:true
[26Jun2025 21:29:48.120] [Render thread/INFO] [net.mcreator.tloa.TloaMod/]: Max Stamina40.0
[26Jun2025 21:29:48.125] [Server thread/INFO] [net.mcreator.tloa.TloaMod/]: Current Stamina:40.2
[26Jun2025 21:29:48.125] [Server thread/INFO] [net.mcreator.tloa.TloaMod/]: Rounded Stamina40
[26Jun2025 21:29:48.125] [Server thread/INFO] [net.mcreator.tloa.TloaMod/]: Can Stamina:true
[26Jun2025 21:29:48.125] [Server thread/INFO] [net.mcreator.tloa.TloaMod/]: Max Stamina40.0
[26Jun2025 21:29:48.170] [Render thread/INFO] [net.mcreator.tloa.TloaMod/]: Current Stamina:40.2
[26Jun2025 21:29:48.170] [Render thread/INFO] [net.mcreator.tloa.TloaMod/]: Rounded Stamina40
[26Jun2025 21:29:48.170] [Render thread/INFO] [net.mcreator.tloa.TloaMod/]: Can Stamina:true
[26Jun2025 21:29:48.170] [Render thread/INFO] [net.mcreator.tloa.TloaMod/]: Max Stamina40.0
[26Jun2025 21:29:48.173] [Server thread/INFO] [net.mcreator.tloa.TloaMod/]: Current Stamina:40.2
[26Jun2025 21:29:48.173] [Server thread/INFO] [net.mcreator.tloa.TloaMod/]: Rounded Stamina40
[26Jun2025 21:29:48.173] [Server thread/INFO] [net.mcreator.tloa.TloaMod/]: Can Stamina:true
[26Jun2025 21:29:48.173] [Server thread/INFO] [net.mcreator.tloa.TloaMod/]: Max Stamina40.0
[26Jun2025 21:29:48.219] [Render thread/INFO] [net.mcreator.tloa.TloaMod/]: Current Stamina:40.2
[26Jun2025 21:29:48.219] [Render thread/INFO] [net.mcreator.tloa.TloaMod/]: Rounded Stamina40
[26Jun2025 21:29:48.219] [Render thread/INFO] [net.mcreator.tloa.TloaMod/]: Can Stamina:true
[26Jun2025 21:29:48.219] [Render thread/INFO] [net.mcreator.tloa.TloaMod/]: Max Stamina40.0
[26Jun2025 21:29:48.224] [Server thread/INFO] [net.mcreator.tloa.TloaMod/]: Current Stamina:40.2
[26Jun2025 21:29:48.224] [Server thread/INFO] [net.mcreator.tloa.TloaMod/]: Rounded Stamina40
[26Jun2025 21:29:48.224] [Server thread/INFO] [net.mcreator.tloa.TloaMod/]: Can Stamina:true
[26Jun2025 21:29:48.224] [Server thread/INFO] [net.mcreator.tloa.TloaMod/]: Max Stamina40.0
[26Jun2025 21:29:48.270] [Render thread/INFO] [net.mcreator.tloa.TloaMod/]: Current Stamina:40.2
[26Jun2025 21:29:48.270] [Render thread/INFO] [net.mcreator.tloa.TloaMod/]: Rounded Stamina40
[26Jun2025 21:29:48.270] [Render thread/INFO] [net.mcreator.tloa.TloaMod/]: Can Stamina:true
[26Jun2025 21:29:48.270] [Render thread/INFO] [net.mcreator.tloa.TloaMod/]: Max Stamina40.0
[26Jun2025 21:29:48.277] [Server thread/INFO] [net.mcreator.tloa.TloaMod/]: Current Stamina:40.2
[26Jun2025 21:29:48.277] [Server thread/INFO] [net.mcreator.tloa.TloaMod/]: Rounded Stamina40
[26Jun2025 21:29:48.277] [Server thread/INFO] [net.mcreator.tloa.TloaMod/]: Can Stamina:true
[26Jun2025 21:29:48.277] [Server thread/INFO] [net.mcreator.tloa.TloaMod/]: Max Stamina40.0
[26Jun2025 21:29:48.320] [Render thread/INFO] [net.mcreator.tloa.TloaMod/]: Current Stamina:40.2
[26Jun2025 21:29:48.320] [Render thread/INFO] [net.mcreator.tloa.TloaMod/]: Rounded Stamina40
[26Jun2025 21:29:48.320] [Render thread/INFO] [net.mcreator.tloa.TloaMod/]: Can Stamina:true
[26Jun2025 21:29:48.320] [Render thread/INFO] [net.mcreator.tloa.TloaMod/]: Max Stamina40.0
[26Jun2025 21:29:48.324] [Server thread/INFO] [net.mcreator.tloa.TloaMod/]: Current Stamina:40.2
[26Jun2025 21:29:48.324] [Server thread/INFO] [net.mcreator.tloa.TloaMod/]: Rounded Stamina40
[26Jun2025 21:29:48.324] [Server thread/INFO] [net.mcreator.tloa.TloaMod/]: Can Stamina:true
[26Jun2025 21:29:48.324] [Server thread/INFO] [net.mcreator.tloa.TloaMod/]: Max Stamina40.0
[26Jun2025 21:29:48.369] [Render thread/INFO] [net.mcreator.tloa.TloaMod/]: Current Stamina:40.2
[26Jun2025 21:29:48.369] [Render thread/INFO] [net.mcreator.tloa.TloaMod/]: Rounded Stamina40
[26Jun2025 21:29:48.369] [Render thread/INFO] [net.mcreator.tloa.TloaMod/]: Can Stamina:true
[26Jun2025 21:29:48.369] [Render thread/INFO] [net.mcreator.tloa.TloaMod/]: Max Stamina40.0
[26Jun2025 21:29:48.373] [Server thread/INFO] [net.mcreator.tloa.TloaMod/]: Current Stamina:40.2
[26Jun2025 21:29:48.373] [Server thread/INFO] [net.mcreator.tloa.TloaMod/]: Rounded Stamina40
[26Jun2025 21:29:48.373] [Server thread/INFO] [net.mcreator.tloa.TloaMod/]: Can Stamina:true
[26Jun2025 21:29:48.373] [Server thread/INFO] [net.mcreator.tloa.TloaMod/]: Max Stamina40.0
[26Jun2025 21:29:48.420] [Render thread/INFO] [net.mcreator.tloa.TloaMod/]: Current Stamina:40.2
[26Jun2025 21:29:48.420] [Render thread/INFO] [net.mcreator.tloa.TloaMod/]: Rounded Stamina40
[26Jun2025 21:29:48.420] [Render thread/INFO] [net.mcreator.tloa.TloaMod/]: Can Stamina:true
[26Jun2025 21:29:48.420] [Render thread/INFO] [net.mcreator.tloa.TloaMod/]: Max Stamina40.0
[26Jun2025 21:29:48.424] [Server thread/INFO] [net.mcreator.tloa.TloaMod/]: Current Stamina:40.2
[26Jun2025 21:29:48.424] [Server thread/INFO] [net.mcreator.tloa.TloaMod/]: Rounded Stamina40
[26Jun2025 21:29:48.424] [Server thread/INFO] [net.mcreator.tloa.TloaMod/]: Can Stamina:true
[26Jun2025 21:29:48.424] [Server thread/INFO] [net.mcreator.tloa.TloaMod/]: Max Stamina40.0
[26Jun2025 21:29:48.469] [Render thread/INFO] [net.mcreator.tloa.TloaMod/]: Current Stamina:40.2
[26Jun2025 21:29:48.469] [Render thread/INFO] [net.mcreator.tloa.TloaMod/]: Rounded Stamina40
[26Jun2025 21:29:48.469] [Render thread/INFO] [net.mcreator.tloa.TloaMod/]: Can Stamina:true
[26Jun2025 21:29:48.470] [Render thread/INFO] [net.mcreator.tloa.TloaMod/]: Max Stamina40.0
[26Jun2025 21:29:48.474] [Server thread/INFO] [net.mcreator.tloa.TloaMod/]: Current Stamina:40.2
[26Jun2025 21:29:48.474] [Server thread/INFO] [net.mcreator.tloa.TloaMod/]: Rounded Stamina40
[26Jun2025 21:29:48.474] [Server thread/INFO] [net.mcreator.tloa.TloaMod/]: Can Stamina:true
[26Jun2025 21:29:48.474] [Server thread/INFO] [net.mcreator.tloa.TloaMod/]: Max Stamina40.0
[26Jun2025 21:29:48.522] [Render thread/INFO] [net.mcreator.tloa.TloaMod/]: Current Stamina:40.2
[26Jun2025 21:29:48.522] [Render thread/INFO] [net.mcreator.tloa.TloaMod/]: Rounded Stamina40
[26Jun2025 21:29:48.522] [Render thread/INFO] [net.mcreator.tloa.TloaMod/]: Can Stamina:true
[26Jun2025 21:29:48.522] [Render thread/INFO] [net.mcreator.tloa.TloaMod/]: Max Stamina40.0
[26Jun2025 21:29:48.525] [Server thread/INFO] [net.mcreator.tloa.TloaMod/]: Current Stamina:40.2
[26Jun2025 21:29:48.525] [Server thread/INFO] [net.mcreator.tloa.TloaMod/]: Rounded Stamina40
[26Jun2025 21:29:48.525] [Server thread/INFO] [net.mcreator.tloa.TloaMod/]: Can Stamina:true
[26Jun2025 21:29:48.525] [Server thread/INFO] [net.mcreator.tloa.TloaMod/]: Max Stamina40.0
[26Jun2025 21:29:48.570] [Render thread/INFO] [net.mcreator.tloa.TloaMod/]: Current Stamina:40.2
[26Jun2025 21:29:48.570] [Render thread/INFO] [net.mcreator.tloa.TloaMod/]: Rounded Stamina40
[26Jun2025 21:29:48.570] [Render thread/INFO] [net.mcreator.tloa.TloaMod/]: Can Stamina:true
[26Jun2025 21:29:48.570] [Render thread/INFO] [net.mcreator.tloa.TloaMod/]: Max Stamina40.0
[26Jun2025 21:29:48.574] [Server thread/INFO] [net.mcreator.tloa.TloaMod/]: Current Stamina:40.2
[26Jun2025 21:29:48.574] [Server thread/INFO] [net.mcreator.tloa.TloaMod/]: Rounded Stamina40
[26Jun2025 21:29:48.574] [Server thread/INFO] [net.mcreator.tloa.TloaMod/]: Can Stamina:true
[26Jun2025 21:29:48.574] [Server thread/INFO] [net.mcreator.tloa.TloaMod/]: Max Stamina40.0
[26Jun2025 21:29:48.621] [Render thread/INFO] [net.mcreator.tloa.TloaMod/]: Current Stamina:40.2
[26Jun2025 21:29:48.621] [Render thread/INFO] [net.mcreator.tloa.TloaMod/]: Rounded Stamina40
[26Jun2025 21:29:48.621] [Render thread/INFO] [net.mcreator.tloa.TloaMod/]: Can Stamina:true
[26Jun2025 21:29:48.621] [Render thread/INFO] [net.mcreator.tloa.TloaMod/]: Max Stamina40.0
[26Jun2025 21:29:48.624] [Server thread/INFO] [net.mcreator.tloa.TloaMod/]: Current Stamina:40.2
[26Jun2025 21:29:48.624] [Server thread/INFO] [net.mcreator.tloa.TloaMod/]: Rounded Stamina40
[26Jun2025 21:29:48.624] [Server thread/INFO] [net.mcreator.tloa.TloaMod/]: Can Stamina:true
[26Jun2025 21:29:48.624] [Server thread/INFO] [net.mcreator.tloa.TloaMod/]: Max Stamina40.0
[26Jun2025 21:29:48.669] [Render thread/INFO] [net.mcreator.tloa.TloaMod/]: Current Stamina:40.2
[26Jun2025 21:29:48.669] [Render thread/INFO] [net.mcreator.tloa.TloaMod/]: Rounded Stamina40
[26Jun2025 21:29:48.669] [Render thread/INFO] [net.mcreator.tloa.TloaMod/]: Can Stamina:true
[26Jun2025 21:29:48.669] [Render thread/INFO] [net.mcreator.tloa.TloaMod/]: Max Stamina40.0
[26Jun2025 21:29:48.673] [Server thread/INFO] [net.mcreator.tloa.TloaMod/]: Current Stamina:40.2
[26Jun2025 21:29:48.673] [Server thread/INFO] [net.mcreator.tloa.TloaMod/]: Rounded Stamina40
[26Jun2025 21:29:48.673] [Server thread/INFO] [net.mcreator.tloa.TloaMod/]: Can Stamina:true
[26Jun2025 21:29:48.673] [Server thread/INFO] [net.mcreator.tloa.TloaMod/]: Max Stamina40.0
[26Jun2025 21:29:48.720] [Render thread/INFO] [net.mcreator.tloa.TloaMod/]: Current Stamina:40.2
[26Jun2025 21:29:48.720] [Render thread/INFO] [net.mcreator.tloa.TloaMod/]: Rounded Stamina40
[26Jun2025 21:29:48.720] [Render thread/INFO] [net.mcreator.tloa.TloaMod/]: Can Stamina:true
[26Jun2025 21:29:48.720] [Render thread/INFO] [net.mcreator.tloa.TloaMod/]: Max Stamina40.0
[26Jun2025 21:29:48.770] [Render thread/INFO] [net.mcreator.tloa.TloaMod/]: Current Stamina:40.2
[26Jun2025 21:29:48.770] [Render thread/INFO] [net.mcreator.tloa.TloaMod/]: Rounded Stamina40
[26Jun2025 21:29:48.770] [Render thread/INFO] [net.mcreator.tloa.TloaMod/]: Can Stamina:true
[26Jun2025 21:29:48.770] [Render thread/INFO] [net.mcreator.tloa.TloaMod/]: Max Stamina40.0
[26Jun2025 21:29:48.801] [Server thread/INFO] [net.mcreator.tloa.TloaMod/]: Current Stamina:40.2
[26Jun2025 21:29:48.801] [Server thread/INFO] [net.mcreator.tloa.TloaMod/]: Rounded Stamina40
[26Jun2025 21:29:48.801] [Server thread/INFO] [net.mcreator.tloa.TloaMod/]: Can Stamina:true
[26Jun2025 21:29:48.801] [Server thread/INFO] [net.mcreator.tloa.TloaMod/]: Max Stamina40.0
[26Jun2025 21:29:48.814] [Server thread/INFO] [net.mcreator.tloa.TloaMod/]: Current Stamina:40.2
[26Jun2025 21:29:48.815] [Server thread/INFO] [net.mcreator.tloa.TloaMod/]: Rounded Stamina40
[26Jun2025 21:29:48.815] [Server thread/INFO] [net.mcreator.tloa.TloaMod/]: Can Stamina:true
[26Jun2025 21:29:48.815] [Server thread/INFO] [net.mcreator.tloa.TloaMod/]: Max Stamina40.0
[26Jun2025 21:29:48.825] [Render thread/INFO] [net.mcreator.tloa.TloaMod/]: Current Stamina:40.2
[26Jun2025 21:29:48.825] [Render thread/INFO] [net.mcreator.tloa.TloaMod/]: Rounded Stamina40
[26Jun2025 21:29:48.825] [Render thread/INFO] [net.mcreator.tloa.TloaMod/]: Can Stamina:true
[26Jun2025 21:29:48.825] [Render thread/INFO] [net.mcreator.tloa.TloaMod/]: Max Stamina40.0
[26Jun2025 21:29:48.830] [Server thread/INFO] [net.mcreator.tloa.TloaMod/]: Current Stamina:40.2
[26Jun2025 21:29:48.830] [Server thread/INFO] [net.mcreator.tloa.TloaMod/]: Rounded Stamina40
[26Jun2025 21:29:48.830] [Server thread/INFO] [net.mcreator.tloa.TloaMod/]: Can Stamina:true
[26Jun2025 21:29:48.830] [Server thread/INFO] [net.mcreator.tloa.TloaMod/]: Max Stamina40.0
[26Jun2025 21:29:48.871] [Render thread/INFO] [net.mcreator.tloa.TloaMod/]: Current Stamina:40.2
[26Jun2025 21:29:48.872] [Render thread/INFO] [net.mcreator.tloa.TloaMod/]: Rounded Stamina40
[26Jun2025 21:29:48.872] [Render thread/INFO] [net.mcreator.tloa.TloaMod/]: Can Stamina:true
[26Jun2025 21:29:48.872] [Render thread/INFO] [net.mcreator.tloa.TloaMod/]: Max Stamina40.0
[26Jun2025 21:29:48.889] [Server thread/INFO] [net.mcreator.tloa.TloaMod/]: Current Stamina:40.2
[26Jun2025 21:29:48.889] [Server thread/INFO] [net.mcreator.tloa.TloaMod/]: Rounded Stamina40
[26Jun2025 21:29:48.889] [Server thread/INFO] [net.mcreator.tloa.TloaMod/]: Can Stamina:true
[26Jun2025 21:29:48.889] [Server thread/INFO] [net.mcreator.tloa.TloaMod/]: Max Stamina40.0
[26Jun2025 21:29:48.919] [Render thread/INFO] [net.mcreator.tloa.TloaMod/]: Current Stamina:40.2
[26Jun2025 21:29:48.920] [Render thread/INFO] [net.mcreator.tloa.TloaMod/]: Rounded Stamina40
[26Jun2025 21:29:48.920] [Render thread/INFO] [net.mcreator.tloa.TloaMod/]: Can Stamina:true
[26Jun2025 21:29:48.920] [Render thread/INFO] [net.mcreator.tloa.TloaMod/]: Max Stamina40.0
[26Jun2025 21:29:48.926] [Server thread/INFO] [net.mcreator.tloa.TloaMod/]: Current Stamina:40.2
[26Jun2025 21:29:48.926] [Server thread/INFO] [net.mcreator.tloa.TloaMod/]: Rounded Stamina40
[26Jun2025 21:29:48.926] [Server thread/INFO] [net.mcreator.tloa.TloaMod/]: Can Stamina:true
[26Jun2025 21:29:48.926] [Server thread/INFO] [net.mcreator.tloa.TloaMod/]: Max Stamina40.0
[26Jun2025 21:29:48.969] [Render thread/INFO] [net.mcreator.tloa.TloaMod/]: Current Stamina:40.2
[26Jun2025 21:29:48.969] [Render thread/INFO] [net.mcreator.tloa.TloaMod/]: Rounded Stamina40
[26Jun2025 21:29:48.969] [Render thread/INFO] [net.mcreator.tloa.TloaMod/]: Can Stamina:true
[26Jun2025 21:29:48.969] [Render thread/INFO] [net.mcreator.tloa.TloaMod/]: Max Stamina40.0
[26Jun2025 21:29:48.976] [Server thread/INFO] [net.mcreator.tloa.TloaMod/]: Current Stamina:40.2
[26Jun2025 21:29:48.976] [Server thread/INFO] [net.mcreator.tloa.TloaMod/]: Rounded Stamina40
[26Jun2025 21:29:48.976] [Server thread/INFO] [net.mcreator.tloa.TloaMod/]: Can Stamina:true
[26Jun2025 21:29:48.976] [Server thread/INFO] [net.mcreator.tloa.TloaMod/]: Max Stamina40.0
[26Jun2025 21:29:49.020] [Render thread/INFO] [net.mcreator.tloa.TloaMod/]: Current Stamina:40.2
[26Jun2025 21:29:49.020] [Render thread/INFO] [net.mcreator.tloa.TloaMod/]: Rounded Stamina40
[26Jun2025 21:29:49.020] [Render thread/INFO] [net.mcreator.tloa.TloaMod/]: Can Stamina:true
[26Jun2025 21:29:49.020] [Render thread/INFO] [net.mcreator.tloa.TloaMod/]: Max Stamina40.0
[26Jun2025 21:29:49.024] [Server thread/INFO] [net.mcreator.tloa.TloaMod/]: Current Stamina:40.2
[26Jun2025 21:29:49.025] [Server thread/INFO] [net.mcreator.tloa.TloaMod/]: Rounded Stamina40
[26Jun2025 21:29:49.025] [Server thread/INFO] [net.mcreator.tloa.TloaMod/]: Can Stamina:true
[26Jun2025 21:29:49.025] [Server thread/INFO] [net.mcreator.tloa.TloaMod/]: Max Stamina40.0
[26Jun2025 21:29:49.070] [Render thread/INFO] [net.mcreator.tloa.TloaMod/]: Current Stamina:39.7
[26Jun2025 21:29:49.071] [Render thread/INFO] [net.mcreator.tloa.TloaMod/]: Rounded Stamina40
[26Jun2025 21:29:49.071] [Render thread/INFO] [net.mcreator.tloa.TloaMod/]: Can Stamina:true
[26Jun2025 21:29:49.071] [Render thread/INFO] [net.mcreator.tloa.TloaMod/]: Max Stamina40.0
[26Jun2025 21:29:49.076] [Server thread/INFO] [net.mcreator.tloa.TloaMod/]: Current Stamina:40.2
[26Jun2025 21:29:49.076] [Server thread/INFO] [net.mcreator.tloa.TloaMod/]: Rounded Stamina40
[26Jun2025 21:29:49.076] [Server thread/INFO] [net.mcreator.tloa.TloaMod/]: Can Stamina:true
[26Jun2025 21:29:49.076] [Server thread/INFO] [net.mcreator.tloa.TloaMod/]: Max Stamina40.0
[26Jun2025 21:29:49.119] [Render thread/INFO] [net.mcreator.tloa.TloaMod/]: Current Stamina:39.7
[26Jun2025 21:29:49.119] [Render thread/INFO] [net.mcreator.tloa.TloaMod/]: Rounded Stamina40
[26Jun2025 21:29:49.119] [Render thread/INFO] [net.mcreator.tloa.TloaMod/]: Can Stamina:true
[26Jun2025 21:29:49.119] [Render thread/INFO] [net.mcreator.tloa.TloaMod/]: Max Stamina40.0
[26Jun2025 21:29:49.127] [Server thread/INFO] [net.mcreator.tloa.TloaMod/]: Current Stamina:39.7
[26Jun2025 21:29:49.127] [Server thread/INFO] [net.mcreator.tloa.TloaMod/]: Rounded Stamina40
[26Jun2025 21:29:49.128] [Server thread/INFO] [net.mcreator.tloa.TloaMod/]: Can Stamina:true
[26Jun2025 21:29:49.128] [Server thread/INFO] [net.mcreator.tloa.TloaMod/]: Max Stamina40.0
[26Jun2025 21:29:49.169] [Render thread/INFO] [net.mcreator.tloa.TloaMod/]: Current Stamina:39.2
[26Jun2025 21:29:49.169] [Render thread/INFO] [net.mcreator.tloa.TloaMod/]: Rounded Stamina39
[26Jun2025 21:29:49.169] [Render thread/INFO] [net.mcreator.tloa.TloaMod/]: Can Stamina:true
[26Jun2025 21:29:49.169] [Render thread/INFO] [net.mcreator.tloa.TloaMod/]: Max Stamina40.0
[26Jun2025 21:29:49.174] [Server thread/INFO] [net.mcreator.tloa.TloaMod/]: Current Stamina:39.2
[26Jun2025 21:29:49.175] [Server thread/INFO] [net.mcreator.tloa.TloaMod/]: Rounded Stamina39
[26Jun2025 21:29:49.175] [Server thread/INFO] [net.mcreator.tloa.TloaMod/]: Can Stamina:true
[26Jun2025 21:29:49.175] [Server thread/INFO] [net.mcreator.tloa.TloaMod/]: Max Stamina40.0
[26Jun2025 21:29:49.220] [Render thread/INFO] [net.mcreator.tloa.TloaMod/]: Current Stamina:38.7
[26Jun2025 21:29:49.220] [Render thread/INFO] [net.mcreator.tloa.TloaMod/]: Rounded Stamina39
[26Jun2025 21:29:49.220] [Render thread/INFO] [net.mcreator.tloa.TloaMod/]: Can Stamina:true
[26Jun2025 21:29:49.220] [Render thread/INFO] [net.mcreator.tloa.TloaMod/]: Max Stamina40.0
[26Jun2025 21:29:49.227] [Server thread/INFO] [net.mcreator.tloa.TloaMod/]: Current Stamina:38.7
[26Jun2025 21:29:49.228] [Server thread/INFO] [net.mcreator.tloa.TloaMod/]: Rounded Stamina39
[26Jun2025 21:29:49.228] [Server thread/INFO] [net.mcreator.tloa.TloaMod/]: Can Stamina:true
[26Jun2025 21:29:49.228] [Server thread/INFO] [net.mcreator.tloa.TloaMod/]: Max Stamina40.0
[26Jun2025 21:29:49.269] [Render thread/INFO] [net.mcreator.tloa.TloaMod/]: Current Stamina:38.2
[26Jun2025 21:29:49.270] [Render thread/INFO] [net.mcreator.tloa.TloaMod/]: Rounded Stamina38
[26Jun2025 21:29:49.270] [Render thread/INFO] [net.mcreator.tloa.TloaMod/]: Can Stamina:true
[26Jun2025 21:29:49.270] [Render thread/INFO] [net.mcreator.tloa.TloaMod/]: Max Stamina40.0
[26Jun2025 21:29:49.278] [Server thread/INFO] [net.mcreator.tloa.TloaMod/]: Current Stamina:38.2
[26Jun2025 21:29:49.278] [Server thread/INFO] [net.mcreator.tloa.TloaMod/]: Rounded Stamina38
[26Jun2025 21:29:49.278] [Server thread/INFO] [net.mcreator.tloa.TloaMod/]: Can Stamina:true
[26Jun2025 21:29:49.278] [Server thread/INFO] [net.mcreator.tloa.TloaMod/]: Max Stamina40.0
[26Jun2025 21:29:49.321] [Render thread/INFO] [net.mcreator.tloa.TloaMod/]: Current Stamina:37.7
[26Jun2025 21:29:49.321] [Render thread/INFO] [net.mcreator.tloa.TloaMod/]: Rounded Stamina38
[26Jun2025 21:29:49.321] [Render thread/INFO] [net.mcreator.tloa.TloaMod/]: Can Stamina:true
[26Jun2025 21:29:49.321] [Render thread/INFO] [net.mcreator.tloa.TloaMod/]: Max Stamina40.0
[26Jun2025 21:29:49.326] [Server thread/INFO] [net.mcreator.tloa.TloaMod/]: Current Stamina:37.7
[26Jun2025 21:29:49.327] [Server thread/INFO] [net.mcreator.tloa.TloaMod/]: Rounded Stamina38
[26Jun2025 21:29:49.327] [Server thread/INFO] [net.mcreator.tloa.TloaMod/]: Can Stamina:true
[26Jun2025 21:29:49.327] [Server thread/INFO] [net.mcreator.tloa.TloaMod/]: Max Stamina40.0
[26Jun2025 21:29:49.369] [Render thread/INFO] [net.mcreator.tloa.TloaMod/]: Current Stamina:37.2
[26Jun2025 21:29:49.369] [Render thread/INFO] [net.mcreator.tloa.TloaMod/]: Rounded Stamina37
[26Jun2025 21:29:49.369] [Render thread/INFO] [net.mcreator.tloa.TloaMod/]: Can Stamina:true
[26Jun2025 21:29:49.369] [Render thread/INFO] [net.mcreator.tloa.TloaMod/]: Max Stamina40.0
[26Jun2025 21:29:49.376] [Server thread/INFO] [net.mcreator.tloa.TloaMod/]: Current Stamina:37.2
[26Jun2025 21:29:49.376] [Server thread/INFO] [net.mcreator.tloa.TloaMod/]: Rounded Stamina37
[26Jun2025 21:29:49.376] [Server thread/INFO] [net.mcreator.tloa.TloaMod/]: Can Stamina:true
[26Jun2025 21:29:49.376] [Server thread/INFO] [net.mcreator.tloa.TloaMod/]: Max Stamina40.0
[26Jun2025 21:29:49.420] [Render thread/INFO] [net.mcreator.tloa.TloaMod/]: Current Stamina:36.7
[26Jun2025 21:29:49.420] [Render thread/INFO] [net.mcreator.tloa.TloaMod/]: Rounded Stamina37
[26Jun2025 21:29:49.420] [Render thread/INFO] [net.mcreator.tloa.TloaMod/]: Can Stamina:true
[26Jun2025 21:29:49.420] [Render thread/INFO] [net.mcreator.tloa.TloaMod/]: Max Stamina40.0
[26Jun2025 21:29:49.428] [Server thread/INFO] [net.mcreator.tloa.TloaMod/]: Current Stamina:36.7
[26Jun2025 21:29:49.428] [Server thread/INFO] [net.mcreator.tloa.TloaMod/]: Rounded Stamina37
[26Jun2025 21:29:49.428] [Server thread/INFO] [net.mcreator.tloa.TloaMod/]: Can Stamina:true
[26Jun2025 21:29:49.428] [Server thread/INFO] [net.mcreator.tloa.TloaMod/]: Max Stamina40.0
[26Jun2025 21:29:49.469] [Render thread/INFO] [net.mcreator.tloa.TloaMod/]: Current Stamina:36.2
[26Jun2025 21:29:49.470] [Render thread/INFO] [net.mcreator.tloa.TloaMod/]: Rounded Stamina36
[26Jun2025 21:29:49.470] [Render thread/INFO] [net.mcreator.tloa.TloaMod/]: Can Stamina:true
[26Jun2025 21:29:49.470] [Render thread/INFO] [net.mcreator.tloa.TloaMod/]: Max Stamina40.0
[26Jun2025 21:29:49.475] [Server thread/INFO] [net.mcreator.tloa.TloaMod/]: Current Stamina:36.2
[26Jun2025 21:29:49.475] [Server thread/INFO] [net.mcreator.tloa.TloaMod/]: Rounded Stamina36
[26Jun2025 21:29:49.475] [Server thread/INFO] [net.mcreator.tloa.TloaMod/]: Can Stamina:true
[26Jun2025 21:29:49.475] [Server thread/INFO] [net.mcreator.tloa.TloaMod/]: Max Stamina40.0
[26Jun2025 21:29:49.520] [Render thread/INFO] [net.mcreator.tloa.TloaMod/]: Current Stamina:35.7
[26Jun2025 21:29:49.520] [Render thread/INFO] [net.mcreator.tloa.TloaMod/]: Rounded Stamina36
[26Jun2025 21:29:49.520] [Render thread/INFO] [net.mcreator.tloa.TloaMod/]: Can Stamina:true
[26Jun2025 21:29:49.520] [Render thread/INFO] [net.mcreator.tloa.TloaMod/]: Max Stamina40.0
[26Jun2025 21:29:49.526] [Server thread/INFO] [net.mcreator.tloa.TloaMod/]: Current Stamina:35.7
[26Jun2025 21:29:49.526] [Server thread/INFO] [net.mcreator.tloa.TloaMod/]: Rounded Stamina36
[26Jun2025 21:29:49.526] [Server thread/INFO] [net.mcreator.tloa.TloaMod/]: Can Stamina:true
[26Jun2025 21:29:49.526] [Server thread/INFO] [net.mcreator.tloa.TloaMod/]: Max Stamina40.0
[26Jun2025 21:29:49.570] [Render thread/INFO] [net.mcreator.tloa.TloaMod/]: Current Stamina:35.2
[26Jun2025 21:29:49.571] [Render thread/INFO] [net.mcreator.tloa.TloaMod/]: Rounded Stamina35
[26Jun2025 21:29:49.571] [Render thread/INFO] [net.mcreator.tloa.TloaMod/]: Can Stamina:true
[26Jun2025 21:29:49.571] [Render thread/INFO] [net.mcreator.tloa.TloaMod/]: Max Stamina40.0
[26Jun2025 21:29:49.575] [Server thread/INFO] [net.mcreator.tloa.TloaMod/]: Current Stamina:35.2
[26Jun2025 21:29:49.575] [Server thread/INFO] [net.mcreator.tloa.TloaMod/]: Rounded Stamina35
[26Jun2025 21:29:49.575] [Server thread/INFO] [net.mcreator.tloa.TloaMod/]: Can Stamina:true
[26Jun2025 21:29:49.575] [Server thread/INFO] [net.mcreator.tloa.TloaMod/]: Max Stamina40.0
[26Jun2025 21:29:49.619] [Render thread/INFO] [net.mcreator.tloa.TloaMod/]: Current Stamina:34.7
[26Jun2025 21:29:49.619] [Render thread/INFO] [net.mcreator.tloa.TloaMod/]: Rounded Stamina35
[26Jun2025 21:29:49.619] [Render thread/INFO] [net.mcreator.tloa.TloaMod/]: Can Stamina:true
[26Jun2025 21:29:49.619] [Render thread/INFO] [net.mcreator.tloa.TloaMod/]: Max Stamina40.0
[26Jun2025 21:29:49.624] [Server thread/INFO] [net.mcreator.tloa.TloaMod/]: Current Stamina:34.7
[26Jun2025 21:29:49.625] [Server thread/INFO] [net.mcreator.tloa.TloaMod/]: Rounded Stamina35
[26Jun2025 21:29:49.625] [Server thread/INFO] [net.mcreator.tloa.TloaMod/]: Can Stamina:true
[26Jun2025 21:29:49.625] [Server thread/INFO] [net.mcreator.tloa.TloaMod/]: Max Stamina40.0
[26Jun2025 21:29:49.671] [Render thread/INFO] [net.mcreator.tloa.TloaMod/]: Current Stamina:34.2
[26Jun2025 21:29:49.671] [Render thread/INFO] [net.mcreator.tloa.TloaMod/]: Rounded Stamina34
[26Jun2025 21:29:49.671] [Render thread/INFO] [net.mcreator.tloa.TloaMod/]: Can Stamina:true
[26Jun2025 21:29:49.671] [Render thread/INFO] [net.mcreator.tloa.TloaMod/]: Max Stamina40.0
[26Jun2025 21:29:49.675] [Server thread/INFO] [net.mcreator.tloa.TloaMod/]: Current Stamina:34.2
[26Jun2025 21:29:49.675] [Server thread/INFO] [net.mcreator.tloa.TloaMod/]: Rounded Stamina34
[26Jun2025 21:29:49.675] [Server thread/INFO] [net.mcreator.tloa.TloaMod/]: Can Stamina:true
[26Jun2025 21:29:49.675] [Server thread/INFO] [net.mcreator.tloa.TloaMod/]: Max Stamina40.0
[26Jun2025 21:29:49.720] [Render thread/INFO] [net.mcreator.tloa.TloaMod/]: Current Stamina:33.7
[26Jun2025 21:29:49.721] [Render thread/INFO] [net.mcreator.tloa.TloaMod/]: Rounded Stamina34
[26Jun2025 21:29:49.721] [Render thread/INFO] [net.mcreator.tloa.TloaMod/]: Can Stamina:true
[26Jun2025 21:29:49.721] [Render thread/INFO] [net.mcreator.tloa.TloaMod/]: Max Stamina40.0
[26Jun2025 21:29:49.730] [Server thread/INFO] [net.mcreator.tloa.TloaMod/]: Current Stamina:34.7
[26Jun2025 21:29:49.730] [Server thread/INFO] [net.mcreator.tloa.TloaMod/]: Rounded Stamina35
[26Jun2025 21:29:49.730] [Server thread/INFO] [net.mcreator.tloa.TloaMod/]: Can Stamina:true
[26Jun2025 21:29:49.730] [Server thread/INFO] [net.mcreator.tloa.TloaMod/]: Max Stamina40.0
[26Jun2025 21:29:49.770] [Render thread/INFO] [net.mcreator.tloa.TloaMod/]: Current Stamina:35.2
[26Jun2025 21:29:49.770] [Render thread/INFO] [net.mcreator.tloa.TloaMod/]: Rounded Stamina35
[26Jun2025 21:29:49.770] [Render thread/INFO] [net.mcreator.tloa.TloaMod/]: Can Stamina:true
[26Jun2025 21:29:49.770] [Render thread/INFO] [net.mcreator.tloa.TloaMod/]: Max Stamina40.0
[26Jun2025 21:29:49.780] [Server thread/INFO] [net.mcreator.tloa.TloaMod/]: Current Stamina:35.2
[26Jun2025 21:29:49.780] [Server thread/INFO] [net.mcreator.tloa.TloaMod/]: Rounded Stamina35
[26Jun2025 21:29:49.780] [Server thread/INFO] [net.mcreator.tloa.TloaMod/]: Can Stamina:true
[26Jun2025 21:29:49.780] [Server thread/INFO] [net.mcreator.tloa.TloaMod/]: Max Stamina40.0
[26Jun2025 21:29:49.818] [Render thread/INFO] [net.mcreator.tloa.TloaMod/]: Current Stamina:35.7
[26Jun2025 21:29:49.819] [Render thread/INFO] [net.mcreator.tloa.TloaMod/]: Rounded Stamina36
[26Jun2025 21:29:49.819] [Render thread/INFO] [net.mcreator.tloa.TloaMod/]: Can Stamina:true
[26Jun2025 21:29:49.819] [Render thread/INFO] [net.mcreator.tloa.TloaMod/]: Max Stamina40.0
[26Jun2025 21:29:49.840] [Server thread/INFO] [net.mcreator.tloa.TloaMod/]: Current Stamina:35.7
[26Jun2025 21:29:49.841] [Server thread/INFO] [net.mcreator.tloa.TloaMod/]: Rounded Stamina36
[26Jun2025 21:29:49.841] [Server thread/INFO] [net.mcreator.tloa.TloaMod/]: Can Stamina:true
[26Jun2025 21:29:49.841] [Server thread/INFO] [net.mcreator.tloa.TloaMod/]: Max Stamina40.0
[26Jun2025 21:29:49.870] [Render thread/INFO] [net.mcreator.tloa.TloaMod/]: Current Stamina:36.2
[26Jun2025 21:29:49.870] [Render thread/INFO] [net.mcreator.tloa.TloaMod/]: Rounded Stamina36
[26Jun2025 21:29:49.870] [Render thread/INFO] [net.mcreator.tloa.TloaMod/]: Can Stamina:true
[26Jun2025 21:29:49.870] [Render thread/INFO] [net.mcreator.tloa.TloaMod/]: Max Stamina40.0
[26Jun2025 21:29:49.877] [Server thread/INFO] [net.mcreator.tloa.TloaMod/]: Current Stamina:36.2
[26Jun2025 21:29:49.877] [Server thread/INFO] [net.mcreator.tloa.TloaMod/]: Rounded Stamina36
[26Jun2025 21:29:49.877] [Server thread/INFO] [net.mcreator.tloa.TloaMod/]: Can Stamina:true
[26Jun2025 21:29:49.877] [Server thread/INFO] [net.mcreator.tloa.TloaMod/]: Max Stamina40.0
[26Jun2025 21:29:49.919] [Render thread/INFO] [net.mcreator.tloa.TloaMod/]: Current Stamina:36.7
[26Jun2025 21:29:49.920] [Render thread/INFO] [net.mcreator.tloa.TloaMod/]: Rounded Stamina37
[26Jun2025 21:29:49.920] [Render thread/INFO] [net.mcreator.tloa.TloaMod/]: Can Stamina:true
[26Jun2025 21:29:49.920] [Render thread/INFO] [net.mcreator.tloa.TloaMod/]: Max Stamina40.0
[26Jun2025 21:29:49.929] [Server thread/INFO] [net.mcreator.tloa.TloaMod/]: Current Stamina:36.7
[26Jun2025 21:29:49.929] [Server thread/INFO] [net.mcreator.tloa.TloaMod/]: Rounded Stamina37
[26Jun2025 21:29:49.929] [Server thread/INFO] [net.mcreator.tloa.TloaMod/]: Can Stamina:true
[26Jun2025 21:29:49.929] [Server thread/INFO] [net.mcreator.tloa.TloaMod/]: Max Stamina40.0
[26Jun2025 21:29:49.968] [Render thread/INFO] [net.mcreator.tloa.TloaMod/]: Current Stamina:37.2
[26Jun2025 21:29:49.968] [Render thread/INFO] [net.mcreator.tloa.TloaMod/]: Rounded Stamina37
[26Jun2025 21:29:49.968] [Render thread/INFO] [net.mcreator.tloa.TloaMod/]: Can Stamina:true
[26Jun2025 21:29:49.968] [Render thread/INFO] [net.mcreator.tloa.TloaMod/]: Max Stamina40.0
[26Jun2025 21:29:49.974] [Server thread/INFO] [net.mcreator.tloa.TloaMod/]: Current Stamina:37.2
[26Jun2025 21:29:49.974] [Server thread/INFO] [net.mcreator.tloa.TloaMod/]: Rounded Stamina37
[26Jun2025 21:29:49.975] [Server thread/INFO] [net.mcreator.tloa.TloaMod/]: Can Stamina:true
[26Jun2025 21:29:49.975] [Server thread/INFO] [net.mcreator.tloa.TloaMod/]: Max Stamina40.0
[26Jun2025 21:29:50.019] [Render thread/INFO] [net.mcreator.tloa.TloaMod/]: Current Stamina:37.7
[26Jun2025 21:29:50.019] [Render thread/INFO] [net.mcreator.tloa.TloaMod/]: Rounded Stamina38
[26Jun2025 21:29:50.019] [Render thread/INFO] [net.mcreator.tloa.TloaMod/]: Can Stamina:true
[26Jun2025 21:29:50.019] [Render thread/INFO] [net.mcreator.tloa.TloaMod/]: Max Stamina40.0
[26Jun2025 21:29:50.024] [Server thread/INFO] [net.mcreator.tloa.TloaMod/]: Current Stamina:37.7
[26Jun2025 21:29:50.024] [Server thread/INFO] [net.mcreator.tloa.TloaMod/]: Rounded Stamina38
[26Jun2025 21:29:50.024] [Server thread/INFO] [net.mcreator.tloa.TloaMod/]: Can Stamina:true
[26Jun2025 21:29:50.024] [Server thread/INFO] [net.mcreator.tloa.TloaMod/]: Max Stamina40.0
[26Jun2025 21:29:50.074] [Render thread/INFO] [net.mcreator.tloa.TloaMod/]: Current Stamina:38.2
[26Jun2025 21:29:50.074] [Server thread/INFO] [net.mcreator.tloa.TloaMod/]: Current Stamina:38.2
[26Jun2025 21:29:50.074] [Render thread/INFO] [net.mcreator.tloa.TloaMod/]: Rounded Stamina38
[26Jun2025 21:29:50.074] [Server thread/INFO] [net.mcreator.tloa.TloaMod/]: Rounded Stamina38
[26Jun2025 21:29:50.074] [Render thread/INFO] [net.mcreator.tloa.TloaMod/]: Can Stamina:true
[26Jun2025 21:29:50.074] [Server thread/INFO] [net.mcreator.tloa.TloaMod/]: Can Stamina:true
[26Jun2025 21:29:50.074] [Render thread/INFO] [net.mcreator.tloa.TloaMod/]: Max Stamina40.0
[26Jun2025 21:29:50.074] [Server thread/INFO] [net.mcreator.tloa.TloaMod/]: Max Stamina40.0
[26Jun2025 21:29:50.118] [Render thread/INFO] [net.mcreator.tloa.TloaMod/]: Current Stamina:38.7
[26Jun2025 21:29:50.119] [Render thread/INFO] [net.mcreator.tloa.TloaMod/]: Rounded Stamina39
[26Jun2025 21:29:50.119] [Render thread/INFO] [net.mcreator.tloa.TloaMod/]: Can Stamina:true
[26Jun2025 21:29:50.119] [Render thread/INFO] [net.mcreator.tloa.TloaMod/]: Max Stamina40.0
[26Jun2025 21:29:50.128] [Server thread/INFO] [net.mcreator.tloa.TloaMod/]: Current Stamina:38.7
[26Jun2025 21:29:50.128] [Server thread/INFO] [net.mcreator.tloa.TloaMod/]: Rounded Stamina39
[26Jun2025 21:29:50.128] [Server thread/INFO] [net.mcreator.tloa.TloaMod/]: Can Stamina:true
[26Jun2025 21:29:50.128] [Server thread/INFO] [net.mcreator.tloa.TloaMod/]: Max Stamina40.0
[26Jun2025 21:29:50.169] [Render thread/INFO] [net.mcreator.tloa.TloaMod/]: Current Stamina:39.2
[26Jun2025 21:29:50.169] [Render thread/INFO] [net.mcreator.tloa.TloaMod/]: Rounded Stamina39
[26Jun2025 21:29:50.169] [Render thread/INFO] [net.mcreator.tloa.TloaMod/]: Can Stamina:true
[26Jun2025 21:29:50.169] [Render thread/INFO] [net.mcreator.tloa.TloaMod/]: Max Stamina40.0
[26Jun2025 21:29:50.179] [Server thread/INFO] [net.mcreator.tloa.TloaMod/]: Current Stamina:39.2
[26Jun2025 21:29:50.179] [Server thread/INFO] [net.mcreator.tloa.TloaMod/]: Rounded Stamina39
[26Jun2025 21:29:50.179] [Server thread/INFO] [net.mcreator.tloa.TloaMod/]: Can Stamina:true
[26Jun2025 21:29:50.179] [Server thread/INFO] [net.mcreator.tloa.TloaMod/]: Max Stamina40.0
[26Jun2025 21:29:50.221] [Render thread/INFO] [net.mcreator.tloa.TloaMod/]: Current Stamina:39.7
[26Jun2025 21:29:50.221] [Render thread/INFO] [net.mcreator.tloa.TloaMod/]: Rounded Stamina40
[26Jun2025 21:29:50.221] [Render thread/INFO] [net.mcreator.tloa.TloaMod/]: Can Stamina:true
[26Jun2025 21:29:50.221] [Render thread/INFO] [net.mcreator.tloa.TloaMod/]: Max Stamina40.0
[26Jun2025 21:29:50.227] [Server thread/INFO] [net.mcreator.tloa.TloaMod/]: Current Stamina:39.7
[26Jun2025 21:29:50.228] [Server thread/INFO] [net.mcreator.tloa.TloaMod/]: Rounded Stamina40
[26Jun2025 21:29:50.228] [Server thread/INFO] [net.mcreator.tloa.TloaMod/]: Can Stamina:true
[26Jun2025 21:29:50.228] [Server thread/INFO] [net.mcreator.tloa.TloaMod/]: Max Stamina40.0
[26Jun2025 21:29:50.268] [Render thread/INFO] [net.mcreator.tloa.TloaMod/]: Current Stamina:40.2
[26Jun2025 21:29:50.269] [Render thread/INFO] [net.mcreator.tloa.TloaMod/]: Rounded Stamina40
[26Jun2025 21:29:50.269] [Render thread/INFO] [net.mcreator.tloa.TloaMod/]: Can Stamina:true
[26Jun2025 21:29:50.269] [Render thread/INFO] [net.mcreator.tloa.TloaMod/]: Max Stamina40.0
[26Jun2025 21:29:50.274] [Server thread/INFO] [net.mcreator.tloa.TloaMod/]: Current Stamina:40.2
[26Jun2025 21:29:50.275] [Server thread/INFO] [net.mcreator.tloa.TloaMod/]: Rounded Stamina40
[26Jun2025 21:29:50.275] [Server thread/INFO] [net.mcreator.tloa.TloaMod/]: Can Stamina:true
[26Jun2025 21:29:50.275] [Server thread/INFO] [net.mcreator.tloa.TloaMod/]: Max Stamina40.0
[26Jun2025 21:29:50.320] [Render thread/INFO] [net.mcreator.tloa.TloaMod/]: Current Stamina:40.2
[26Jun2025 21:29:50.320] [Render thread/INFO] [net.mcreator.tloa.TloaMod/]: Rounded Stamina40
[26Jun2025 21:29:50.320] [Render thread/INFO] [net.mcreator.tloa.TloaMod/]: Can Stamina:true
[26Jun2025 21:29:50.320] [Render thread/INFO] [net.mcreator.tloa.TloaMod/]: Max Stamina40.0
[26Jun2025 21:29:50.326] [Server thread/INFO] [net.mcreator.tloa.TloaMod/]: Current Stamina:40.2
[26Jun2025 21:29:50.326] [Server thread/INFO] [net.mcreator.tloa.TloaMod/]: Rounded Stamina40
[26Jun2025 21:29:50.326] [Server thread/INFO] [net.mcreator.tloa.TloaMod/]: Can Stamina:true
[26Jun2025 21:29:50.326] [Server thread/INFO] [net.mcreator.tloa.TloaMod/]: Max Stamina40.0
[26Jun2025 21:29:50.369] [Render thread/INFO] [net.mcreator.tloa.TloaMod/]: Current Stamina:40.2
[26Jun2025 21:29:50.369] [Render thread/INFO] [net.mcreator.tloa.TloaMod/]: Rounded Stamina40
[26Jun2025 21:29:50.369] [Render thread/INFO] [net.mcreator.tloa.TloaMod/]: Can Stamina:true
[26Jun2025 21:29:50.369] [Render thread/INFO] [net.mcreator.tloa.TloaMod/]: Max Stamina40.0
[26Jun2025 21:29:50.375] [Server thread/INFO] [net.mcreator.tloa.TloaMod/]: Current Stamina:40.2
[26Jun2025 21:29:50.376] [Server thread/INFO] [net.mcreator.tloa.TloaMod/]: Rounded Stamina40
[26Jun2025 21:29:50.376] [Server thread/INFO] [net.mcreator.tloa.TloaMod/]: Can Stamina:true
[26Jun2025 21:29:50.376] [Server thread/INFO] [net.mcreator.tloa.TloaMod/]: Max Stamina40.0
[26Jun2025 21:29:50.420] [Render thread/INFO] [net.mcreator.tloa.TloaMod/]: Current Stamina:40.2
[26Jun2025 21:29:50.420] [Render thread/INFO] [net.mcreator.tloa.TloaMod/]: Rounded Stamina40
[26Jun2025 21:29:50.420] [Render thread/INFO] [net.mcreator.tloa.TloaMod/]: Can Stamina:true
[26Jun2025 21:29:50.420] [Render thread/INFO] [net.mcreator.tloa.TloaMod/]: Max Stamina40.0
[26Jun2025 21:29:50.425] [Server thread/INFO] [net.mcreator.tloa.TloaMod/]: Current Stamina:40.2
[26Jun2025 21:29:50.425] [Server thread/INFO] [net.mcreator.tloa.TloaMod/]: Rounded Stamina40
[26Jun2025 21:29:50.425] [Server thread/INFO] [net.mcreator.tloa.TloaMod/]: Can Stamina:true
[26Jun2025 21:29:50.425] [Server thread/INFO] [net.mcreator.tloa.TloaMod/]: Max Stamina40.0
[26Jun2025 21:29:50.469] [Render thread/INFO] [net.mcreator.tloa.TloaMod/]: Current Stamina:40.2
[26Jun2025 21:29:50.469] [Render thread/INFO] [net.mcreator.tloa.TloaMod/]: Rounded Stamina40
[26Jun2025 21:29:50.469] [Render thread/INFO] [net.mcreator.tloa.TloaMod/]: Can Stamina:true
[26Jun2025 21:29:50.469] [Render thread/INFO] [net.mcreator.tloa.TloaMod/]: Max Stamina40.0
[26Jun2025 21:29:50.476] [Server thread/INFO] [net.mcreator.tloa.TloaMod/]: Current Stamina:40.2
[26Jun2025 21:29:50.476] [Server thread/INFO] [net.mcreator.tloa.TloaMod/]: Rounded Stamina40
[26Jun2025 21:29:50.476] [Server thread/INFO] [net.mcreator.tloa.TloaMod/]: Can Stamina:true
[26Jun2025 21:29:50.476] [Server thread/INFO] [net.mcreator.tloa.TloaMod/]: Max Stamina40.0
[26Jun2025 21:29:50.519] [Render thread/INFO] [net.mcreator.tloa.TloaMod/]: Current Stamina:40.2
[26Jun2025 21:29:50.520] [Render thread/INFO] [net.mcreator.tloa.TloaMod/]: Rounded Stamina40
[26Jun2025 21:29:50.520] [Render thread/INFO] [net.mcreator.tloa.TloaMod/]: Can Stamina:true
[26Jun2025 21:29:50.520] [Render thread/INFO] [net.mcreator.tloa.TloaMod/]: Max Stamina40.0
[26Jun2025 21:29:50.525] [Server thread/INFO] [net.mcreator.tloa.TloaMod/]: Current Stamina:40.2
[26Jun2025 21:29:50.525] [Server thread/INFO] [net.mcreator.tloa.TloaMod/]: Rounded Stamina40
[26Jun2025 21:29:50.525] [Server thread/INFO] [net.mcreator.tloa.TloaMod/]: Can Stamina:true
[26Jun2025 21:29:50.525] [Server thread/INFO] [net.mcreator.tloa.TloaMod/]: Max Stamina40.0
[26Jun2025 21:29:50.569] [Render thread/INFO] [net.mcreator.tloa.TloaMod/]: Current Stamina:40.2
[26Jun2025 21:29:50.569] [Render thread/INFO] [net.mcreator.tloa.TloaMod/]: Rounded Stamina40
[26Jun2025 21:29:50.569] [Render thread/INFO] [net.mcreator.tloa.TloaMod/]: Can Stamina:true
[26Jun2025 21:29:50.569] [Render thread/INFO] [net.mcreator.tloa.TloaMod/]: Max Stamina40.0
[26Jun2025 21:29:50.577] [Server thread/INFO] [net.mcreator.tloa.TloaMod/]: Current Stamina:40.2
[26Jun2025 21:29:50.577] [Server thread/INFO] [net.mcreator.tloa.TloaMod/]: Rounded Stamina40
[26Jun2025 21:29:50.577] [Server thread/INFO] [net.mcreator.tloa.TloaMod/]: Can Stamina:true
[26Jun2025 21:29:50.577] [Server thread/INFO] [net.mcreator.tloa.TloaMod/]: Max Stamina40.0
[26Jun2025 21:29:50.619] [Render thread/INFO] [net.mcreator.tloa.TloaMod/]: Current Stamina:40.2
[26Jun2025 21:29:50.619] [Render thread/INFO] [net.mcreator.tloa.TloaMod/]: Rounded Stamina40
[26Jun2025 21:29:50.619] [Render thread/INFO] [net.mcreator.tloa.TloaMod/]: Can Stamina:true
[26Jun2025 21:29:50.619] [Render thread/INFO] [net.mcreator.tloa.TloaMod/]: Max Stamina40.0
[26Jun2025 21:29:50.625] [Server thread/INFO] [net.mcreator.tloa.TloaMod/]: Current Stamina:40.2
[26Jun2025 21:29:50.625] [Server thread/INFO] [net.mcreator.tloa.TloaMod/]: Rounded Stamina40
[26Jun2025 21:29:50.625] [Server thread/INFO] [net.mcreator.tloa.TloaMod/]: Can Stamina:true
[26Jun2025 21:29:50.625] [Server thread/INFO] [net.mcreator.tloa.TloaMod/]: Max Stamina40.0
[26Jun2025 21:29:50.668] [Render thread/INFO] [net.mcreator.tloa.TloaMod/]: Current Stamina:40.2
[26Jun2025 21:29:50.668] [Render thread/INFO] [net.mcreator.tloa.TloaMod/]: Rounded Stamina40
[26Jun2025 21:29:50.668] [Render thread/INFO] [net.mcreator.tloa.TloaMod/]: Can Stamina:true
[26Jun2025 21:29:50.668] [Render thread/INFO] [net.mcreator.tloa.TloaMod/]: Max Stamina40.0
[26Jun2025 21:29:50.676] [Server thread/INFO] [net.mcreator.tloa.TloaMod/]: Current Stamina:40.2
[26Jun2025 21:29:50.676] [Server thread/INFO] [net.mcreator.tloa.TloaMod/]: Rounded Stamina40
[26Jun2025 21:29:50.676] [Server thread/INFO] [net.mcreator.tloa.TloaMod/]: Can Stamina:true
[26Jun2025 21:29:50.677] [Server thread/INFO] [net.mcreator.tloa.TloaMod/]: Max Stamina40.0
[26Jun2025 21:29:50.719] [Render thread/INFO] [net.mcreator.tloa.TloaMod/]: Current Stamina:40.2
[26Jun2025 21:29:50.719] [Render thread/INFO] [net.mcreator.tloa.TloaMod/]: Rounded Stamina40
[26Jun2025 21:29:50.719] [Render thread/INFO] [net.mcreator.tloa.TloaMod/]: Can Stamina:true
[26Jun2025 21:29:50.719] [Render thread/INFO] [net.mcreator.tloa.TloaMod/]: Max Stamina40.0
[26Jun2025 21:29:50.730] [Server thread/INFO] [net.mcreator.tloa.TloaMod/]: Current Stamina:40.2
[26Jun2025 21:29:50.730] [Server thread/INFO] [net.mcreator.tloa.TloaMod/]: Rounded Stamina40
[26Jun2025 21:29:50.730] [Server thread/INFO] [net.mcreator.tloa.TloaMod/]: Can Stamina:true
[26Jun2025 21:29:50.730] [Server thread/INFO] [net.mcreator.tloa.TloaMod/]: Max Stamina40.0
[26Jun2025 21:29:50.770] [Render thread/INFO] [net.mcreator.tloa.TloaMod/]: Current Stamina:40.2
[26Jun2025 21:29:50.770] [Render thread/INFO] [net.mcreator.tloa.TloaMod/]: Rounded Stamina40
[26Jun2025 21:29:50.771] [Render thread/INFO] [net.mcreator.tloa.TloaMod/]: Can Stamina:true
[26Jun2025 21:29:50.771] [Render thread/INFO] [net.mcreator.tloa.TloaMod/]: Max Stamina40.0
[26Jun2025 21:29:50.777] [Server thread/INFO] [net.mcreator.tloa.TloaMod/]: Current Stamina:40.2
[26Jun2025 21:29:50.777] [Server thread/INFO] [net.mcreator.tloa.TloaMod/]: Rounded Stamina40
[26Jun2025 21:29:50.777] [Server thread/INFO] [net.mcreator.tloa.TloaMod/]: Can Stamina:true
[26Jun2025 21:29:50.777] [Server thread/INFO] [net.mcreator.tloa.TloaMod/]: Max Stamina40.0
[26Jun2025 21:29:50.818] [Render thread/INFO] [net.mcreator.tloa.TloaMod/]: Current Stamina:40.2
[26Jun2025 21:29:50.819] [Render thread/INFO] [net.mcreator.tloa.TloaMod/]: Rounded Stamina40
[26Jun2025 21:29:50.819] [Render thread/INFO] [net.mcreator.tloa.TloaMod/]: Can Stamina:true
[26Jun2025 21:29:50.819] [Render thread/INFO] [net.mcreator.tloa.TloaMod/]: Max Stamina40.0
[26Jun2025 21:29:50.829] [Server thread/INFO] [net.mcreator.tloa.TloaMod/]: Current Stamina:40.2
[26Jun2025 21:29:50.830] [Server thread/INFO] [net.mcreator.tloa.TloaMod/]: Rounded Stamina40
[26Jun2025 21:29:50.830] [Server thread/INFO] [net.mcreator.tloa.TloaMod/]: Can Stamina:true
[26Jun2025 21:29:50.830] [Server thread/INFO] [net.mcreator.tloa.TloaMod/]: Max Stamina40.0
[26Jun2025 21:29:50.870] [Render thread/INFO] [net.mcreator.tloa.TloaMod/]: Current Stamina:40.2
[26Jun2025 21:29:50.870] [Render thread/INFO] [net.mcreator.tloa.TloaMod/]: Rounded Stamina40
[26Jun2025 21:29:50.870] [Render thread/INFO] [net.mcreator.tloa.TloaMod/]: Can Stamina:true
[26Jun2025 21:29:50.870] [Render thread/INFO] [net.mcreator.tloa.TloaMod/]: Max Stamina40.0
[26Jun2025 21:29:50.876] [Server thread/INFO] [net.mcreator.tloa.TloaMod/]: Current Stamina:40.2
[26Jun2025 21:29:50.876] [Server thread/INFO] [net.mcreator.tloa.TloaMod/]: Rounded Stamina40
[26Jun2025 21:29:50.876] [Server thread/INFO] [net.mcreator.tloa.TloaMod/]: Can Stamina:true
[26Jun2025 21:29:50.876] [Server thread/INFO] [net.mcreator.tloa.TloaMod/]: Max Stamina40.0
[26Jun2025 21:29:50.919] [Render thread/INFO] [net.mcreator.tloa.TloaMod/]: Current Stamina:40.2
[26Jun2025 21:29:50.919] [Render thread/INFO] [net.mcreator.tloa.TloaMod/]: Rounded Stamina40
[26Jun2025 21:29:50.919] [Render thread/INFO] [net.mcreator.tloa.TloaMod/]: Can Stamina:true
[26Jun2025 21:29:50.919] [Render thread/INFO] [net.mcreator.tloa.TloaMod/]: Max Stamina40.0
[26Jun2025 21:29:50.925] [Server thread/INFO] [net.mcreator.tloa.TloaMod/]: Current Stamina:40.2
[26Jun2025 21:29:50.925] [Server thread/INFO] [net.mcreator.tloa.TloaMod/]: Rounded Stamina40
[26Jun2025 21:29:50.925] [Server thread/INFO] [net.mcreator.tloa.TloaMod/]: Can Stamina:true
[26Jun2025 21:29:50.925] [Server thread/INFO] [net.mcreator.tloa.TloaMod/]: Max Stamina40.0
[26Jun2025 21:29:50.969] [Render thread/INFO] [net.mcreator.tloa.TloaMod/]: Current Stamina:40.2
[26Jun2025 21:29:50.970] [Render thread/INFO] [net.mcreator.tloa.TloaMod/]: Rounded Stamina40
[26Jun2025 21:29:50.970] [Render thread/INFO] [net.mcreator.tloa.TloaMod/]: Can Stamina:true
[26Jun2025 21:29:50.970] [Render thread/INFO] [net.mcreator.tloa.TloaMod/]: Max Stamina40.0
[26Jun2025 21:29:50.977] [Server thread/INFO] [net.mcreator.tloa.TloaMod/]: Current Stamina:40.2
[26Jun2025 21:29:50.977] [Server thread/INFO] [net.mcreator.tloa.TloaMod/]: Rounded Stamina40
[26Jun2025 21:29:50.977] [Server thread/INFO] [net.mcreator.tloa.TloaMod/]: Can Stamina:true
[26Jun2025 21:29:50.977] [Server thread/INFO] [net.mcreator.tloa.TloaMod/]: Max Stamina40.0
[26Jun2025 21:29:51.020] [Render thread/INFO] [net.mcreator.tloa.TloaMod/]: Current Stamina:40.2
[26Jun2025 21:29:51.020] [Render thread/INFO] [net.mcreator.tloa.TloaMod/]: Rounded Stamina40
[26Jun2025 21:29:51.020] [Render thread/INFO] [net.mcreator.tloa.TloaMod/]: Can Stamina:true
[26Jun2025 21:29:51.020] [Render thread/INFO] [net.mcreator.tloa.TloaMod/]: Max Stamina40.0
[26Jun2025 21:29:51.027] [Server thread/INFO] [net.mcreator.tloa.TloaMod/]: Current Stamina:40.2
[26Jun2025 21:29:51.027] [Server thread/INFO] [net.mcreator.tloa.TloaMod/]: Rounded Stamina40
[26Jun2025 21:29:51.027] [Server thread/INFO] [net.mcreator.tloa.TloaMod/]: Can Stamina:true
[26Jun2025 21:29:51.027] [Server thread/INFO] [net.mcreator.tloa.TloaMod/]: Max Stamina40.0
[26Jun2025 21:29:51.070] [Render thread/INFO] [net.mcreator.tloa.TloaMod/]: Current Stamina:40.2
[26Jun2025 21:29:51.070] [Render thread/INFO] [net.mcreator.tloa.TloaMod/]: Rounded Stamina40
[26Jun2025 21:29:51.070] [Render thread/INFO] [net.mcreator.tloa.TloaMod/]: Can Stamina:true
[26Jun2025 21:29:51.070] [Render thread/INFO] [net.mcreator.tloa.TloaMod/]: Max Stamina40.0
[26Jun2025 21:29:51.076] [Server thread/INFO] [net.mcreator.tloa.TloaMod/]: Current Stamina:40.2
[26Jun2025 21:29:51.076] [Server thread/INFO] [net.mcreator.tloa.TloaMod/]: Rounded Stamina40
[26Jun2025 21:29:51.076] [Server thread/INFO] [net.mcreator.tloa.TloaMod/]: Can Stamina:true
[26Jun2025 21:29:51.076] [Server thread/INFO] [net.mcreator.tloa.TloaMod/]: Max Stamina40.0
[26Jun2025 21:29:51.120] [Render thread/INFO] [net.mcreator.tloa.TloaMod/]: Current Stamina:40.2
[26Jun2025 21:29:51.121] [Render thread/INFO] [net.mcreator.tloa.TloaMod/]: Rounded Stamina40
[26Jun2025 21:29:51.121] [Render thread/INFO] [net.mcreator.tloa.TloaMod/]: Can Stamina:true
[26Jun2025 21:29:51.121] [Render thread/INFO] [net.mcreator.tloa.TloaMod/]: Max Stamina40.0
[26Jun2025 21:29:51.127] [Server thread/INFO] [net.mcreator.tloa.TloaMod/]: Current Stamina:40.2
[26Jun2025 21:29:51.127] [Server thread/INFO] [net.mcreator.tloa.TloaMod/]: Rounded Stamina40
[26Jun2025 21:29:51.127] [Server thread/INFO] [net.mcreator.tloa.TloaMod/]: Can Stamina:true
[26Jun2025 21:29:51.127] [Server thread/INFO] [net.mcreator.tloa.TloaMod/]: Max Stamina40.0
[26Jun2025 21:29:51.169] [Render thread/INFO] [net.mcreator.tloa.TloaMod/]: Current Stamina:40.2
[26Jun2025 21:29:51.169] [Render thread/INFO] [net.mcreator.tloa.TloaMod/]: Rounded Stamina40
[26Jun2025 21:29:51.169] [Render thread/INFO] [net.mcreator.tloa.TloaMod/]: Can Stamina:true
[26Jun2025 21:29:51.169] [Render thread/INFO] [net.mcreator.tloa.TloaMod/]: Max Stamina40.0
[26Jun2025 21:29:51.175] [Server thread/INFO] [net.mcreator.tloa.TloaMod/]: Current Stamina:40.2
[26Jun2025 21:29:51.175] [Server thread/INFO] [net.mcreator.tloa.TloaMod/]: Rounded Stamina40
[26Jun2025 21:29:51.175] [Server thread/INFO] [net.mcreator.tloa.TloaMod/]: Can Stamina:true
[26Jun2025 21:29:51.175] [Server thread/INFO] [net.mcreator.tloa.TloaMod/]: Max Stamina40.0
[26Jun2025 21:29:51.220] [Render thread/INFO] [net.mcreator.tloa.TloaMod/]: Current Stamina:40.2
[26Jun2025 21:29:51.221] [Render thread/INFO] [net.mcreator.tloa.TloaMod/]: Rounded Stamina40
[26Jun2025 21:29:51.221] [Render thread/INFO] [net.mcreator.tloa.TloaMod/]: Can Stamina:true
[26Jun2025 21:29:51.221] [Render thread/INFO] [net.mcreator.tloa.TloaMod/]: Max Stamina40.0
[26Jun2025 21:29:51.227] [Server thread/INFO] [net.mcreator.tloa.TloaMod/]: Current Stamina:40.2
[26Jun2025 21:29:51.228] [Server thread/INFO] [net.mcreator.tloa.TloaMod/]: Rounded Stamina40
[26Jun2025 21:29:51.228] [Server thread/INFO] [net.mcreator.tloa.TloaMod/]: Can Stamina:true
[26Jun2025 21:29:51.228] [Server thread/INFO] [net.mcreator.tloa.TloaMod/]: Max Stamina40.0
[26Jun2025 21:29:51.269] [Render thread/INFO] [net.mcreator.tloa.TloaMod/]: Current Stamina:40.2
[26Jun2025 21:29:51.269] [Render thread/INFO] [net.mcreator.tloa.TloaMod/]: Rounded Stamina40
[26Jun2025 21:29:51.269] [Render thread/INFO] [net.mcreator.tloa.TloaMod/]: Can Stamina:true
[26Jun2025 21:29:51.269] [Render thread/INFO] [net.mcreator.tloa.TloaMod/]: Max Stamina40.0
[26Jun2025 21:29:51.273] [Server thread/INFO] [net.mcreator.tloa.TloaMod/]: Current Stamina:40.2
[26Jun2025 21:29:51.274] [Server thread/INFO] [net.mcreator.tloa.TloaMod/]: Rounded Stamina40
[26Jun2025 21:29:51.274] [Server thread/INFO] [net.mcreator.tloa.TloaMod/]: Can Stamina:true
[26Jun2025 21:29:51.274] [Server thread/INFO] [net.mcreator.tloa.TloaMod/]: Max Stamina40.0
[26Jun2025 21:29:51.321] [Render thread/INFO] [net.mcreator.tloa.TloaMod/]: Current Stamina:40.2
[26Jun2025 21:29:51.321] [Render thread/INFO] [net.mcreator.tloa.TloaMod/]: Rounded Stamina40
[26Jun2025 21:29:51.321] [Render thread/INFO] [net.mcreator.tloa.TloaMod/]: Can Stamina:true
[26Jun2025 21:29:51.321] [Render thread/INFO] [net.mcreator.tloa.TloaMod/]: Max Stamina40.0
[26Jun2025 21:29:51.326] [Server thread/INFO] [net.mcreator.tloa.TloaMod/]: Current Stamina:40.2
[26Jun2025 21:29:51.326] [Server thread/INFO] [net.mcreator.tloa.TloaMod/]: Rounded Stamina40
[26Jun2025 21:29:51.326] [Server thread/INFO] [net.mcreator.tloa.TloaMod/]: Can Stamina:true
[26Jun2025 21:29:51.326] [Server thread/INFO] [net.mcreator.tloa.TloaMod/]: Max Stamina40.0
[26Jun2025 21:29:51.369] [Render thread/INFO] [net.mcreator.tloa.TloaMod/]: Current Stamina:40.2
[26Jun2025 21:29:51.370] [Render thread/INFO] [net.mcreator.tloa.TloaMod/]: Rounded Stamina40
[26Jun2025 21:29:51.370] [Render thread/INFO] [net.mcreator.tloa.TloaMod/]: Can Stamina:true
[26Jun2025 21:29:51.370] [Render thread/INFO] [net.mcreator.tloa.TloaMod/]: Max Stamina40.0
[26Jun2025 21:29:51.375] [Server thread/INFO] [net.mcreator.tloa.TloaMod/]: Current Stamina:40.2
[26Jun2025 21:29:51.376] [Server thread/INFO] [net.mcreator.tloa.TloaMod/]: Rounded Stamina40
[26Jun2025 21:29:51.376] [Server thread/INFO] [net.mcreator.tloa.TloaMod/]: Can Stamina:true
[26Jun2025 21:29:51.376] [Server thread/INFO] [net.mcreator.tloa.TloaMod/]: Max Stamina40.0
[26Jun2025 21:29:51.421] [Render thread/INFO] [net.mcreator.tloa.TloaMod/]: Current Stamina:40.2
[26Jun2025 21:29:51.421] [Render thread/INFO] [net.mcreator.tloa.TloaMod/]: Rounded Stamina40
[26Jun2025 21:29:51.421] [Render thread/INFO] [net.mcreator.tloa.TloaMod/]: Can Stamina:true
[26Jun2025 21:29:51.421] [Render thread/INFO] [net.mcreator.tloa.TloaMod/]: Max Stamina40.0
[26Jun2025 21:29:51.428] [Server thread/INFO] [net.mcreator.tloa.TloaMod/]: Current Stamina:40.2
[26Jun2025 21:29:51.428] [Server thread/INFO] [net.mcreator.tloa.TloaMod/]: Rounded Stamina40
[26Jun2025 21:29:51.428] [Server thread/INFO] [net.mcreator.tloa.TloaMod/]: Can Stamina:true
[26Jun2025 21:29:51.428] [Server thread/INFO] [net.mcreator.tloa.TloaMod/]: Max Stamina40.0
[26Jun2025 21:29:51.470] [Render thread/INFO] [net.mcreator.tloa.TloaMod/]: Current Stamina:40.2
[26Jun2025 21:29:51.471] [Render thread/INFO] [net.mcreator.tloa.TloaMod/]: Rounded Stamina40
[26Jun2025 21:29:51.471] [Render thread/INFO] [net.mcreator.tloa.TloaMod/]: Can Stamina:true
[26Jun2025 21:29:51.471] [Render thread/INFO] [net.mcreator.tloa.TloaMod/]: Max Stamina40.0
[26Jun2025 21:29:51.479] [Server thread/INFO] [net.mcreator.tloa.TloaMod/]: Current Stamina:40.2
[26Jun2025 21:29:51.479] [Server thread/INFO] [net.mcreator.tloa.TloaMod/]: Rounded Stamina40
[26Jun2025 21:29:51.479] [Server thread/INFO] [net.mcreator.tloa.TloaMod/]: Can Stamina:true
[26Jun2025 21:29:51.479] [Server thread/INFO] [net.mcreator.tloa.TloaMod/]: Max Stamina40.0
[26Jun2025 21:29:51.521] [Render thread/INFO] [net.mcreator.tloa.TloaMod/]: Current Stamina:40.2
[26Jun2025 21:29:51.521] [Render thread/INFO] [net.mcreator.tloa.TloaMod/]: Rounded Stamina40
[26Jun2025 21:29:51.521] [Render thread/INFO] [net.mcreator.tloa.TloaMod/]: Can Stamina:true
[26Jun2025 21:29:51.521] [Render thread/INFO] [net.mcreator.tloa.TloaMod/]: Max Stamina40.0
[26Jun2025 21:29:51.528] [Server thread/INFO] [net.mcreator.tloa.TloaMod/]: Current Stamina:40.2
[26Jun2025 21:29:51.528] [Server thread/INFO] [net.mcreator.tloa.TloaMod/]: Rounded Stamina40
[26Jun2025 21:29:51.528] [Server thread/INFO] [net.mcreator.tloa.TloaMod/]: Can Stamina:true
[26Jun2025 21:29:51.528] [Server thread/INFO] [net.mcreator.tloa.TloaMod/]: Max Stamina40.0
[26Jun2025 21:29:51.569] [Render thread/INFO] [net.mcreator.tloa.TloaMod/]: Current Stamina:40.2
[26Jun2025 21:29:51.569] [Render thread/INFO] [net.mcreator.tloa.TloaMod/]: Rounded Stamina40
[26Jun2025 21:29:51.569] [Render thread/INFO] [net.mcreator.tloa.TloaMod/]: Can Stamina:true
[26Jun2025 21:29:51.569] [Render thread/INFO] [net.mcreator.tloa.TloaMod/]: Max Stamina40.0
[26Jun2025 21:29:51.575] [Server thread/INFO] [net.mcreator.tloa.TloaMod/]: Current Stamina:40.2
[26Jun2025 21:29:51.576] [Server thread/INFO] [net.mcreator.tloa.TloaMod/]: Rounded Stamina40
[26Jun2025 21:29:51.576] [Server thread/INFO] [net.mcreator.tloa.TloaMod/]: Can Stamina:true
[26Jun2025 21:29:51.576] [Server thread/INFO] [net.mcreator.tloa.TloaMod/]: Max Stamina40.0
[26Jun2025 21:29:51.619] [Render thread/INFO] [net.mcreator.tloa.TloaMod/]: Current Stamina:40.2
[26Jun2025 21:29:51.620] [Render thread/INFO] [net.mcreator.tloa.TloaMod/]: Rounded Stamina40
[26Jun2025 21:29:51.620] [Render thread/INFO] [net.mcreator.tloa.TloaMod/]: Can Stamina:true
[26Jun2025 21:29:51.620] [Render thread/INFO] [net.mcreator.tloa.TloaMod/]: Max Stamina40.0
[26Jun2025 21:29:51.626] [Server thread/INFO] [net.mcreator.tloa.TloaMod/]: Current Stamina:40.2
[26Jun2025 21:29:51.626] [Server thread/INFO] [net.mcreator.tloa.TloaMod/]: Rounded Stamina40
[26Jun2025 21:29:51.626] [Server thread/INFO] [net.mcreator.tloa.TloaMod/]: Can Stamina:true
[26Jun2025 21:29:51.626] [Server thread/INFO] [net.mcreator.tloa.TloaMod/]: Max Stamina40.0
[26Jun2025 21:29:51.669] [Render thread/INFO] [net.mcreator.tloa.TloaMod/]: Current Stamina:40.2
[26Jun2025 21:29:51.670] [Render thread/INFO] [net.mcreator.tloa.TloaMod/]: Rounded Stamina40
[26Jun2025 21:29:51.670] [Render thread/INFO] [net.mcreator.tloa.TloaMod/]: Can Stamina:true
[26Jun2025 21:29:51.670] [Render thread/INFO] [net.mcreator.tloa.TloaMod/]: Max Stamina40.0
[26Jun2025 21:29:51.676] [Server thread/INFO] [net.mcreator.tloa.TloaMod/]: Current Stamina:40.2
[26Jun2025 21:29:51.677] [Server thread/INFO] [net.mcreator.tloa.TloaMod/]: Rounded Stamina40
[26Jun2025 21:29:51.677] [Server thread/INFO] [net.mcreator.tloa.TloaMod/]: Can Stamina:true
[26Jun2025 21:29:51.677] [Server thread/INFO] [net.mcreator.tloa.TloaMod/]: Max Stamina40.0
[26Jun2025 21:29:51.721] [Render thread/INFO] [net.mcreator.tloa.TloaMod/]: Current Stamina:40.2
[26Jun2025 21:29:51.721] [Render thread/INFO] [net.mcreator.tloa.TloaMod/]: Rounded Stamina40
[26Jun2025 21:29:51.721] [Render thread/INFO] [net.mcreator.tloa.TloaMod/]: Can Stamina:true
[26Jun2025 21:29:51.721] [Render thread/INFO] [net.mcreator.tloa.TloaMod/]: Max Stamina40.0
[26Jun2025 21:29:51.726] [Server thread/INFO] [net.mcreator.tloa.TloaMod/]: Current Stamina:40.2
[26Jun2025 21:29:51.726] [Server thread/INFO] [net.mcreator.tloa.TloaMod/]: Rounded Stamina40
[26Jun2025 21:29:51.726] [Server thread/INFO] [net.mcreator.tloa.TloaMod/]: Can Stamina:true
[26Jun2025 21:29:51.726] [Server thread/INFO] [net.mcreator.tloa.TloaMod/]: Max Stamina40.0
[26Jun2025 21:29:51.772] [Render thread/INFO] [net.mcreator.tloa.TloaMod/]: Current Stamina:40.2
[26Jun2025 21:29:51.772] [Render thread/INFO] [net.mcreator.tloa.TloaMod/]: Rounded Stamina40
[26Jun2025 21:29:51.772] [Render thread/INFO] [net.mcreator.tloa.TloaMod/]: Can Stamina:true
[26Jun2025 21:29:51.772] [Render thread/INFO] [net.mcreator.tloa.TloaMod/]: Max Stamina40.0
[26Jun2025 21:29:51.774] [Server thread/INFO] [net.mcreator.tloa.TloaMod/]: Current Stamina:40.2
[26Jun2025 21:29:51.774] [Server thread/INFO] [net.mcreator.tloa.TloaMod/]: Rounded Stamina40
[26Jun2025 21:29:51.774] [Server thread/INFO] [net.mcreator.tloa.TloaMod/]: Can Stamina:true
[26Jun2025 21:29:51.774] [Server thread/INFO] [net.mcreator.tloa.TloaMod/]: Max Stamina40.0
[26Jun2025 21:29:51.821] [Render thread/INFO] [net.mcreator.tloa.TloaMod/]: Current Stamina:40.2
[26Jun2025 21:29:51.821] [Render thread/INFO] [net.mcreator.tloa.TloaMod/]: Rounded Stamina40
[26Jun2025 21:29:51.821] [Render thread/INFO] [net.mcreator.tloa.TloaMod/]: Can Stamina:true
[26Jun2025 21:29:51.821] [Render thread/INFO] [net.mcreator.tloa.TloaMod/]: Max Stamina40.0
[26Jun2025 21:29:51.827] [Server thread/INFO] [net.mcreator.tloa.TloaMod/]: Current Stamina:40.2
[26Jun2025 21:29:51.834] [Server thread/INFO] [net.mcreator.tloa.TloaMod/]: Rounded Stamina40
[26Jun2025 21:29:51.834] [Server thread/INFO] [net.mcreator.tloa.TloaMod/]: Can Stamina:true
[26Jun2025 21:29:51.834] [Server thread/INFO] [net.mcreator.tloa.TloaMod/]: Max Stamina40.0
[26Jun2025 21:29:51.869] [Render thread/INFO] [net.mcreator.tloa.TloaMod/]: Current Stamina:40.2
[26Jun2025 21:29:51.869] [Render thread/INFO] [net.mcreator.tloa.TloaMod/]: Rounded Stamina40
[26Jun2025 21:29:51.869] [Render thread/INFO] [net.mcreator.tloa.TloaMod/]: Can Stamina:true
[26Jun2025 21:29:51.869] [Render thread/INFO] [net.mcreator.tloa.TloaMod/]: Max Stamina40.0
[26Jun2025 21:29:51.876] [Server thread/INFO] [net.mcreator.tloa.TloaMod/]: Current Stamina:40.2
[26Jun2025 21:29:51.876] [Server thread/INFO] [net.mcreator.tloa.TloaMod/]: Rounded Stamina40
[26Jun2025 21:29:51.876] [Server thread/INFO] [net.mcreator.tloa.TloaMod/]: Can Stamina:true
[26Jun2025 21:29:51.876] [Server thread/INFO] [net.mcreator.tloa.TloaMod/]: Max Stamina40.0
[26Jun2025 21:29:51.921] [Render thread/INFO] [net.mcreator.tloa.TloaMod/]: Current Stamina:40.2
[26Jun2025 21:29:51.921] [Render thread/INFO] [net.mcreator.tloa.TloaMod/]: Rounded Stamina40
[26Jun2025 21:29:51.921] [Render thread/INFO] [net.mcreator.tloa.TloaMod/]: Can Stamina:true
[26Jun2025 21:29:51.921] [Render thread/INFO] [net.mcreator.tloa.TloaMod/]: Max Stamina40.0
[26Jun2025 21:29:51.926] [Server thread/INFO] [net.mcreator.tloa.TloaMod/]: Current Stamina:40.2
[26Jun2025 21:29:51.926] [Server thread/INFO] [net.mcreator.tloa.TloaMod/]: Rounded Stamina40
[26Jun2025 21:29:51.926] [Server thread/INFO] [net.mcreator.tloa.TloaMod/]: Can Stamina:true
[26Jun2025 21:29:51.926] [Server thread/INFO] [net.mcreator.tloa.TloaMod/]: Max Stamina40.0
[26Jun2025 21:29:51.971] [Render thread/INFO] [net.mcreator.tloa.TloaMod/]: Current Stamina:40.2
[26Jun2025 21:29:51.971] [Render thread/INFO] [net.mcreator.tloa.TloaMod/]: Rounded Stamina40
[26Jun2025 21:29:51.971] [Render thread/INFO] [net.mcreator.tloa.TloaMod/]: Can Stamina:true
[26Jun2025 21:29:51.971] [Render thread/INFO] [net.mcreator.tloa.TloaMod/]: Max Stamina40.0
[26Jun2025 21:29:51.977] [Server thread/INFO] [net.mcreator.tloa.TloaMod/]: Current Stamina:40.2
[26Jun2025 21:29:51.977] [Server thread/INFO] [net.mcreator.tloa.TloaMod/]: Rounded Stamina40
[26Jun2025 21:29:51.977] [Server thread/INFO] [net.mcreator.tloa.TloaMod/]: Can Stamina:true
[26Jun2025 21:29:51.977] [Server thread/INFO] [net.mcreator.tloa.TloaMod/]: Max Stamina40.0
[26Jun2025 21:29:52.019] [Render thread/INFO] [net.mcreator.tloa.TloaMod/]: Current Stamina:40.2
[26Jun2025 21:29:52.019] [Render thread/INFO] [net.mcreator.tloa.TloaMod/]: Rounded Stamina40
[26Jun2025 21:29:52.019] [Render thread/INFO] [net.mcreator.tloa.TloaMod/]: Can Stamina:true
[26Jun2025 21:29:52.019] [Render thread/INFO] [net.mcreator.tloa.TloaMod/]: Max Stamina40.0
[26Jun2025 21:29:52.024] [Server thread/INFO] [net.mcreator.tloa.TloaMod/]: Current Stamina:40.2
[26Jun2025 21:29:52.024] [Server thread/INFO] [net.mcreator.tloa.TloaMod/]: Rounded Stamina40
[26Jun2025 21:29:52.024] [Server thread/INFO] [net.mcreator.tloa.TloaMod/]: Can Stamina:true
[26Jun2025 21:29:52.024] [Server thread/INFO] [net.mcreator.tloa.TloaMod/]: Max Stamina40.0
[26Jun2025 21:29:52.070] [Render thread/INFO] [net.mcreator.tloa.TloaMod/]: Current Stamina:40.2
[26Jun2025 21:29:52.070] [Render thread/INFO] [net.mcreator.tloa.TloaMod/]: Rounded Stamina40
[26Jun2025 21:29:52.070] [Render thread/INFO] [net.mcreator.tloa.TloaMod/]: Can Stamina:true
[26Jun2025 21:29:52.070] [Render thread/INFO] [net.mcreator.tloa.TloaMod/]: Max Stamina40.0
[26Jun2025 21:29:52.074] [Server thread/INFO] [net.mcreator.tloa.TloaMod/]: Current Stamina:40.2
[26Jun2025 21:29:52.074] [Server thread/INFO] [net.mcreator.tloa.TloaMod/]: Rounded Stamina40
[26Jun2025 21:29:52.076] [Server thread/INFO] [net.mcreator.tloa.TloaMod/]: Can Stamina:true
[26Jun2025 21:29:52.076] [Server thread/INFO] [net.mcreator.tloa.TloaMod/]: Max Stamina40.0
[26Jun2025 21:29:52.124] [Render thread/INFO] [net.mcreator.tloa.TloaMod/]: Current Stamina:40.2
[26Jun2025 21:29:52.124] [Render thread/INFO] [net.mcreator.tloa.TloaMod/]: Rounded Stamina40
[26Jun2025 21:29:52.124] [Render thread/INFO] [net.mcreator.tloa.TloaMod/]: Can Stamina:true
[26Jun2025 21:29:52.124] [Render thread/INFO] [net.mcreator.tloa.TloaMod/]: Max Stamina40.0
[26Jun2025 21:29:52.127] [Server thread/INFO] [net.mcreator.tloa.TloaMod/]: Current Stamina:40.2
[26Jun2025 21:29:52.127] [Server thread/INFO] [net.mcreator.tloa.TloaMod/]: Rounded Stamina40
[26Jun2025 21:29:52.127] [Server thread/INFO] [net.mcreator.tloa.TloaMod/]: Can Stamina:true
[26Jun2025 21:29:52.127] [Server thread/INFO] [net.mcreator.tloa.TloaMod/]: Max Stamina40.0
[26Jun2025 21:29:52.169] [Render thread/INFO] [net.mcreator.tloa.TloaMod/]: Current Stamina:40.2
[26Jun2025 21:29:52.170] [Render thread/INFO] [net.mcreator.tloa.TloaMod/]: Rounded Stamina40
[26Jun2025 21:29:52.170] [Render thread/INFO] [net.mcreator.tloa.TloaMod/]: Can Stamina:true
[26Jun2025 21:29:52.170] [Render thread/INFO] [net.mcreator.tloa.TloaMod/]: Max Stamina40.0
[26Jun2025 21:29:52.178] [Server thread/INFO] [net.mcreator.tloa.TloaMod/]: Current Stamina:40.2
[26Jun2025 21:29:52.178] [Server thread/INFO] [net.mcreator.tloa.TloaMod/]: Rounded Stamina40
[26Jun2025 21:29:52.179] [Server thread/INFO] [net.mcreator.tloa.TloaMod/]: Can Stamina:true
[26Jun2025 21:29:52.179] [Server thread/INFO] [net.mcreator.tloa.TloaMod/]: Max Stamina40.0
[26Jun2025 21:29:52.219] [Render thread/INFO] [net.mcreator.tloa.TloaMod/]: Current Stamina:40.2
[26Jun2025 21:29:52.219] [Render thread/INFO] [net.mcreator.tloa.TloaMod/]: Rounded Stamina40
[26Jun2025 21:29:52.219] [Render thread/INFO] [net.mcreator.tloa.TloaMod/]: Can Stamina:true
[26Jun2025 21:29:52.219] [Render thread/INFO] [net.mcreator.tloa.TloaMod/]: Max Stamina40.0
[26Jun2025 21:29:52.232] [Server thread/INFO] [net.mcreator.tloa.TloaMod/]: Current Stamina:40.2
[26Jun2025 21:29:52.232] [Server thread/INFO] [net.mcreator.tloa.TloaMod/]: Rounded Stamina40
[26Jun2025 21:29:52.233] [Server thread/INFO] [net.mcreator.tloa.TloaMod/]: Can Stamina:true
[26Jun2025 21:29:52.233] [Server thread/INFO] [net.mcreator.tloa.TloaMod/]: Max Stamina40.0
[26Jun2025 21:29:52.271] [Render thread/INFO] [net.mcreator.tloa.TloaMod/]: Current Stamina:40.2
[26Jun2025 21:29:52.271] [Render thread/INFO] [net.mcreator.tloa.TloaMod/]: Rounded Stamina40
[26Jun2025 21:29:52.271] [Render thread/INFO] [net.mcreator.tloa.TloaMod/]: Can Stamina:true
[26Jun2025 21:29:52.271] [Render thread/INFO] [net.mcreator.tloa.TloaMod/]: Max Stamina40.0
[26Jun2025 21:29:52.277] [Server thread/INFO] [net.mcreator.tloa.TloaMod/]: Current Stamina:40.2
[26Jun2025 21:29:52.277] [Server thread/INFO] [net.mcreator.tloa.TloaMod/]: Rounded Stamina40
[26Jun2025 21:29:52.277] [Server thread/INFO] [net.mcreator.tloa.TloaMod/]: Can Stamina:true
[26Jun2025 21:29:52.277] [Server thread/INFO] [net.mcreator.tloa.TloaMod/]: Max Stamina40.0
[26Jun2025 21:29:52.320] [Render thread/INFO] [net.mcreator.tloa.TloaMod/]: Current Stamina:40.2
[26Jun2025 21:29:52.320] [Render thread/INFO] [net.mcreator.tloa.TloaMod/]: Rounded Stamina40
[26Jun2025 21:29:52.320] [Render thread/INFO] [net.mcreator.tloa.TloaMod/]: Can Stamina:true
[26Jun2025 21:29:52.320] [Render thread/INFO] [net.mcreator.tloa.TloaMod/]: Max Stamina40.0
[26Jun2025 21:29:52.324] [Server thread/INFO] [net.mcreator.tloa.TloaMod/]: Current Stamina:40.2
[26Jun2025 21:29:52.324] [Server thread/INFO] [net.mcreator.tloa.TloaMod/]: Rounded Stamina40
[26Jun2025 21:29:52.324] [Server thread/INFO] [net.mcreator.tloa.TloaMod/]: Can Stamina:true
[26Jun2025 21:29:52.324] [Server thread/INFO] [net.mcreator.tloa.TloaMod/]: Max Stamina40.0
[26Jun2025 21:29:52.370] [Render thread/INFO] [net.mcreator.tloa.TloaMod/]: Current Stamina:40.2
[26Jun2025 21:29:52.370] [Render thread/INFO] [net.mcreator.tloa.TloaMod/]: Rounded Stamina40
[26Jun2025 21:29:52.370] [Render thread/INFO] [net.mcreator.tloa.TloaMod/]: Can Stamina:true
[26Jun2025 21:29:52.370] [Render thread/INFO] [net.mcreator.tloa.TloaMod/]: Max Stamina40.0
[26Jun2025 21:29:52.376] [Server thread/INFO] [net.mcreator.tloa.TloaMod/]: Current Stamina:40.2
[26Jun2025 21:29:52.376] [Server thread/INFO] [net.mcreator.tloa.TloaMod/]: Rounded Stamina40
[26Jun2025 21:29:52.376] [Server thread/INFO] [net.mcreator.tloa.TloaMod/]: Can Stamina:true
[26Jun2025 21:29:52.377] [Server thread/INFO] [net.mcreator.tloa.TloaMod/]: Max Stamina40.0
[26Jun2025 21:29:52.422] [Render thread/INFO] [net.mcreator.tloa.TloaMod/]: Current Stamina:40.2
[26Jun2025 21:29:52.423] [Render thread/INFO] [net.mcreator.tloa.TloaMod/]: Rounded Stamina40
[26Jun2025 21:29:52.423] [Render thread/INFO] [net.mcreator.tloa.TloaMod/]: Can Stamina:true
[26Jun2025 21:29:52.423] [Render thread/INFO] [net.mcreator.tloa.TloaMod/]: Max Stamina40.0
[26Jun2025 21:29:52.425] [Server thread/INFO] [net.mcreator.tloa.TloaMod/]: Current Stamina:40.2
[26Jun2025 21:29:52.425] [Server thread/INFO] [net.mcreator.tloa.TloaMod/]: Rounded Stamina40
[26Jun2025 21:29:52.425] [Server thread/INFO] [net.mcreator.tloa.TloaMod/]: Can Stamina:true
[26Jun2025 21:29:52.425] [Server thread/INFO] [net.mcreator.tloa.TloaMod/]: Max Stamina40.0
[26Jun2025 21:29:52.470] [Render thread/INFO] [net.mcreator.tloa.TloaMod/]: Current Stamina:40.2
[26Jun2025 21:29:52.470] [Render thread/INFO] [net.mcreator.tloa.TloaMod/]: Rounded Stamina40
[26Jun2025 21:29:52.471] [Render thread/INFO] [net.mcreator.tloa.TloaMod/]: Can Stamina:true
[26Jun2025 21:29:52.471] [Render thread/INFO] [net.mcreator.tloa.TloaMod/]: Max Stamina40.0
[26Jun2025 21:29:52.476] [Server thread/INFO] [net.mcreator.tloa.TloaMod/]: Current Stamina:40.2
[26Jun2025 21:29:52.476] [Server thread/INFO] [net.mcreator.tloa.TloaMod/]: Rounded Stamina40
[26Jun2025 21:29:52.476] [Server thread/INFO] [net.mcreator.tloa.TloaMod/]: Can Stamina:true
[26Jun2025 21:29:52.476] [Server thread/INFO] [net.mcreator.tloa.TloaMod/]: Max Stamina40.0
[26Jun2025 21:29:52.521] [Render thread/INFO] [net.mcreator.tloa.TloaMod/]: Current Stamina:40.2
[26Jun2025 21:29:52.522] [Render thread/INFO] [net.mcreator.tloa.TloaMod/]: Rounded Stamina40
[26Jun2025 21:29:52.522] [Render thread/INFO] [net.mcreator.tloa.TloaMod/]: Can Stamina:true
[26Jun2025 21:29:52.522] [Render thread/INFO] [net.mcreator.tloa.TloaMod/]: Max Stamina40.0
[26Jun2025 21:29:52.525] [Server thread/INFO] [net.mcreator.tloa.TloaMod/]: Current Stamina:40.2
[26Jun2025 21:29:52.525] [Server thread/INFO] [net.mcreator.tloa.TloaMod/]: Rounded Stamina40
[26Jun2025 21:29:52.525] [Server thread/INFO] [net.mcreator.tloa.TloaMod/]: Can Stamina:true
[26Jun2025 21:29:52.525] [Server thread/INFO] [net.mcreator.tloa.TloaMod/]: Max Stamina40.0
[26Jun2025 21:29:52.570] [Render thread/INFO] [net.mcreator.tloa.TloaMod/]: Current Stamina:40.2
[26Jun2025 21:29:52.570] [Render thread/INFO] [net.mcreator.tloa.TloaMod/]: Rounded Stamina40
[26Jun2025 21:29:52.570] [Render thread/INFO] [net.mcreator.tloa.TloaMod/]: Can Stamina:true
[26Jun2025 21:29:52.570] [Render thread/INFO] [net.mcreator.tloa.TloaMod/]: Max Stamina40.0
[26Jun2025 21:29:52.575] [Server thread/INFO] [net.mcreator.tloa.TloaMod/]: Current Stamina:40.2
[26Jun2025 21:29:52.575] [Server thread/INFO] [net.mcreator.tloa.TloaMod/]: Rounded Stamina40
[26Jun2025 21:29:52.575] [Server thread/INFO] [net.mcreator.tloa.TloaMod/]: Can Stamina:true
[26Jun2025 21:29:52.575] [Server thread/INFO] [net.mcreator.tloa.TloaMod/]: Max Stamina40.0
[26Jun2025 21:29:52.620] [Render thread/INFO] [net.mcreator.tloa.TloaMod/]: Current Stamina:40.2
[26Jun2025 21:29:52.621] [Render thread/INFO] [net.mcreator.tloa.TloaMod/]: Rounded Stamina40
[26Jun2025 21:29:52.621] [Render thread/INFO] [net.mcreator.tloa.TloaMod/]: Can Stamina:true
[26Jun2025 21:29:52.621] [Render thread/INFO] [net.mcreator.tloa.TloaMod/]: Max Stamina40.0
[26Jun2025 21:29:52.624] [Server thread/INFO] [net.mcreator.tloa.TloaMod/]: Current Stamina:40.2
[26Jun2025 21:29:52.624] [Server thread/INFO] [net.mcreator.tloa.TloaMod/]: Rounded Stamina40
[26Jun2025 21:29:52.624] [Server thread/INFO] [net.mcreator.tloa.TloaMod/]: Can Stamina:true
[26Jun2025 21:29:52.624] [Server thread/INFO] [net.mcreator.tloa.TloaMod/]: Max Stamina40.0
[26Jun2025 21:29:52.670] [Render thread/INFO] [net.mcreator.tloa.TloaMod/]: Current Stamina:40.2
[26Jun2025 21:29:52.671] [Render thread/INFO] [net.mcreator.tloa.TloaMod/]: Rounded Stamina40
[26Jun2025 21:29:52.671] [Render thread/INFO] [net.mcreator.tloa.TloaMod/]: Can Stamina:true
[26Jun2025 21:29:52.671] [Render thread/INFO] [net.mcreator.tloa.TloaMod/]: Max Stamina40.0
[26Jun2025 21:29:52.675] [Server thread/INFO] [net.mcreator.tloa.TloaMod/]: Current Stamina:40.2
[26Jun2025 21:29:52.676] [Server thread/INFO] [net.mcreator.tloa.TloaMod/]: Rounded Stamina40
[26Jun2025 21:29:52.676] [Server thread/INFO] [net.mcreator.tloa.TloaMod/]: Can Stamina:true
[26Jun2025 21:29:52.676] [Server thread/INFO] [net.mcreator.tloa.TloaMod/]: Max Stamina40.0
[26Jun2025 21:29:52.719] [Render thread/INFO] [net.mcreator.tloa.TloaMod/]: Current Stamina:40.2
[26Jun2025 21:29:52.719] [Render thread/INFO] [net.mcreator.tloa.TloaMod/]: Rounded Stamina40
[26Jun2025 21:29:52.719] [Render thread/INFO] [net.mcreator.tloa.TloaMod/]: Can Stamina:true
[26Jun2025 21:29:52.719] [Render thread/INFO] [net.mcreator.tloa.TloaMod/]: Max Stamina40.0
[26Jun2025 21:29:52.727] [Server thread/INFO] [net.mcreator.tloa.TloaMod/]: Current Stamina:40.2
[26Jun2025 21:29:52.727] [Server thread/INFO] [net.mcreator.tloa.TloaMod/]: Rounded Stamina40
[26Jun2025 21:29:52.727] [Server thread/INFO] [net.mcreator.tloa.TloaMod/]: Can Stamina:true
[26Jun2025 21:29:52.727] [Server thread/INFO] [net.mcreator.tloa.TloaMod/]: Max Stamina40.0
[26Jun2025 21:29:52.768] [Render thread/INFO] [net.mcreator.tloa.TloaMod/]: Current Stamina:40.2
[26Jun2025 21:29:52.769] [Render thread/INFO] [net.mcreator.tloa.TloaMod/]: Rounded Stamina40
[26Jun2025 21:29:52.769] [Render thread/INFO] [net.mcreator.tloa.TloaMod/]: Can Stamina:true
[26Jun2025 21:29:52.769] [Render thread/INFO] [net.mcreator.tloa.TloaMod/]: Max Stamina40.0
[26Jun2025 21:29:52.774] [Server thread/INFO] [net.mcreator.tloa.TloaMod/]: Current Stamina:40.2
[26Jun2025 21:29:52.776] [Server thread/INFO] [net.mcreator.tloa.TloaMod/]: Rounded Stamina40
[26Jun2025 21:29:52.776] [Server thread/INFO] [net.mcreator.tloa.TloaMod/]: Can Stamina:true
[26Jun2025 21:29:52.776] [Server thread/INFO] [net.mcreator.tloa.TloaMod/]: Max Stamina40.0
[26Jun2025 21:29:52.819] [Render thread/INFO] [net.mcreator.tloa.TloaMod/]: Current Stamina:40.2
[26Jun2025 21:29:52.819] [Render thread/INFO] [net.mcreator.tloa.TloaMod/]: Rounded Stamina40
[26Jun2025 21:29:52.819] [Render thread/INFO] [net.mcreator.tloa.TloaMod/]: Can Stamina:true
[26Jun2025 21:29:52.819] [Render thread/INFO] [net.mcreator.tloa.TloaMod/]: Max Stamina40.0
[26Jun2025 21:29:52.827] [Server thread/INFO] [net.mcreator.tloa.TloaMod/]: Current Stamina:40.2
[26Jun2025 21:29:52.827] [Server thread/INFO] [net.mcreator.tloa.TloaMod/]: Rounded Stamina40
[26Jun2025 21:29:52.827] [Server thread/INFO] [net.mcreator.tloa.TloaMod/]: Can Stamina:true
[26Jun2025 21:29:52.827] [Server thread/INFO] [net.mcreator.tloa.TloaMod/]: Max Stamina40.0
[26Jun2025 21:29:52.868] [Render thread/INFO] [net.mcreator.tloa.TloaMod/]: Current Stamina:40.2
[26Jun2025 21:29:52.869] [Render thread/INFO] [net.mcreator.tloa.TloaMod/]: Rounded Stamina40
[26Jun2025 21:29:52.869] [Render thread/INFO] [net.mcreator.tloa.TloaMod/]: Can Stamina:true
[26Jun2025 21:29:52.869] [Render thread/INFO] [net.mcreator.tloa.TloaMod/]: Max Stamina40.0
[26Jun2025 21:29:52.873] [Server thread/INFO] [net.mcreator.tloa.TloaMod/]: Current Stamina:40.2
[26Jun2025 21:29:52.873] [Server thread/INFO] [net.mcreator.tloa.TloaMod/]: Rounded Stamina40
[26Jun2025 21:29:52.873] [Server thread/INFO] [net.mcreator.tloa.TloaMod/]: Can Stamina:true
[26Jun2025 21:29:52.873] [Server thread/INFO] [net.mcreator.tloa.TloaMod/]: Max Stamina40.0
[26Jun2025 21:29:52.920] [Render thread/INFO] [net.mcreator.tloa.TloaMod/]: Current Stamina:40.2
[26Jun2025 21:29:52.921] [Render thread/INFO] [net.mcreator.tloa.TloaMod/]: Rounded Stamina40
[26Jun2025 21:29:52.921] [Render thread/INFO] [net.mcreator.tloa.TloaMod/]: Can Stamina:true
[26Jun2025 21:29:52.921] [Render thread/INFO] [net.mcreator.tloa.TloaMod/]: Max Stamina40.0
[26Jun2025 21:29:52.926] [Server thread/INFO] [net.mcreator.tloa.TloaMod/]: Current Stamina:40.2
[26Jun2025 21:29:52.926] [Server thread/INFO] [net.mcreator.tloa.TloaMod/]: Rounded Stamina40
[26Jun2025 21:29:52.926] [Server thread/INFO] [net.mcreator.tloa.TloaMod/]: Can Stamina:true
[26Jun2025 21:29:52.926] [Server thread/INFO] [net.mcreator.tloa.TloaMod/]: Max Stamina40.0
[26Jun2025 21:29:52.969] [Render thread/INFO] [net.mcreator.tloa.TloaMod/]: Current Stamina:40.2
[26Jun2025 21:29:52.969] [Render thread/INFO] [net.mcreator.tloa.TloaMod/]: Rounded Stamina40
[26Jun2025 21:29:52.969] [Render thread/INFO] [net.mcreator.tloa.TloaMod/]: Can Stamina:true
[26Jun2025 21:29:52.969] [Render thread/INFO] [net.mcreator.tloa.TloaMod/]: Max Stamina40.0
[26Jun2025 21:29:52.975] [Server thread/INFO] [net.mcreator.tloa.TloaMod/]: Current Stamina:40.2
[26Jun2025 21:29:52.975] [Server thread/INFO] [net.mcreator.tloa.TloaMod/]: Rounded Stamina40
[26Jun2025 21:29:52.975] [Server thread/INFO] [net.mcreator.tloa.TloaMod/]: Can Stamina:true
[26Jun2025 21:29:52.975] [Server thread/INFO] [net.mcreator.tloa.TloaMod/]: Max Stamina40.0
[26Jun2025 21:29:53.020] [Render thread/INFO] [net.mcreator.tloa.TloaMod/]: Current Stamina:40.2
[26Jun2025 21:29:53.020] [Render thread/INFO] [net.mcreator.tloa.TloaMod/]: Rounded Stamina40
[26Jun2025 21:29:53.020] [Render thread/INFO] [net.mcreator.tloa.TloaMod/]: Can Stamina:true
[26Jun2025 21:29:53.020] [Render thread/INFO] [net.mcreator.tloa.TloaMod/]: Max Stamina40.0
[26Jun2025 21:29:53.024] [Server thread/INFO] [net.mcreator.tloa.TloaMod/]: Current Stamina:40.2
[26Jun2025 21:29:53.024] [Server thread/INFO] [net.mcreator.tloa.TloaMod/]: Rounded Stamina40
[26Jun2025 21:29:53.024] [Server thread/INFO] [net.mcreator.tloa.TloaMod/]: Can Stamina:true
[26Jun2025 21:29:53.026] [Server thread/INFO] [net.mcreator.tloa.TloaMod/]: Max Stamina40.0
[26Jun2025 21:29:53.068] [Render thread/INFO] [net.mcreator.tloa.TloaMod/]: Current Stamina:40.2
[26Jun2025 21:29:53.069] [Render thread/INFO] [net.mcreator.tloa.TloaMod/]: Rounded Stamina40
[26Jun2025 21:29:53.069] [Render thread/INFO] [net.mcreator.tloa.TloaMod/]: Can Stamina:true
[26Jun2025 21:29:53.069] [Render thread/INFO] [net.mcreator.tloa.TloaMod/]: Max Stamina40.0
[26Jun2025 21:29:53.074] [Server thread/INFO] [net.mcreator.tloa.TloaMod/]: Current Stamina:40.2
[26Jun2025 21:29:53.074] [Server thread/INFO] [net.mcreator.tloa.TloaMod/]: Rounded Stamina40
[26Jun2025 21:29:53.074] [Server thread/INFO] [net.mcreator.tloa.TloaMod/]: Can Stamina:true
[26Jun2025 21:29:53.074] [Server thread/INFO] [net.mcreator.tloa.TloaMod/]: Max Stamina40.0
[26Jun2025 21:29:53.119] [Render thread/INFO] [net.mcreator.tloa.TloaMod/]: Current Stamina:40.2
[26Jun2025 21:29:53.120] [Render thread/INFO] [net.mcreator.tloa.TloaMod/]: Rounded Stamina40
[26Jun2025 21:29:53.120] [Render thread/INFO] [net.mcreator.tloa.TloaMod/]: Can Stamina:true
[26Jun2025 21:29:53.120] [Render thread/INFO] [net.mcreator.tloa.TloaMod/]: Max Stamina40.0
[26Jun2025 21:29:53.125] [Server thread/INFO] [net.mcreator.tloa.TloaMod/]: Current Stamina:40.2
[26Jun2025 21:29:53.125] [Server thread/INFO] [net.mcreator.tloa.TloaMod/]: Rounded Stamina40
[26Jun2025 21:29:53.125] [Server thread/INFO] [net.mcreator.tloa.TloaMod/]: Can Stamina:true
[26Jun2025 21:29:53.125] [Server thread/INFO] [net.mcreator.tloa.TloaMod/]: Max Stamina40.0
[26Jun2025 21:29:53.168] [Render thread/INFO] [net.mcreator.tloa.TloaMod/]: Current Stamina:40.2
[26Jun2025 21:29:53.168] [Render thread/INFO] [net.mcreator.tloa.TloaMod/]: Rounded Stamina40
[26Jun2025 21:29:53.168] [Render thread/INFO] [net.mcreator.tloa.TloaMod/]: Can Stamina:true
[26Jun2025 21:29:53.168] [Render thread/INFO] [net.mcreator.tloa.TloaMod/]: Max Stamina40.0
[26Jun2025 21:29:53.174] [Server thread/INFO] [net.mcreator.tloa.TloaMod/]: Current Stamina:40.2
[26Jun2025 21:29:53.175] [Server thread/INFO] [net.mcreator.tloa.TloaMod/]: Rounded Stamina40
[26Jun2025 21:29:53.175] [Server thread/INFO] [net.mcreator.tloa.TloaMod/]: Can Stamina:true
[26Jun2025 21:29:53.175] [Server thread/INFO] [net.mcreator.tloa.TloaMod/]: Max Stamina40.0
[26Jun2025 21:29:53.220] [Render thread/INFO] [net.mcreator.tloa.TloaMod/]: Current Stamina:40.2
[26Jun2025 21:29:53.220] [Render thread/INFO] [net.mcreator.tloa.TloaMod/]: Rounded Stamina40
[26Jun2025 21:29:53.220] [Render thread/INFO] [net.mcreator.tloa.TloaMod/]: Can Stamina:true
[26Jun2025 21:29:53.220] [Render thread/INFO] [net.mcreator.tloa.TloaMod/]: Max Stamina40.0
[26Jun2025 21:29:53.225] [Server thread/INFO] [net.mcreator.tloa.TloaMod/]: Current Stamina:40.2
[26Jun2025 21:29:53.225] [Server thread/INFO] [net.mcreator.tloa.TloaMod/]: Rounded Stamina40
[26Jun2025 21:29:53.225] [Server thread/INFO] [net.mcreator.tloa.TloaMod/]: Can Stamina:true
[26Jun2025 21:29:53.225] [Server thread/INFO] [net.mcreator.tloa.TloaMod/]: Max Stamina40.0
[26Jun2025 21:29:53.269] [Render thread/INFO] [net.mcreator.tloa.TloaMod/]: Current Stamina:40.2
[26Jun2025 21:29:53.270] [Render thread/INFO] [net.mcreator.tloa.TloaMod/]: Rounded Stamina40
[26Jun2025 21:29:53.270] [Render thread/INFO] [net.mcreator.tloa.TloaMod/]: Can Stamina:true
[26Jun2025 21:29:53.270] [Render thread/INFO] [net.mcreator.tloa.TloaMod/]: Max Stamina40.0
[26Jun2025 21:29:53.276] [Server thread/INFO] [net.mcreator.tloa.TloaMod/]: Current Stamina:40.2
[26Jun2025 21:29:53.277] [Server thread/INFO] [net.mcreator.tloa.TloaMod/]: Rounded Stamina40
[26Jun2025 21:29:53.277] [Server thread/INFO] [net.mcreator.tloa.TloaMod/]: Can Stamina:true
[26Jun2025 21:29:53.277] [Server thread/INFO] [net.mcreator.tloa.TloaMod/]: Max Stamina40.0
[26Jun2025 21:29:53.320] [Render thread/INFO] [net.mcreator.tloa.TloaMod/]: Current Stamina:40.2
[26Jun2025 21:29:53.321] [Render thread/INFO] [net.mcreator.tloa.TloaMod/]: Rounded Stamina40
[26Jun2025 21:29:53.321] [Render thread/INFO] [net.mcreator.tloa.TloaMod/]: Can Stamina:true
[26Jun2025 21:29:53.321] [Render thread/INFO] [net.mcreator.tloa.TloaMod/]: Max Stamina40.0
[26Jun2025 21:29:53.325] [Server thread/INFO] [net.mcreator.tloa.TloaMod/]: Current Stamina:40.2
[26Jun2025 21:29:53.325] [Server thread/INFO] [net.mcreator.tloa.TloaMod/]: Rounded Stamina40
[26Jun2025 21:29:53.325] [Server thread/INFO] [net.mcreator.tloa.TloaMod/]: Can Stamina:true
[26Jun2025 21:29:53.325] [Server thread/INFO] [net.mcreator.tloa.TloaMod/]: Max Stamina40.0
[26Jun2025 21:29:53.372] [Render thread/INFO] [net.mcreator.tloa.TloaMod/]: Current Stamina:40.2
[26Jun2025 21:29:53.372] [Render thread/INFO] [net.mcreator.tloa.TloaMod/]: Rounded Stamina40
[26Jun2025 21:29:53.372] [Render thread/INFO] [net.mcreator.tloa.TloaMod/]: Can Stamina:true
[26Jun2025 21:29:53.372] [Render thread/INFO] [net.mcreator.tloa.TloaMod/]: Max Stamina40.0
[26Jun2025 21:29:53.375] [Server thread/INFO] [net.mcreator.tloa.TloaMod/]: Current Stamina:40.2
[26Jun2025 21:29:53.376] [Server thread/INFO] [net.mcreator.tloa.TloaMod/]: Rounded Stamina40
[26Jun2025 21:29:53.376] [Server thread/INFO] [net.mcreator.tloa.TloaMod/]: Can Stamina:true
[26Jun2025 21:29:53.376] [Server thread/INFO] [net.mcreator.tloa.TloaMod/]: Max Stamina40.0
[26Jun2025 21:29:53.419] [Render thread/INFO] [net.mcreator.tloa.TloaMod/]: Current Stamina:40.2
[26Jun2025 21:29:53.419] [Render thread/INFO] [net.mcreator.tloa.TloaMod/]: Rounded Stamina40
[26Jun2025 21:29:53.419] [Render thread/INFO] [net.mcreator.tloa.TloaMod/]: Can Stamina:true
[26Jun2025 21:29:53.419] [Render thread/INFO] [net.mcreator.tloa.TloaMod/]: Max Stamina40.0
[26Jun2025 21:29:53.425] [Server thread/INFO] [net.mcreator.tloa.TloaMod/]: Current Stamina:40.2
[26Jun2025 21:29:53.426] [Server thread/INFO] [net.mcreator.tloa.TloaMod/]: Rounded Stamina40
[26Jun2025 21:29:53.426] [Server thread/INFO] [net.mcreator.tloa.TloaMod/]: Can Stamina:true
[26Jun2025 21:29:53.426] [Server thread/INFO] [net.mcreator.tloa.TloaMod/]: Max Stamina40.0
[26Jun2025 21:29:53.469] [Render thread/INFO] [net.mcreator.tloa.TloaMod/]: Current Stamina:40.2
[26Jun2025 21:29:53.469] [Render thread/INFO] [net.mcreator.tloa.TloaMod/]: Rounded Stamina40
[26Jun2025 21:29:53.469] [Render thread/INFO] [net.mcreator.tloa.TloaMod/]: Can Stamina:true
[26Jun2025 21:29:53.469] [Render thread/INFO] [net.mcreator.tloa.TloaMod/]: Max Stamina40.0
[26Jun2025 21:29:53.478] [Server thread/INFO] [net.mcreator.tloa.TloaMod/]: Current Stamina:40.2
[26Jun2025 21:29:53.478] [Server thread/INFO] [net.mcreator.tloa.TloaMod/]: Rounded Stamina40
[26Jun2025 21:29:53.478] [Server thread/INFO] [net.mcreator.tloa.TloaMod/]: Can Stamina:true
[26Jun2025 21:29:53.478] [Server thread/INFO] [net.mcreator.tloa.TloaMod/]: Max Stamina40.0
[26Jun2025 21:29:53.519] [Render thread/INFO] [net.mcreator.tloa.TloaMod/]: Current Stamina:40.2
[26Jun2025 21:29:53.520] [Render thread/INFO] [net.mcreator.tloa.TloaMod/]: Rounded Stamina40
[26Jun2025 21:29:53.520] [Render thread/INFO] [net.mcreator.tloa.TloaMod/]: Can Stamina:true
[26Jun2025 21:29:53.520] [Render thread/INFO] [net.mcreator.tloa.TloaMod/]: Max Stamina40.0
[26Jun2025 21:29:53.525] [Server thread/INFO] [net.mcreator.tloa.TloaMod/]: Current Stamina:40.2
[26Jun2025 21:29:53.526] [Server thread/INFO] [net.mcreator.tloa.TloaMod/]: Rounded Stamina40
[26Jun2025 21:29:53.526] [Server thread/INFO] [net.mcreator.tloa.TloaMod/]: Can Stamina:true
[26Jun2025 21:29:53.526] [Server thread/INFO] [net.mcreator.tloa.TloaMod/]: Max Stamina40.0
[26Jun2025 21:29:53.569] [Render thread/INFO] [net.mcreator.tloa.TloaMod/]: Current Stamina:40.2
[26Jun2025 21:29:53.569] [Render thread/INFO] [net.mcreator.tloa.TloaMod/]: Rounded Stamina40
[26Jun2025 21:29:53.569] [Render thread/INFO] [net.mcreator.tloa.TloaMod/]: Can Stamina:true
[26Jun2025 21:29:53.569] [Render thread/INFO] [net.mcreator.tloa.TloaMod/]: Max Stamina40.0
[26Jun2025 21:29:53.575] [Server thread/INFO] [net.mcreator.tloa.TloaMod/]: Current Stamina:40.2
[26Jun2025 21:29:53.575] [Server thread/INFO] [net.mcreator.tloa.TloaMod/]: Rounded Stamina40
[26Jun2025 21:29:53.575] [Server thread/INFO] [net.mcreator.tloa.TloaMod/]: Can Stamina:true
[26Jun2025 21:29:53.575] [Server thread/INFO] [net.mcreator.tloa.TloaMod/]: Max Stamina40.0
[26Jun2025 21:29:53.619] [Render thread/INFO] [net.mcreator.tloa.TloaMod/]: Current Stamina:40.2
[26Jun2025 21:29:53.619] [Render thread/INFO] [net.mcreator.tloa.TloaMod/]: Rounded Stamina40
[26Jun2025 21:29:53.619] [Render thread/INFO] [net.mcreator.tloa.TloaMod/]: Can Stamina:true
[26Jun2025 21:29:53.619] [Render thread/INFO] [net.mcreator.tloa.TloaMod/]: Max Stamina40.0
[26Jun2025 21:29:53.625] [Server thread/INFO] [net.mcreator.tloa.TloaMod/]: Current Stamina:40.2
[26Jun2025 21:29:53.625] [Server thread/INFO] [net.mcreator.tloa.TloaMod/]: Rounded Stamina40
[26Jun2025 21:29:53.625] [Server thread/INFO] [net.mcreator.tloa.TloaMod/]: Can Stamina:true
[26Jun2025 21:29:53.625] [Server thread/INFO] [net.mcreator.tloa.TloaMod/]: Max Stamina40.0
[26Jun2025 21:29:53.669] [Render thread/INFO] [net.mcreator.tloa.TloaMod/]: Current Stamina:40.2
[26Jun2025 21:29:53.669] [Render thread/INFO] [net.mcreator.tloa.TloaMod/]: Rounded Stamina40
[26Jun2025 21:29:53.669] [Render thread/INFO] [net.mcreator.tloa.TloaMod/]: Can Stamina:true
[26Jun2025 21:29:53.669] [Render thread/INFO] [net.mcreator.tloa.TloaMod/]: Max Stamina40.0
[26Jun2025 21:29:53.674] [Server thread/INFO] [net.mcreator.tloa.TloaMod/]: Current Stamina:40.2
[26Jun2025 21:29:53.674] [Server thread/INFO] [net.mcreator.tloa.TloaMod/]: Rounded Stamina40
[26Jun2025 21:29:53.674] [Server thread/INFO] [net.mcreator.tloa.TloaMod/]: Can Stamina:true
[26Jun2025 21:29:53.674] [Server thread/INFO] [net.mcreator.tloa.TloaMod/]: Max Stamina40.0
[26Jun2025 21:29:53.719] [Render thread/INFO] [net.mcreator.tloa.TloaMod/]: Current Stamina:40.2
[26Jun2025 21:29:53.719] [Render thread/INFO] [net.mcreator.tloa.TloaMod/]: Rounded Stamina40
[26Jun2025 21:29:53.720] [Render thread/INFO] [net.mcreator.tloa.TloaMod/]: Can Stamina:true
[26Jun2025 21:29:53.720] [Render thread/INFO] [net.mcreator.tloa.TloaMod/]: Max Stamina40.0
[26Jun2025 21:29:53.728] [Server thread/INFO] [net.mcreator.tloa.TloaMod/]: Current Stamina:40.2
[26Jun2025 21:29:53.728] [Server thread/INFO] [net.mcreator.tloa.TloaMod/]: Rounded Stamina40
[26Jun2025 21:29:53.728] [Server thread/INFO] [net.mcreator.tloa.TloaMod/]: Can Stamina:true
[26Jun2025 21:29:53.728] [Server thread/INFO] [net.mcreator.tloa.TloaMod/]: Max Stamina40.0
[26Jun2025 21:29:53.770] [Render thread/INFO] [net.mcreator.tloa.TloaMod/]: Current Stamina:40.2
[26Jun2025 21:29:53.770] [Render thread/INFO] [net.mcreator.tloa.TloaMod/]: Rounded Stamina40
[26Jun2025 21:29:53.770] [Render thread/INFO] [net.mcreator.tloa.TloaMod/]: Can Stamina:true
[26Jun2025 21:29:53.770] [Render thread/INFO] [net.mcreator.tloa.TloaMod/]: Max Stamina40.0
[26Jun2025 21:29:53.775] [Server thread/INFO] [net.mcreator.tloa.TloaMod/]: Current Stamina:40.2
[26Jun2025 21:29:53.775] [Server thread/INFO] [net.mcreator.tloa.TloaMod/]: Rounded Stamina40
[26Jun2025 21:29:53.775] [Server thread/INFO] [net.mcreator.tloa.TloaMod/]: Can Stamina:true
[26Jun2025 21:29:53.775] [Server thread/INFO] [net.mcreator.tloa.TloaMod/]: Max Stamina40.0
[26Jun2025 21:29:53.819] [Render thread/INFO] [net.mcreator.tloa.TloaMod/]: Current Stamina:40.2
[26Jun2025 21:29:53.819] [Render thread/INFO] [net.mcreator.tloa.TloaMod/]: Rounded Stamina40
[26Jun2025 21:29:53.819] [Render thread/INFO] [net.mcreator.tloa.TloaMod/]: Can Stamina:true
[26Jun2025 21:29:53.819] [Render thread/INFO] [net.mcreator.tloa.TloaMod/]: Max Stamina40.0
[26Jun2025 21:29:53.824] [Server thread/INFO] [net.mcreator.tloa.TloaMod/]: Current Stamina:40.2
[26Jun2025 21:29:53.824] [Server thread/INFO] [net.mcreator.tloa.TloaMod/]: Rounded Stamina40
[26Jun2025 21:29:53.824] [Server thread/INFO] [net.mcreator.tloa.TloaMod/]: Can Stamina:true
[26Jun2025 21:29:53.824] [Server thread/INFO] [net.mcreator.tloa.TloaMod/]: Max Stamina40.0
[26Jun2025 21:29:53.870] [Render thread/INFO] [net.mcreator.tloa.TloaMod/]: Current Stamina:40.2
[26Jun2025 21:29:53.870] [Render thread/INFO] [net.mcreator.tloa.TloaMod/]: Rounded Stamina40
[26Jun2025 21:29:53.870] [Render thread/INFO] [net.mcreator.tloa.TloaMod/]: Can Stamina:true
[26Jun2025 21:29:53.870] [Render thread/INFO] [net.mcreator.tloa.TloaMod/]: Max Stamina40.0
[26Jun2025 21:29:53.876] [Server thread/INFO] [net.mcreator.tloa.TloaMod/]: Current Stamina:40.2
[26Jun2025 21:29:53.876] [Server thread/INFO] [net.mcreator.tloa.TloaMod/]: Rounded Stamina40
[26Jun2025 21:29:53.877] [Server thread/INFO] [net.mcreator.tloa.TloaMod/]: Can Stamina:true
[26Jun2025 21:29:53.877] [Server thread/INFO] [net.mcreator.tloa.TloaMod/]: Max Stamina40.0
[26Jun2025 21:29:53.920] [Render thread/INFO] [net.mcreator.tloa.TloaMod/]: Current Stamina:40.2
[26Jun2025 21:29:53.920] [Render thread/INFO] [net.mcreator.tloa.TloaMod/]: Rounded Stamina40
[26Jun2025 21:29:53.921] [Render thread/INFO] [net.mcreator.tloa.TloaMod/]: Can Stamina:true
[26Jun2025 21:29:53.921] [Render thread/INFO] [net.mcreator.tloa.TloaMod/]: Max Stamina40.0
[26Jun2025 21:29:53.927] [Server thread/INFO] [net.mcreator.tloa.TloaMod/]: Current Stamina:40.2
[26Jun2025 21:29:53.927] [Server thread/INFO] [net.mcreator.tloa.TloaMod/]: Rounded Stamina40
[26Jun2025 21:29:53.927] [Server thread/INFO] [net.mcreator.tloa.TloaMod/]: Can Stamina:true
[26Jun2025 21:29:53.927] [Server thread/INFO] [net.mcreator.tloa.TloaMod/]: Max Stamina40.0
[26Jun2025 21:29:53.969] [Render thread/INFO] [net.mcreator.tloa.TloaMod/]: Current Stamina:40.2
[26Jun2025 21:29:53.969] [Render thread/INFO] [net.mcreator.tloa.TloaMod/]: Rounded Stamina40
[26Jun2025 21:29:53.969] [Render thread/INFO] [net.mcreator.tloa.TloaMod/]: Can Stamina:true
[26Jun2025 21:29:53.969] [Render thread/INFO] [net.mcreator.tloa.TloaMod/]: Max Stamina40.0
[26Jun2025 21:29:53.978] [Server thread/INFO] [net.mcreator.tloa.TloaMod/]: Current Stamina:40.2
[26Jun2025 21:29:53.978] [Server thread/INFO] [net.mcreator.tloa.TloaMod/]: Rounded Stamina40
[26Jun2025 21:29:53.978] [Server thread/INFO] [net.mcreator.tloa.TloaMod/]: Can Stamina:true
[26Jun2025 21:29:53.978] [Server thread/INFO] [net.mcreator.tloa.TloaMod/]: Max Stamina40.0
[26Jun2025 21:29:54.021] [Render thread/INFO] [net.mcreator.tloa.TloaMod/]: Current Stamina:40.2
[26Jun2025 21:29:54.021] [Render thread/INFO] [net.mcreator.tloa.TloaMod/]: Rounded Stamina40
[26Jun2025 21:29:54.021] [Render thread/INFO] [net.mcreator.tloa.TloaMod/]: Can Stamina:true
[26Jun2025 21:29:54.021] [Render thread/INFO] [net.mcreator.tloa.TloaMod/]: Max Stamina40.0
[26Jun2025 21:29:54.026] [Server thread/INFO] [net.mcreator.tloa.TloaMod/]: Current Stamina:40.2
[26Jun2025 21:29:54.027] [Server thread/INFO] [net.mcreator.tloa.TloaMod/]: Rounded Stamina40
[26Jun2025 21:29:54.027] [Server thread/INFO] [net.mcreator.tloa.TloaMod/]: Can Stamina:true
[26Jun2025 21:29:54.027] [Server thread/INFO] [net.mcreator.tloa.TloaMod/]: Max Stamina40.0
[26Jun2025 21:29:54.069] [Render thread/INFO] [net.mcreator.tloa.TloaMod/]: Current Stamina:40.2
[26Jun2025 21:29:54.069] [Render thread/INFO] [net.mcreator.tloa.TloaMod/]: Rounded Stamina40
[26Jun2025 21:29:54.069] [Render thread/INFO] [net.mcreator.tloa.TloaMod/]: Can Stamina:true
[26Jun2025 21:29:54.069] [Render thread/INFO] [net.mcreator.tloa.TloaMod/]: Max Stamina40.0
[26Jun2025 21:29:54.074] [Server thread/INFO] [net.mcreator.tloa.TloaMod/]: Current Stamina:40.2
[26Jun2025 21:29:54.074] [Server thread/INFO] [net.mcreator.tloa.TloaMod/]: Rounded Stamina40
[26Jun2025 21:29:54.074] [Server thread/INFO] [net.mcreator.tloa.TloaMod/]: Can Stamina:true
[26Jun2025 21:29:54.074] [Server thread/INFO] [net.mcreator.tloa.TloaMod/]: Max Stamina40.0
[26Jun2025 21:29:54.120] [Render thread/INFO] [net.mcreator.tloa.TloaMod/]: Current Stamina:40.2
[26Jun2025 21:29:54.120] [Render thread/INFO] [net.mcreator.tloa.TloaMod/]: Rounded Stamina40
[26Jun2025 21:29:54.120] [Render thread/INFO] [net.mcreator.tloa.TloaMod/]: Can Stamina:true
[26Jun2025 21:29:54.121] [Render thread/INFO] [net.mcreator.tloa.TloaMod/]: Max Stamina40.0
[26Jun2025 21:29:54.126] [Server thread/INFO] [net.mcreator.tloa.TloaMod/]: Current Stamina:40.2
[26Jun2025 21:29:54.126] [Server thread/INFO] [net.mcreator.tloa.TloaMod/]: Rounded Stamina40
[26Jun2025 21:29:54.126] [Server thread/INFO] [net.mcreator.tloa.TloaMod/]: Can Stamina:true
[26Jun2025 21:29:54.126] [Server thread/INFO] [net.mcreator.tloa.TloaMod/]: Max Stamina40.0
[26Jun2025 21:29:54.169] [Render thread/INFO] [net.mcreator.tloa.TloaMod/]: Current Stamina:40.2
[26Jun2025 21:29:54.170] [Render thread/INFO] [net.mcreator.tloa.TloaMod/]: Rounded Stamina40
[26Jun2025 21:29:54.170] [Render thread/INFO] [net.mcreator.tloa.TloaMod/]: Can Stamina:true
[26Jun2025 21:29:54.170] [Render thread/INFO] [net.mcreator.tloa.TloaMod/]: Max Stamina40.0
[26Jun2025 21:29:54.176] [Server thread/INFO] [net.mcreator.tloa.TloaMod/]: Current Stamina:40.2
[26Jun2025 21:29:54.176] [Server thread/INFO] [net.mcreator.tloa.TloaMod/]: Rounded Stamina40
[26Jun2025 21:29:54.176] [Server thread/INFO] [net.mcreator.tloa.TloaMod/]: Can Stamina:true
[26Jun2025 21:29:54.176] [Server thread/INFO] [net.mcreator.tloa.TloaMod/]: Max Stamina40.0
[26Jun2025 21:29:54.219] [Render thread/INFO] [net.mcreator.tloa.TloaMod/]: Current Stamina:40.2
[26Jun2025 21:29:54.219] [Render thread/INFO] [net.mcreator.tloa.TloaMod/]: Rounded Stamina40
[26Jun2025 21:29:54.219] [Render thread/INFO] [net.mcreator.tloa.TloaMod/]: Can Stamina:true
[26Jun2025 21:29:54.219] [Render thread/INFO] [net.mcreator.tloa.TloaMod/]: Max Stamina40.0
[26Jun2025 21:29:54.228] [Server thread/INFO] [net.mcreator.tloa.TloaMod/]: Current Stamina:40.2
[26Jun2025 21:29:54.228] [Server thread/INFO] [net.mcreator.tloa.TloaMod/]: Rounded Stamina40
[26Jun2025 21:29:54.229] [Server thread/INFO] [net.mcreator.tloa.TloaMod/]: Can Stamina:true
[26Jun2025 21:29:54.229] [Server thread/INFO] [net.mcreator.tloa.TloaMod/]: Max Stamina40.0
[26Jun2025 21:29:54.268] [Render thread/INFO] [net.mcreator.tloa.TloaMod/]: Current Stamina:40.2
[26Jun2025 21:29:54.268] [Render thread/INFO] [net.mcreator.tloa.TloaMod/]: Rounded Stamina40
[26Jun2025 21:29:54.268] [Render thread/INFO] [net.mcreator.tloa.TloaMod/]: Can Stamina:true
[26Jun2025 21:29:54.268] [Render thread/INFO] [net.mcreator.tloa.TloaMod/]: Max Stamina40.0
[26Jun2025 21:29:54.274] [Server thread/INFO] [net.mcreator.tloa.TloaMod/]: Current Stamina:40.2
[26Jun2025 21:29:54.274] [Server thread/INFO] [net.mcreator.tloa.TloaMod/]: Rounded Stamina40
[26Jun2025 21:29:54.274] [Server thread/INFO] [net.mcreator.tloa.TloaMod/]: Can Stamina:true
[26Jun2025 21:29:54.274] [Server thread/INFO] [net.mcreator.tloa.TloaMod/]: Max Stamina40.0
[26Jun2025 21:29:54.319] [Render thread/INFO] [net.mcreator.tloa.TloaMod/]: Current Stamina:40.2
[26Jun2025 21:29:54.319] [Render thread/INFO] [net.mcreator.tloa.TloaMod/]: Rounded Stamina40
[26Jun2025 21:29:54.319] [Render thread/INFO] [net.mcreator.tloa.TloaMod/]: Can Stamina:true
[26Jun2025 21:29:54.319] [Render thread/INFO] [net.mcreator.tloa.TloaMod/]: Max Stamina40.0
[26Jun2025 21:29:54.324] [Server thread/INFO] [net.mcreator.tloa.TloaMod/]: Current Stamina:40.2
[26Jun2025 21:29:54.324] [Server thread/INFO] [net.mcreator.tloa.TloaMod/]: Rounded Stamina40
[26Jun2025 21:29:54.326] [Server thread/INFO] [net.mcreator.tloa.TloaMod/]: Can Stamina:true
[26Jun2025 21:29:54.326] [Server thread/INFO] [net.mcreator.tloa.TloaMod/]: Max Stamina40.0
[26Jun2025 21:29:54.370] [Render thread/INFO] [net.mcreator.tloa.TloaMod/]: Current Stamina:40.2
[26Jun2025 21:29:54.370] [Render thread/INFO] [net.mcreator.tloa.TloaMod/]: Rounded Stamina40
[26Jun2025 21:29:54.370] [Render thread/INFO] [net.mcreator.tloa.TloaMod/]: Can Stamina:true
[26Jun2025 21:29:54.370] [Render thread/INFO] [net.mcreator.tloa.TloaMod/]: Max Stamina40.0
[26Jun2025 21:29:54.378] [Server thread/INFO] [net.mcreator.tloa.TloaMod/]: Current Stamina:40.2
[26Jun2025 21:29:54.378] [Server thread/INFO] [net.mcreator.tloa.TloaMod/]: Rounded Stamina40
[26Jun2025 21:29:54.378] [Server thread/INFO] [net.mcreator.tloa.TloaMod/]: Can Stamina:true
[26Jun2025 21:29:54.378] [Server thread/INFO] [net.mcreator.tloa.TloaMod/]: Max Stamina40.0
[26Jun2025 21:29:54.419] [Render thread/INFO] [net.mcreator.tloa.TloaMod/]: Current Stamina:40.2
[26Jun2025 21:29:54.419] [Render thread/INFO] [net.mcreator.tloa.TloaMod/]: Rounded Stamina40
[26Jun2025 21:29:54.420] [Render thread/INFO] [net.mcreator.tloa.TloaMod/]: Can Stamina:true
[26Jun2025 21:29:54.420] [Render thread/INFO] [net.mcreator.tloa.TloaMod/]: Max Stamina40.0
[26Jun2025 21:29:54.427] [Server thread/INFO] [net.mcreator.tloa.TloaMod/]: Current Stamina:40.2
[26Jun2025 21:29:54.428] [Server thread/INFO] [net.mcreator.tloa.TloaMod/]: Rounded Stamina40
[26Jun2025 21:29:54.428] [Server thread/INFO] [net.mcreator.tloa.TloaMod/]: Can Stamina:true
[26Jun2025 21:29:54.428] [Server thread/INFO] [net.mcreator.tloa.TloaMod/]: Max Stamina40.0
[26Jun2025 21:29:54.469] [Render thread/INFO] [net.mcreator.tloa.TloaMod/]: Current Stamina:40.2
[26Jun2025 21:29:54.469] [Render thread/INFO] [net.mcreator.tloa.TloaMod/]: Rounded Stamina40
[26Jun2025 21:29:54.470] [Render thread/INFO] [net.mcreator.tloa.TloaMod/]: Can Stamina:true
[26Jun2025 21:29:54.470] [Render thread/INFO] [net.mcreator.tloa.TloaMod/]: Max Stamina40.0
[26Jun2025 21:29:54.474] [Server thread/INFO] [net.mcreator.tloa.TloaMod/]: Current Stamina:40.2
[26Jun2025 21:29:54.474] [Server thread/INFO] [net.mcreator.tloa.TloaMod/]: Rounded Stamina40
[26Jun2025 21:29:54.474] [Server thread/INFO] [net.mcreator.tloa.TloaMod/]: Can Stamina:true
[26Jun2025 21:29:54.474] [Server thread/INFO] [net.mcreator.tloa.TloaMod/]: Max Stamina40.0
[26Jun2025 21:29:54.519] [Render thread/INFO] [net.mcreator.tloa.TloaMod/]: Current Stamina:40.2
[26Jun2025 21:29:54.520] [Render thread/INFO] [net.mcreator.tloa.TloaMod/]: Rounded Stamina40
[26Jun2025 21:29:54.520] [Render thread/INFO] [net.mcreator.tloa.TloaMod/]: Can Stamina:true
[26Jun2025 21:29:54.520] [Render thread/INFO] [net.mcreator.tloa.TloaMod/]: Max Stamina40.0
[26Jun2025 21:29:54.524] [Server thread/INFO] [net.mcreator.tloa.TloaMod/]: Current Stamina:40.2
[26Jun2025 21:29:54.526] [Server thread/INFO] [net.mcreator.tloa.TloaMod/]: Rounded Stamina40
[26Jun2025 21:29:54.526] [Server thread/INFO] [net.mcreator.tloa.TloaMod/]: Can Stamina:true
[26Jun2025 21:29:54.526] [Server thread/INFO] [net.mcreator.tloa.TloaMod/]: Max Stamina40.0
[26Jun2025 21:29:54.570] [Render thread/INFO] [net.mcreator.tloa.TloaMod/]: Current Stamina:40.2
[26Jun2025 21:29:54.570] [Render thread/INFO] [net.mcreator.tloa.TloaMod/]: Rounded Stamina40
[26Jun2025 21:29:54.570] [Render thread/INFO] [net.mcreator.tloa.TloaMod/]: Can Stamina:true
[26Jun2025 21:29:54.570] [Render thread/INFO] [net.mcreator.tloa.TloaMod/]: Max Stamina40.0
[26Jun2025 21:29:54.574] [Server thread/INFO] [net.mcreator.tloa.TloaMod/]: Current Stamina:40.2
[26Jun2025 21:29:54.574] [Server thread/INFO] [net.mcreator.tloa.TloaMod/]: Rounded Stamina40
[26Jun2025 21:29:54.574] [Server thread/INFO] [net.mcreator.tloa.TloaMod/]: Can Stamina:true
[26Jun2025 21:29:54.574] [Server thread/INFO] [net.mcreator.tloa.TloaMod/]: Max Stamina40.0
[26Jun2025 21:29:54.619] [Render thread/INFO] [net.mcreator.tloa.TloaMod/]: Current Stamina:40.2
[26Jun2025 21:29:54.619] [Render thread/INFO] [net.mcreator.tloa.TloaMod/]: Rounded Stamina40
[26Jun2025 21:29:54.619] [Render thread/INFO] [net.mcreator.tloa.TloaMod/]: Can Stamina:true
[26Jun2025 21:29:54.619] [Render thread/INFO] [net.mcreator.tloa.TloaMod/]: Max Stamina40.0
[26Jun2025 21:29:54.626] [Server thread/INFO] [net.mcreator.tloa.TloaMod/]: Current Stamina:40.2
[26Jun2025 21:29:54.627] [Server thread/INFO] [net.mcreator.tloa.TloaMod/]: Rounded Stamina40
[26Jun2025 21:29:54.627] [Server thread/INFO] [net.mcreator.tloa.TloaMod/]: Can Stamina:true
[26Jun2025 21:29:54.627] [Server thread/INFO] [net.mcreator.tloa.TloaMod/]: Max Stamina40.0
[26Jun2025 21:29:54.669] [Render thread/INFO] [net.mcreator.tloa.TloaMod/]: Current Stamina:40.2
[26Jun2025 21:29:54.669] [Render thread/INFO] [net.mcreator.tloa.TloaMod/]: Rounded Stamina40
[26Jun2025 21:29:54.669] [Render thread/INFO] [net.mcreator.tloa.TloaMod/]: Can Stamina:true
[26Jun2025 21:29:54.669] [Render thread/INFO] [net.mcreator.tloa.TloaMod/]: Max Stamina40.0
[26Jun2025 21:29:54.674] [Server thread/INFO] [net.mcreator.tloa.TloaMod/]: Current Stamina:40.2
[26Jun2025 21:29:54.674] [Server thread/INFO] [net.mcreator.tloa.TloaMod/]: Rounded Stamina40
[26Jun2025 21:29:54.674] [Server thread/INFO] [net.mcreator.tloa.TloaMod/]: Can Stamina:true
[26Jun2025 21:29:54.674] [Server thread/INFO] [net.mcreator.tloa.TloaMod/]: Max Stamina40.0
[26Jun2025 21:29:54.719] [Render thread/INFO] [net.mcreator.tloa.TloaMod/]: Current Stamina:40.2
[26Jun2025 21:29:54.720] [Render thread/INFO] [net.mcreator.tloa.TloaMod/]: Rounded Stamina40
[26Jun2025 21:29:54.720] [Render thread/INFO] [net.mcreator.tloa.TloaMod/]: Can Stamina:true
[26Jun2025 21:29:54.720] [Render thread/INFO] [net.mcreator.tloa.TloaMod/]: Max Stamina40.0
[26Jun2025 21:29:54.725] [Server thread/INFO] [net.mcreator.tloa.TloaMod/]: Current Stamina:40.2
[26Jun2025 21:29:54.725] [Server thread/INFO] [net.mcreator.tloa.TloaMod/]: Rounded Stamina40
[26Jun2025 21:29:54.725] [Server thread/INFO] [net.mcreator.tloa.TloaMod/]: Can Stamina:true
[26Jun2025 21:29:54.725] [Server thread/INFO] [net.mcreator.tloa.TloaMod/]: Max Stamina40.0
[26Jun2025 21:29:54.771] [Render thread/INFO] [net.mcreator.tloa.TloaMod/]: Current Stamina:40.2
[26Jun2025 21:29:54.771] [Render thread/INFO] [net.mcreator.tloa.TloaMod/]: Rounded Stamina40
[26Jun2025 21:29:54.771] [Render thread/INFO] [net.mcreator.tloa.TloaMod/]: Can Stamina:true
[26Jun2025 21:29:54.771] [Render thread/INFO] [net.mcreator.tloa.TloaMod/]: Max Stamina40.0
[26Jun2025 21:29:54.775] [Server thread/INFO] [net.mcreator.tloa.TloaMod/]: Current Stamina:40.2
[26Jun2025 21:29:54.775] [Server thread/INFO] [net.mcreator.tloa.TloaMod/]: Rounded Stamina40
[26Jun2025 21:29:54.775] [Server thread/INFO] [net.mcreator.tloa.TloaMod/]: Can Stamina:true
[26Jun2025 21:29:54.775] [Server thread/INFO] [net.mcreator.tloa.TloaMod/]: Max Stamina40.0
[26Jun2025 21:29:54.819] [Render thread/INFO] [net.mcreator.tloa.TloaMod/]: Current Stamina:40.2
[26Jun2025 21:29:54.820] [Render thread/INFO] [net.mcreator.tloa.TloaMod/]: Rounded Stamina40
[26Jun2025 21:29:54.820] [Render thread/INFO] [net.mcreator.tloa.TloaMod/]: Can Stamina:true
[26Jun2025 21:29:54.820] [Render thread/INFO] [net.mcreator.tloa.TloaMod/]: Max Stamina40.0
[26Jun2025 21:29:54.826] [Server thread/INFO] [net.mcreator.tloa.TloaMod/]: Current Stamina:40.2
[26Jun2025 21:29:54.826] [Server thread/INFO] [net.mcreator.tloa.TloaMod/]: Rounded Stamina40
[26Jun2025 21:29:54.826] [Server thread/INFO] [net.mcreator.tloa.TloaMod/]: Can Stamina:true
[26Jun2025 21:29:54.826] [Server thread/INFO] [net.mcreator.tloa.TloaMod/]: Max Stamina40.0
[26Jun2025 21:29:54.871] [Render thread/INFO] [net.mcreator.tloa.TloaMod/]: Current Stamina:40.2
[26Jun2025 21:29:54.871] [Render thread/INFO] [net.mcreator.tloa.TloaMod/]: Rounded Stamina40
[26Jun2025 21:29:54.871] [Render thread/INFO] [net.mcreator.tloa.TloaMod/]: Can Stamina:true
[26Jun2025 21:29:54.871] [Render thread/INFO] [net.mcreator.tloa.TloaMod/]: Max Stamina40.0
[26Jun2025 21:29:54.874] [Server thread/INFO] [net.mcreator.tloa.TloaMod/]: Current Stamina:40.2
[26Jun2025 21:29:54.874] [Server thread/INFO] [net.mcreator.tloa.TloaMod/]: Rounded Stamina40
[26Jun2025 21:29:54.874] [Server thread/INFO] [net.mcreator.tloa.TloaMod/]: Can Stamina:true
[26Jun2025 21:29:54.874] [Server thread/INFO] [net.mcreator.tloa.TloaMod/]: Max Stamina40.0
[26Jun2025 21:29:54.920] [Render thread/INFO] [net.mcreator.tloa.TloaMod/]: Current Stamina:40.2
[26Jun2025 21:29:54.920] [Render thread/INFO] [net.mcreator.tloa.TloaMod/]: Rounded Stamina40
[26Jun2025 21:29:54.920] [Render thread/INFO] [net.mcreator.tloa.TloaMod/]: Can Stamina:true
[26Jun2025 21:29:54.920] [Render thread/INFO] [net.mcreator.tloa.TloaMod/]: Max Stamina40.0
[26Jun2025 21:29:54.925] [Server thread/INFO] [net.mcreator.tloa.TloaMod/]: Current Stamina:40.2
[26Jun2025 21:29:54.925] [Server thread/INFO] [net.mcreator.tloa.TloaMod/]: Rounded Stamina40
[26Jun2025 21:29:54.925] [Server thread/INFO] [net.mcreator.tloa.TloaMod/]: Can Stamina:true
[26Jun2025 21:29:54.925] [Server thread/INFO] [net.mcreator.tloa.TloaMod/]: Max Stamina40.0
[26Jun2025 21:29:54.969] [Render thread/INFO] [net.mcreator.tloa.TloaMod/]: Current Stamina:40.2
[26Jun2025 21:29:54.970] [Render thread/INFO] [net.mcreator.tloa.TloaMod/]: Rounded Stamina40
[26Jun2025 21:29:54.970] [Render thread/INFO] [net.mcreator.tloa.TloaMod/]: Can Stamina:true
[26Jun2025 21:29:54.970] [Render thread/INFO] [net.mcreator.tloa.TloaMod/]: Max Stamina40.0
[26Jun2025 21:29:54.978] [Server thread/INFO] [net.mcreator.tloa.TloaMod/]: Current Stamina:40.2
[26Jun2025 21:29:54.978] [Server thread/INFO] [net.mcreator.tloa.TloaMod/]: Rounded Stamina40
[26Jun2025 21:29:54.978] [Server thread/INFO] [net.mcreator.tloa.TloaMod/]: Can Stamina:true
[26Jun2025 21:29:54.978] [Server thread/INFO] [net.mcreator.tloa.TloaMod/]: Max Stamina40.0
[26Jun2025 21:29:55.019] [Render thread/INFO] [net.mcreator.tloa.TloaMod/]: Current Stamina:40.2
[26Jun2025 21:29:55.019] [Render thread/INFO] [net.mcreator.tloa.TloaMod/]: Rounded Stamina40
[26Jun2025 21:29:55.019] [Render thread/INFO] [net.mcreator.tloa.TloaMod/]: Can Stamina:true
[26Jun2025 21:29:55.019] [Render thread/INFO] [net.mcreator.tloa.TloaMod/]: Max Stamina40.0
[26Jun2025 21:29:55.026] [Server thread/INFO] [net.mcreator.tloa.TloaMod/]: Current Stamina:40.2
[26Jun2025 21:29:55.026] [Server thread/INFO] [net.mcreator.tloa.TloaMod/]: Rounded Stamina40
[26Jun2025 21:29:55.026] [Server thread/INFO] [net.mcreator.tloa.TloaMod/]: Can Stamina:true
[26Jun2025 21:29:55.027] [Server thread/INFO] [net.mcreator.tloa.TloaMod/]: Max Stamina40.0
[26Jun2025 21:29:55.069] [Render thread/INFO] [net.mcreator.tloa.TloaMod/]: Current Stamina:40.2
[26Jun2025 21:29:55.069] [Render thread/INFO] [net.mcreator.tloa.TloaMod/]: Rounded Stamina40
[26Jun2025 21:29:55.070] [Render thread/INFO] [net.mcreator.tloa.TloaMod/]: Can Stamina:true
[26Jun2025 21:29:55.070] [Render thread/INFO] [net.mcreator.tloa.TloaMod/]: Max Stamina40.0
[26Jun2025 21:29:55.077] [Server thread/INFO] [net.mcreator.tloa.TloaMod/]: Current Stamina:40.2
[26Jun2025 21:29:55.078] [Server thread/INFO] [net.mcreator.tloa.TloaMod/]: Rounded Stamina40
[26Jun2025 21:29:55.078] [Server thread/INFO] [net.mcreator.tloa.TloaMod/]: Can Stamina:true
[26Jun2025 21:29:55.078] [Server thread/INFO] [net.mcreator.tloa.TloaMod/]: Max Stamina40.0
[26Jun2025 21:29:55.120] [Render thread/INFO] [net.mcreator.tloa.TloaMod/]: Current Stamina:40.2
[26Jun2025 21:29:55.120] [Render thread/INFO] [net.mcreator.tloa.TloaMod/]: Rounded Stamina40
[26Jun2025 21:29:55.120] [Render thread/INFO] [net.mcreator.tloa.TloaMod/]: Can Stamina:true
[26Jun2025 21:29:55.120] [Render thread/INFO] [net.mcreator.tloa.TloaMod/]: Max Stamina40.0
[26Jun2025 21:29:55.128] [Server thread/INFO] [net.mcreator.tloa.TloaMod/]: Current Stamina:40.2
[26Jun2025 21:29:55.128] [Server thread/INFO] [net.mcreator.tloa.TloaMod/]: Rounded Stamina40
[26Jun2025 21:29:55.128] [Server thread/INFO] [net.mcreator.tloa.TloaMod/]: Can Stamina:true
[26Jun2025 21:29:55.128] [Server thread/INFO] [net.mcreator.tloa.TloaMod/]: Max Stamina40.0
[26Jun2025 21:29:55.169] [Render thread/INFO] [net.mcreator.tloa.TloaMod/]: Current Stamina:40.2
[26Jun2025 21:29:55.170] [Render thread/INFO] [net.mcreator.tloa.TloaMod/]: Rounded Stamina40
[26Jun2025 21:29:55.170] [Render thread/INFO] [net.mcreator.tloa.TloaMod/]: Can Stamina:true
[26Jun2025 21:29:55.170] [Render thread/INFO] [net.mcreator.tloa.TloaMod/]: Max Stamina40.0
[26Jun2025 21:29:55.175] [Server thread/INFO] [net.mcreator.tloa.TloaMod/]: Current Stamina:40.2
[26Jun2025 21:29:55.175] [Server thread/INFO] [net.mcreator.tloa.TloaMod/]: Rounded Stamina40
[26Jun2025 21:29:55.175] [Server thread/INFO] [net.mcreator.tloa.TloaMod/]: Can Stamina:true
[26Jun2025 21:29:55.175] [Server thread/INFO] [net.mcreator.tloa.TloaMod/]: Max Stamina40.0
[26Jun2025 21:29:55.220] [Render thread/INFO] [net.mcreator.tloa.TloaMod/]: Current Stamina:40.2
[26Jun2025 21:29:55.220] [Render thread/INFO] [net.mcreator.tloa.TloaMod/]: Rounded Stamina40
[26Jun2025 21:29:55.220] [Render thread/INFO] [net.mcreator.tloa.TloaMod/]: Can Stamina:true
[26Jun2025 21:29:55.220] [Render thread/INFO] [net.mcreator.tloa.TloaMod/]: Max Stamina40.0
[26Jun2025 21:29:55.230] [Server thread/INFO] [net.mcreator.tloa.TloaMod/]: Current Stamina:40.2
[26Jun2025 21:29:55.230] [Server thread/INFO] [net.mcreator.tloa.TloaMod/]: Rounded Stamina40
[26Jun2025 21:29:55.230] [Server thread/INFO] [net.mcreator.tloa.TloaMod/]: Can Stamina:true
[26Jun2025 21:29:55.230] [Server thread/INFO] [net.mcreator.tloa.TloaMod/]: Max Stamina40.0
[26Jun2025 21:29:55.269] [Render thread/INFO] [net.mcreator.tloa.TloaMod/]: Current Stamina:40.2
[26Jun2025 21:29:55.269] [Render thread/INFO] [net.mcreator.tloa.TloaMod/]: Rounded Stamina40
[26Jun2025 21:29:55.269] [Render thread/INFO] [net.mcreator.tloa.TloaMod/]: Can Stamina:true
[26Jun2025 21:29:55.269] [Render thread/INFO] [net.mcreator.tloa.TloaMod/]: Max Stamina40.0
[26Jun2025 21:29:55.276] [Server thread/INFO] [net.mcreator.tloa.TloaMod/]: Current Stamina:40.2
[26Jun2025 21:29:55.276] [Server thread/INFO] [net.mcreator.tloa.TloaMod/]: Rounded Stamina40
[26Jun2025 21:29:55.276] [Server thread/INFO] [net.mcreator.tloa.TloaMod/]: Can Stamina:true
[26Jun2025 21:29:55.276] [Server thread/INFO] [net.mcreator.tloa.TloaMod/]: Max Stamina40.0
[26Jun2025 21:29:55.320] [Render thread/INFO] [net.mcreator.tloa.TloaMod/]: Current Stamina:40.2
[26Jun2025 21:29:55.320] [Render thread/INFO] [net.mcreator.tloa.TloaMod/]: Rounded Stamina40
[26Jun2025 21:29:55.320] [Render thread/INFO] [net.mcreator.tloa.TloaMod/]: Can Stamina:true
[26Jun2025 21:29:55.320] [Render thread/INFO] [net.mcreator.tloa.TloaMod/]: Max Stamina40.0
[26Jun2025 21:29:55.324] [Server thread/INFO] [net.mcreator.tloa.TloaMod/]: Current Stamina:40.2
[26Jun2025 21:29:55.325] [Server thread/INFO] [net.mcreator.tloa.TloaMod/]: Rounded Stamina40
[26Jun2025 21:29:55.325] [Server thread/INFO] [net.mcreator.tloa.TloaMod/]: Can Stamina:true
[26Jun2025 21:29:55.325] [Server thread/INFO] [net.mcreator.tloa.TloaMod/]: Max Stamina40.0
[26Jun2025 21:29:55.369] [Render thread/INFO] [net.mcreator.tloa.TloaMod/]: Current Stamina:40.2
[26Jun2025 21:29:55.370] [Render thread/INFO] [net.mcreator.tloa.TloaMod/]: Rounded Stamina40
[26Jun2025 21:29:55.370] [Render thread/INFO] [net.mcreator.tloa.TloaMod/]: Can Stamina:true
[26Jun2025 21:29:55.370] [Render thread/INFO] [net.mcreator.tloa.TloaMod/]: Max Stamina40.0
[26Jun2025 21:29:55.374] [Server thread/INFO] [net.mcreator.tloa.TloaMod/]: Current Stamina:40.2
[26Jun2025 21:29:55.374] [Server thread/INFO] [net.mcreator.tloa.TloaMod/]: Rounded Stamina40
[26Jun2025 21:29:55.374] [Server thread/INFO] [net.mcreator.tloa.TloaMod/]: Can Stamina:true
[26Jun2025 21:29:55.374] [Server thread/INFO] [net.mcreator.tloa.TloaMod/]: Max Stamina40.0
[26Jun2025 21:29:55.420] [Render thread/INFO] [net.mcreator.tloa.TloaMod/]: Current Stamina:40.2
[26Jun2025 21:29:55.421] [Render thread/INFO] [net.mcreator.tloa.TloaMod/]: Rounded Stamina40
[26Jun2025 21:29:55.421] [Render thread/INFO] [net.mcreator.tloa.TloaMod/]: Can Stamina:true
[26Jun2025 21:29:55.421] [Render thread/INFO] [net.mcreator.tloa.TloaMod/]: Max Stamina40.0
[26Jun2025 21:29:55.429] [Server thread/INFO] [net.mcreator.tloa.TloaMod/]: Current Stamina:40.2
[26Jun2025 21:29:55.429] [Server thread/INFO] [net.mcreator.tloa.TloaMod/]: Rounded Stamina40
[26Jun2025 21:29:55.429] [Server thread/INFO] [net.mcreator.tloa.TloaMod/]: Can Stamina:true
[26Jun2025 21:29:55.429] [Server thread/INFO] [net.mcreator.tloa.TloaMod/]: Max Stamina40.0
[26Jun2025 21:29:55.469] [Render thread/INFO] [net.mcreator.tloa.TloaMod/]: Current Stamina:40.2
[26Jun2025 21:29:55.470] [Render thread/INFO] [net.mcreator.tloa.TloaMod/]: Rounded Stamina40
[26Jun2025 21:29:55.470] [Render thread/INFO] [net.mcreator.tloa.TloaMod/]: Can Stamina:true
[26Jun2025 21:29:55.470] [Render thread/INFO] [net.mcreator.tloa.TloaMod/]: Max Stamina40.0
[26Jun2025 21:29:55.476] [Server thread/INFO] [net.mcreator.tloa.TloaMod/]: Current Stamina:40.2
[26Jun2025 21:29:55.477] [Server thread/INFO] [net.mcreator.tloa.TloaMod/]: Rounded Stamina40
[26Jun2025 21:29:55.477] [Server thread/INFO] [net.mcreator.tloa.TloaMod/]: Can Stamina:true
[26Jun2025 21:29:55.477] [Server thread/INFO] [net.mcreator.tloa.TloaMod/]: Max Stamina40.0
[26Jun2025 21:29:55.520] [Render thread/INFO] [net.mcreator.tloa.TloaMod/]: Current Stamina:40.2
[26Jun2025 21:29:55.520] [Render thread/INFO] [net.mcreator.tloa.TloaMod/]: Rounded Stamina40
[26Jun2025 21:29:55.520] [Render thread/INFO] [net.mcreator.tloa.TloaMod/]: Can Stamina:true
[26Jun2025 21:29:55.520] [Render thread/INFO] [net.mcreator.tloa.TloaMod/]: Max Stamina40.0
[26Jun2025 21:29:55.526] [Server thread/INFO] [net.mcreator.tloa.TloaMod/]: Current Stamina:40.2
[26Jun2025 21:29:55.526] [Server thread/INFO] [net.mcreator.tloa.TloaMod/]: Rounded Stamina40
[26Jun2025 21:29:55.526] [Server thread/INFO] [net.mcreator.tloa.TloaMod/]: Can Stamina:true
[26Jun2025 21:29:55.526] [Server thread/INFO] [net.mcreator.tloa.TloaMod/]: Max Stamina40.0
[26Jun2025 21:29:55.569] [Render thread/INFO] [net.mcreator.tloa.TloaMod/]: Current Stamina:40.2
[26Jun2025 21:29:55.570] [Render thread/INFO] [net.mcreator.tloa.TloaMod/]: Rounded Stamina40
[26Jun2025 21:29:55.570] [Render thread/INFO] [net.mcreator.tloa.TloaMod/]: Can Stamina:true
[26Jun2025 21:29:55.570] [Render thread/INFO] [net.mcreator.tloa.TloaMod/]: Max Stamina40.0
[26Jun2025 21:29:55.575] [Server thread/INFO] [net.mcreator.tloa.TloaMod/]: Current Stamina:40.2
[26Jun2025 21:29:55.576] [Server thread/INFO] [net.mcreator.tloa.TloaMod/]: Rounded Stamina40
[26Jun2025 21:29:55.576] [Server thread/INFO] [net.mcreator.tloa.TloaMod/]: Can Stamina:true
[26Jun2025 21:29:55.576] [Server thread/INFO] [net.mcreator.tloa.TloaMod/]: Max Stamina40.0
[26Jun2025 21:29:55.619] [Render thread/INFO] [net.mcreator.tloa.TloaMod/]: Current Stamina:40.2
[26Jun2025 21:29:55.620] [Render thread/INFO] [net.mcreator.tloa.TloaMod/]: Rounded Stamina40
[26Jun2025 21:29:55.620] [Render thread/INFO] [net.mcreator.tloa.TloaMod/]: Can Stamina:true
[26Jun2025 21:29:55.620] [Render thread/INFO] [net.mcreator.tloa.TloaMod/]: Max Stamina40.0
[26Jun2025 21:29:55.624] [Server thread/INFO] [net.mcreator.tloa.TloaMod/]: Current Stamina:40.2
[26Jun2025 21:29:55.624] [Server thread/INFO] [net.mcreator.tloa.TloaMod/]: Rounded Stamina40
[26Jun2025 21:29:55.624] [Server thread/INFO] [net.mcreator.tloa.TloaMod/]: Can Stamina:true
[26Jun2025 21:29:55.624] [Server thread/INFO] [net.mcreator.tloa.TloaMod/]: Max Stamina40.0
[26Jun2025 21:29:55.669] [Render thread/INFO] [net.mcreator.tloa.TloaMod/]: Current Stamina:40.2
[26Jun2025 21:29:55.669] [Render thread/INFO] [net.mcreator.tloa.TloaMod/]: Rounded Stamina40
[26Jun2025 21:29:55.669] [Render thread/INFO] [net.mcreator.tloa.TloaMod/]: Can Stamina:true
[26Jun2025 21:29:55.669] [Render thread/INFO] [net.mcreator.tloa.TloaMod/]: Max Stamina40.0
[26Jun2025 21:29:55.676] [Server thread/INFO] [net.mcreator.tloa.TloaMod/]: Current Stamina:40.2
[26Jun2025 21:29:55.676] [Server thread/INFO] [net.mcreator.tloa.TloaMod/]: Rounded Stamina40
[26Jun2025 21:29:55.676] [Server thread/INFO] [net.mcreator.tloa.TloaMod/]: Can Stamina:true
[26Jun2025 21:29:55.676] [Server thread/INFO] [net.mcreator.tloa.TloaMod/]: Max Stamina40.0
[26Jun2025 21:29:55.719] [Render thread/INFO] [net.mcreator.tloa.TloaMod/]: Current Stamina:40.2
[26Jun2025 21:29:55.719] [Render thread/INFO] [net.mcreator.tloa.TloaMod/]: Rounded Stamina40
[26Jun2025 21:29:55.719] [Render thread/INFO] [net.mcreator.tloa.TloaMod/]: Can Stamina:true
[26Jun2025 21:29:55.719] [Render thread/INFO] [net.mcreator.tloa.TloaMod/]: Max Stamina40.0
[26Jun2025 21:29:55.725] [Server thread/INFO] [net.mcreator.tloa.TloaMod/]: Current Stamina:40.2
[26Jun2025 21:29:55.726] [Server thread/INFO] [net.mcreator.tloa.TloaMod/]: Rounded Stamina40
[26Jun2025 21:29:55.726] [Server thread/INFO] [net.mcreator.tloa.TloaMod/]: Can Stamina:true
[26Jun2025 21:29:55.726] [Server thread/INFO] [net.mcreator.tloa.TloaMod/]: Max Stamina40.0
[26Jun2025 21:29:55.769] [Render thread/INFO] [net.mcreator.tloa.TloaMod/]: Current Stamina:40.2
[26Jun2025 21:29:55.769] [Render thread/INFO] [net.mcreator.tloa.TloaMod/]: Rounded Stamina40
[26Jun2025 21:29:55.769] [Render thread/INFO] [net.mcreator.tloa.TloaMod/]: Can Stamina:true
[26Jun2025 21:29:55.769] [Render thread/INFO] [net.mcreator.tloa.TloaMod/]: Max Stamina40.0
[26Jun2025 21:29:55.777] [Server thread/INFO] [net.mcreator.tloa.TloaMod/]: Current Stamina:40.2
[26Jun2025 21:29:55.778] [Server thread/INFO] [net.mcreator.tloa.TloaMod/]: Rounded Stamina40
[26Jun2025 21:29:55.778] [Server thread/INFO] [net.mcreator.tloa.TloaMod/]: Can Stamina:true
[26Jun2025 21:29:55.778] [Server thread/INFO] [net.mcreator.tloa.TloaMod/]: Max Stamina40.0
[26Jun2025 21:29:55.821] [Render thread/INFO] [net.mcreator.tloa.TloaMod/]: Current Stamina:40.2
[26Jun2025 21:29:55.821] [Render thread/INFO] [net.mcreator.tloa.TloaMod/]: Rounded Stamina40
[26Jun2025 21:29:55.821] [Render thread/INFO] [net.mcreator.tloa.TloaMod/]: Can Stamina:true
[26Jun2025 21:29:55.821] [Render thread/INFO] [net.mcreator.tloa.TloaMod/]: Max Stamina40.0
[26Jun2025 21:29:55.828] [Server thread/INFO] [net.mcreator.tloa.TloaMod/]: Current Stamina:40.2
[26Jun2025 21:29:55.828] [Server thread/INFO] [net.mcreator.tloa.TloaMod/]: Rounded Stamina40
[26Jun2025 21:29:55.828] [Server thread/INFO] [net.mcreator.tloa.TloaMod/]: Can Stamina:true
[26Jun2025 21:29:55.828] [Server thread/INFO] [net.mcreator.tloa.TloaMod/]: Max Stamina40.0
[26Jun2025 21:29:55.869] [Render thread/INFO] [net.mcreator.tloa.TloaMod/]: Current Stamina:40.2
[26Jun2025 21:29:55.869] [Render thread/INFO] [net.mcreator.tloa.TloaMod/]: Rounded Stamina40
[26Jun2025 21:29:55.869] [Render thread/INFO] [net.mcreator.tloa.TloaMod/]: Can Stamina:true
[26Jun2025 21:29:55.869] [Render thread/INFO] [net.mcreator.tloa.TloaMod/]: Max Stamina40.0
[26Jun2025 21:29:55.876] [Server thread/INFO] [net.mcreator.tloa.TloaMod/]: Current Stamina:40.2
[26Jun2025 21:29:55.877] [Server thread/INFO] [net.mcreator.tloa.TloaMod/]: Rounded Stamina40
[26Jun2025 21:29:55.877] [Server thread/INFO] [net.mcreator.tloa.TloaMod/]: Can Stamina:true
[26Jun2025 21:29:55.877] [Server thread/INFO] [net.mcreator.tloa.TloaMod/]: Max Stamina40.0
[26Jun2025 21:29:55.921] [Render thread/INFO] [net.mcreator.tloa.TloaMod/]: Current Stamina:40.2
[26Jun2025 21:29:55.921] [Render thread/INFO] [net.mcreator.tloa.TloaMod/]: Rounded Stamina40
[26Jun2025 21:29:55.921] [Render thread/INFO] [net.mcreator.tloa.TloaMod/]: Can Stamina:true
[26Jun2025 21:29:55.921] [Render thread/INFO] [net.mcreator.tloa.TloaMod/]: Max Stamina40.0
[26Jun2025 21:29:55.925] [Server thread/INFO] [net.mcreator.tloa.TloaMod/]: Current Stamina:40.2
[26Jun2025 21:29:55.925] [Server thread/INFO] [net.mcreator.tloa.TloaMod/]: Rounded Stamina40
[26Jun2025 21:29:55.925] [Server thread/INFO] [net.mcreator.tloa.TloaMod/]: Can Stamina:true
[26Jun2025 21:29:55.925] [Server thread/INFO] [net.mcreator.tloa.TloaMod/]: Max Stamina40.0
[26Jun2025 21:29:55.969] [Render thread/INFO] [net.mcreator.tloa.TloaMod/]: Current Stamina:40.2
[26Jun2025 21:29:55.969] [Render thread/INFO] [net.mcreator.tloa.TloaMod/]: Rounded Stamina40
[26Jun2025 21:29:55.969] [Render thread/INFO] [net.mcreator.tloa.TloaMod/]: Can Stamina:true
[26Jun2025 21:29:55.969] [Render thread/INFO] [net.mcreator.tloa.TloaMod/]: Max Stamina40.0
[26Jun2025 21:29:55.974] [Server thread/INFO] [net.mcreator.tloa.TloaMod/]: Current Stamina:40.2
[26Jun2025 21:29:55.975] [Server thread/INFO] [net.mcreator.tloa.TloaMod/]: Rounded Stamina40
[26Jun2025 21:29:55.975] [Server thread/INFO] [net.mcreator.tloa.TloaMod/]: Can Stamina:true
[26Jun2025 21:29:55.975] [Server thread/INFO] [net.mcreator.tloa.TloaMod/]: Max Stamina40.0
[26Jun2025 21:29:56.021] [Render thread/INFO] [net.mcreator.tloa.TloaMod/]: Current Stamina:40.2
[26Jun2025 21:29:56.021] [Render thread/INFO] [net.mcreator.tloa.TloaMod/]: Rounded Stamina40
[26Jun2025 21:29:56.022] [Render thread/INFO] [net.mcreator.tloa.TloaMod/]: Can Stamina:true
[26Jun2025 21:29:56.022] [Render thread/INFO] [net.mcreator.tloa.TloaMod/]: Max Stamina40.0
[26Jun2025 21:29:56.026] [Server thread/INFO] [net.mcreator.tloa.TloaMod/]: Current Stamina:40.2
[26Jun2025 21:29:56.026] [Server thread/INFO] [net.mcreator.tloa.TloaMod/]: Rounded Stamina40
[26Jun2025 21:29:56.026] [Server thread/INFO] [net.mcreator.tloa.TloaMod/]: Can Stamina:true
[26Jun2025 21:29:56.026] [Server thread/INFO] [net.mcreator.tloa.TloaMod/]: Max Stamina40.0
[26Jun2025 21:29:56.070] [Render thread/INFO] [net.mcreator.tloa.TloaMod/]: Current Stamina:40.2
[26Jun2025 21:29:56.070] [Render thread/INFO] [net.mcreator.tloa.TloaMod/]: Rounded Stamina40
[26Jun2025 21:29:56.070] [Render thread/INFO] [net.mcreator.tloa.TloaMod/]: Can Stamina:true
[26Jun2025 21:29:56.070] [Render thread/INFO] [net.mcreator.tloa.TloaMod/]: Max Stamina40.0
[26Jun2025 21:29:56.077] [Server thread/INFO] [net.mcreator.tloa.TloaMod/]: Current Stamina:40.2
[26Jun2025 21:29:56.077] [Server thread/INFO] [net.mcreator.tloa.TloaMod/]: Rounded Stamina40
[26Jun2025 21:29:56.077] [Server thread/INFO] [net.mcreator.tloa.TloaMod/]: Can Stamina:true
[26Jun2025 21:29:56.077] [Server thread/INFO] [net.mcreator.tloa.TloaMod/]: Max Stamina40.0
[26Jun2025 21:29:56.120] [Render thread/INFO] [net.mcreator.tloa.TloaMod/]: Current Stamina:40.2
[26Jun2025 21:29:56.120] [Render thread/INFO] [net.mcreator.tloa.TloaMod/]: Rounded Stamina40
[26Jun2025 21:29:56.120] [Render thread/INFO] [net.mcreator.tloa.TloaMod/]: Can Stamina:true
[26Jun2025 21:29:56.120] [Render thread/INFO] [net.mcreator.tloa.TloaMod/]: Max Stamina40.0
[26Jun2025 21:29:56.126] [Server thread/INFO] [net.mcreator.tloa.TloaMod/]: Current Stamina:40.2
[26Jun2025 21:29:56.126] [Server thread/INFO] [net.mcreator.tloa.TloaMod/]: Rounded Stamina40
[26Jun2025 21:29:56.126] [Server thread/INFO] [net.mcreator.tloa.TloaMod/]: Can Stamina:true
[26Jun2025 21:29:56.126] [Server thread/INFO] [net.mcreator.tloa.TloaMod/]: Max Stamina40.0
[26Jun2025 21:29:56.169] [Render thread/INFO] [net.mcreator.tloa.TloaMod/]: Current Stamina:40.2
[26Jun2025 21:29:56.169] [Render thread/INFO] [net.mcreator.tloa.TloaMod/]: Rounded Stamina40
[26Jun2025 21:29:56.169] [Render thread/INFO] [net.mcreator.tloa.TloaMod/]: Can Stamina:true
[26Jun2025 21:29:56.169] [Render thread/INFO] [net.mcreator.tloa.TloaMod/]: Max Stamina40.0
[26Jun2025 21:29:56.173] [Server thread/INFO] [net.mcreator.tloa.TloaMod/]: Current Stamina:40.2
[26Jun2025 21:29:56.173] [Server thread/INFO] [net.mcreator.tloa.TloaMod/]: Rounded Stamina40
[26Jun2025 21:29:56.173] [Server thread/INFO] [net.mcreator.tloa.TloaMod/]: Can Stamina:true
[26Jun2025 21:29:56.173] [Server thread/INFO] [net.mcreator.tloa.TloaMod/]: Max Stamina40.0
[26Jun2025 21:29:56.219] [Render thread/INFO] [net.mcreator.tloa.TloaMod/]: Current Stamina:40.2
[26Jun2025 21:29:56.219] [Render thread/INFO] [net.mcreator.tloa.TloaMod/]: Rounded Stamina40
[26Jun2025 21:29:56.219] [Render thread/INFO] [net.mcreator.tloa.TloaMod/]: Can Stamina:true
[26Jun2025 21:29:56.219] [Render thread/INFO] [net.mcreator.tloa.TloaMod/]: Max Stamina40.0
[26Jun2025 21:29:56.228] [Server thread/INFO] [net.mcreator.tloa.TloaMod/]: Current Stamina:40.2
[26Jun2025 21:29:56.228] [Server thread/INFO] [net.mcreator.tloa.TloaMod/]: Rounded Stamina40
[26Jun2025 21:29:56.228] [Server thread/INFO] [net.mcreator.tloa.TloaMod/]: Can Stamina:true
[26Jun2025 21:29:56.228] [Server thread/INFO] [net.mcreator.tloa.TloaMod/]: Max Stamina40.0
[26Jun2025 21:29:56.269] [Render thread/INFO] [net.mcreator.tloa.TloaMod/]: Current Stamina:40.2
[26Jun2025 21:29:56.269] [Render thread/INFO] [net.mcreator.tloa.TloaMod/]: Rounded Stamina40
[26Jun2025 21:29:56.269] [Render thread/INFO] [net.mcreator.tloa.TloaMod/]: Can Stamina:true
[26Jun2025 21:29:56.269] [Render thread/INFO] [net.mcreator.tloa.TloaMod/]: Max Stamina40.0
[26Jun2025 21:29:56.273] [Server thread/INFO] [net.mcreator.tloa.TloaMod/]: Current Stamina:40.2
[26Jun2025 21:29:56.273] [Server thread/INFO] [net.mcreator.tloa.TloaMod/]: Rounded Stamina40
[26Jun2025 21:29:56.273] [Server thread/INFO] [net.mcreator.tloa.TloaMod/]: Can Stamina:true
[26Jun2025 21:29:56.273] [Server thread/INFO] [net.mcreator.tloa.TloaMod/]: Max Stamina40.0
[26Jun2025 21:29:56.320] [Render thread/INFO] [net.mcreator.tloa.TloaMod/]: Current Stamina:40.2
[26Jun2025 21:29:56.321] [Render thread/INFO] [net.mcreator.tloa.TloaMod/]: Rounded Stamina40
[26Jun2025 21:29:56.321] [Render thread/INFO] [net.mcreator.tloa.TloaMod/]: Can Stamina:true
[26Jun2025 21:29:56.321] [Render thread/INFO] [net.mcreator.tloa.TloaMod/]: Max Stamina40.0
[26Jun2025 21:29:56.324] [Server thread/INFO] [net.mcreator.tloa.TloaMod/]: Current Stamina:40.2
[26Jun2025 21:29:56.325] [Server thread/INFO] [net.mcreator.tloa.TloaMod/]: Rounded Stamina40
[26Jun2025 21:29:56.325] [Server thread/INFO] [net.mcreator.tloa.TloaMod/]: Can Stamina:true
[26Jun2025 21:29:56.325] [Server thread/INFO] [net.mcreator.tloa.TloaMod/]: Max Stamina40.0
[26Jun2025 21:29:56.369] [Render thread/INFO] [net.mcreator.tloa.TloaMod/]: Current Stamina:40.2
[26Jun2025 21:29:56.369] [Render thread/INFO] [net.mcreator.tloa.TloaMod/]: Rounded Stamina40
[26Jun2025 21:29:56.369] [Render thread/INFO] [net.mcreator.tloa.TloaMod/]: Can Stamina:true
[26Jun2025 21:29:56.369] [Render thread/INFO] [net.mcreator.tloa.TloaMod/]: Max Stamina40.0
[26Jun2025 21:29:56.372] [Server thread/INFO] [net.mcreator.tloa.TloaMod/]: Current Stamina:40.2
[26Jun2025 21:29:56.372] [Server thread/INFO] [net.mcreator.tloa.TloaMod/]: Rounded Stamina40
[26Jun2025 21:29:56.372] [Server thread/INFO] [net.mcreator.tloa.TloaMod/]: Can Stamina:true
[26Jun2025 21:29:56.372] [Server thread/INFO] [net.mcreator.tloa.TloaMod/]: Max Stamina40.0
[26Jun2025 21:29:56.420] [Render thread/INFO] [net.mcreator.tloa.TloaMod/]: Current Stamina:40.2
[26Jun2025 21:29:56.420] [Render thread/INFO] [net.mcreator.tloa.TloaMod/]: Rounded Stamina40
[26Jun2025 21:29:56.420] [Render thread/INFO] [net.mcreator.tloa.TloaMod/]: Can Stamina:true
[26Jun2025 21:29:56.420] [Render thread/INFO] [net.mcreator.tloa.TloaMod/]: Max Stamina40.0
[26Jun2025 21:29:56.426] [Server thread/INFO] [net.mcreator.tloa.TloaMod/]: Current Stamina:40.2
[26Jun2025 21:29:56.426] [Server thread/INFO] [net.mcreator.tloa.TloaMod/]: Rounded Stamina40
[26Jun2025 21:29:56.426] [Server thread/INFO] [net.mcreator.tloa.TloaMod/]: Can Stamina:true
[26Jun2025 21:29:56.426] [Server thread/INFO] [net.mcreator.tloa.TloaMod/]: Max Stamina40.0
[26Jun2025 21:29:56.469] [Render thread/INFO] [net.mcreator.tloa.TloaMod/]: Current Stamina:40.2
[26Jun2025 21:29:56.469] [Render thread/INFO] [net.mcreator.tloa.TloaMod/]: Rounded Stamina40
[26Jun2025 21:29:56.469] [Render thread/INFO] [net.mcreator.tloa.TloaMod/]: Can Stamina:true
[26Jun2025 21:29:56.469] [Render thread/INFO] [net.mcreator.tloa.TloaMod/]: Max Stamina40.0
[26Jun2025 21:29:56.474] [Server thread/INFO] [net.mcreator.tloa.TloaMod/]: Current Stamina:40.2
[26Jun2025 21:29:56.474] [Server thread/INFO] [net.mcreator.tloa.TloaMod/]: Rounded Stamina40
[26Jun2025 21:29:56.474] [Server thread/INFO] [net.mcreator.tloa.TloaMod/]: Can Stamina:true
[26Jun2025 21:29:56.474] [Server thread/INFO] [net.mcreator.tloa.TloaMod/]: Max Stamina40.0
[26Jun2025 21:29:56.520] [Render thread/INFO] [net.mcreator.tloa.TloaMod/]: Current Stamina:40.2
[26Jun2025 21:29:56.520] [Render thread/INFO] [net.mcreator.tloa.TloaMod/]: Rounded Stamina40
[26Jun2025 21:29:56.520] [Render thread/INFO] [net.mcreator.tloa.TloaMod/]: Can Stamina:true
[26Jun2025 21:29:56.520] [Render thread/INFO] [net.mcreator.tloa.TloaMod/]: Max Stamina40.0
[26Jun2025 21:29:56.525] [Server thread/INFO] [net.mcreator.tloa.TloaMod/]: Current Stamina:40.2
[26Jun2025 21:29:56.525] [Server thread/INFO] [net.mcreator.tloa.TloaMod/]: Rounded Stamina40
[26Jun2025 21:29:56.525] [Server thread/INFO] [net.mcreator.tloa.TloaMod/]: Can Stamina:true
[26Jun2025 21:29:56.526] [Server thread/INFO] [net.mcreator.tloa.TloaMod/]: Max Stamina40.0
[26Jun2025 21:29:56.571] [Render thread/INFO] [net.mcreator.tloa.TloaMod/]: Current Stamina:40.2
[26Jun2025 21:29:56.571] [Render thread/INFO] [net.mcreator.tloa.TloaMod/]: Rounded Stamina40
[26Jun2025 21:29:56.571] [Render thread/INFO] [net.mcreator.tloa.TloaMod/]: Can Stamina:true
[26Jun2025 21:29:56.571] [Render thread/INFO] [net.mcreator.tloa.TloaMod/]: Max Stamina40.0
[26Jun2025 21:29:56.574] [Server thread/INFO] [net.mcreator.tloa.TloaMod/]: Current Stamina:40.2
[26Jun2025 21:29:56.574] [Server thread/INFO] [net.mcreator.tloa.TloaMod/]: Rounded Stamina40
[26Jun2025 21:29:56.574] [Server thread/INFO] [net.mcreator.tloa.TloaMod/]: Can Stamina:true
[26Jun2025 21:29:56.574] [Server thread/INFO] [net.mcreator.tloa.TloaMod/]: Max Stamina40.0
[26Jun2025 21:29:56.620] [Render thread/INFO] [net.mcreator.tloa.TloaMod/]: Current Stamina:40.2
[26Jun2025 21:29:56.620] [Render thread/INFO] [net.mcreator.tloa.TloaMod/]: Rounded Stamina40
[26Jun2025 21:29:56.620] [Render thread/INFO] [net.mcreator.tloa.TloaMod/]: Can Stamina:true
[26Jun2025 21:29:56.620] [Render thread/INFO] [net.mcreator.tloa.TloaMod/]: Max Stamina40.0
[26Jun2025 21:29:56.623] [Server thread/INFO] [net.mcreator.tloa.TloaMod/]: Current Stamina:40.2
[26Jun2025 21:29:56.623] [Server thread/INFO] [net.mcreator.tloa.TloaMod/]: Rounded Stamina40
[26Jun2025 21:29:56.623] [Server thread/INFO] [net.mcreator.tloa.TloaMod/]: Can Stamina:true
[26Jun2025 21:29:56.623] [Server thread/INFO] [net.mcreator.tloa.TloaMod/]: Max Stamina40.0
[26Jun2025 21:29:56.670] [Render thread/INFO] [net.mcreator.tloa.TloaMod/]: Current Stamina:40.2
[26Jun2025 21:29:56.671] [Render thread/INFO] [net.mcreator.tloa.TloaMod/]: Rounded Stamina40
[26Jun2025 21:29:56.671] [Render thread/INFO] [net.mcreator.tloa.TloaMod/]: Can Stamina:true
[26Jun2025 21:29:56.671] [Render thread/INFO] [net.mcreator.tloa.TloaMod/]: Max Stamina40.0
[26Jun2025 21:29:56.676] [Server thread/INFO] [net.mcreator.tloa.TloaMod/]: Current Stamina:40.2
[26Jun2025 21:29:56.676] [Server thread/INFO] [net.mcreator.tloa.TloaMod/]: Rounded Stamina40
[26Jun2025 21:29:56.676] [Server thread/INFO] [net.mcreator.tloa.TloaMod/]: Can Stamina:true
[26Jun2025 21:29:56.676] [Server thread/INFO] [net.mcreator.tloa.TloaMod/]: Max Stamina40.0
[26Jun2025 21:29:56.719] [Render thread/INFO] [net.mcreator.tloa.TloaMod/]: Current Stamina:40.2
[26Jun2025 21:29:56.719] [Render thread/INFO] [net.mcreator.tloa.TloaMod/]: Rounded Stamina40
[26Jun2025 21:29:56.719] [Render thread/INFO] [net.mcreator.tloa.TloaMod/]: Can Stamina:true
[26Jun2025 21:29:56.719] [Render thread/INFO] [net.mcreator.tloa.TloaMod/]: Max Stamina40.0
[26Jun2025 21:29:56.726] [Server thread/INFO] [net.mcreator.tloa.TloaMod/]: Current Stamina:40.2
[26Jun2025 21:29:56.726] [Server thread/INFO] [net.mcreator.tloa.TloaMod/]: Rounded Stamina40
[26Jun2025 21:29:56.726] [Server thread/INFO] [net.mcreator.tloa.TloaMod/]: Can Stamina:true
[26Jun2025 21:29:56.726] [Server thread/INFO] [net.mcreator.tloa.TloaMod/]: Max Stamina40.0
[26Jun2025 21:29:56.771] [Render thread/INFO] [net.mcreator.tloa.TloaMod/]: Current Stamina:40.2
[26Jun2025 21:29:56.771] [Render thread/INFO] [net.mcreator.tloa.TloaMod/]: Rounded Stamina40
[26Jun2025 21:29:56.771] [Render thread/INFO] [net.mcreator.tloa.TloaMod/]: Can Stamina:true
[26Jun2025 21:29:56.771] [Render thread/INFO] [net.mcreator.tloa.TloaMod/]: Max Stamina40.0
[26Jun2025 21:29:56.776] [Server thread/INFO] [net.mcreator.tloa.TloaMod/]: Current Stamina:40.2
[26Jun2025 21:29:56.776] [Server thread/INFO] [net.mcreator.tloa.TloaMod/]: Rounded Stamina40
[26Jun2025 21:29:56.776] [Server thread/INFO] [net.mcreator.tloa.TloaMod/]: Can Stamina:true
[26Jun2025 21:29:56.776] [Server thread/INFO] [net.mcreator.tloa.TloaMod/]: Max Stamina40.0
[26Jun2025 21:29:56.820] [Render thread/INFO] [net.mcreator.tloa.TloaMod/]: Current Stamina:40.2
[26Jun2025 21:29:56.820] [Render thread/INFO] [net.mcreator.tloa.TloaMod/]: Rounded Stamina40
[26Jun2025 21:29:56.820] [Render thread/INFO] [net.mcreator.tloa.TloaMod/]: Can Stamina:true
[26Jun2025 21:29:56.820] [Render thread/INFO] [net.mcreator.tloa.TloaMod/]: Max Stamina40.0
[26Jun2025 21:29:56.826] [Server thread/INFO] [net.mcreator.tloa.TloaMod/]: Current Stamina:40.2
[26Jun2025 21:29:56.826] [Server thread/INFO] [net.mcreator.tloa.TloaMod/]: Rounded Stamina40
[26Jun2025 21:29:56.826] [Server thread/INFO] [net.mcreator.tloa.TloaMod/]: Can Stamina:true
[26Jun2025 21:29:56.826] [Server thread/INFO] [net.mcreator.tloa.TloaMod/]: Max Stamina40.0
[26Jun2025 21:29:56.871] [Render thread/INFO] [net.mcreator.tloa.TloaMod/]: Current Stamina:40.2
[26Jun2025 21:29:56.871] [Render thread/INFO] [net.mcreator.tloa.TloaMod/]: Rounded Stamina40
[26Jun2025 21:29:56.871] [Render thread/INFO] [net.mcreator.tloa.TloaMod/]: Can Stamina:true
[26Jun2025 21:29:56.871] [Render thread/INFO] [net.mcreator.tloa.TloaMod/]: Max Stamina40.0
[26Jun2025 21:29:56.875] [Server thread/INFO] [net.mcreator.tloa.TloaMod/]: Current Stamina:40.2
[26Jun2025 21:29:56.875] [Server thread/INFO] [net.mcreator.tloa.TloaMod/]: Rounded Stamina40
[26Jun2025 21:29:56.876] [Server thread/INFO] [net.mcreator.tloa.TloaMod/]: Can Stamina:true
[26Jun2025 21:29:56.876] [Server thread/INFO] [net.mcreator.tloa.TloaMod/]: Max Stamina40.0
[26Jun2025 21:29:56.920] [Render thread/INFO] [net.mcreator.tloa.TloaMod/]: Current Stamina:40.2
[26Jun2025 21:29:56.920] [Render thread/INFO] [net.mcreator.tloa.TloaMod/]: Rounded Stamina40
[26Jun2025 21:29:56.920] [Render thread/INFO] [net.mcreator.tloa.TloaMod/]: Can Stamina:true
[26Jun2025 21:29:56.920] [Render thread/INFO] [net.mcreator.tloa.TloaMod/]: Max Stamina40.0
[26Jun2025 21:29:56.926] [Server thread/INFO] [net.mcreator.tloa.TloaMod/]: Current Stamina:40.2
[26Jun2025 21:29:56.926] [Server thread/INFO] [net.mcreator.tloa.TloaMod/]: Rounded Stamina40
[26Jun2025 21:29:56.926] [Server thread/INFO] [net.mcreator.tloa.TloaMod/]: Can Stamina:true
[26Jun2025 21:29:56.927] [Server thread/INFO] [net.mcreator.tloa.TloaMod/]: Max Stamina40.0
[26Jun2025 21:29:56.968] [Render thread/INFO] [net.mcreator.tloa.TloaMod/]: Current Stamina:40.2
[26Jun2025 21:29:56.969] [Render thread/INFO] [net.mcreator.tloa.TloaMod/]: Rounded Stamina40
[26Jun2025 21:29:56.969] [Render thread/INFO] [net.mcreator.tloa.TloaMod/]: Can Stamina:true
[26Jun2025 21:29:56.969] [Render thread/INFO] [net.mcreator.tloa.TloaMod/]: Max Stamina40.0
[26Jun2025 21:29:56.974] [Server thread/INFO] [net.mcreator.tloa.TloaMod/]: Current Stamina:40.2
[26Jun2025 21:29:56.974] [Server thread/INFO] [net.mcreator.tloa.TloaMod/]: Rounded Stamina40
[26Jun2025 21:29:56.974] [Server thread/INFO] [net.mcreator.tloa.TloaMod/]: Can Stamina:true
[26Jun2025 21:29:56.974] [Server thread/INFO] [net.mcreator.tloa.TloaMod/]: Max Stamina40.0
[26Jun2025 21:29:57.019] [Render thread/INFO] [net.mcreator.tloa.TloaMod/]: Current Stamina:40.2
[26Jun2025 21:29:57.019] [Render thread/INFO] [net.mcreator.tloa.TloaMod/]: Rounded Stamina40
[26Jun2025 21:29:57.019] [Render thread/INFO] [net.mcreator.tloa.TloaMod/]: Can Stamina:true
[26Jun2025 21:29:57.020] [Render thread/INFO] [net.mcreator.tloa.TloaMod/]: Max Stamina40.0
[26Jun2025 21:29:57.027] [Server thread/INFO] [net.mcreator.tloa.TloaMod/]: Current Stamina:40.2
[26Jun2025 21:29:57.027] [Server thread/INFO] [net.mcreator.tloa.TloaMod/]: Rounded Stamina40
[26Jun2025 21:29:57.027] [Server thread/INFO] [net.mcreator.tloa.TloaMod/]: Can Stamina:true
[26Jun2025 21:29:57.027] [Server thread/INFO] [net.mcreator.tloa.TloaMod/]: Max Stamina40.0
[26Jun2025 21:29:57.070] [Render thread/INFO] [net.mcreator.tloa.TloaMod/]: Current Stamina:40.2
[26Jun2025 21:29:57.070] [Render thread/INFO] [net.mcreator.tloa.TloaMod/]: Rounded Stamina40
[26Jun2025 21:29:57.070] [Render thread/INFO] [net.mcreator.tloa.TloaMod/]: Can Stamina:true
[26Jun2025 21:29:57.070] [Render thread/INFO] [net.mcreator.tloa.TloaMod/]: Max Stamina40.0
[26Jun2025 21:29:57.079] [Server thread/INFO] [net.mcreator.tloa.TloaMod/]: Current Stamina:40.2
[26Jun2025 21:29:57.079] [Server thread/INFO] [net.mcreator.tloa.TloaMod/]: Rounded Stamina40
[26Jun2025 21:29:57.079] [Server thread/INFO] [net.mcreator.tloa.TloaMod/]: Can Stamina:true
[26Jun2025 21:29:57.079] [Server thread/INFO] [net.mcreator.tloa.TloaMod/]: Max Stamina40.0
[26Jun2025 21:29:57.138] [Render thread/INFO] [net.mcreator.tloa.TloaMod/]: Current Stamina:40.2
[26Jun2025 21:29:57.138] [Render thread/INFO] [net.mcreator.tloa.TloaMod/]: Rounded Stamina40
[26Jun2025 21:29:57.138] [Render thread/INFO] [net.mcreator.tloa.TloaMod/]: Can Stamina:true
[26Jun2025 21:29:57.138] [Render thread/INFO] [net.mcreator.tloa.TloaMod/]: Max Stamina40.0
[26Jun2025 21:29:57.142] [Server thread/INFO] [net.mcreator.tloa.TloaMod/]: Current Stamina:40.2
[26Jun2025 21:29:57.142] [Server thread/INFO] [net.mcreator.tloa.TloaMod/]: Rounded Stamina40
[26Jun2025 21:29:57.142] [Server thread/INFO] [net.mcreator.tloa.TloaMod/]: Can Stamina:true
[26Jun2025 21:29:57.142] [Server thread/INFO] [net.mcreator.tloa.TloaMod/]: Max Stamina40.0
[26Jun2025 21:29:57.169] [Render thread/INFO] [net.mcreator.tloa.TloaMod/]: Current Stamina:40.2
[26Jun2025 21:29:57.170] [Render thread/INFO] [net.mcreator.tloa.TloaMod/]: Rounded Stamina40
[26Jun2025 21:29:57.170] [Render thread/INFO] [net.mcreator.tloa.TloaMod/]: Can Stamina:true
[26Jun2025 21:29:57.170] [Render thread/INFO] [net.mcreator.tloa.TloaMod/]: Max Stamina40.0
[26Jun2025 21:29:57.177] [Server thread/INFO] [net.mcreator.tloa.TloaMod/]: Current Stamina:40.2
[26Jun2025 21:29:57.177] [Server thread/INFO] [net.mcreator.tloa.TloaMod/]: Rounded Stamina40
[26Jun2025 21:29:57.177] [Server thread/INFO] [net.mcreator.tloa.TloaMod/]: Can Stamina:true
[26Jun2025 21:29:57.177] [Server thread/INFO] [net.mcreator.tloa.TloaMod/]: Max Stamina40.0
[26Jun2025 21:29:57.220] [Render thread/INFO] [net.mcreator.tloa.TloaMod/]: Current Stamina:40.2
[26Jun2025 21:29:57.220] [Render thread/INFO] [net.mcreator.tloa.TloaMod/]: Rounded Stamina40
[26Jun2025 21:29:57.221] [Render thread/INFO] [net.mcreator.tloa.TloaMod/]: Can Stamina:true
[26Jun2025 21:29:57.221] [Render thread/INFO] [net.mcreator.tloa.TloaMod/]: Max Stamina40.0
[26Jun2025 21:29:57.228] [Server thread/INFO] [net.mcreator.tloa.TloaMod/]: Current Stamina:40.2
[26Jun2025 21:29:57.228] [Server thread/INFO] [net.mcreator.tloa.TloaMod/]: Rounded Stamina40
[26Jun2025 21:29:57.228] [Server thread/INFO] [net.mcreator.tloa.TloaMod/]: Can Stamina:true
[26Jun2025 21:29:57.228] [Server thread/INFO] [net.mcreator.tloa.TloaMod/]: Max Stamina40.0
[26Jun2025 21:29:57.269] [Render thread/INFO] [net.mcreator.tloa.TloaMod/]: Current Stamina:40.2
[26Jun2025 21:29:57.269] [Render thread/INFO] [net.mcreator.tloa.TloaMod/]: Rounded Stamina40
[26Jun2025 21:29:57.269] [Render thread/INFO] [net.mcreator.tloa.TloaMod/]: Can Stamina:true
[26Jun2025 21:29:57.269] [Render thread/INFO] [net.mcreator.tloa.TloaMod/]: Max Stamina40.0
[26Jun2025 21:29:57.274] [Server thread/INFO] [net.mcreator.tloa.TloaMod/]: Current Stamina:40.2
[26Jun2025 21:29:57.274] [Server thread/INFO] [net.mcreator.tloa.TloaMod/]: Rounded Stamina40
[26Jun2025 21:29:57.274] [Server thread/INFO] [net.mcreator.tloa.TloaMod/]: Can Stamina:true
[26Jun2025 21:29:57.274] [Server thread/INFO] [net.mcreator.tloa.TloaMod/]: Max Stamina40.0
[26Jun2025 21:29:57.319] [Render thread/INFO] [net.mcreator.tloa.TloaMod/]: Current Stamina:40.2
[26Jun2025 21:29:57.319] [Render thread/INFO] [net.mcreator.tloa.TloaMod/]: Rounded Stamina40
[26Jun2025 21:29:57.319] [Render thread/INFO] [net.mcreator.tloa.TloaMod/]: Can Stamina:true
[26Jun2025 21:29:57.319] [Render thread/INFO] [net.mcreator.tloa.TloaMod/]: Max Stamina40.0
[26Jun2025 21:29:57.328] [Server thread/INFO] [net.mcreator.tloa.TloaMod/]: Current Stamina:40.2
[26Jun2025 21:29:57.328] [Server thread/INFO] [net.mcreator.tloa.TloaMod/]: Rounded Stamina40
[26Jun2025 21:29:57.328] [Server thread/INFO] [net.mcreator.tloa.TloaMod/]: Can Stamina:true
[26Jun2025 21:29:57.328] [Server thread/INFO] [net.mcreator.tloa.TloaMod/]: Max Stamina40.0
[26Jun2025 21:29:57.368] [Render thread/INFO] [net.mcreator.tloa.TloaMod/]: Current Stamina:40.2
[26Jun2025 21:29:57.369] [Render thread/INFO] [net.mcreator.tloa.TloaMod/]: Rounded Stamina40
[26Jun2025 21:29:57.369] [Render thread/INFO] [net.mcreator.tloa.TloaMod/]: Can Stamina:true
[26Jun2025 21:29:57.369] [Render thread/INFO] [net.mcreator.tloa.TloaMod/]: Max Stamina40.0
[26Jun2025 21:29:57.375] [Server thread/INFO] [net.mcreator.tloa.TloaMod/]: Current Stamina:40.2
[26Jun2025 21:29:57.375] [Server thread/INFO] [net.mcreator.tloa.TloaMod/]: Rounded Stamina40
[26Jun2025 21:29:57.375] [Server thread/INFO] [net.mcreator.tloa.TloaMod/]: Can Stamina:true
[26Jun2025 21:29:57.375] [Server thread/INFO] [net.mcreator.tloa.TloaMod/]: Max Stamina40.0
[26Jun2025 21:29:57.418] [Render thread/INFO] [net.mcreator.tloa.TloaMod/]: Current Stamina:40.2
[26Jun2025 21:29:57.419] [Render thread/INFO] [net.mcreator.tloa.TloaMod/]: Rounded Stamina40
[26Jun2025 21:29:57.419] [Render thread/INFO] [net.mcreator.tloa.TloaMod/]: Can Stamina:true
[26Jun2025 21:29:57.419] [Render thread/INFO] [net.mcreator.tloa.TloaMod/]: Max Stamina40.0
[26Jun2025 21:29:57.424] [Server thread/INFO] [net.mcreator.tloa.TloaMod/]: Current Stamina:40.2
[26Jun2025 21:29:57.424] [Server thread/INFO] [net.mcreator.tloa.TloaMod/]: Rounded Stamina40
[26Jun2025 21:29:57.424] [Server thread/INFO] [net.mcreator.tloa.TloaMod/]: Can Stamina:true
[26Jun2025 21:29:57.424] [Server thread/INFO] [net.mcreator.tloa.TloaMod/]: Max Stamina40.0
[26Jun2025 21:29:57.470] [Render thread/INFO] [net.mcreator.tloa.TloaMod/]: Current Stamina:40.2
[26Jun2025 21:29:57.470] [Render thread/INFO] [net.mcreator.tloa.TloaMod/]: Rounded Stamina40
[26Jun2025 21:29:57.470] [Render thread/INFO] [net.mcreator.tloa.TloaMod/]: Can Stamina:true
[26Jun2025 21:29:57.470] [Render thread/INFO] [net.mcreator.tloa.TloaMod/]: Max Stamina40.0
[26Jun2025 21:29:57.475] [Server thread/INFO] [net.mcreator.tloa.TloaMod/]: Current Stamina:40.2
[26Jun2025 21:29:57.475] [Server thread/INFO] [net.mcreator.tloa.TloaMod/]: Rounded Stamina40
[26Jun2025 21:29:57.475] [Server thread/INFO] [net.mcreator.tloa.TloaMod/]: Can Stamina:true
[26Jun2025 21:29:57.475] [Server thread/INFO] [net.mcreator.tloa.TloaMod/]: Max Stamina40.0
[26Jun2025 21:29:57.519] [Render thread/INFO] [net.mcreator.tloa.TloaMod/]: Current Stamina:40.2
[26Jun2025 21:29:57.519] [Render thread/INFO] [net.mcreator.tloa.TloaMod/]: Rounded Stamina40
[26Jun2025 21:29:57.519] [Render thread/INFO] [net.mcreator.tloa.TloaMod/]: Can Stamina:true
[26Jun2025 21:29:57.519] [Render thread/INFO] [net.mcreator.tloa.TloaMod/]: Max Stamina40.0
[26Jun2025 21:29:57.525] [Server thread/INFO] [net.mcreator.tloa.TloaMod/]: Current Stamina:40.2
[26Jun2025 21:29:57.525] [Server thread/INFO] [net.mcreator.tloa.TloaMod/]: Rounded Stamina40
[26Jun2025 21:29:57.525] [Server thread/INFO] [net.mcreator.tloa.TloaMod/]: Can Stamina:true
[26Jun2025 21:29:57.525] [Server thread/INFO] [net.mcreator.tloa.TloaMod/]: Max Stamina40.0
[26Jun2025 21:29:57.569] [Render thread/INFO] [net.mcreator.tloa.TloaMod/]: Current Stamina:40.2
[26Jun2025 21:29:57.569] [Render thread/INFO] [net.mcreator.tloa.TloaMod/]: Rounded Stamina40
[26Jun2025 21:29:57.569] [Render thread/INFO] [net.mcreator.tloa.TloaMod/]: Can Stamina:true
[26Jun2025 21:29:57.569] [Render thread/INFO] [net.mcreator.tloa.TloaMod/]: Max Stamina40.0
[26Jun2025 21:29:57.585] [Server thread/INFO] [net.mcreator.tloa.TloaMod/]: Current Stamina:40.2
[26Jun2025 21:29:57.585] [Server thread/INFO] [net.mcreator.tloa.TloaMod/]: Rounded Stamina40
[26Jun2025 21:29:57.585] [Server thread/INFO] [net.mcreator.tloa.TloaMod/]: Can Stamina:true
[26Jun2025 21:29:57.585] [Server thread/INFO] [net.mcreator.tloa.TloaMod/]: Max Stamina40.0
[26Jun2025 21:29:57.619] [Render thread/INFO] [net.mcreator.tloa.TloaMod/]: Current Stamina:40.2
[26Jun2025 21:29:57.619] [Render thread/INFO] [net.mcreator.tloa.TloaMod/]: Rounded Stamina40
[26Jun2025 21:29:57.619] [Render thread/INFO] [net.mcreator.tloa.TloaMod/]: Can Stamina:true
[26Jun2025 21:29:57.619] [Render thread/INFO] [net.mcreator.tloa.TloaMod/]: Max Stamina40.0
[26Jun2025 21:29:57.633] [Server thread/INFO] [net.mcreator.tloa.TloaMod/]: Current Stamina:40.2
[26Jun2025 21:29:57.633] [Server thread/INFO] [net.mcreator.tloa.TloaMod/]: Rounded Stamina40
[26Jun2025 21:29:57.633] [Server thread/INFO] [net.mcreator.tloa.TloaMod/]: Can Stamina:true
[26Jun2025 21:29:57.633] [Server thread/INFO] [net.mcreator.tloa.TloaMod/]: Max Stamina40.0
[26Jun2025 21:29:57.634] [Render thread/INFO] [net.minecraft.advancements.AdvancementTree/]: Loaded 41 advancements
[26Jun2025 21:29:57.668] [Render thread/INFO] [net.mcreator.tloa.TloaMod/]: Current Stamina:40.2
[26Jun2025 21:29:57.668] [Render thread/INFO] [net.mcreator.tloa.TloaMod/]: Rounded Stamina40
[26Jun2025 21:29:57.668] [Render thread/INFO] [net.mcreator.tloa.TloaMod/]: Can Stamina:true
[26Jun2025 21:29:57.668] [Render thread/INFO] [net.mcreator.tloa.TloaMod/]: Max Stamina40.0
[26Jun2025 21:29:57.679] [Server thread/INFO] [net.mcreator.tloa.TloaMod/]: Current Stamina:40.2
[26Jun2025 21:29:57.680] [Server thread/INFO] [net.mcreator.tloa.TloaMod/]: Rounded Stamina40
[26Jun2025 21:29:57.680] [Server thread/INFO] [net.mcreator.tloa.TloaMod/]: Can Stamina:true
[26Jun2025 21:29:57.680] [Server thread/INFO] [net.mcreator.tloa.TloaMod/]: Max Stamina40.0
[26Jun2025 21:29:57.682] [Render thread/INFO] [net.minecraft.advancements.AdvancementTree/]: Loaded 47 advancements
[26Jun2025 21:29:57.720] [Render thread/INFO] [net.mcreator.tloa.TloaMod/]: Current Stamina:40.2
[26Jun2025 21:29:57.720] [Render thread/INFO] [net.mcreator.tloa.TloaMod/]: Rounded Stamina40
[26Jun2025 21:29:57.720] [Render thread/INFO] [net.mcreator.tloa.TloaMod/]: Can Stamina:true
[26Jun2025 21:29:57.720] [Render thread/INFO] [net.mcreator.tloa.TloaMod/]: Max Stamina40.0
[26Jun2025 21:29:57.726] [Server thread/INFO] [net.mcreator.tloa.TloaMod/]: Current Stamina:40.2
[26Jun2025 21:29:57.726] [Server thread/INFO] [net.mcreator.tloa.TloaMod/]: Rounded Stamina40
[26Jun2025 21:29:57.726] [Server thread/INFO] [net.mcreator.tloa.TloaMod/]: Can Stamina:true
[26Jun2025 21:29:57.726] [Server thread/INFO] [net.mcreator.tloa.TloaMod/]: Max Stamina40.0
[26Jun2025 21:29:57.770] [Render thread/INFO] [net.mcreator.tloa.TloaMod/]: Current Stamina:40.2
[26Jun2025 21:29:57.770] [Render thread/INFO] [net.mcreator.tloa.TloaMod/]: Rounded Stamina40
[26Jun2025 21:29:57.770] [Render thread/INFO] [net.mcreator.tloa.TloaMod/]: Can Stamina:true
[26Jun2025 21:29:57.770] [Render thread/INFO] [net.mcreator.tloa.TloaMod/]: Max Stamina40.0
[26Jun2025 21:29:57.774] [Server thread/INFO] [net.mcreator.tloa.TloaMod/]: Current Stamina:40.2
[26Jun2025 21:29:57.774] [Server thread/INFO] [net.mcreator.tloa.TloaMod/]: Rounded Stamina40
[26Jun2025 21:29:57.774] [Server thread/INFO] [net.mcreator.tloa.TloaMod/]: Can Stamina:true
[26Jun2025 21:29:57.774] [Server thread/INFO] [net.mcreator.tloa.TloaMod/]: Max Stamina40.0
[26Jun2025 21:29:57.819] [Render thread/INFO] [net.mcreator.tloa.TloaMod/]: Current Stamina:40.2
[26Jun2025 21:29:57.820] [Render thread/INFO] [net.mcreator.tloa.TloaMod/]: Rounded Stamina40
[26Jun2025 21:29:57.820] [Render thread/INFO] [net.mcreator.tloa.TloaMod/]: Can Stamina:true
[26Jun2025 21:29:57.820] [Render thread/INFO] [net.mcreator.tloa.TloaMod/]: Max Stamina40.0
[26Jun2025 21:29:57.824] [Server thread/INFO] [net.mcreator.tloa.TloaMod/]: Current Stamina:40.2
[26Jun2025 21:29:57.825] [Server thread/INFO] [net.mcreator.tloa.TloaMod/]: Rounded Stamina40
[26Jun2025 21:29:57.825] [Server thread/INFO] [net.mcreator.tloa.TloaMod/]: Can Stamina:true
[26Jun2025 21:29:57.825] [Server thread/INFO] [net.mcreator.tloa.TloaMod/]: Max Stamina40.0
[26Jun2025 21:29:57.869] [Render thread/INFO] [net.mcreator.tloa.TloaMod/]: Current Stamina:40.2
[26Jun2025 21:29:57.869] [Render thread/INFO] [net.mcreator.tloa.TloaMod/]: Rounded Stamina40
[26Jun2025 21:29:57.869] [Render thread/INFO] [net.mcreator.tloa.TloaMod/]: Can Stamina:true
[26Jun2025 21:29:57.869] [Render thread/INFO] [net.mcreator.tloa.TloaMod/]: Max Stamina40.0
[26Jun2025 21:29:57.873] [Server thread/INFO] [net.mcreator.tloa.TloaMod/]: Current Stamina:40.2
[26Jun2025 21:29:57.873] [Server thread/INFO] [net.mcreator.tloa.TloaMod/]: Rounded Stamina40
[26Jun2025 21:29:57.873] [Server thread/INFO] [net.mcreator.tloa.TloaMod/]: Can Stamina:true
[26Jun2025 21:29:57.873] [Server thread/INFO] [net.mcreator.tloa.TloaMod/]: Max Stamina40.0
[26Jun2025 21:29:57.921] [Render thread/INFO] [net.mcreator.tloa.TloaMod/]: Current Stamina:40.2
[26Jun2025 21:29:57.921] [Render thread/INFO] [net.mcreator.tloa.TloaMod/]: Rounded Stamina40
[26Jun2025 21:29:57.921] [Render thread/INFO] [net.mcreator.tloa.TloaMod/]: Can Stamina:true
[26Jun2025 21:29:57.921] [Render thread/INFO] [net.mcreator.tloa.TloaMod/]: Max Stamina40.0
[26Jun2025 21:29:57.925] [Server thread/INFO] [net.mcreator.tloa.TloaMod/]: Current Stamina:40.2
[26Jun2025 21:29:57.925] [Server thread/INFO] [net.mcreator.tloa.TloaMod/]: Rounded Stamina40
[26Jun2025 21:29:57.925] [Server thread/INFO] [net.mcreator.tloa.TloaMod/]: Can Stamina:true
[26Jun2025 21:29:57.925] [Server thread/INFO] [net.mcreator.tloa.TloaMod/]: Max Stamina40.0
[26Jun2025 21:29:57.968] [Render thread/INFO] [net.mcreator.tloa.TloaMod/]: Current Stamina:40.2
[26Jun2025 21:29:57.969] [Render thread/INFO] [net.mcreator.tloa.TloaMod/]: Rounded Stamina40
[26Jun2025 21:29:57.969] [Render thread/INFO] [net.mcreator.tloa.TloaMod/]: Can Stamina:true
[26Jun2025 21:29:57.969] [Render thread/INFO] [net.mcreator.tloa.TloaMod/]: Max Stamina40.0
[26Jun2025 21:29:57.977] [Server thread/INFO] [net.mcreator.tloa.TloaMod/]: Current Stamina:40.2
[26Jun2025 21:29:57.977] [Server thread/INFO] [net.mcreator.tloa.TloaMod/]: Rounded Stamina40
[26Jun2025 21:29:57.977] [Server thread/INFO] [net.mcreator.tloa.TloaMod/]: Can Stamina:true
[26Jun2025 21:29:57.977] [Server thread/INFO] [net.mcreator.tloa.TloaMod/]: Max Stamina40.0
[26Jun2025 21:29:58.020] [Render thread/INFO] [net.mcreator.tloa.TloaMod/]: Current Stamina:40.2
[26Jun2025 21:29:58.020] [Render thread/INFO] [net.mcreator.tloa.TloaMod/]: Rounded Stamina40
[26Jun2025 21:29:58.020] [Render thread/INFO] [net.mcreator.tloa.TloaMod/]: Can Stamina:true
[26Jun2025 21:29:58.020] [Render thread/INFO] [net.mcreator.tloa.TloaMod/]: Max Stamina40.0
[26Jun2025 21:29:58.024] [Server thread/INFO] [net.mcreator.tloa.TloaMod/]: Current Stamina:40.2
[26Jun2025 21:29:58.024] [Server thread/INFO] [net.mcreator.tloa.TloaMod/]: Rounded Stamina40
[26Jun2025 21:29:58.024] [Server thread/INFO] [net.mcreator.tloa.TloaMod/]: Can Stamina:true
[26Jun2025 21:29:58.025] [Server thread/INFO] [net.mcreator.tloa.TloaMod/]: Max Stamina40.0
[26Jun2025 21:29:58.070] [Render thread/INFO] [net.mcreator.tloa.TloaMod/]: Current Stamina:40.2
[26Jun2025 21:29:58.070] [Render thread/INFO] [net.mcreator.tloa.TloaMod/]: Rounded Stamina40
[26Jun2025 21:29:58.070] [Render thread/INFO] [net.mcreator.tloa.TloaMod/]: Can Stamina:true
[26Jun2025 21:29:58.070] [Render thread/INFO] [net.mcreator.tloa.TloaMod/]: Max Stamina40.0
[26Jun2025 21:29:58.076] [Server thread/INFO] [net.mcreator.tloa.TloaMod/]: Current Stamina:40.2
[26Jun2025 21:29:58.076] [Server thread/INFO] [net.mcreator.tloa.TloaMod/]: Rounded Stamina40
[26Jun2025 21:29:58.076] [Server thread/INFO] [net.mcreator.tloa.TloaMod/]: Can Stamina:true
[26Jun2025 21:29:58.076] [Server thread/INFO] [net.mcreator.tloa.TloaMod/]: Max Stamina40.0
[26Jun2025 21:29:58.120] [Render thread/INFO] [net.mcreator.tloa.TloaMod/]: Current Stamina:39.7
[26Jun2025 21:29:58.121] [Render thread/INFO] [net.mcreator.tloa.TloaMod/]: Rounded Stamina40
[26Jun2025 21:29:58.121] [Render thread/INFO] [net.mcreator.tloa.TloaMod/]: Can Stamina:true
[26Jun2025 21:29:58.121] [Render thread/INFO] [net.mcreator.tloa.TloaMod/]: Max Stamina40.0
[26Jun2025 21:29:58.126] [Server thread/INFO] [net.mcreator.tloa.TloaMod/]: Current Stamina:40.2
[26Jun2025 21:29:58.126] [Server thread/INFO] [net.mcreator.tloa.TloaMod/]: Rounded Stamina40
[26Jun2025 21:29:58.126] [Server thread/INFO] [net.mcreator.tloa.TloaMod/]: Can Stamina:true
[26Jun2025 21:29:58.126] [Server thread/INFO] [net.mcreator.tloa.TloaMod/]: Max Stamina40.0
[26Jun2025 21:29:58.170] [Render thread/INFO] [net.mcreator.tloa.TloaMod/]: Current Stamina:39.7
[26Jun2025 21:29:58.170] [Render thread/INFO] [net.mcreator.tloa.TloaMod/]: Rounded Stamina40
[26Jun2025 21:29:58.170] [Render thread/INFO] [net.mcreator.tloa.TloaMod/]: Can Stamina:true
[26Jun2025 21:29:58.170] [Render thread/INFO] [net.mcreator.tloa.TloaMod/]: Max Stamina40.0
[26Jun2025 21:29:58.175] [Server thread/INFO] [net.mcreator.tloa.TloaMod/]: Current Stamina:39.7
[26Jun2025 21:29:58.176] [Server thread/INFO] [net.mcreator.tloa.TloaMod/]: Rounded Stamina40
[26Jun2025 21:29:58.176] [Server thread/INFO] [net.mcreator.tloa.TloaMod/]: Can Stamina:true
[26Jun2025 21:29:58.176] [Server thread/INFO] [net.mcreator.tloa.TloaMod/]: Max Stamina40.0
[26Jun2025 21:29:58.222] [Render thread/INFO] [net.mcreator.tloa.TloaMod/]: Current Stamina:39.2
[26Jun2025 21:29:58.222] [Render thread/INFO] [net.mcreator.tloa.TloaMod/]: Rounded Stamina39
[26Jun2025 21:29:58.222] [Render thread/INFO] [net.mcreator.tloa.TloaMod/]: Can Stamina:true
[26Jun2025 21:29:58.222] [Render thread/INFO] [net.mcreator.tloa.TloaMod/]: Max Stamina40.0
[26Jun2025 21:29:58.226] [Server thread/INFO] [net.mcreator.tloa.TloaMod/]: Current Stamina:39.2
[26Jun2025 21:29:58.226] [Server thread/INFO] [net.mcreator.tloa.TloaMod/]: Rounded Stamina39
[26Jun2025 21:29:58.226] [Server thread/INFO] [net.mcreator.tloa.TloaMod/]: Can Stamina:true
[26Jun2025 21:29:58.226] [Server thread/INFO] [net.mcreator.tloa.TloaMod/]: Max Stamina40.0
[26Jun2025 21:29:58.270] [Render thread/INFO] [net.mcreator.tloa.TloaMod/]: Current Stamina:38.7
[26Jun2025 21:29:58.270] [Render thread/INFO] [net.mcreator.tloa.TloaMod/]: Rounded Stamina39
[26Jun2025 21:29:58.270] [Render thread/INFO] [net.mcreator.tloa.TloaMod/]: Can Stamina:true
[26Jun2025 21:29:58.270] [Render thread/INFO] [net.mcreator.tloa.TloaMod/]: Max Stamina40.0
[26Jun2025 21:29:58.276] [Server thread/INFO] [net.mcreator.tloa.TloaMod/]: Current Stamina:38.7
[26Jun2025 21:29:58.276] [Server thread/INFO] [net.mcreator.tloa.TloaMod/]: Rounded Stamina39
[26Jun2025 21:29:58.276] [Server thread/INFO] [net.mcreator.tloa.TloaMod/]: Can Stamina:true
[26Jun2025 21:29:58.276] [Server thread/INFO] [net.mcreator.tloa.TloaMod/]: Max Stamina40.0
[26Jun2025 21:29:58.322] [Render thread/INFO] [net.mcreator.tloa.TloaMod/]: Current Stamina:38.2
[26Jun2025 21:29:58.322] [Render thread/INFO] [net.mcreator.tloa.TloaMod/]: Rounded Stamina38
[26Jun2025 21:29:58.322] [Render thread/INFO] [net.mcreator.tloa.TloaMod/]: Can Stamina:true
[26Jun2025 21:29:58.322] [Render thread/INFO] [net.mcreator.tloa.TloaMod/]: Max Stamina40.0
[26Jun2025 21:29:58.325] [Server thread/INFO] [net.mcreator.tloa.TloaMod/]: Current Stamina:38.2
[26Jun2025 21:29:58.326] [Server thread/INFO] [net.mcreator.tloa.TloaMod/]: Rounded Stamina38
[26Jun2025 21:29:58.326] [Server thread/INFO] [net.mcreator.tloa.TloaMod/]: Can Stamina:true
[26Jun2025 21:29:58.326] [Server thread/INFO] [net.mcreator.tloa.TloaMod/]: Max Stamina40.0
[26Jun2025 21:29:58.370] [Render thread/INFO] [net.mcreator.tloa.TloaMod/]: Current Stamina:37.7
[26Jun2025 21:29:58.370] [Render thread/INFO] [net.mcreator.tloa.TloaMod/]: Rounded Stamina38
[26Jun2025 21:29:58.370] [Render thread/INFO] [net.mcreator.tloa.TloaMod/]: Can Stamina:true
[26Jun2025 21:29:58.370] [Render thread/INFO] [net.mcreator.tloa.TloaMod/]: Max Stamina40.0
[26Jun2025 21:29:58.374] [Server thread/INFO] [net.mcreator.tloa.TloaMod/]: Current Stamina:37.7
[26Jun2025 21:29:58.374] [Server thread/INFO] [net.mcreator.tloa.TloaMod/]: Rounded Stamina38
[26Jun2025 21:29:58.374] [Server thread/INFO] [net.mcreator.tloa.TloaMod/]: Can Stamina:true
[26Jun2025 21:29:58.375] [Server thread/INFO] [net.mcreator.tloa.TloaMod/]: Max Stamina40.0
[26Jun2025 21:29:58.420] [Render thread/INFO] [net.mcreator.tloa.TloaMod/]: Current Stamina:37.2
[26Jun2025 21:29:58.420] [Render thread/INFO] [net.mcreator.tloa.TloaMod/]: Rounded Stamina37
[26Jun2025 21:29:58.420] [Render thread/INFO] [net.mcreator.tloa.TloaMod/]: Can Stamina:true
[26Jun2025 21:29:58.420] [Render thread/INFO] [net.mcreator.tloa.TloaMod/]: Max Stamina40.0
[26Jun2025 21:29:58.424] [Server thread/INFO] [net.mcreator.tloa.TloaMod/]: Current Stamina:37.2
[26Jun2025 21:29:58.424] [Server thread/INFO] [net.mcreator.tloa.TloaMod/]: Rounded Stamina37
[26Jun2025 21:29:58.425] [Server thread/INFO] [net.mcreator.tloa.TloaMod/]: Can Stamina:true
[26Jun2025 21:29:58.425] [Server thread/INFO] [net.mcreator.tloa.TloaMod/]: Max Stamina40.0
[26Jun2025 21:29:58.469] [Render thread/INFO] [net.mcreator.tloa.TloaMod/]: Current Stamina:36.7
[26Jun2025 21:29:58.470] [Render thread/INFO] [net.mcreator.tloa.TloaMod/]: Rounded Stamina37
[26Jun2025 21:29:58.470] [Render thread/INFO] [net.mcreator.tloa.TloaMod/]: Can Stamina:true
[26Jun2025 21:29:58.470] [Render thread/INFO] [net.mcreator.tloa.TloaMod/]: Max Stamina40.0
[26Jun2025 21:29:58.476] [Server thread/INFO] [net.mcreator.tloa.TloaMod/]: Current Stamina:36.7
[26Jun2025 21:29:58.476] [Server thread/INFO] [net.mcreator.tloa.TloaMod/]: Rounded Stamina37
[26Jun2025 21:29:58.476] [Server thread/INFO] [net.mcreator.tloa.TloaMod/]: Can Stamina:true
[26Jun2025 21:29:58.476] [Server thread/INFO] [net.mcreator.tloa.TloaMod/]: Max Stamina40.0
[26Jun2025 21:29:58.520] [Render thread/INFO] [net.mcreator.tloa.TloaMod/]: Current Stamina:36.2
[26Jun2025 21:29:58.521] [Render thread/INFO] [net.mcreator.tloa.TloaMod/]: Rounded Stamina36
[26Jun2025 21:29:58.521] [Render thread/INFO] [net.mcreator.tloa.TloaMod/]: Can Stamina:true
[26Jun2025 21:29:58.521] [Render thread/INFO] [net.mcreator.tloa.TloaMod/]: Max Stamina40.0
[26Jun2025 21:29:58.524] [Server thread/INFO] [net.mcreator.tloa.TloaMod/]: Current Stamina:36.2
[26Jun2025 21:29:58.525] [Server thread/INFO] [net.mcreator.tloa.TloaMod/]: Rounded Stamina36
[26Jun2025 21:29:58.525] [Server thread/INFO] [net.mcreator.tloa.TloaMod/]: Can Stamina:true
[26Jun2025 21:29:58.525] [Server thread/INFO] [net.mcreator.tloa.TloaMod/]: Max Stamina40.0
[26Jun2025 21:29:58.570] [Render thread/INFO] [net.mcreator.tloa.TloaMod/]: Current Stamina:35.7
[26Jun2025 21:29:58.570] [Render thread/INFO] [net.mcreator.tloa.TloaMod/]: Rounded Stamina36
[26Jun2025 21:29:58.570] [Render thread/INFO] [net.mcreator.tloa.TloaMod/]: Can Stamina:true
[26Jun2025 21:29:58.570] [Render thread/INFO] [net.mcreator.tloa.TloaMod/]: Max Stamina40.0
[26Jun2025 21:29:58.576] [Server thread/INFO] [net.mcreator.tloa.TloaMod/]: Current Stamina:35.7
[26Jun2025 21:29:58.576] [Server thread/INFO] [net.mcreator.tloa.TloaMod/]: Rounded Stamina36
[26Jun2025 21:29:58.576] [Server thread/INFO] [net.mcreator.tloa.TloaMod/]: Can Stamina:true
[26Jun2025 21:29:58.576] [Server thread/INFO] [net.mcreator.tloa.TloaMod/]: Max Stamina40.0
[26Jun2025 21:29:58.619] [Render thread/INFO] [net.mcreator.tloa.TloaMod/]: Current Stamina:35.2
[26Jun2025 21:29:58.619] [Render thread/INFO] [net.mcreator.tloa.TloaMod/]: Rounded Stamina35
[26Jun2025 21:29:58.619] [Render thread/INFO] [net.mcreator.tloa.TloaMod/]: Can Stamina:true
[26Jun2025 21:29:58.619] [Render thread/INFO] [net.mcreator.tloa.TloaMod/]: Max Stamina40.0
[26Jun2025 21:29:58.624] [Server thread/INFO] [net.mcreator.tloa.TloaMod/]: Current Stamina:35.2
[26Jun2025 21:29:58.626] [Server thread/INFO] [net.mcreator.tloa.TloaMod/]: Rounded Stamina35
[26Jun2025 21:29:58.626] [Server thread/INFO] [net.mcreator.tloa.TloaMod/]: Can Stamina:true
[26Jun2025 21:29:58.626] [Server thread/INFO] [net.mcreator.tloa.TloaMod/]: Max Stamina40.0
[26Jun2025 21:29:58.670] [Render thread/INFO] [net.mcreator.tloa.TloaMod/]: Current Stamina:34.7
[26Jun2025 21:29:58.670] [Render thread/INFO] [net.mcreator.tloa.TloaMod/]: Rounded Stamina35
[26Jun2025 21:29:58.670] [Render thread/INFO] [net.mcreator.tloa.TloaMod/]: Can Stamina:true
[26Jun2025 21:29:58.670] [Render thread/INFO] [net.mcreator.tloa.TloaMod/]: Max Stamina40.0
[26Jun2025 21:29:58.674] [Server thread/INFO] [net.mcreator.tloa.TloaMod/]: Current Stamina:34.7
[26Jun2025 21:29:58.675] [Server thread/INFO] [net.mcreator.tloa.TloaMod/]: Rounded Stamina35
[26Jun2025 21:29:58.675] [Server thread/INFO] [net.mcreator.tloa.TloaMod/]: Can Stamina:true
[26Jun2025 21:29:58.675] [Server thread/INFO] [net.mcreator.tloa.TloaMod/]: Max Stamina40.0
[26Jun2025 21:29:58.719] [Render thread/INFO] [net.mcreator.tloa.TloaMod/]: Current Stamina:34.2
[26Jun2025 21:29:58.720] [Render thread/INFO] [net.mcreator.tloa.TloaMod/]: Rounded Stamina34
[26Jun2025 21:29:58.720] [Render thread/INFO] [net.mcreator.tloa.TloaMod/]: Can Stamina:true
[26Jun2025 21:29:58.720] [Render thread/INFO] [net.mcreator.tloa.TloaMod/]: Max Stamina40.0
[26Jun2025 21:29:58.726] [Server thread/INFO] [net.mcreator.tloa.TloaMod/]: Current Stamina:34.2
[26Jun2025 21:29:58.726] [Server thread/INFO] [net.mcreator.tloa.TloaMod/]: Rounded Stamina34
[26Jun2025 21:29:58.726] [Server thread/INFO] [net.mcreator.tloa.TloaMod/]: Can Stamina:true
[26Jun2025 21:29:58.726] [Server thread/INFO] [net.mcreator.tloa.TloaMod/]: Max Stamina40.0
[26Jun2025 21:29:58.769] [Render thread/INFO] [net.mcreator.tloa.TloaMod/]: Current Stamina:33.7
[26Jun2025 21:29:58.769] [Render thread/INFO] [net.mcreator.tloa.TloaMod/]: Rounded Stamina34
[26Jun2025 21:29:58.769] [Render thread/INFO] [net.mcreator.tloa.TloaMod/]: Can Stamina:true
[26Jun2025 21:29:58.769] [Render thread/INFO] [net.mcreator.tloa.TloaMod/]: Max Stamina40.0
[26Jun2025 21:29:58.775] [Server thread/INFO] [net.mcreator.tloa.TloaMod/]: Current Stamina:33.7
[26Jun2025 21:29:58.775] [Server thread/INFO] [net.mcreator.tloa.TloaMod/]: Rounded Stamina34
[26Jun2025 21:29:58.775] [Server thread/INFO] [net.mcreator.tloa.TloaMod/]: Can Stamina:true
[26Jun2025 21:29:58.775] [Server thread/INFO] [net.mcreator.tloa.TloaMod/]: Max Stamina40.0
[26Jun2025 21:29:58.819] [Render thread/INFO] [net.mcreator.tloa.TloaMod/]: Current Stamina:34.2
[26Jun2025 21:29:58.820] [Render thread/INFO] [net.mcreator.tloa.TloaMod/]: Rounded Stamina34
[26Jun2025 21:29:58.820] [Render thread/INFO] [net.mcreator.tloa.TloaMod/]: Can Stamina:true
[26Jun2025 21:29:58.820] [Render thread/INFO] [net.mcreator.tloa.TloaMod/]: Max Stamina40.0
[26Jun2025 21:29:58.825] [Server thread/INFO] [net.mcreator.tloa.TloaMod/]: Current Stamina:33.2
[26Jun2025 21:29:58.826] [Server thread/INFO] [net.mcreator.tloa.TloaMod/]: Rounded Stamina33
[26Jun2025 21:29:58.826] [Server thread/INFO] [net.mcreator.tloa.TloaMod/]: Can Stamina:true
[26Jun2025 21:29:58.826] [Server thread/INFO] [net.mcreator.tloa.TloaMod/]: Max Stamina40.0
[26Jun2025 21:29:58.870] [Render thread/INFO] [net.mcreator.tloa.TloaMod/]: Current Stamina:33.7
[26Jun2025 21:29:58.870] [Render thread/INFO] [net.mcreator.tloa.TloaMod/]: Rounded Stamina34
[26Jun2025 21:29:58.870] [Render thread/INFO] [net.mcreator.tloa.TloaMod/]: Can Stamina:true
[26Jun2025 21:29:58.870] [Render thread/INFO] [net.mcreator.tloa.TloaMod/]: Max Stamina40.0
[26Jun2025 21:29:58.876] [Server thread/INFO] [net.mcreator.tloa.TloaMod/]: Current Stamina:33.7
[26Jun2025 21:29:58.876] [Server thread/INFO] [net.mcreator.tloa.TloaMod/]: Rounded Stamina34
[26Jun2025 21:29:58.876] [Server thread/INFO] [net.mcreator.tloa.TloaMod/]: Can Stamina:true
[26Jun2025 21:29:58.876] [Server thread/INFO] [net.mcreator.tloa.TloaMod/]: Max Stamina40.0
[26Jun2025 21:29:58.919] [Render thread/INFO] [net.mcreator.tloa.TloaMod/]: Current Stamina:34.2
[26Jun2025 21:29:58.919] [Render thread/INFO] [net.mcreator.tloa.TloaMod/]: Rounded Stamina34
[26Jun2025 21:29:58.919] [Render thread/INFO] [net.mcreator.tloa.TloaMod/]: Can Stamina:true
[26Jun2025 21:29:58.919] [Render thread/INFO] [net.mcreator.tloa.TloaMod/]: Max Stamina40.0
[26Jun2025 21:29:58.928] [Server thread/INFO] [net.mcreator.tloa.TloaMod/]: Current Stamina:34.2
[26Jun2025 21:29:58.928] [Server thread/INFO] [net.mcreator.tloa.TloaMod/]: Rounded Stamina34
[26Jun2025 21:29:58.928] [Server thread/INFO] [net.mcreator.tloa.TloaMod/]: Can Stamina:true
[26Jun2025 21:29:58.928] [Server thread/INFO] [net.mcreator.tloa.TloaMod/]: Max Stamina40.0
[26Jun2025 21:29:58.974] [Server thread/INFO] [net.mcreator.tloa.TloaMod/]: Current Stamina:34.7
[26Jun2025 21:29:58.975] [Server thread/INFO] [net.mcreator.tloa.TloaMod/]: Rounded Stamina35
[26Jun2025 21:29:58.975] [Server thread/INFO] [net.mcreator.tloa.TloaMod/]: Can Stamina:true
[26Jun2025 21:29:58.975] [Server thread/INFO] [net.mcreator.tloa.TloaMod/]: Max Stamina40.0
[26Jun2025 21:29:59.020] [Server thread/INFO] [net.minecraft.client.server.IntegratedServer/]: Saving and pausing game...
[26Jun2025 21:29:59.055] [Server thread/INFO] [net.minecraft.server.MinecraftServer/]: Saving chunks for level 'ServerLevel[Test]'/minecraft:overworld
[26Jun2025 21:29:59.095] [Server thread/INFO] [net.minecraft.server.MinecraftServer/]: Saving chunks for level 'ServerLevel[Test]'/minecraft:the_end
[26Jun2025 21:29:59.106] [Server thread/INFO] [net.minecraft.server.MinecraftServer/]: Saving chunks for level 'ServerLevel[Test]'/minecraft:the_nether
[26Jun2025 21:29:59.479] [Server thread/INFO] [net.minecraft.server.network.ServerGamePacketListenerImpl/]: Dev lost connection: Disconnected
[26Jun2025 21:29:59.479] [Server thread/INFO] [net.minecraft.server.MinecraftServer/]: Dev left the game
[26Jun2025 21:29:59.497] [Server thread/INFO] [net.minecraft.server.network.ServerCommonPacketListenerImpl/]: Stopping singleplayer server as player logged out
[26Jun2025 21:29:59.546] [Server thread/INFO] [net.minecraft.server.MinecraftServer/]: Stopping server
[26Jun2025 21:29:59.547] [Server thread/INFO] [net.minecraft.server.MinecraftServer/]: Saving players
[26Jun2025 21:29:59.548] [Server thread/INFO] [net.minecraft.server.MinecraftServer/]: Saving worlds
[26Jun2025 21:30:00.242] [Server thread/INFO] [net.minecraft.server.MinecraftServer/]: Saving chunks for level 'ServerLevel[Test]'/minecraft:overworld
[26Jun2025 21:30:00.330] [Server thread/INFO] [net.minecraft.server.MinecraftServer/]: Saving chunks for level 'ServerLevel[Test]'/minecraft:the_end
[26Jun2025 21:30:00.336] [Server thread/INFO] [net.minecraft.server.MinecraftServer/]: Saving chunks for level 'ServerLevel[Test]'/minecraft:the_nether
[26Jun2025 21:30:00.468] [Server thread/INFO] [net.minecraft.server.MinecraftServer/]: ThreadedAnvilChunkStorage (Test): All chunks are saved
[26Jun2025 21:30:00.468] [Server thread/INFO] [net.minecraft.server.MinecraftServer/]: ThreadedAnvilChunkStorage (DIM1): All chunks are saved
[26Jun2025 21:30:00.468] [Server thread/INFO] [net.minecraft.server.MinecraftServer/]: ThreadedAnvilChunkStorage (DIM-1): All chunks are saved
[26Jun2025 21:30:00.468] [Server thread/INFO] [net.minecraft.server.MinecraftServer/]: ThreadedAnvilChunkStorage: All dimensions are saved
[26Jun2025 21:30:01.277] [Render thread/INFO] [net.minecraft.client.Minecraft/]: Stopping!
